ISO-10303-21;
HEADER;
/* Generated by software containing ST-Developer
 * from STEP Tools, Inc. (www.steptools.com) 
 */
/* OPTION: strings as raw bytes, not using required /X/ escapes */

FILE_DESCRIPTION(
/* description */ ('Unknown'),
/* implementation_level */ '2;1');

FILE_NAME(
/* name */ '61306421121',
/* time_stamp */ '2021-04-08T10:19:07+02:00',
/* author */ ('Unknown'),
/* organization */ ('Unknown'),
/* preprocessor_version */ 'ST-DEVELOPER v16.7',
/* originating_system */ 'Solid Edge',
/* authorisation */ 'Unknown');

FILE_SCHEMA (('AUTOMOTIVE_DESIGN {1 0 10303 214 3 1 1}'));
ENDSEC;

DATA;
#10=PROPERTY_DEFINITION_REPRESENTATION(#14,#12);
#11=PROPERTY_DEFINITION_REPRESENTATION(#15,#13);
#12=REPRESENTATION('',(#16),#20259);
#13=REPRESENTATION('',(#17),#20259);
#14=PROPERTY_DEFINITION('pmi validation property','',#20268);
#15=PROPERTY_DEFINITION('pmi validation property','',#20268);
#16=VALUE_REPRESENTATION_ITEM('number of annotations',COUNT_MEASURE(0.));
#17=VALUE_REPRESENTATION_ITEM('number of views',COUNT_MEASURE(0.));
#18=CONTEXT_DEPENDENT_SHAPE_REPRESENTATION(#148,#20270);
#19=CONTEXT_DEPENDENT_SHAPE_REPRESENTATION(#149,#20272);
#20=CONTEXT_DEPENDENT_SHAPE_REPRESENTATION(#150,#20273);
#21=CONTEXT_DEPENDENT_SHAPE_REPRESENTATION(#151,#20274);
#22=CONTEXT_DEPENDENT_SHAPE_REPRESENTATION(#152,#20275);
#23=CONTEXT_DEPENDENT_SHAPE_REPRESENTATION(#153,#20276);
#24=CONTEXT_DEPENDENT_SHAPE_REPRESENTATION(#154,#20277);
#25=CONTEXT_DEPENDENT_SHAPE_REPRESENTATION(#155,#20278);
#26=CONTEXT_DEPENDENT_SHAPE_REPRESENTATION(#156,#20279);
#27=CONTEXT_DEPENDENT_SHAPE_REPRESENTATION(#157,#20280);
#28=CONTEXT_DEPENDENT_SHAPE_REPRESENTATION(#158,#20281);
#29=CONTEXT_DEPENDENT_SHAPE_REPRESENTATION(#159,#20282);
#30=CONTEXT_DEPENDENT_SHAPE_REPRESENTATION(#160,#20283);
#31=CONTEXT_DEPENDENT_SHAPE_REPRESENTATION(#161,#20284);
#32=CONTEXT_DEPENDENT_SHAPE_REPRESENTATION(#162,#20285);
#33=CONTEXT_DEPENDENT_SHAPE_REPRESENTATION(#163,#20286);
#34=CONTEXT_DEPENDENT_SHAPE_REPRESENTATION(#164,#20287);
#35=CONTEXT_DEPENDENT_SHAPE_REPRESENTATION(#165,#20288);
#36=CONTEXT_DEPENDENT_SHAPE_REPRESENTATION(#166,#20289);
#37=CONTEXT_DEPENDENT_SHAPE_REPRESENTATION(#167,#20290);
#38=CONTEXT_DEPENDENT_SHAPE_REPRESENTATION(#168,#20291);
#39=CONTEXT_DEPENDENT_SHAPE_REPRESENTATION(#169,#20292);
#40=CONTEXT_DEPENDENT_SHAPE_REPRESENTATION(#170,#20293);
#41=CONTEXT_DEPENDENT_SHAPE_REPRESENTATION(#171,#20294);
#42=CONTEXT_DEPENDENT_SHAPE_REPRESENTATION(#172,#20295);
#43=CONTEXT_DEPENDENT_SHAPE_REPRESENTATION(#173,#20296);
#44=CONTEXT_DEPENDENT_SHAPE_REPRESENTATION(#174,#20297);
#45=CONTEXT_DEPENDENT_SHAPE_REPRESENTATION(#175,#20298);
#46=CONTEXT_DEPENDENT_SHAPE_REPRESENTATION(#176,#20299);
#47=CONTEXT_DEPENDENT_SHAPE_REPRESENTATION(#177,#20300);
#48=CONTEXT_DEPENDENT_SHAPE_REPRESENTATION(#178,#20301);
#49=CONTEXT_DEPENDENT_SHAPE_REPRESENTATION(#179,#20302);
#50=CONTEXT_DEPENDENT_SHAPE_REPRESENTATION(#180,#20303);
#51=CONTEXT_DEPENDENT_SHAPE_REPRESENTATION(#181,#20304);
#52=CONTEXT_DEPENDENT_SHAPE_REPRESENTATION(#182,#20305);
#53=CONTEXT_DEPENDENT_SHAPE_REPRESENTATION(#183,#20306);
#54=CONTEXT_DEPENDENT_SHAPE_REPRESENTATION(#184,#20307);
#55=CONTEXT_DEPENDENT_SHAPE_REPRESENTATION(#185,#20308);
#56=CONTEXT_DEPENDENT_SHAPE_REPRESENTATION(#186,#20309);
#57=CONTEXT_DEPENDENT_SHAPE_REPRESENTATION(#187,#20310);
#58=CONTEXT_DEPENDENT_SHAPE_REPRESENTATION(#188,#20311);
#59=CONTEXT_DEPENDENT_SHAPE_REPRESENTATION(#189,#20312);
#60=CONTEXT_DEPENDENT_SHAPE_REPRESENTATION(#190,#20313);
#61=CONTEXT_DEPENDENT_SHAPE_REPRESENTATION(#191,#20314);
#62=CONTEXT_DEPENDENT_SHAPE_REPRESENTATION(#192,#20315);
#63=CONTEXT_DEPENDENT_SHAPE_REPRESENTATION(#193,#20316);
#64=CONTEXT_DEPENDENT_SHAPE_REPRESENTATION(#194,#20317);
#65=CONTEXT_DEPENDENT_SHAPE_REPRESENTATION(#195,#20318);
#66=CONTEXT_DEPENDENT_SHAPE_REPRESENTATION(#196,#20319);
#67=CONTEXT_DEPENDENT_SHAPE_REPRESENTATION(#197,#20320);
#68=CONTEXT_DEPENDENT_SHAPE_REPRESENTATION(#198,#20321);
#69=CONTEXT_DEPENDENT_SHAPE_REPRESENTATION(#199,#20322);
#70=CONTEXT_DEPENDENT_SHAPE_REPRESENTATION(#200,#20323);
#71=CONTEXT_DEPENDENT_SHAPE_REPRESENTATION(#201,#20324);
#72=CONTEXT_DEPENDENT_SHAPE_REPRESENTATION(#202,#20325);
#73=CONTEXT_DEPENDENT_SHAPE_REPRESENTATION(#203,#20326);
#74=CONTEXT_DEPENDENT_SHAPE_REPRESENTATION(#204,#20327);
#75=CONTEXT_DEPENDENT_SHAPE_REPRESENTATION(#205,#20328);
#76=CONTEXT_DEPENDENT_SHAPE_REPRESENTATION(#206,#20329);
#77=CONTEXT_DEPENDENT_SHAPE_REPRESENTATION(#207,#20330);
#78=CONTEXT_DEPENDENT_SHAPE_REPRESENTATION(#208,#20331);
#79=CONTEXT_DEPENDENT_SHAPE_REPRESENTATION(#209,#20332);
#80=CONTEXT_DEPENDENT_SHAPE_REPRESENTATION(#210,#20333);
#81=CONTEXT_DEPENDENT_SHAPE_REPRESENTATION(#211,#20334);
#82=CONTEXT_DEPENDENT_SHAPE_REPRESENTATION(#212,#20335);
#83=NEXT_ASSEMBLY_USAGE_OCCURRENCE('61306421121','61306421121',
'61306421121',#20336,#20337,'');
#84=NEXT_ASSEMBLY_USAGE_OCCURRENCE('6130xx21121_PIN','6130xx21121_PIN',
'6130xx21121_PIN',#20336,#20338,'');
#85=NEXT_ASSEMBLY_USAGE_OCCURRENCE('6130xx21121_PIN','6130xx21121_PIN',
'6130xx21121_PIN',#20336,#20338,'');
#86=NEXT_ASSEMBLY_USAGE_OCCURRENCE('6130xx21121_PIN','6130xx21121_PIN',
'6130xx21121_PIN',#20336,#20338,'');
#87=NEXT_ASSEMBLY_USAGE_OCCURRENCE('6130xx21121_PIN','6130xx21121_PIN',
'6130xx21121_PIN',#20336,#20338,'');
#88=NEXT_ASSEMBLY_USAGE_OCCURRENCE('6130xx21121_PIN','6130xx21121_PIN',
'6130xx21121_PIN',#20336,#20338,'');
#89=NEXT_ASSEMBLY_USAGE_OCCURRENCE('6130xx21121_PIN','6130xx21121_PIN',
'6130xx21121_PIN',#20336,#20338,'');
#90=NEXT_ASSEMBLY_USAGE_OCCURRENCE('6130xx21121_PIN','6130xx21121_PIN',
'6130xx21121_PIN',#20336,#20338,'');
#91=NEXT_ASSEMBLY_USAGE_OCCURRENCE('6130xx21121_PIN','6130xx21121_PIN',
'6130xx21121_PIN',#20336,#20338,'');
#92=NEXT_ASSEMBLY_USAGE_OCCURRENCE('6130xx21121_PIN','6130xx21121_PIN',
'6130xx21121_PIN',#20336,#20338,'');
#93=NEXT_ASSEMBLY_USAGE_OCCURRENCE('6130xx21121_PIN','6130xx21121_PIN',
'6130xx21121_PIN',#20336,#20338,'');
#94=NEXT_ASSEMBLY_USAGE_OCCURRENCE('6130xx21121_PIN','6130xx21121_PIN',
'6130xx21121_PIN',#20336,#20338,'');
#95=NEXT_ASSEMBLY_USAGE_OCCURRENCE('6130xx21121_PIN','6130xx21121_PIN',
'6130xx21121_PIN',#20336,#20338,'');
#96=NEXT_ASSEMBLY_USAGE_OCCURRENCE('6130xx21121_PIN','6130xx21121_PIN',
'6130xx21121_PIN',#20336,#20338,'');
#97=NEXT_ASSEMBLY_USAGE_OCCURRENCE('6130xx21121_PIN','6130xx21121_PIN',
'6130xx21121_PIN',#20336,#20338,'');
#98=NEXT_ASSEMBLY_USAGE_OCCURRENCE('6130xx21121_PIN','6130xx21121_PIN',
'6130xx21121_PIN',#20336,#20338,'');
#99=NEXT_ASSEMBLY_USAGE_OCCURRENCE('6130xx21121_PIN','6130xx21121_PIN',
'6130xx21121_PIN',#20336,#20338,'');
#100=NEXT_ASSEMBLY_USAGE_OCCURRENCE('6130xx21121_PIN','6130xx21121_PIN',
'6130xx21121_PIN',#20336,#20338,'');
#101=NEXT_ASSEMBLY_USAGE_OCCURRENCE('6130xx21121_PIN','6130xx21121_PIN',
'6130xx21121_PIN',#20336,#20338,'');
#102=NEXT_ASSEMBLY_USAGE_OCCURRENCE('6130xx21121_PIN','6130xx21121_PIN',
'6130xx21121_PIN',#20336,#20338,'');
#103=NEXT_ASSEMBLY_USAGE_OCCURRENCE('6130xx21121_PIN','6130xx21121_PIN',
'6130xx21121_PIN',#20336,#20338,'');
#104=NEXT_ASSEMBLY_USAGE_OCCURRENCE('6130xx21121_PIN','6130xx21121_PIN',
'6130xx21121_PIN',#20336,#20338,'');
#105=NEXT_ASSEMBLY_USAGE_OCCURRENCE('6130xx21121_PIN','6130xx21121_PIN',
'6130xx21121_PIN',#20336,#20338,'');
#106=NEXT_ASSEMBLY_USAGE_OCCURRENCE('6130xx21121_PIN','6130xx21121_PIN',
'6130xx21121_PIN',#20336,#20338,'');
#107=NEXT_ASSEMBLY_USAGE_OCCURRENCE('6130xx21121_PIN','6130xx21121_PIN',
'6130xx21121_PIN',#20336,#20338,'');
#108=NEXT_ASSEMBLY_USAGE_OCCURRENCE('6130xx21121_PIN','6130xx21121_PIN',
'6130xx21121_PIN',#20336,#20338,'');
#109=NEXT_ASSEMBLY_USAGE_OCCURRENCE('6130xx21121_PIN','6130xx21121_PIN',
'6130xx21121_PIN',#20336,#20338,'');
#110=NEXT_ASSEMBLY_USAGE_OCCURRENCE('6130xx21121_PIN','6130xx21121_PIN',
'6130xx21121_PIN',#20336,#20338,'');
#111=NEXT_ASSEMBLY_USAGE_OCCURRENCE('6130xx21121_PIN','6130xx21121_PIN',
'6130xx21121_PIN',#20336,#20338,'');
#112=NEXT_ASSEMBLY_USAGE_OCCURRENCE('6130xx21121_PIN','6130xx21121_PIN',
'6130xx21121_PIN',#20336,#20338,'');
#113=NEXT_ASSEMBLY_USAGE_OCCURRENCE('6130xx21121_PIN','6130xx21121_PIN',
'6130xx21121_PIN',#20336,#20338,'');
#114=NEXT_ASSEMBLY_USAGE_OCCURRENCE('6130xx21121_PIN','6130xx21121_PIN',
'6130xx21121_PIN',#20336,#20338,'');
#115=NEXT_ASSEMBLY_USAGE_OCCURRENCE('6130xx21121_PIN','6130xx21121_PIN',
'6130xx21121_PIN',#20336,#20338,'');
#116=NEXT_ASSEMBLY_USAGE_OCCURRENCE('6130xx21121_PIN','6130xx21121_PIN',
'6130xx21121_PIN',#20336,#20338,'');
#117=NEXT_ASSEMBLY_USAGE_OCCURRENCE('6130xx21121_PIN','6130xx21121_PIN',
'6130xx21121_PIN',#20336,#20338,'');
#118=NEXT_ASSEMBLY_USAGE_OCCURRENCE('6130xx21121_PIN','6130xx21121_PIN',
'6130xx21121_PIN',#20336,#20338,'');
#119=NEXT_ASSEMBLY_USAGE_OCCURRENCE('6130xx21121_PIN','6130xx21121_PIN',
'6130xx21121_PIN',#20336,#20338,'');
#120=NEXT_ASSEMBLY_USAGE_OCCURRENCE('6130xx21121_PIN','6130xx21121_PIN',
'6130xx21121_PIN',#20336,#20338,'');
#121=NEXT_ASSEMBLY_USAGE_OCCURRENCE('6130xx21121_PIN','6130xx21121_PIN',
'6130xx21121_PIN',#20336,#20338,'');
#122=NEXT_ASSEMBLY_USAGE_OCCURRENCE('6130xx21121_PIN','6130xx21121_PIN',
'6130xx21121_PIN',#20336,#20338,'');
#123=NEXT_ASSEMBLY_USAGE_OCCURRENCE('6130xx21121_PIN','6130xx21121_PIN',
'6130xx21121_PIN',#20336,#20338,'');
#124=NEXT_ASSEMBLY_USAGE_OCCURRENCE('6130xx21121_PIN','6130xx21121_PIN',
'6130xx21121_PIN',#20336,#20338,'');
#125=NEXT_ASSEMBLY_USAGE_OCCURRENCE('6130xx21121_PIN','6130xx21121_PIN',
'6130xx21121_PIN',#20336,#20338,'');
#126=NEXT_ASSEMBLY_USAGE_OCCURRENCE('6130xx21121_PIN','6130xx21121_PIN',
'6130xx21121_PIN',#20336,#20338,'');
#127=NEXT_ASSEMBLY_USAGE_OCCURRENCE('6130xx21121_PIN','6130xx21121_PIN',
'6130xx21121_PIN',#20336,#20338,'');
#128=NEXT_ASSEMBLY_USAGE_OCCURRENCE('6130xx21121_PIN','6130xx21121_PIN',
'6130xx21121_PIN',#20336,#20338,'');
#129=NEXT_ASSEMBLY_USAGE_OCCURRENCE('6130xx21121_PIN','6130xx21121_PIN',
'6130xx21121_PIN',#20336,#20338,'');
#130=NEXT_ASSEMBLY_USAGE_OCCURRENCE('6130xx21121_PIN','6130xx21121_PIN',
'6130xx21121_PIN',#20336,#20338,'');
#131=NEXT_ASSEMBLY_USAGE_OCCURRENCE('6130xx21121_PIN','6130xx21121_PIN',
'6130xx21121_PIN',#20336,#20338,'');
#132=NEXT_ASSEMBLY_USAGE_OCCURRENCE('6130xx21121_PIN','6130xx21121_PIN',
'6130xx21121_PIN',#20336,#20338,'');
#133=NEXT_ASSEMBLY_USAGE_OCCURRENCE('6130xx21121_PIN','6130xx21121_PIN',
'6130xx21121_PIN',#20336,#20338,'');
#134=NEXT_ASSEMBLY_USAGE_OCCURRENCE('6130xx21121_PIN','6130xx21121_PIN',
'6130xx21121_PIN',#20336,#20338,'');
#135=NEXT_ASSEMBLY_USAGE_OCCURRENCE('6130xx21121_PIN','6130xx21121_PIN',
'6130xx21121_PIN',#20336,#20338,'');
#136=NEXT_ASSEMBLY_USAGE_OCCURRENCE('6130xx21121_PIN','6130xx21121_PIN',
'6130xx21121_PIN',#20336,#20338,'');
#137=NEXT_ASSEMBLY_USAGE_OCCURRENCE('6130xx21121_PIN','6130xx21121_PIN',
'6130xx21121_PIN',#20336,#20338,'');
#138=NEXT_ASSEMBLY_USAGE_OCCURRENCE('6130xx21121_PIN','6130xx21121_PIN',
'6130xx21121_PIN',#20336,#20338,'');
#139=NEXT_ASSEMBLY_USAGE_OCCURRENCE('6130xx21121_PIN','6130xx21121_PIN',
'6130xx21121_PIN',#20336,#20338,'');
#140=NEXT_ASSEMBLY_USAGE_OCCURRENCE('6130xx21121_PIN','6130xx21121_PIN',
'6130xx21121_PIN',#20336,#20338,'');
#141=NEXT_ASSEMBLY_USAGE_OCCURRENCE('6130xx21121_PIN','6130xx21121_PIN',
'6130xx21121_PIN',#20336,#20338,'');
#142=NEXT_ASSEMBLY_USAGE_OCCURRENCE('6130xx21121_PIN','6130xx21121_PIN',
'6130xx21121_PIN',#20336,#20338,'');
#143=NEXT_ASSEMBLY_USAGE_OCCURRENCE('6130xx21121_PIN','6130xx21121_PIN',
'6130xx21121_PIN',#20336,#20338,'');
#144=NEXT_ASSEMBLY_USAGE_OCCURRENCE('6130xx21121_PIN','6130xx21121_PIN',
'6130xx21121_PIN',#20336,#20338,'');
#145=NEXT_ASSEMBLY_USAGE_OCCURRENCE('6130xx21121_PIN','6130xx21121_PIN',
'6130xx21121_PIN',#20336,#20338,'');
#146=NEXT_ASSEMBLY_USAGE_OCCURRENCE('6130xx21121_PIN','6130xx21121_PIN',
'6130xx21121_PIN',#20336,#20338,'');
#147=NEXT_ASSEMBLY_USAGE_OCCURRENCE('6130xx21121_PIN','6130xx21121_PIN',
'6130xx21121_PIN',#20336,#20338,'');
#148=(
REPRESENTATION_RELATIONSHIP(' ',' ',#12919,#12920)
REPRESENTATION_RELATIONSHIP_WITH_TRANSFORMATION(#213)
SHAPE_REPRESENTATION_RELATIONSHIP()
);
#149=(
REPRESENTATION_RELATIONSHIP(' ',' ',#12921,#12920)
REPRESENTATION_RELATIONSHIP_WITH_TRANSFORMATION(#214)
SHAPE_REPRESENTATION_RELATIONSHIP()
);
#150=(
REPRESENTATION_RELATIONSHIP(' ',' ',#12921,#12920)
REPRESENTATION_RELATIONSHIP_WITH_TRANSFORMATION(#215)
SHAPE_REPRESENTATION_RELATIONSHIP()
);
#151=(
REPRESENTATION_RELATIONSHIP(' ',' ',#12921,#12920)
REPRESENTATION_RELATIONSHIP_WITH_TRANSFORMATION(#216)
SHAPE_REPRESENTATION_RELATIONSHIP()
);
#152=(
REPRESENTATION_RELATIONSHIP(' ',' ',#12921,#12920)
REPRESENTATION_RELATIONSHIP_WITH_TRANSFORMATION(#217)
SHAPE_REPRESENTATION_RELATIONSHIP()
);
#153=(
REPRESENTATION_RELATIONSHIP(' ',' ',#12921,#12920)
REPRESENTATION_RELATIONSHIP_WITH_TRANSFORMATION(#218)
SHAPE_REPRESENTATION_RELATIONSHIP()
);
#154=(
REPRESENTATION_RELATIONSHIP(' ',' ',#12921,#12920)
REPRESENTATION_RELATIONSHIP_WITH_TRANSFORMATION(#219)
SHAPE_REPRESENTATION_RELATIONSHIP()
);
#155=(
REPRESENTATION_RELATIONSHIP(' ',' ',#12921,#12920)
REPRESENTATION_RELATIONSHIP_WITH_TRANSFORMATION(#220)
SHAPE_REPRESENTATION_RELATIONSHIP()
);
#156=(
REPRESENTATION_RELATIONSHIP(' ',' ',#12921,#12920)
REPRESENTATION_RELATIONSHIP_WITH_TRANSFORMATION(#221)
SHAPE_REPRESENTATION_RELATIONSHIP()
);
#157=(
REPRESENTATION_RELATIONSHIP(' ',' ',#12921,#12920)
REPRESENTATION_RELATIONSHIP_WITH_TRANSFORMATION(#222)
SHAPE_REPRESENTATION_RELATIONSHIP()
);
#158=(
REPRESENTATION_RELATIONSHIP(' ',' ',#12921,#12920)
REPRESENTATION_RELATIONSHIP_WITH_TRANSFORMATION(#223)
SHAPE_REPRESENTATION_RELATIONSHIP()
);
#159=(
REPRESENTATION_RELATIONSHIP(' ',' ',#12921,#12920)
REPRESENTATION_RELATIONSHIP_WITH_TRANSFORMATION(#224)
SHAPE_REPRESENTATION_RELATIONSHIP()
);
#160=(
REPRESENTATION_RELATIONSHIP(' ',' ',#12921,#12920)
REPRESENTATION_RELATIONSHIP_WITH_TRANSFORMATION(#225)
SHAPE_REPRESENTATION_RELATIONSHIP()
);
#161=(
REPRESENTATION_RELATIONSHIP(' ',' ',#12921,#12920)
REPRESENTATION_RELATIONSHIP_WITH_TRANSFORMATION(#226)
SHAPE_REPRESENTATION_RELATIONSHIP()
);
#162=(
REPRESENTATION_RELATIONSHIP(' ',' ',#12921,#12920)
REPRESENTATION_RELATIONSHIP_WITH_TRANSFORMATION(#227)
SHAPE_REPRESENTATION_RELATIONSHIP()
);
#163=(
REPRESENTATION_RELATIONSHIP(' ',' ',#12921,#12920)
REPRESENTATION_RELATIONSHIP_WITH_TRANSFORMATION(#228)
SHAPE_REPRESENTATION_RELATIONSHIP()
);
#164=(
REPRESENTATION_RELATIONSHIP(' ',' ',#12921,#12920)
REPRESENTATION_RELATIONSHIP_WITH_TRANSFORMATION(#229)
SHAPE_REPRESENTATION_RELATIONSHIP()
);
#165=(
REPRESENTATION_RELATIONSHIP(' ',' ',#12921,#12920)
REPRESENTATION_RELATIONSHIP_WITH_TRANSFORMATION(#230)
SHAPE_REPRESENTATION_RELATIONSHIP()
);
#166=(
REPRESENTATION_RELATIONSHIP(' ',' ',#12921,#12920)
REPRESENTATION_RELATIONSHIP_WITH_TRANSFORMATION(#231)
SHAPE_REPRESENTATION_RELATIONSHIP()
);
#167=(
REPRESENTATION_RELATIONSHIP(' ',' ',#12921,#12920)
REPRESENTATION_RELATIONSHIP_WITH_TRANSFORMATION(#232)
SHAPE_REPRESENTATION_RELATIONSHIP()
);
#168=(
REPRESENTATION_RELATIONSHIP(' ',' ',#12921,#12920)
REPRESENTATION_RELATIONSHIP_WITH_TRANSFORMATION(#233)
SHAPE_REPRESENTATION_RELATIONSHIP()
);
#169=(
REPRESENTATION_RELATIONSHIP(' ',' ',#12921,#12920)
REPRESENTATION_RELATIONSHIP_WITH_TRANSFORMATION(#234)
SHAPE_REPRESENTATION_RELATIONSHIP()
);
#170=(
REPRESENTATION_RELATIONSHIP(' ',' ',#12921,#12920)
REPRESENTATION_RELATIONSHIP_WITH_TRANSFORMATION(#235)
SHAPE_REPRESENTATION_RELATIONSHIP()
);
#171=(
REPRESENTATION_RELATIONSHIP(' ',' ',#12921,#12920)
REPRESENTATION_RELATIONSHIP_WITH_TRANSFORMATION(#236)
SHAPE_REPRESENTATION_RELATIONSHIP()
);
#172=(
REPRESENTATION_RELATIONSHIP(' ',' ',#12921,#12920)
REPRESENTATION_RELATIONSHIP_WITH_TRANSFORMATION(#237)
SHAPE_REPRESENTATION_RELATIONSHIP()
);
#173=(
REPRESENTATION_RELATIONSHIP(' ',' ',#12921,#12920)
REPRESENTATION_RELATIONSHIP_WITH_TRANSFORMATION(#238)
SHAPE_REPRESENTATION_RELATIONSHIP()
);
#174=(
REPRESENTATION_RELATIONSHIP(' ',' ',#12921,#12920)
REPRESENTATION_RELATIONSHIP_WITH_TRANSFORMATION(#239)
SHAPE_REPRESENTATION_RELATIONSHIP()
);
#175=(
REPRESENTATION_RELATIONSHIP(' ',' ',#12921,#12920)
REPRESENTATION_RELATIONSHIP_WITH_TRANSFORMATION(#240)
SHAPE_REPRESENTATION_RELATIONSHIP()
);
#176=(
REPRESENTATION_RELATIONSHIP(' ',' ',#12921,#12920)
REPRESENTATION_RELATIONSHIP_WITH_TRANSFORMATION(#241)
SHAPE_REPRESENTATION_RELATIONSHIP()
);
#177=(
REPRESENTATION_RELATIONSHIP(' ',' ',#12921,#12920)
REPRESENTATION_RELATIONSHIP_WITH_TRANSFORMATION(#242)
SHAPE_REPRESENTATION_RELATIONSHIP()
);
#178=(
REPRESENTATION_RELATIONSHIP(' ',' ',#12921,#12920)
REPRESENTATION_RELATIONSHIP_WITH_TRANSFORMATION(#243)
SHAPE_REPRESENTATION_RELATIONSHIP()
);
#179=(
REPRESENTATION_RELATIONSHIP(' ',' ',#12921,#12920)
REPRESENTATION_RELATIONSHIP_WITH_TRANSFORMATION(#244)
SHAPE_REPRESENTATION_RELATIONSHIP()
);
#180=(
REPRESENTATION_RELATIONSHIP(' ',' ',#12921,#12920)
REPRESENTATION_RELATIONSHIP_WITH_TRANSFORMATION(#245)
SHAPE_REPRESENTATION_RELATIONSHIP()
);
#181=(
REPRESENTATION_RELATIONSHIP(' ',' ',#12921,#12920)
REPRESENTATION_RELATIONSHIP_WITH_TRANSFORMATION(#246)
SHAPE_REPRESENTATION_RELATIONSHIP()
);
#182=(
REPRESENTATION_RELATIONSHIP(' ',' ',#12921,#12920)
REPRESENTATION_RELATIONSHIP_WITH_TRANSFORMATION(#247)
SHAPE_REPRESENTATION_RELATIONSHIP()
);
#183=(
REPRESENTATION_RELATIONSHIP(' ',' ',#12921,#12920)
REPRESENTATION_RELATIONSHIP_WITH_TRANSFORMATION(#248)
SHAPE_REPRESENTATION_RELATIONSHIP()
);
#184=(
REPRESENTATION_RELATIONSHIP(' ',' ',#12921,#12920)
REPRESENTATION_RELATIONSHIP_WITH_TRANSFORMATION(#249)
SHAPE_REPRESENTATION_RELATIONSHIP()
);
#185=(
REPRESENTATION_RELATIONSHIP(' ',' ',#12921,#12920)
REPRESENTATION_RELATIONSHIP_WITH_TRANSFORMATION(#250)
SHAPE_REPRESENTATION_RELATIONSHIP()
);
#186=(
REPRESENTATION_RELATIONSHIP(' ',' ',#12921,#12920)
REPRESENTATION_RELATIONSHIP_WITH_TRANSFORMATION(#251)
SHAPE_REPRESENTATION_RELATIONSHIP()
);
#187=(
REPRESENTATION_RELATIONSHIP(' ',' ',#12921,#12920)
REPRESENTATION_RELATIONSHIP_WITH_TRANSFORMATION(#252)
SHAPE_REPRESENTATION_RELATIONSHIP()
);
#188=(
REPRESENTATION_RELATIONSHIP(' ',' ',#12921,#12920)
REPRESENTATION_RELATIONSHIP_WITH_TRANSFORMATION(#253)
SHAPE_REPRESENTATION_RELATIONSHIP()
);
#189=(
REPRESENTATION_RELATIONSHIP(' ',' ',#12921,#12920)
REPRESENTATION_RELATIONSHIP_WITH_TRANSFORMATION(#254)
SHAPE_REPRESENTATION_RELATIONSHIP()
);
#190=(
REPRESENTATION_RELATIONSHIP(' ',' ',#12921,#12920)
REPRESENTATION_RELATIONSHIP_WITH_TRANSFORMATION(#255)
SHAPE_REPRESENTATION_RELATIONSHIP()
);
#191=(
REPRESENTATION_RELATIONSHIP(' ',' ',#12921,#12920)
REPRESENTATION_RELATIONSHIP_WITH_TRANSFORMATION(#256)
SHAPE_REPRESENTATION_RELATIONSHIP()
);
#192=(
REPRESENTATION_RELATIONSHIP(' ',' ',#12921,#12920)
REPRESENTATION_RELATIONSHIP_WITH_TRANSFORMATION(#257)
SHAPE_REPRESENTATION_RELATIONSHIP()
);
#193=(
REPRESENTATION_RELATIONSHIP(' ',' ',#12921,#12920)
REPRESENTATION_RELATIONSHIP_WITH_TRANSFORMATION(#258)
SHAPE_REPRESENTATION_RELATIONSHIP()
);
#194=(
REPRESENTATION_RELATIONSHIP(' ',' ',#12921,#12920)
REPRESENTATION_RELATIONSHIP_WITH_TRANSFORMATION(#259)
SHAPE_REPRESENTATION_RELATIONSHIP()
);
#195=(
REPRESENTATION_RELATIONSHIP(' ',' ',#12921,#12920)
REPRESENTATION_RELATIONSHIP_WITH_TRANSFORMATION(#260)
SHAPE_REPRESENTATION_RELATIONSHIP()
);
#196=(
REPRESENTATION_RELATIONSHIP(' ',' ',#12921,#12920)
REPRESENTATION_RELATIONSHIP_WITH_TRANSFORMATION(#261)
SHAPE_REPRESENTATION_RELATIONSHIP()
);
#197=(
REPRESENTATION_RELATIONSHIP(' ',' ',#12921,#12920)
REPRESENTATION_RELATIONSHIP_WITH_TRANSFORMATION(#262)
SHAPE_REPRESENTATION_RELATIONSHIP()
);
#198=(
REPRESENTATION_RELATIONSHIP(' ',' ',#12921,#12920)
REPRESENTATION_RELATIONSHIP_WITH_TRANSFORMATION(#263)
SHAPE_REPRESENTATION_RELATIONSHIP()
);
#199=(
REPRESENTATION_RELATIONSHIP(' ',' ',#12921,#12920)
REPRESENTATION_RELATIONSHIP_WITH_TRANSFORMATION(#264)
SHAPE_REPRESENTATION_RELATIONSHIP()
);
#200=(
REPRESENTATION_RELATIONSHIP(' ',' ',#12921,#12920)
REPRESENTATION_RELATIONSHIP_WITH_TRANSFORMATION(#265)
SHAPE_REPRESENTATION_RELATIONSHIP()
);
#201=(
REPRESENTATION_RELATIONSHIP(' ',' ',#12921,#12920)
REPRESENTATION_RELATIONSHIP_WITH_TRANSFORMATION(#266)
SHAPE_REPRESENTATION_RELATIONSHIP()
);
#202=(
REPRESENTATION_RELATIONSHIP(' ',' ',#12921,#12920)
REPRESENTATION_RELATIONSHIP_WITH_TRANSFORMATION(#267)
SHAPE_REPRESENTATION_RELATIONSHIP()
);
#203=(
REPRESENTATION_RELATIONSHIP(' ',' ',#12921,#12920)
REPRESENTATION_RELATIONSHIP_WITH_TRANSFORMATION(#268)
SHAPE_REPRESENTATION_RELATIONSHIP()
);
#204=(
REPRESENTATION_RELATIONSHIP(' ',' ',#12921,#12920)
REPRESENTATION_RELATIONSHIP_WITH_TRANSFORMATION(#269)
SHAPE_REPRESENTATION_RELATIONSHIP()
);
#205=(
REPRESENTATION_RELATIONSHIP(' ',' ',#12921,#12920)
REPRESENTATION_RELATIONSHIP_WITH_TRANSFORMATION(#270)
SHAPE_REPRESENTATION_RELATIONSHIP()
);
#206=(
REPRESENTATION_RELATIONSHIP(' ',' ',#12921,#12920)
REPRESENTATION_RELATIONSHIP_WITH_TRANSFORMATION(#271)
SHAPE_REPRESENTATION_RELATIONSHIP()
);
#207=(
REPRESENTATION_RELATIONSHIP(' ',' ',#12921,#12920)
REPRESENTATION_RELATIONSHIP_WITH_TRANSFORMATION(#272)
SHAPE_REPRESENTATION_RELATIONSHIP()
);
#208=(
REPRESENTATION_RELATIONSHIP(' ',' ',#12921,#12920)
REPRESENTATION_RELATIONSHIP_WITH_TRANSFORMATION(#273)
SHAPE_REPRESENTATION_RELATIONSHIP()
);
#209=(
REPRESENTATION_RELATIONSHIP(' ',' ',#12921,#12920)
REPRESENTATION_RELATIONSHIP_WITH_TRANSFORMATION(#274)
SHAPE_REPRESENTATION_RELATIONSHIP()
);
#210=(
REPRESENTATION_RELATIONSHIP(' ',' ',#12921,#12920)
REPRESENTATION_RELATIONSHIP_WITH_TRANSFORMATION(#275)
SHAPE_REPRESENTATION_RELATIONSHIP()
);
#211=(
REPRESENTATION_RELATIONSHIP(' ',' ',#12921,#12920)
REPRESENTATION_RELATIONSHIP_WITH_TRANSFORMATION(#276)
SHAPE_REPRESENTATION_RELATIONSHIP()
);
#212=(
REPRESENTATION_RELATIONSHIP(' ',' ',#12921,#12920)
REPRESENTATION_RELATIONSHIP_WITH_TRANSFORMATION(#277)
SHAPE_REPRESENTATION_RELATIONSHIP()
);
#213=ITEM_DEFINED_TRANSFORMATION(' ',' ',#12922,#13503);
#214=ITEM_DEFINED_TRANSFORMATION(' ',' ',#12922,#13518);
#215=ITEM_DEFINED_TRANSFORMATION(' ',' ',#12922,#13519);
#216=ITEM_DEFINED_TRANSFORMATION(' ',' ',#12922,#13520);
#217=ITEM_DEFINED_TRANSFORMATION(' ',' ',#12922,#13521);
#218=ITEM_DEFINED_TRANSFORMATION(' ',' ',#12922,#13522);
#219=ITEM_DEFINED_TRANSFORMATION(' ',' ',#12922,#13523);
#220=ITEM_DEFINED_TRANSFORMATION(' ',' ',#12922,#13524);
#221=ITEM_DEFINED_TRANSFORMATION(' ',' ',#12922,#13525);
#222=ITEM_DEFINED_TRANSFORMATION(' ',' ',#12922,#13526);
#223=ITEM_DEFINED_TRANSFORMATION(' ',' ',#12922,#13527);
#224=ITEM_DEFINED_TRANSFORMATION(' ',' ',#12922,#13528);
#225=ITEM_DEFINED_TRANSFORMATION(' ',' ',#12922,#13529);
#226=ITEM_DEFINED_TRANSFORMATION(' ',' ',#12922,#13530);
#227=ITEM_DEFINED_TRANSFORMATION(' ',' ',#12922,#13531);
#228=ITEM_DEFINED_TRANSFORMATION(' ',' ',#12922,#13532);
#229=ITEM_DEFINED_TRANSFORMATION(' ',' ',#12922,#13533);
#230=ITEM_DEFINED_TRANSFORMATION(' ',' ',#12922,#13534);
#231=ITEM_DEFINED_TRANSFORMATION(' ',' ',#12922,#13535);
#232=ITEM_DEFINED_TRANSFORMATION(' ',' ',#12922,#13536);
#233=ITEM_DEFINED_TRANSFORMATION(' ',' ',#12922,#13537);
#234=ITEM_DEFINED_TRANSFORMATION(' ',' ',#12922,#13538);
#235=ITEM_DEFINED_TRANSFORMATION(' ',' ',#12922,#13539);
#236=ITEM_DEFINED_TRANSFORMATION(' ',' ',#12922,#13540);
#237=ITEM_DEFINED_TRANSFORMATION(' ',' ',#12922,#13541);
#238=ITEM_DEFINED_TRANSFORMATION(' ',' ',#12922,#13542);
#239=ITEM_DEFINED_TRANSFORMATION(' ',' ',#12922,#13543);
#240=ITEM_DEFINED_TRANSFORMATION(' ',' ',#12922,#13544);
#241=ITEM_DEFINED_TRANSFORMATION(' ',' ',#12922,#13545);
#242=ITEM_DEFINED_TRANSFORMATION(' ',' ',#12922,#13546);
#243=ITEM_DEFINED_TRANSFORMATION(' ',' ',#12922,#13547);
#244=ITEM_DEFINED_TRANSFORMATION(' ',' ',#12922,#13548);
#245=ITEM_DEFINED_TRANSFORMATION(' ',' ',#12922,#13549);
#246=ITEM_DEFINED_TRANSFORMATION(' ',' ',#12922,#13550);
#247=ITEM_DEFINED_TRANSFORMATION(' ',' ',#12922,#13551);
#248=ITEM_DEFINED_TRANSFORMATION(' ',' ',#12922,#13552);
#249=ITEM_DEFINED_TRANSFORMATION(' ',' ',#12922,#13553);
#250=ITEM_DEFINED_TRANSFORMATION(' ',' ',#12922,#13554);
#251=ITEM_DEFINED_TRANSFORMATION(' ',' ',#12922,#13555);
#252=ITEM_DEFINED_TRANSFORMATION(' ',' ',#12922,#13556);
#253=ITEM_DEFINED_TRANSFORMATION(' ',' ',#12922,#13557);
#254=ITEM_DEFINED_TRANSFORMATION(' ',' ',#12922,#13558);
#255=ITEM_DEFINED_TRANSFORMATION(' ',' ',#12922,#13559);
#256=ITEM_DEFINED_TRANSFORMATION(' ',' ',#12922,#13560);
#257=ITEM_DEFINED_TRANSFORMATION(' ',' ',#12922,#13561);
#258=ITEM_DEFINED_TRANSFORMATION(' ',' ',#12922,#13562);
#259=ITEM_DEFINED_TRANSFORMATION(' ',' ',#12922,#13563);
#260=ITEM_DEFINED_TRANSFORMATION(' ',' ',#12922,#13564);
#261=ITEM_DEFINED_TRANSFORMATION(' ',' ',#12922,#13565);
#262=ITEM_DEFINED_TRANSFORMATION(' ',' ',#12922,#13566);
#263=ITEM_DEFINED_TRANSFORMATION(' ',' ',#12922,#13567);
#264=ITEM_DEFINED_TRANSFORMATION(' ',' ',#12922,#13568);
#265=ITEM_DEFINED_TRANSFORMATION(' ',' ',#12922,#13569);
#266=ITEM_DEFINED_TRANSFORMATION(' ',' ',#12922,#13570);
#267=ITEM_DEFINED_TRANSFORMATION(' ',' ',#12922,#13571);
#268=ITEM_DEFINED_TRANSFORMATION(' ',' ',#12922,#13572);
#269=ITEM_DEFINED_TRANSFORMATION(' ',' ',#12922,#13573);
#270=ITEM_DEFINED_TRANSFORMATION(' ',' ',#12922,#13574);
#271=ITEM_DEFINED_TRANSFORMATION(' ',' ',#12922,#13575);
#272=ITEM_DEFINED_TRANSFORMATION(' ',' ',#12922,#13576);
#273=ITEM_DEFINED_TRANSFORMATION(' ',' ',#12922,#13577);
#274=ITEM_DEFINED_TRANSFORMATION(' ',' ',#12922,#13578);
#275=ITEM_DEFINED_TRANSFORMATION(' ',' ',#12922,#13579);
#276=ITEM_DEFINED_TRANSFORMATION(' ',' ',#12922,#13580);
#277=ITEM_DEFINED_TRANSFORMATION(' ',' ',#12922,#13581);
#278=SHAPE_REPRESENTATION_RELATIONSHIP('','',#12919,#280);
#279=SHAPE_REPRESENTATION_RELATIONSHIP('','',#12921,#281);
#280=ADVANCED_BREP_SHAPE_REPRESENTATION('',(#12914),#20260);
#281=ADVANCED_BREP_SHAPE_REPRESENTATION('',(#12915),#20261);
#282=ORIENTED_EDGE('',*,*,#3806,.T.);
#283=ORIENTED_EDGE('',*,*,#3807,.T.);
#284=ORIENTED_EDGE('',*,*,#3808,.T.);
#285=ORIENTED_EDGE('',*,*,#3809,.T.);
#286=ORIENTED_EDGE('',*,*,#3810,.T.);
#287=ORIENTED_EDGE('',*,*,#3811,.T.);
#288=ORIENTED_EDGE('',*,*,#3812,.T.);
#289=ORIENTED_EDGE('',*,*,#3813,.T.);
#290=ORIENTED_EDGE('',*,*,#3814,.T.);
#291=ORIENTED_EDGE('',*,*,#3815,.T.);
#292=ORIENTED_EDGE('',*,*,#3816,.T.);
#293=ORIENTED_EDGE('',*,*,#3817,.T.);
#294=ORIENTED_EDGE('',*,*,#3818,.T.);
#295=ORIENTED_EDGE('',*,*,#3819,.T.);
#296=ORIENTED_EDGE('',*,*,#3820,.T.);
#297=ORIENTED_EDGE('',*,*,#3821,.T.);
#298=ORIENTED_EDGE('',*,*,#3822,.T.);
#299=ORIENTED_EDGE('',*,*,#3823,.T.);
#300=ORIENTED_EDGE('',*,*,#3824,.T.);
#301=ORIENTED_EDGE('',*,*,#3825,.T.);
#302=ORIENTED_EDGE('',*,*,#3826,.T.);
#303=ORIENTED_EDGE('',*,*,#3827,.T.);
#304=ORIENTED_EDGE('',*,*,#3828,.T.);
#305=ORIENTED_EDGE('',*,*,#3829,.T.);
#306=ORIENTED_EDGE('',*,*,#3830,.T.);
#307=ORIENTED_EDGE('',*,*,#3831,.T.);
#308=ORIENTED_EDGE('',*,*,#3832,.T.);
#309=ORIENTED_EDGE('',*,*,#3833,.T.);
#310=ORIENTED_EDGE('',*,*,#3834,.T.);
#311=ORIENTED_EDGE('',*,*,#3835,.T.);
#312=ORIENTED_EDGE('',*,*,#3836,.T.);
#313=ORIENTED_EDGE('',*,*,#3837,.T.);
#314=ORIENTED_EDGE('',*,*,#3838,.T.);
#315=ORIENTED_EDGE('',*,*,#3839,.T.);
#316=ORIENTED_EDGE('',*,*,#3840,.T.);
#317=ORIENTED_EDGE('',*,*,#3841,.T.);
#318=ORIENTED_EDGE('',*,*,#3842,.T.);
#319=ORIENTED_EDGE('',*,*,#3843,.T.);
#320=ORIENTED_EDGE('',*,*,#3844,.T.);
#321=ORIENTED_EDGE('',*,*,#3845,.T.);
#322=ORIENTED_EDGE('',*,*,#3846,.T.);
#323=ORIENTED_EDGE('',*,*,#3847,.T.);
#324=ORIENTED_EDGE('',*,*,#3848,.T.);
#325=ORIENTED_EDGE('',*,*,#3849,.T.);
#326=ORIENTED_EDGE('',*,*,#3850,.T.);
#327=ORIENTED_EDGE('',*,*,#3851,.T.);
#328=ORIENTED_EDGE('',*,*,#3852,.T.);
#329=ORIENTED_EDGE('',*,*,#3853,.T.);
#330=ORIENTED_EDGE('',*,*,#3854,.T.);
#331=ORIENTED_EDGE('',*,*,#3855,.T.);
#332=ORIENTED_EDGE('',*,*,#3856,.T.);
#333=ORIENTED_EDGE('',*,*,#3857,.T.);
#334=ORIENTED_EDGE('',*,*,#3858,.T.);
#335=ORIENTED_EDGE('',*,*,#3859,.T.);
#336=ORIENTED_EDGE('',*,*,#3860,.T.);
#337=ORIENTED_EDGE('',*,*,#3861,.T.);
#338=ORIENTED_EDGE('',*,*,#3862,.T.);
#339=ORIENTED_EDGE('',*,*,#3863,.T.);
#340=ORIENTED_EDGE('',*,*,#3864,.T.);
#341=ORIENTED_EDGE('',*,*,#3865,.T.);
#342=ORIENTED_EDGE('',*,*,#3866,.T.);
#343=ORIENTED_EDGE('',*,*,#3867,.T.);
#344=ORIENTED_EDGE('',*,*,#3868,.T.);
#345=ORIENTED_EDGE('',*,*,#3869,.T.);
#346=ORIENTED_EDGE('',*,*,#3870,.T.);
#347=ORIENTED_EDGE('',*,*,#3871,.T.);
#348=ORIENTED_EDGE('',*,*,#3872,.T.);
#349=ORIENTED_EDGE('',*,*,#3873,.T.);
#350=ORIENTED_EDGE('',*,*,#3874,.T.);
#351=ORIENTED_EDGE('',*,*,#3875,.T.);
#352=ORIENTED_EDGE('',*,*,#3876,.T.);
#353=ORIENTED_EDGE('',*,*,#3877,.T.);
#354=ORIENTED_EDGE('',*,*,#3878,.T.);
#355=ORIENTED_EDGE('',*,*,#3879,.T.);
#356=ORIENTED_EDGE('',*,*,#3880,.T.);
#357=ORIENTED_EDGE('',*,*,#3881,.T.);
#358=ORIENTED_EDGE('',*,*,#3882,.T.);
#359=ORIENTED_EDGE('',*,*,#3883,.T.);
#360=ORIENTED_EDGE('',*,*,#3884,.T.);
#361=ORIENTED_EDGE('',*,*,#3885,.T.);
#362=ORIENTED_EDGE('',*,*,#3886,.T.);
#363=ORIENTED_EDGE('',*,*,#3887,.T.);
#364=ORIENTED_EDGE('',*,*,#3888,.T.);
#365=ORIENTED_EDGE('',*,*,#3889,.T.);
#366=ORIENTED_EDGE('',*,*,#3890,.T.);
#367=ORIENTED_EDGE('',*,*,#3891,.T.);
#368=ORIENTED_EDGE('',*,*,#3892,.T.);
#369=ORIENTED_EDGE('',*,*,#3893,.T.);
#370=ORIENTED_EDGE('',*,*,#3894,.T.);
#371=ORIENTED_EDGE('',*,*,#3895,.T.);
#372=ORIENTED_EDGE('',*,*,#3896,.T.);
#373=ORIENTED_EDGE('',*,*,#3897,.T.);
#374=ORIENTED_EDGE('',*,*,#3898,.T.);
#375=ORIENTED_EDGE('',*,*,#3899,.T.);
#376=ORIENTED_EDGE('',*,*,#3900,.T.);
#377=ORIENTED_EDGE('',*,*,#3901,.T.);
#378=ORIENTED_EDGE('',*,*,#3902,.T.);
#379=ORIENTED_EDGE('',*,*,#3903,.T.);
#380=ORIENTED_EDGE('',*,*,#3904,.T.);
#381=ORIENTED_EDGE('',*,*,#3905,.T.);
#382=ORIENTED_EDGE('',*,*,#3906,.T.);
#383=ORIENTED_EDGE('',*,*,#3907,.T.);
#384=ORIENTED_EDGE('',*,*,#3908,.T.);
#385=ORIENTED_EDGE('',*,*,#3909,.T.);
#386=ORIENTED_EDGE('',*,*,#3910,.T.);
#387=ORIENTED_EDGE('',*,*,#3911,.T.);
#388=ORIENTED_EDGE('',*,*,#3912,.T.);
#389=ORIENTED_EDGE('',*,*,#3913,.T.);
#390=ORIENTED_EDGE('',*,*,#3914,.T.);
#391=ORIENTED_EDGE('',*,*,#3915,.T.);
#392=ORIENTED_EDGE('',*,*,#3916,.T.);
#393=ORIENTED_EDGE('',*,*,#3917,.T.);
#394=ORIENTED_EDGE('',*,*,#3918,.T.);
#395=ORIENTED_EDGE('',*,*,#3919,.T.);
#396=ORIENTED_EDGE('',*,*,#3920,.T.);
#397=ORIENTED_EDGE('',*,*,#3921,.T.);
#398=ORIENTED_EDGE('',*,*,#3922,.T.);
#399=ORIENTED_EDGE('',*,*,#3923,.T.);
#400=ORIENTED_EDGE('',*,*,#3924,.T.);
#401=ORIENTED_EDGE('',*,*,#3925,.T.);
#402=ORIENTED_EDGE('',*,*,#3926,.T.);
#403=ORIENTED_EDGE('',*,*,#3927,.T.);
#404=ORIENTED_EDGE('',*,*,#3928,.T.);
#405=ORIENTED_EDGE('',*,*,#3929,.T.);
#406=ORIENTED_EDGE('',*,*,#3930,.T.);
#407=ORIENTED_EDGE('',*,*,#3931,.T.);
#408=ORIENTED_EDGE('',*,*,#3932,.T.);
#409=ORIENTED_EDGE('',*,*,#3933,.T.);
#410=ORIENTED_EDGE('',*,*,#3934,.F.);
#411=ORIENTED_EDGE('',*,*,#3935,.T.);
#412=ORIENTED_EDGE('',*,*,#3936,.T.);
#413=ORIENTED_EDGE('',*,*,#3937,.F.);
#414=ORIENTED_EDGE('',*,*,#3938,.T.);
#415=ORIENTED_EDGE('',*,*,#3939,.F.);
#416=ORIENTED_EDGE('',*,*,#3940,.F.);
#417=ORIENTED_EDGE('',*,*,#3941,.T.);
#418=ORIENTED_EDGE('',*,*,#3942,.F.);
#419=ORIENTED_EDGE('',*,*,#3943,.F.);
#420=ORIENTED_EDGE('',*,*,#3944,.T.);
#421=ORIENTED_EDGE('',*,*,#3945,.F.);
#422=ORIENTED_EDGE('',*,*,#3946,.F.);
#423=ORIENTED_EDGE('',*,*,#3947,.T.);
#424=ORIENTED_EDGE('',*,*,#3948,.F.);
#425=ORIENTED_EDGE('',*,*,#3949,.F.);
#426=ORIENTED_EDGE('',*,*,#3950,.T.);
#427=ORIENTED_EDGE('',*,*,#3951,.F.);
#428=ORIENTED_EDGE('',*,*,#3952,.F.);
#429=ORIENTED_EDGE('',*,*,#3953,.T.);
#430=ORIENTED_EDGE('',*,*,#3954,.F.);
#431=ORIENTED_EDGE('',*,*,#3955,.F.);
#432=ORIENTED_EDGE('',*,*,#3956,.T.);
#433=ORIENTED_EDGE('',*,*,#3957,.F.);
#434=ORIENTED_EDGE('',*,*,#3958,.F.);
#435=ORIENTED_EDGE('',*,*,#3959,.T.);
#436=ORIENTED_EDGE('',*,*,#3960,.F.);
#437=ORIENTED_EDGE('',*,*,#3961,.F.);
#438=ORIENTED_EDGE('',*,*,#3962,.T.);
#439=ORIENTED_EDGE('',*,*,#3963,.F.);
#440=ORIENTED_EDGE('',*,*,#3964,.F.);
#441=ORIENTED_EDGE('',*,*,#3965,.T.);
#442=ORIENTED_EDGE('',*,*,#3966,.F.);
#443=ORIENTED_EDGE('',*,*,#3967,.F.);
#444=ORIENTED_EDGE('',*,*,#3968,.T.);
#445=ORIENTED_EDGE('',*,*,#3969,.F.);
#446=ORIENTED_EDGE('',*,*,#3970,.F.);
#447=ORIENTED_EDGE('',*,*,#3971,.T.);
#448=ORIENTED_EDGE('',*,*,#3972,.F.);
#449=ORIENTED_EDGE('',*,*,#3973,.F.);
#450=ORIENTED_EDGE('',*,*,#3974,.T.);
#451=ORIENTED_EDGE('',*,*,#3975,.F.);
#452=ORIENTED_EDGE('',*,*,#3976,.F.);
#453=ORIENTED_EDGE('',*,*,#3977,.T.);
#454=ORIENTED_EDGE('',*,*,#3978,.F.);
#455=ORIENTED_EDGE('',*,*,#3979,.F.);
#456=ORIENTED_EDGE('',*,*,#3980,.T.);
#457=ORIENTED_EDGE('',*,*,#3981,.F.);
#458=ORIENTED_EDGE('',*,*,#3982,.F.);
#459=ORIENTED_EDGE('',*,*,#3983,.T.);
#460=ORIENTED_EDGE('',*,*,#3984,.F.);
#461=ORIENTED_EDGE('',*,*,#3985,.F.);
#462=ORIENTED_EDGE('',*,*,#3986,.T.);
#463=ORIENTED_EDGE('',*,*,#3987,.F.);
#464=ORIENTED_EDGE('',*,*,#3988,.F.);
#465=ORIENTED_EDGE('',*,*,#3989,.T.);
#466=ORIENTED_EDGE('',*,*,#3990,.F.);
#467=ORIENTED_EDGE('',*,*,#3991,.F.);
#468=ORIENTED_EDGE('',*,*,#3992,.T.);
#469=ORIENTED_EDGE('',*,*,#3993,.F.);
#470=ORIENTED_EDGE('',*,*,#3994,.F.);
#471=ORIENTED_EDGE('',*,*,#3995,.T.);
#472=ORIENTED_EDGE('',*,*,#3996,.F.);
#473=ORIENTED_EDGE('',*,*,#3997,.F.);
#474=ORIENTED_EDGE('',*,*,#3998,.T.);
#475=ORIENTED_EDGE('',*,*,#3999,.F.);
#476=ORIENTED_EDGE('',*,*,#4000,.F.);
#477=ORIENTED_EDGE('',*,*,#4001,.T.);
#478=ORIENTED_EDGE('',*,*,#4002,.F.);
#479=ORIENTED_EDGE('',*,*,#4003,.F.);
#480=ORIENTED_EDGE('',*,*,#4004,.T.);
#481=ORIENTED_EDGE('',*,*,#4005,.F.);
#482=ORIENTED_EDGE('',*,*,#4006,.F.);
#483=ORIENTED_EDGE('',*,*,#4007,.T.);
#484=ORIENTED_EDGE('',*,*,#4008,.F.);
#485=ORIENTED_EDGE('',*,*,#4009,.F.);
#486=ORIENTED_EDGE('',*,*,#4010,.T.);
#487=ORIENTED_EDGE('',*,*,#4011,.F.);
#488=ORIENTED_EDGE('',*,*,#4012,.F.);
#489=ORIENTED_EDGE('',*,*,#4013,.T.);
#490=ORIENTED_EDGE('',*,*,#4014,.F.);
#491=ORIENTED_EDGE('',*,*,#4015,.F.);
#492=ORIENTED_EDGE('',*,*,#4016,.T.);
#493=ORIENTED_EDGE('',*,*,#4017,.F.);
#494=ORIENTED_EDGE('',*,*,#4018,.F.);
#495=ORIENTED_EDGE('',*,*,#4019,.T.);
#496=ORIENTED_EDGE('',*,*,#4020,.F.);
#497=ORIENTED_EDGE('',*,*,#4021,.F.);
#498=ORIENTED_EDGE('',*,*,#4022,.T.);
#499=ORIENTED_EDGE('',*,*,#4023,.F.);
#500=ORIENTED_EDGE('',*,*,#4024,.F.);
#501=ORIENTED_EDGE('',*,*,#4025,.T.);
#502=ORIENTED_EDGE('',*,*,#4026,.F.);
#503=ORIENTED_EDGE('',*,*,#4027,.F.);
#504=ORIENTED_EDGE('',*,*,#4028,.T.);
#505=ORIENTED_EDGE('',*,*,#4029,.F.);
#506=ORIENTED_EDGE('',*,*,#4030,.F.);
#507=ORIENTED_EDGE('',*,*,#4031,.T.);
#508=ORIENTED_EDGE('',*,*,#4032,.F.);
#509=ORIENTED_EDGE('',*,*,#4033,.F.);
#510=ORIENTED_EDGE('',*,*,#4034,.T.);
#511=ORIENTED_EDGE('',*,*,#4035,.F.);
#512=ORIENTED_EDGE('',*,*,#4036,.T.);
#513=ORIENTED_EDGE('',*,*,#4037,.T.);
#514=ORIENTED_EDGE('',*,*,#4038,.F.);
#515=ORIENTED_EDGE('',*,*,#4039,.T.);
#516=ORIENTED_EDGE('',*,*,#4040,.T.);
#517=ORIENTED_EDGE('',*,*,#4041,.F.);
#518=ORIENTED_EDGE('',*,*,#4042,.T.);
#519=ORIENTED_EDGE('',*,*,#4043,.T.);
#520=ORIENTED_EDGE('',*,*,#4044,.F.);
#521=ORIENTED_EDGE('',*,*,#4045,.T.);
#522=ORIENTED_EDGE('',*,*,#4046,.T.);
#523=ORIENTED_EDGE('',*,*,#4047,.F.);
#524=ORIENTED_EDGE('',*,*,#4048,.T.);
#525=ORIENTED_EDGE('',*,*,#4049,.T.);
#526=ORIENTED_EDGE('',*,*,#4050,.F.);
#527=ORIENTED_EDGE('',*,*,#4051,.T.);
#528=ORIENTED_EDGE('',*,*,#4052,.T.);
#529=ORIENTED_EDGE('',*,*,#4053,.F.);
#530=ORIENTED_EDGE('',*,*,#4054,.T.);
#531=ORIENTED_EDGE('',*,*,#4055,.T.);
#532=ORIENTED_EDGE('',*,*,#4056,.F.);
#533=ORIENTED_EDGE('',*,*,#4057,.T.);
#534=ORIENTED_EDGE('',*,*,#4058,.T.);
#535=ORIENTED_EDGE('',*,*,#4059,.F.);
#536=ORIENTED_EDGE('',*,*,#4060,.T.);
#537=ORIENTED_EDGE('',*,*,#4061,.T.);
#538=ORIENTED_EDGE('',*,*,#4062,.F.);
#539=ORIENTED_EDGE('',*,*,#4063,.T.);
#540=ORIENTED_EDGE('',*,*,#4064,.T.);
#541=ORIENTED_EDGE('',*,*,#4065,.F.);
#542=ORIENTED_EDGE('',*,*,#4066,.T.);
#543=ORIENTED_EDGE('',*,*,#4067,.T.);
#544=ORIENTED_EDGE('',*,*,#4068,.F.);
#545=ORIENTED_EDGE('',*,*,#4069,.T.);
#546=ORIENTED_EDGE('',*,*,#4070,.T.);
#547=ORIENTED_EDGE('',*,*,#4071,.F.);
#548=ORIENTED_EDGE('',*,*,#4072,.T.);
#549=ORIENTED_EDGE('',*,*,#4073,.T.);
#550=ORIENTED_EDGE('',*,*,#4074,.F.);
#551=ORIENTED_EDGE('',*,*,#4075,.T.);
#552=ORIENTED_EDGE('',*,*,#4076,.T.);
#553=ORIENTED_EDGE('',*,*,#4077,.F.);
#554=ORIENTED_EDGE('',*,*,#4078,.T.);
#555=ORIENTED_EDGE('',*,*,#4079,.T.);
#556=ORIENTED_EDGE('',*,*,#4080,.F.);
#557=ORIENTED_EDGE('',*,*,#4081,.T.);
#558=ORIENTED_EDGE('',*,*,#4082,.T.);
#559=ORIENTED_EDGE('',*,*,#4083,.F.);
#560=ORIENTED_EDGE('',*,*,#4084,.T.);
#561=ORIENTED_EDGE('',*,*,#4085,.T.);
#562=ORIENTED_EDGE('',*,*,#4086,.F.);
#563=ORIENTED_EDGE('',*,*,#4087,.T.);
#564=ORIENTED_EDGE('',*,*,#4088,.T.);
#565=ORIENTED_EDGE('',*,*,#4089,.F.);
#566=ORIENTED_EDGE('',*,*,#4090,.T.);
#567=ORIENTED_EDGE('',*,*,#4091,.T.);
#568=ORIENTED_EDGE('',*,*,#4092,.F.);
#569=ORIENTED_EDGE('',*,*,#4093,.T.);
#570=ORIENTED_EDGE('',*,*,#4094,.T.);
#571=ORIENTED_EDGE('',*,*,#4095,.F.);
#572=ORIENTED_EDGE('',*,*,#4096,.T.);
#573=ORIENTED_EDGE('',*,*,#4097,.T.);
#574=ORIENTED_EDGE('',*,*,#4098,.F.);
#575=ORIENTED_EDGE('',*,*,#4099,.T.);
#576=ORIENTED_EDGE('',*,*,#4100,.T.);
#577=ORIENTED_EDGE('',*,*,#4101,.F.);
#578=ORIENTED_EDGE('',*,*,#4102,.T.);
#579=ORIENTED_EDGE('',*,*,#4103,.T.);
#580=ORIENTED_EDGE('',*,*,#4104,.F.);
#581=ORIENTED_EDGE('',*,*,#4105,.T.);
#582=ORIENTED_EDGE('',*,*,#4106,.T.);
#583=ORIENTED_EDGE('',*,*,#4107,.F.);
#584=ORIENTED_EDGE('',*,*,#4108,.T.);
#585=ORIENTED_EDGE('',*,*,#4109,.T.);
#586=ORIENTED_EDGE('',*,*,#4110,.F.);
#587=ORIENTED_EDGE('',*,*,#4111,.T.);
#588=ORIENTED_EDGE('',*,*,#4112,.T.);
#589=ORIENTED_EDGE('',*,*,#4113,.F.);
#590=ORIENTED_EDGE('',*,*,#4114,.T.);
#591=ORIENTED_EDGE('',*,*,#4115,.T.);
#592=ORIENTED_EDGE('',*,*,#4116,.F.);
#593=ORIENTED_EDGE('',*,*,#4117,.T.);
#594=ORIENTED_EDGE('',*,*,#4118,.T.);
#595=ORIENTED_EDGE('',*,*,#4119,.F.);
#596=ORIENTED_EDGE('',*,*,#4120,.T.);
#597=ORIENTED_EDGE('',*,*,#4121,.T.);
#598=ORIENTED_EDGE('',*,*,#4122,.F.);
#599=ORIENTED_EDGE('',*,*,#4123,.T.);
#600=ORIENTED_EDGE('',*,*,#4124,.T.);
#601=ORIENTED_EDGE('',*,*,#4125,.F.);
#602=ORIENTED_EDGE('',*,*,#4126,.T.);
#603=ORIENTED_EDGE('',*,*,#4127,.T.);
#604=ORIENTED_EDGE('',*,*,#4128,.T.);
#605=ORIENTED_EDGE('',*,*,#4129,.T.);
#606=ORIENTED_EDGE('',*,*,#4130,.T.);
#607=ORIENTED_EDGE('',*,*,#4131,.T.);
#608=ORIENTED_EDGE('',*,*,#4132,.T.);
#609=ORIENTED_EDGE('',*,*,#4133,.T.);
#610=ORIENTED_EDGE('',*,*,#4134,.T.);
#611=ORIENTED_EDGE('',*,*,#4135,.T.);
#612=ORIENTED_EDGE('',*,*,#4136,.T.);
#613=ORIENTED_EDGE('',*,*,#4137,.T.);
#614=ORIENTED_EDGE('',*,*,#4138,.T.);
#615=ORIENTED_EDGE('',*,*,#4139,.T.);
#616=ORIENTED_EDGE('',*,*,#4140,.T.);
#617=ORIENTED_EDGE('',*,*,#4141,.T.);
#618=ORIENTED_EDGE('',*,*,#4142,.T.);
#619=ORIENTED_EDGE('',*,*,#4143,.T.);
#620=ORIENTED_EDGE('',*,*,#4144,.T.);
#621=ORIENTED_EDGE('',*,*,#4145,.T.);
#622=ORIENTED_EDGE('',*,*,#4146,.T.);
#623=ORIENTED_EDGE('',*,*,#4147,.T.);
#624=ORIENTED_EDGE('',*,*,#4148,.T.);
#625=ORIENTED_EDGE('',*,*,#4149,.T.);
#626=ORIENTED_EDGE('',*,*,#4150,.T.);
#627=ORIENTED_EDGE('',*,*,#4151,.T.);
#628=ORIENTED_EDGE('',*,*,#4152,.T.);
#629=ORIENTED_EDGE('',*,*,#4153,.T.);
#630=ORIENTED_EDGE('',*,*,#4154,.T.);
#631=ORIENTED_EDGE('',*,*,#4155,.T.);
#632=ORIENTED_EDGE('',*,*,#4156,.T.);
#633=ORIENTED_EDGE('',*,*,#4157,.T.);
#634=ORIENTED_EDGE('',*,*,#4158,.T.);
#635=ORIENTED_EDGE('',*,*,#4159,.T.);
#636=ORIENTED_EDGE('',*,*,#4160,.T.);
#637=ORIENTED_EDGE('',*,*,#4161,.T.);
#638=ORIENTED_EDGE('',*,*,#4162,.T.);
#639=ORIENTED_EDGE('',*,*,#4163,.T.);
#640=ORIENTED_EDGE('',*,*,#4164,.T.);
#641=ORIENTED_EDGE('',*,*,#4165,.T.);
#642=ORIENTED_EDGE('',*,*,#4166,.T.);
#643=ORIENTED_EDGE('',*,*,#4167,.T.);
#644=ORIENTED_EDGE('',*,*,#4168,.T.);
#645=ORIENTED_EDGE('',*,*,#4169,.T.);
#646=ORIENTED_EDGE('',*,*,#4170,.T.);
#647=ORIENTED_EDGE('',*,*,#4171,.T.);
#648=ORIENTED_EDGE('',*,*,#4172,.T.);
#649=ORIENTED_EDGE('',*,*,#4173,.T.);
#650=ORIENTED_EDGE('',*,*,#4174,.T.);
#651=ORIENTED_EDGE('',*,*,#4175,.T.);
#652=ORIENTED_EDGE('',*,*,#4176,.T.);
#653=ORIENTED_EDGE('',*,*,#4177,.T.);
#654=ORIENTED_EDGE('',*,*,#4178,.T.);
#655=ORIENTED_EDGE('',*,*,#4179,.T.);
#656=ORIENTED_EDGE('',*,*,#4180,.T.);
#657=ORIENTED_EDGE('',*,*,#4181,.T.);
#658=ORIENTED_EDGE('',*,*,#4182,.T.);
#659=ORIENTED_EDGE('',*,*,#4183,.T.);
#660=ORIENTED_EDGE('',*,*,#4184,.T.);
#661=ORIENTED_EDGE('',*,*,#4185,.T.);
#662=ORIENTED_EDGE('',*,*,#4186,.T.);
#663=ORIENTED_EDGE('',*,*,#4187,.T.);
#664=ORIENTED_EDGE('',*,*,#4188,.T.);
#665=ORIENTED_EDGE('',*,*,#4189,.T.);
#666=ORIENTED_EDGE('',*,*,#4190,.T.);
#667=ORIENTED_EDGE('',*,*,#4191,.T.);
#668=ORIENTED_EDGE('',*,*,#4192,.T.);
#669=ORIENTED_EDGE('',*,*,#4193,.T.);
#670=ORIENTED_EDGE('',*,*,#4194,.T.);
#671=ORIENTED_EDGE('',*,*,#4195,.T.);
#672=ORIENTED_EDGE('',*,*,#4196,.T.);
#673=ORIENTED_EDGE('',*,*,#4197,.T.);
#674=ORIENTED_EDGE('',*,*,#4198,.T.);
#675=ORIENTED_EDGE('',*,*,#4199,.T.);
#676=ORIENTED_EDGE('',*,*,#4200,.T.);
#677=ORIENTED_EDGE('',*,*,#4201,.T.);
#678=ORIENTED_EDGE('',*,*,#4202,.T.);
#679=ORIENTED_EDGE('',*,*,#4203,.T.);
#680=ORIENTED_EDGE('',*,*,#4204,.T.);
#681=ORIENTED_EDGE('',*,*,#4205,.T.);
#682=ORIENTED_EDGE('',*,*,#4206,.T.);
#683=ORIENTED_EDGE('',*,*,#4207,.T.);
#684=ORIENTED_EDGE('',*,*,#4208,.T.);
#685=ORIENTED_EDGE('',*,*,#4209,.T.);
#686=ORIENTED_EDGE('',*,*,#4210,.T.);
#687=ORIENTED_EDGE('',*,*,#4211,.T.);
#688=ORIENTED_EDGE('',*,*,#4212,.T.);
#689=ORIENTED_EDGE('',*,*,#4213,.T.);
#690=ORIENTED_EDGE('',*,*,#4214,.T.);
#691=ORIENTED_EDGE('',*,*,#4215,.T.);
#692=ORIENTED_EDGE('',*,*,#4216,.T.);
#693=ORIENTED_EDGE('',*,*,#4217,.T.);
#694=ORIENTED_EDGE('',*,*,#4218,.T.);
#695=ORIENTED_EDGE('',*,*,#4219,.T.);
#696=ORIENTED_EDGE('',*,*,#4220,.T.);
#697=ORIENTED_EDGE('',*,*,#4221,.T.);
#698=ORIENTED_EDGE('',*,*,#4222,.T.);
#699=ORIENTED_EDGE('',*,*,#4223,.T.);
#700=ORIENTED_EDGE('',*,*,#4224,.T.);
#701=ORIENTED_EDGE('',*,*,#4225,.T.);
#702=ORIENTED_EDGE('',*,*,#4226,.T.);
#703=ORIENTED_EDGE('',*,*,#4227,.T.);
#704=ORIENTED_EDGE('',*,*,#4228,.T.);
#705=ORIENTED_EDGE('',*,*,#4229,.T.);
#706=ORIENTED_EDGE('',*,*,#4230,.T.);
#707=ORIENTED_EDGE('',*,*,#4231,.T.);
#708=ORIENTED_EDGE('',*,*,#4232,.T.);
#709=ORIENTED_EDGE('',*,*,#4233,.T.);
#710=ORIENTED_EDGE('',*,*,#4234,.T.);
#711=ORIENTED_EDGE('',*,*,#4235,.T.);
#712=ORIENTED_EDGE('',*,*,#4236,.T.);
#713=ORIENTED_EDGE('',*,*,#4237,.T.);
#714=ORIENTED_EDGE('',*,*,#4238,.T.);
#715=ORIENTED_EDGE('',*,*,#4239,.T.);
#716=ORIENTED_EDGE('',*,*,#4240,.T.);
#717=ORIENTED_EDGE('',*,*,#4241,.T.);
#718=ORIENTED_EDGE('',*,*,#4242,.T.);
#719=ORIENTED_EDGE('',*,*,#4243,.T.);
#720=ORIENTED_EDGE('',*,*,#4244,.T.);
#721=ORIENTED_EDGE('',*,*,#4245,.T.);
#722=ORIENTED_EDGE('',*,*,#4246,.T.);
#723=ORIENTED_EDGE('',*,*,#4247,.T.);
#724=ORIENTED_EDGE('',*,*,#4248,.T.);
#725=ORIENTED_EDGE('',*,*,#4249,.T.);
#726=ORIENTED_EDGE('',*,*,#4250,.T.);
#727=ORIENTED_EDGE('',*,*,#4251,.T.);
#728=ORIENTED_EDGE('',*,*,#4252,.T.);
#729=ORIENTED_EDGE('',*,*,#4253,.T.);
#730=ORIENTED_EDGE('',*,*,#4254,.T.);
#731=ORIENTED_EDGE('',*,*,#4255,.T.);
#732=ORIENTED_EDGE('',*,*,#4256,.T.);
#733=ORIENTED_EDGE('',*,*,#4257,.T.);
#734=ORIENTED_EDGE('',*,*,#4258,.T.);
#735=ORIENTED_EDGE('',*,*,#4259,.T.);
#736=ORIENTED_EDGE('',*,*,#4260,.T.);
#737=ORIENTED_EDGE('',*,*,#4261,.T.);
#738=ORIENTED_EDGE('',*,*,#4262,.T.);
#739=ORIENTED_EDGE('',*,*,#4263,.T.);
#740=ORIENTED_EDGE('',*,*,#4264,.T.);
#741=ORIENTED_EDGE('',*,*,#4265,.T.);
#742=ORIENTED_EDGE('',*,*,#4266,.T.);
#743=ORIENTED_EDGE('',*,*,#4267,.T.);
#744=ORIENTED_EDGE('',*,*,#4268,.T.);
#745=ORIENTED_EDGE('',*,*,#4269,.T.);
#746=ORIENTED_EDGE('',*,*,#4270,.T.);
#747=ORIENTED_EDGE('',*,*,#4271,.T.);
#748=ORIENTED_EDGE('',*,*,#4272,.T.);
#749=ORIENTED_EDGE('',*,*,#4273,.T.);
#750=ORIENTED_EDGE('',*,*,#4274,.T.);
#751=ORIENTED_EDGE('',*,*,#4275,.T.);
#752=ORIENTED_EDGE('',*,*,#4276,.T.);
#753=ORIENTED_EDGE('',*,*,#4277,.T.);
#754=ORIENTED_EDGE('',*,*,#4278,.T.);
#755=ORIENTED_EDGE('',*,*,#4279,.T.);
#756=ORIENTED_EDGE('',*,*,#4280,.T.);
#757=ORIENTED_EDGE('',*,*,#4281,.T.);
#758=ORIENTED_EDGE('',*,*,#4282,.T.);
#759=ORIENTED_EDGE('',*,*,#4283,.T.);
#760=ORIENTED_EDGE('',*,*,#4284,.T.);
#761=ORIENTED_EDGE('',*,*,#4285,.T.);
#762=ORIENTED_EDGE('',*,*,#4286,.T.);
#763=ORIENTED_EDGE('',*,*,#4287,.T.);
#764=ORIENTED_EDGE('',*,*,#4288,.T.);
#765=ORIENTED_EDGE('',*,*,#4289,.T.);
#766=ORIENTED_EDGE('',*,*,#4290,.T.);
#767=ORIENTED_EDGE('',*,*,#4291,.T.);
#768=ORIENTED_EDGE('',*,*,#4292,.T.);
#769=ORIENTED_EDGE('',*,*,#4293,.T.);
#770=ORIENTED_EDGE('',*,*,#4294,.T.);
#771=ORIENTED_EDGE('',*,*,#4295,.T.);
#772=ORIENTED_EDGE('',*,*,#4296,.T.);
#773=ORIENTED_EDGE('',*,*,#4297,.T.);
#774=ORIENTED_EDGE('',*,*,#4298,.T.);
#775=ORIENTED_EDGE('',*,*,#4299,.T.);
#776=ORIENTED_EDGE('',*,*,#4300,.T.);
#777=ORIENTED_EDGE('',*,*,#4301,.T.);
#778=ORIENTED_EDGE('',*,*,#4302,.T.);
#779=ORIENTED_EDGE('',*,*,#4303,.T.);
#780=ORIENTED_EDGE('',*,*,#4304,.T.);
#781=ORIENTED_EDGE('',*,*,#4305,.T.);
#782=ORIENTED_EDGE('',*,*,#4306,.T.);
#783=ORIENTED_EDGE('',*,*,#4307,.T.);
#784=ORIENTED_EDGE('',*,*,#4308,.T.);
#785=ORIENTED_EDGE('',*,*,#4309,.T.);
#786=ORIENTED_EDGE('',*,*,#4310,.T.);
#787=ORIENTED_EDGE('',*,*,#4311,.T.);
#788=ORIENTED_EDGE('',*,*,#4312,.T.);
#789=ORIENTED_EDGE('',*,*,#4313,.T.);
#790=ORIENTED_EDGE('',*,*,#4314,.T.);
#791=ORIENTED_EDGE('',*,*,#4315,.T.);
#792=ORIENTED_EDGE('',*,*,#4316,.T.);
#793=ORIENTED_EDGE('',*,*,#4317,.T.);
#794=ORIENTED_EDGE('',*,*,#4318,.T.);
#795=ORIENTED_EDGE('',*,*,#4319,.T.);
#796=ORIENTED_EDGE('',*,*,#4320,.T.);
#797=ORIENTED_EDGE('',*,*,#4321,.T.);
#798=ORIENTED_EDGE('',*,*,#4322,.T.);
#799=ORIENTED_EDGE('',*,*,#4323,.T.);
#800=ORIENTED_EDGE('',*,*,#4324,.T.);
#801=ORIENTED_EDGE('',*,*,#4325,.T.);
#802=ORIENTED_EDGE('',*,*,#4326,.T.);
#803=ORIENTED_EDGE('',*,*,#4327,.T.);
#804=ORIENTED_EDGE('',*,*,#4328,.T.);
#805=ORIENTED_EDGE('',*,*,#4329,.T.);
#806=ORIENTED_EDGE('',*,*,#4330,.T.);
#807=ORIENTED_EDGE('',*,*,#4331,.T.);
#808=ORIENTED_EDGE('',*,*,#4332,.T.);
#809=ORIENTED_EDGE('',*,*,#4333,.T.);
#810=ORIENTED_EDGE('',*,*,#4334,.T.);
#811=ORIENTED_EDGE('',*,*,#4335,.T.);
#812=ORIENTED_EDGE('',*,*,#4336,.T.);
#813=ORIENTED_EDGE('',*,*,#4337,.T.);
#814=ORIENTED_EDGE('',*,*,#4338,.T.);
#815=ORIENTED_EDGE('',*,*,#4339,.T.);
#816=ORIENTED_EDGE('',*,*,#4340,.T.);
#817=ORIENTED_EDGE('',*,*,#4341,.T.);
#818=ORIENTED_EDGE('',*,*,#4342,.T.);
#819=ORIENTED_EDGE('',*,*,#4343,.T.);
#820=ORIENTED_EDGE('',*,*,#4344,.T.);
#821=ORIENTED_EDGE('',*,*,#4345,.T.);
#822=ORIENTED_EDGE('',*,*,#4346,.T.);
#823=ORIENTED_EDGE('',*,*,#4347,.T.);
#824=ORIENTED_EDGE('',*,*,#4348,.T.);
#825=ORIENTED_EDGE('',*,*,#4349,.T.);
#826=ORIENTED_EDGE('',*,*,#4350,.T.);
#827=ORIENTED_EDGE('',*,*,#4351,.T.);
#828=ORIENTED_EDGE('',*,*,#4352,.T.);
#829=ORIENTED_EDGE('',*,*,#4353,.T.);
#830=ORIENTED_EDGE('',*,*,#4354,.T.);
#831=ORIENTED_EDGE('',*,*,#4355,.T.);
#832=ORIENTED_EDGE('',*,*,#4356,.T.);
#833=ORIENTED_EDGE('',*,*,#4357,.T.);
#834=ORIENTED_EDGE('',*,*,#4358,.T.);
#835=ORIENTED_EDGE('',*,*,#4359,.T.);
#836=ORIENTED_EDGE('',*,*,#4360,.T.);
#837=ORIENTED_EDGE('',*,*,#4361,.T.);
#838=ORIENTED_EDGE('',*,*,#4362,.T.);
#839=ORIENTED_EDGE('',*,*,#4363,.T.);
#840=ORIENTED_EDGE('',*,*,#4364,.T.);
#841=ORIENTED_EDGE('',*,*,#4365,.T.);
#842=ORIENTED_EDGE('',*,*,#4366,.T.);
#843=ORIENTED_EDGE('',*,*,#4367,.T.);
#844=ORIENTED_EDGE('',*,*,#4368,.T.);
#845=ORIENTED_EDGE('',*,*,#4369,.T.);
#846=ORIENTED_EDGE('',*,*,#4370,.T.);
#847=ORIENTED_EDGE('',*,*,#4371,.T.);
#848=ORIENTED_EDGE('',*,*,#4372,.T.);
#849=ORIENTED_EDGE('',*,*,#4373,.T.);
#850=ORIENTED_EDGE('',*,*,#4374,.T.);
#851=ORIENTED_EDGE('',*,*,#4375,.T.);
#852=ORIENTED_EDGE('',*,*,#4376,.T.);
#853=ORIENTED_EDGE('',*,*,#4377,.T.);
#854=ORIENTED_EDGE('',*,*,#4378,.T.);
#855=ORIENTED_EDGE('',*,*,#4379,.T.);
#856=ORIENTED_EDGE('',*,*,#4380,.T.);
#857=ORIENTED_EDGE('',*,*,#4381,.T.);
#858=ORIENTED_EDGE('',*,*,#4382,.T.);
#859=ORIENTED_EDGE('',*,*,#4383,.T.);
#860=ORIENTED_EDGE('',*,*,#4384,.F.);
#861=ORIENTED_EDGE('',*,*,#4385,.F.);
#862=ORIENTED_EDGE('',*,*,#4386,.F.);
#863=ORIENTED_EDGE('',*,*,#4387,.F.);
#864=ORIENTED_EDGE('',*,*,#4388,.T.);
#865=ORIENTED_EDGE('',*,*,#4389,.F.);
#866=ORIENTED_EDGE('',*,*,#4390,.F.);
#867=ORIENTED_EDGE('',*,*,#4391,.T.);
#868=ORIENTED_EDGE('',*,*,#4392,.F.);
#869=ORIENTED_EDGE('',*,*,#4393,.F.);
#870=ORIENTED_EDGE('',*,*,#4394,.T.);
#871=ORIENTED_EDGE('',*,*,#4395,.F.);
#872=ORIENTED_EDGE('',*,*,#4396,.F.);
#873=ORIENTED_EDGE('',*,*,#4397,.T.);
#874=ORIENTED_EDGE('',*,*,#4398,.F.);
#875=ORIENTED_EDGE('',*,*,#4399,.F.);
#876=ORIENTED_EDGE('',*,*,#4400,.T.);
#877=ORIENTED_EDGE('',*,*,#4401,.F.);
#878=ORIENTED_EDGE('',*,*,#4402,.F.);
#879=ORIENTED_EDGE('',*,*,#4403,.T.);
#880=ORIENTED_EDGE('',*,*,#4404,.F.);
#881=ORIENTED_EDGE('',*,*,#4405,.F.);
#882=ORIENTED_EDGE('',*,*,#4406,.T.);
#883=ORIENTED_EDGE('',*,*,#4407,.F.);
#884=ORIENTED_EDGE('',*,*,#4408,.F.);
#885=ORIENTED_EDGE('',*,*,#4409,.T.);
#886=ORIENTED_EDGE('',*,*,#4410,.F.);
#887=ORIENTED_EDGE('',*,*,#4411,.F.);
#888=ORIENTED_EDGE('',*,*,#4412,.T.);
#889=ORIENTED_EDGE('',*,*,#4413,.F.);
#890=ORIENTED_EDGE('',*,*,#4414,.F.);
#891=ORIENTED_EDGE('',*,*,#4415,.T.);
#892=ORIENTED_EDGE('',*,*,#4416,.F.);
#893=ORIENTED_EDGE('',*,*,#4417,.F.);
#894=ORIENTED_EDGE('',*,*,#4418,.T.);
#895=ORIENTED_EDGE('',*,*,#4419,.F.);
#896=ORIENTED_EDGE('',*,*,#4420,.F.);
#897=ORIENTED_EDGE('',*,*,#4421,.T.);
#898=ORIENTED_EDGE('',*,*,#4422,.F.);
#899=ORIENTED_EDGE('',*,*,#4423,.F.);
#900=ORIENTED_EDGE('',*,*,#4424,.T.);
#901=ORIENTED_EDGE('',*,*,#4425,.F.);
#902=ORIENTED_EDGE('',*,*,#4426,.F.);
#903=ORIENTED_EDGE('',*,*,#4427,.T.);
#904=ORIENTED_EDGE('',*,*,#4428,.F.);
#905=ORIENTED_EDGE('',*,*,#4429,.F.);
#906=ORIENTED_EDGE('',*,*,#4430,.T.);
#907=ORIENTED_EDGE('',*,*,#4431,.F.);
#908=ORIENTED_EDGE('',*,*,#4432,.F.);
#909=ORIENTED_EDGE('',*,*,#4433,.T.);
#910=ORIENTED_EDGE('',*,*,#4434,.F.);
#911=ORIENTED_EDGE('',*,*,#4435,.F.);
#912=ORIENTED_EDGE('',*,*,#4436,.T.);
#913=ORIENTED_EDGE('',*,*,#4437,.F.);
#914=ORIENTED_EDGE('',*,*,#4438,.F.);
#915=ORIENTED_EDGE('',*,*,#4439,.T.);
#916=ORIENTED_EDGE('',*,*,#4440,.F.);
#917=ORIENTED_EDGE('',*,*,#4441,.F.);
#918=ORIENTED_EDGE('',*,*,#4442,.T.);
#919=ORIENTED_EDGE('',*,*,#4443,.F.);
#920=ORIENTED_EDGE('',*,*,#4444,.F.);
#921=ORIENTED_EDGE('',*,*,#4445,.T.);
#922=ORIENTED_EDGE('',*,*,#4446,.F.);
#923=ORIENTED_EDGE('',*,*,#4447,.F.);
#924=ORIENTED_EDGE('',*,*,#4448,.T.);
#925=ORIENTED_EDGE('',*,*,#4449,.F.);
#926=ORIENTED_EDGE('',*,*,#4450,.F.);
#927=ORIENTED_EDGE('',*,*,#4451,.T.);
#928=ORIENTED_EDGE('',*,*,#4452,.F.);
#929=ORIENTED_EDGE('',*,*,#4453,.F.);
#930=ORIENTED_EDGE('',*,*,#4454,.T.);
#931=ORIENTED_EDGE('',*,*,#4455,.F.);
#932=ORIENTED_EDGE('',*,*,#4456,.F.);
#933=ORIENTED_EDGE('',*,*,#4457,.T.);
#934=ORIENTED_EDGE('',*,*,#4458,.F.);
#935=ORIENTED_EDGE('',*,*,#4459,.F.);
#936=ORIENTED_EDGE('',*,*,#4460,.T.);
#937=ORIENTED_EDGE('',*,*,#4461,.F.);
#938=ORIENTED_EDGE('',*,*,#4462,.F.);
#939=ORIENTED_EDGE('',*,*,#4463,.T.);
#940=ORIENTED_EDGE('',*,*,#4464,.F.);
#941=ORIENTED_EDGE('',*,*,#4465,.F.);
#942=ORIENTED_EDGE('',*,*,#4466,.T.);
#943=ORIENTED_EDGE('',*,*,#4467,.F.);
#944=ORIENTED_EDGE('',*,*,#4468,.F.);
#945=ORIENTED_EDGE('',*,*,#4469,.T.);
#946=ORIENTED_EDGE('',*,*,#4470,.F.);
#947=ORIENTED_EDGE('',*,*,#4471,.F.);
#948=ORIENTED_EDGE('',*,*,#4472,.T.);
#949=ORIENTED_EDGE('',*,*,#4473,.F.);
#950=ORIENTED_EDGE('',*,*,#4474,.F.);
#951=ORIENTED_EDGE('',*,*,#4475,.T.);
#952=ORIENTED_EDGE('',*,*,#4476,.F.);
#953=ORIENTED_EDGE('',*,*,#4477,.F.);
#954=ORIENTED_EDGE('',*,*,#4478,.T.);
#955=ORIENTED_EDGE('',*,*,#4479,.F.);
#956=ORIENTED_EDGE('',*,*,#4480,.F.);
#957=ORIENTED_EDGE('',*,*,#4481,.T.);
#958=ORIENTED_EDGE('',*,*,#4482,.F.);
#959=ORIENTED_EDGE('',*,*,#4483,.F.);
#960=ORIENTED_EDGE('',*,*,#4484,.F.);
#961=ORIENTED_EDGE('',*,*,#4485,.F.);
#962=ORIENTED_EDGE('',*,*,#4486,.F.);
#963=ORIENTED_EDGE('',*,*,#4487,.F.);
#964=ORIENTED_EDGE('',*,*,#4488,.F.);
#965=ORIENTED_EDGE('',*,*,#4489,.F.);
#966=ORIENTED_EDGE('',*,*,#4490,.F.);
#967=ORIENTED_EDGE('',*,*,#4491,.F.);
#968=ORIENTED_EDGE('',*,*,#4492,.F.);
#969=ORIENTED_EDGE('',*,*,#4493,.F.);
#970=ORIENTED_EDGE('',*,*,#4494,.F.);
#971=ORIENTED_EDGE('',*,*,#4495,.F.);
#972=ORIENTED_EDGE('',*,*,#4496,.F.);
#973=ORIENTED_EDGE('',*,*,#4497,.F.);
#974=ORIENTED_EDGE('',*,*,#4498,.F.);
#975=ORIENTED_EDGE('',*,*,#4499,.F.);
#976=ORIENTED_EDGE('',*,*,#4500,.F.);
#977=ORIENTED_EDGE('',*,*,#4501,.F.);
#978=ORIENTED_EDGE('',*,*,#4502,.F.);
#979=ORIENTED_EDGE('',*,*,#4503,.F.);
#980=ORIENTED_EDGE('',*,*,#4504,.F.);
#981=ORIENTED_EDGE('',*,*,#4505,.F.);
#982=ORIENTED_EDGE('',*,*,#4506,.F.);
#983=ORIENTED_EDGE('',*,*,#4507,.F.);
#984=ORIENTED_EDGE('',*,*,#4508,.F.);
#985=ORIENTED_EDGE('',*,*,#4509,.F.);
#986=ORIENTED_EDGE('',*,*,#4510,.F.);
#987=ORIENTED_EDGE('',*,*,#4511,.F.);
#988=ORIENTED_EDGE('',*,*,#4512,.F.);
#989=ORIENTED_EDGE('',*,*,#4513,.F.);
#990=ORIENTED_EDGE('',*,*,#4514,.F.);
#991=ORIENTED_EDGE('',*,*,#4515,.F.);
#992=ORIENTED_EDGE('',*,*,#4516,.F.);
#993=ORIENTED_EDGE('',*,*,#4517,.F.);
#994=ORIENTED_EDGE('',*,*,#4518,.F.);
#995=ORIENTED_EDGE('',*,*,#4519,.F.);
#996=ORIENTED_EDGE('',*,*,#4520,.F.);
#997=ORIENTED_EDGE('',*,*,#4521,.F.);
#998=ORIENTED_EDGE('',*,*,#4522,.F.);
#999=ORIENTED_EDGE('',*,*,#4523,.F.);
#1000=ORIENTED_EDGE('',*,*,#4524,.F.);
#1001=ORIENTED_EDGE('',*,*,#4525,.F.);
#1002=ORIENTED_EDGE('',*,*,#4526,.F.);
#1003=ORIENTED_EDGE('',*,*,#4527,.F.);
#1004=ORIENTED_EDGE('',*,*,#4528,.F.);
#1005=ORIENTED_EDGE('',*,*,#4529,.F.);
#1006=ORIENTED_EDGE('',*,*,#4530,.F.);
#1007=ORIENTED_EDGE('',*,*,#4531,.F.);
#1008=ORIENTED_EDGE('',*,*,#4532,.F.);
#1009=ORIENTED_EDGE('',*,*,#4533,.F.);
#1010=ORIENTED_EDGE('',*,*,#4534,.F.);
#1011=ORIENTED_EDGE('',*,*,#4535,.F.);
#1012=ORIENTED_EDGE('',*,*,#4536,.F.);
#1013=ORIENTED_EDGE('',*,*,#4537,.F.);
#1014=ORIENTED_EDGE('',*,*,#4538,.F.);
#1015=ORIENTED_EDGE('',*,*,#4539,.F.);
#1016=ORIENTED_EDGE('',*,*,#4540,.F.);
#1017=ORIENTED_EDGE('',*,*,#4541,.F.);
#1018=ORIENTED_EDGE('',*,*,#4542,.F.);
#1019=ORIENTED_EDGE('',*,*,#4543,.F.);
#1020=ORIENTED_EDGE('',*,*,#4544,.F.);
#1021=ORIENTED_EDGE('',*,*,#4545,.F.);
#1022=ORIENTED_EDGE('',*,*,#4546,.F.);
#1023=ORIENTED_EDGE('',*,*,#4547,.F.);
#1024=ORIENTED_EDGE('',*,*,#4548,.F.);
#1025=ORIENTED_EDGE('',*,*,#4549,.F.);
#1026=ORIENTED_EDGE('',*,*,#4550,.F.);
#1027=ORIENTED_EDGE('',*,*,#4551,.F.);
#1028=ORIENTED_EDGE('',*,*,#4552,.F.);
#1029=ORIENTED_EDGE('',*,*,#4553,.F.);
#1030=ORIENTED_EDGE('',*,*,#4554,.F.);
#1031=ORIENTED_EDGE('',*,*,#4555,.F.);
#1032=ORIENTED_EDGE('',*,*,#4556,.F.);
#1033=ORIENTED_EDGE('',*,*,#4557,.F.);
#1034=ORIENTED_EDGE('',*,*,#4558,.F.);
#1035=ORIENTED_EDGE('',*,*,#4559,.F.);
#1036=ORIENTED_EDGE('',*,*,#4560,.F.);
#1037=ORIENTED_EDGE('',*,*,#4561,.F.);
#1038=ORIENTED_EDGE('',*,*,#4562,.F.);
#1039=ORIENTED_EDGE('',*,*,#4563,.F.);
#1040=ORIENTED_EDGE('',*,*,#4564,.F.);
#1041=ORIENTED_EDGE('',*,*,#4565,.F.);
#1042=ORIENTED_EDGE('',*,*,#4566,.F.);
#1043=ORIENTED_EDGE('',*,*,#4567,.F.);
#1044=ORIENTED_EDGE('',*,*,#4568,.F.);
#1045=ORIENTED_EDGE('',*,*,#4569,.F.);
#1046=ORIENTED_EDGE('',*,*,#4570,.F.);
#1047=ORIENTED_EDGE('',*,*,#4571,.F.);
#1048=ORIENTED_EDGE('',*,*,#4572,.F.);
#1049=ORIENTED_EDGE('',*,*,#4573,.F.);
#1050=ORIENTED_EDGE('',*,*,#4574,.F.);
#1051=ORIENTED_EDGE('',*,*,#4575,.F.);
#1052=ORIENTED_EDGE('',*,*,#4576,.F.);
#1053=ORIENTED_EDGE('',*,*,#4577,.F.);
#1054=ORIENTED_EDGE('',*,*,#4578,.T.);
#1055=ORIENTED_EDGE('',*,*,#4579,.T.);
#1056=ORIENTED_EDGE('',*,*,#4580,.T.);
#1057=ORIENTED_EDGE('',*,*,#4581,.T.);
#1058=ORIENTED_EDGE('',*,*,#4582,.T.);
#1059=ORIENTED_EDGE('',*,*,#4583,.T.);
#1060=ORIENTED_EDGE('',*,*,#4584,.T.);
#1061=ORIENTED_EDGE('',*,*,#4585,.T.);
#1062=ORIENTED_EDGE('',*,*,#4586,.T.);
#1063=ORIENTED_EDGE('',*,*,#4587,.T.);
#1064=ORIENTED_EDGE('',*,*,#4588,.T.);
#1065=ORIENTED_EDGE('',*,*,#4589,.T.);
#1066=ORIENTED_EDGE('',*,*,#4590,.T.);
#1067=ORIENTED_EDGE('',*,*,#4591,.T.);
#1068=ORIENTED_EDGE('',*,*,#4592,.T.);
#1069=ORIENTED_EDGE('',*,*,#4593,.T.);
#1070=ORIENTED_EDGE('',*,*,#4594,.T.);
#1071=ORIENTED_EDGE('',*,*,#4595,.T.);
#1072=ORIENTED_EDGE('',*,*,#4596,.T.);
#1073=ORIENTED_EDGE('',*,*,#4597,.T.);
#1074=ORIENTED_EDGE('',*,*,#4598,.T.);
#1075=ORIENTED_EDGE('',*,*,#4599,.T.);
#1076=ORIENTED_EDGE('',*,*,#4600,.T.);
#1077=ORIENTED_EDGE('',*,*,#4601,.T.);
#1078=ORIENTED_EDGE('',*,*,#4602,.T.);
#1079=ORIENTED_EDGE('',*,*,#4603,.T.);
#1080=ORIENTED_EDGE('',*,*,#4604,.T.);
#1081=ORIENTED_EDGE('',*,*,#4605,.T.);
#1082=ORIENTED_EDGE('',*,*,#4606,.T.);
#1083=ORIENTED_EDGE('',*,*,#4607,.T.);
#1084=ORIENTED_EDGE('',*,*,#4608,.T.);
#1085=ORIENTED_EDGE('',*,*,#4609,.T.);
#1086=ORIENTED_EDGE('',*,*,#4610,.T.);
#1087=ORIENTED_EDGE('',*,*,#4611,.T.);
#1088=ORIENTED_EDGE('',*,*,#4612,.T.);
#1089=ORIENTED_EDGE('',*,*,#4613,.T.);
#1090=ORIENTED_EDGE('',*,*,#4614,.T.);
#1091=ORIENTED_EDGE('',*,*,#4615,.T.);
#1092=ORIENTED_EDGE('',*,*,#4616,.T.);
#1093=ORIENTED_EDGE('',*,*,#4617,.T.);
#1094=ORIENTED_EDGE('',*,*,#4618,.T.);
#1095=ORIENTED_EDGE('',*,*,#4619,.T.);
#1096=ORIENTED_EDGE('',*,*,#4620,.T.);
#1097=ORIENTED_EDGE('',*,*,#4621,.T.);
#1098=ORIENTED_EDGE('',*,*,#4622,.T.);
#1099=ORIENTED_EDGE('',*,*,#4623,.T.);
#1100=ORIENTED_EDGE('',*,*,#4624,.T.);
#1101=ORIENTED_EDGE('',*,*,#4625,.T.);
#1102=ORIENTED_EDGE('',*,*,#4626,.T.);
#1103=ORIENTED_EDGE('',*,*,#4627,.T.);
#1104=ORIENTED_EDGE('',*,*,#4628,.T.);
#1105=ORIENTED_EDGE('',*,*,#4629,.T.);
#1106=ORIENTED_EDGE('',*,*,#4630,.T.);
#1107=ORIENTED_EDGE('',*,*,#4631,.T.);
#1108=ORIENTED_EDGE('',*,*,#4632,.T.);
#1109=ORIENTED_EDGE('',*,*,#4633,.T.);
#1110=ORIENTED_EDGE('',*,*,#4634,.T.);
#1111=ORIENTED_EDGE('',*,*,#4635,.T.);
#1112=ORIENTED_EDGE('',*,*,#4636,.T.);
#1113=ORIENTED_EDGE('',*,*,#4637,.T.);
#1114=ORIENTED_EDGE('',*,*,#4638,.T.);
#1115=ORIENTED_EDGE('',*,*,#4639,.T.);
#1116=ORIENTED_EDGE('',*,*,#4640,.T.);
#1117=ORIENTED_EDGE('',*,*,#4641,.T.);
#1118=ORIENTED_EDGE('',*,*,#4642,.T.);
#1119=ORIENTED_EDGE('',*,*,#4643,.T.);
#1120=ORIENTED_EDGE('',*,*,#4644,.T.);
#1121=ORIENTED_EDGE('',*,*,#4645,.T.);
#1122=ORIENTED_EDGE('',*,*,#4646,.T.);
#1123=ORIENTED_EDGE('',*,*,#4647,.T.);
#1124=ORIENTED_EDGE('',*,*,#4648,.T.);
#1125=ORIENTED_EDGE('',*,*,#4649,.T.);
#1126=ORIENTED_EDGE('',*,*,#4650,.T.);
#1127=ORIENTED_EDGE('',*,*,#4651,.T.);
#1128=ORIENTED_EDGE('',*,*,#4652,.T.);
#1129=ORIENTED_EDGE('',*,*,#4653,.T.);
#1130=ORIENTED_EDGE('',*,*,#4654,.T.);
#1131=ORIENTED_EDGE('',*,*,#4655,.T.);
#1132=ORIENTED_EDGE('',*,*,#4656,.T.);
#1133=ORIENTED_EDGE('',*,*,#4657,.T.);
#1134=ORIENTED_EDGE('',*,*,#4658,.T.);
#1135=ORIENTED_EDGE('',*,*,#4659,.T.);
#1136=ORIENTED_EDGE('',*,*,#4660,.T.);
#1137=ORIENTED_EDGE('',*,*,#4661,.T.);
#1138=ORIENTED_EDGE('',*,*,#4662,.T.);
#1139=ORIENTED_EDGE('',*,*,#4663,.T.);
#1140=ORIENTED_EDGE('',*,*,#4664,.T.);
#1141=ORIENTED_EDGE('',*,*,#4665,.T.);
#1142=ORIENTED_EDGE('',*,*,#4666,.T.);
#1143=ORIENTED_EDGE('',*,*,#4667,.T.);
#1144=ORIENTED_EDGE('',*,*,#4668,.T.);
#1145=ORIENTED_EDGE('',*,*,#4669,.T.);
#1146=ORIENTED_EDGE('',*,*,#4670,.T.);
#1147=ORIENTED_EDGE('',*,*,#4671,.T.);
#1148=ORIENTED_EDGE('',*,*,#4672,.T.);
#1149=ORIENTED_EDGE('',*,*,#4673,.T.);
#1150=ORIENTED_EDGE('',*,*,#4674,.T.);
#1151=ORIENTED_EDGE('',*,*,#4675,.T.);
#1152=ORIENTED_EDGE('',*,*,#4676,.T.);
#1153=ORIENTED_EDGE('',*,*,#4677,.T.);
#1154=ORIENTED_EDGE('',*,*,#4678,.T.);
#1155=ORIENTED_EDGE('',*,*,#4679,.T.);
#1156=ORIENTED_EDGE('',*,*,#4680,.T.);
#1157=ORIENTED_EDGE('',*,*,#4681,.T.);
#1158=ORIENTED_EDGE('',*,*,#4682,.T.);
#1159=ORIENTED_EDGE('',*,*,#4683,.T.);
#1160=ORIENTED_EDGE('',*,*,#4684,.T.);
#1161=ORIENTED_EDGE('',*,*,#4685,.T.);
#1162=ORIENTED_EDGE('',*,*,#4686,.T.);
#1163=ORIENTED_EDGE('',*,*,#4687,.T.);
#1164=ORIENTED_EDGE('',*,*,#4688,.T.);
#1165=ORIENTED_EDGE('',*,*,#4689,.T.);
#1166=ORIENTED_EDGE('',*,*,#4690,.T.);
#1167=ORIENTED_EDGE('',*,*,#4691,.T.);
#1168=ORIENTED_EDGE('',*,*,#4692,.T.);
#1169=ORIENTED_EDGE('',*,*,#4693,.T.);
#1170=ORIENTED_EDGE('',*,*,#4694,.T.);
#1171=ORIENTED_EDGE('',*,*,#4695,.T.);
#1172=ORIENTED_EDGE('',*,*,#4696,.T.);
#1173=ORIENTED_EDGE('',*,*,#4697,.T.);
#1174=ORIENTED_EDGE('',*,*,#4698,.T.);
#1175=ORIENTED_EDGE('',*,*,#4699,.T.);
#1176=ORIENTED_EDGE('',*,*,#4700,.T.);
#1177=ORIENTED_EDGE('',*,*,#4701,.T.);
#1178=ORIENTED_EDGE('',*,*,#4702,.T.);
#1179=ORIENTED_EDGE('',*,*,#4703,.T.);
#1180=ORIENTED_EDGE('',*,*,#4704,.T.);
#1181=ORIENTED_EDGE('',*,*,#4705,.T.);
#1182=ORIENTED_EDGE('',*,*,#4706,.T.);
#1183=ORIENTED_EDGE('',*,*,#4707,.T.);
#1184=ORIENTED_EDGE('',*,*,#4708,.T.);
#1185=ORIENTED_EDGE('',*,*,#4709,.T.);
#1186=ORIENTED_EDGE('',*,*,#4710,.T.);
#1187=ORIENTED_EDGE('',*,*,#4711,.T.);
#1188=ORIENTED_EDGE('',*,*,#4712,.T.);
#1189=ORIENTED_EDGE('',*,*,#4713,.T.);
#1190=ORIENTED_EDGE('',*,*,#4714,.T.);
#1191=ORIENTED_EDGE('',*,*,#4715,.T.);
#1192=ORIENTED_EDGE('',*,*,#4716,.T.);
#1193=ORIENTED_EDGE('',*,*,#4717,.T.);
#1194=ORIENTED_EDGE('',*,*,#4718,.T.);
#1195=ORIENTED_EDGE('',*,*,#4719,.T.);
#1196=ORIENTED_EDGE('',*,*,#4720,.T.);
#1197=ORIENTED_EDGE('',*,*,#4721,.T.);
#1198=ORIENTED_EDGE('',*,*,#4722,.T.);
#1199=ORIENTED_EDGE('',*,*,#4723,.T.);
#1200=ORIENTED_EDGE('',*,*,#4724,.T.);
#1201=ORIENTED_EDGE('',*,*,#4725,.T.);
#1202=ORIENTED_EDGE('',*,*,#4726,.T.);
#1203=ORIENTED_EDGE('',*,*,#4727,.T.);
#1204=ORIENTED_EDGE('',*,*,#4728,.T.);
#1205=ORIENTED_EDGE('',*,*,#4729,.T.);
#1206=ORIENTED_EDGE('',*,*,#4730,.T.);
#1207=ORIENTED_EDGE('',*,*,#4731,.T.);
#1208=ORIENTED_EDGE('',*,*,#4732,.T.);
#1209=ORIENTED_EDGE('',*,*,#4733,.T.);
#1210=ORIENTED_EDGE('',*,*,#4734,.T.);
#1211=ORIENTED_EDGE('',*,*,#4735,.T.);
#1212=ORIENTED_EDGE('',*,*,#4736,.T.);
#1213=ORIENTED_EDGE('',*,*,#4737,.T.);
#1214=ORIENTED_EDGE('',*,*,#4738,.T.);
#1215=ORIENTED_EDGE('',*,*,#4739,.T.);
#1216=ORIENTED_EDGE('',*,*,#4740,.T.);
#1217=ORIENTED_EDGE('',*,*,#4741,.T.);
#1218=ORIENTED_EDGE('',*,*,#4742,.T.);
#1219=ORIENTED_EDGE('',*,*,#4743,.T.);
#1220=ORIENTED_EDGE('',*,*,#4744,.T.);
#1221=ORIENTED_EDGE('',*,*,#4745,.T.);
#1222=ORIENTED_EDGE('',*,*,#4746,.T.);
#1223=ORIENTED_EDGE('',*,*,#4747,.T.);
#1224=ORIENTED_EDGE('',*,*,#4748,.T.);
#1225=ORIENTED_EDGE('',*,*,#4749,.T.);
#1226=ORIENTED_EDGE('',*,*,#4750,.T.);
#1227=ORIENTED_EDGE('',*,*,#4751,.T.);
#1228=ORIENTED_EDGE('',*,*,#4752,.T.);
#1229=ORIENTED_EDGE('',*,*,#4753,.T.);
#1230=ORIENTED_EDGE('',*,*,#4754,.T.);
#1231=ORIENTED_EDGE('',*,*,#4755,.T.);
#1232=ORIENTED_EDGE('',*,*,#4756,.T.);
#1233=ORIENTED_EDGE('',*,*,#4757,.T.);
#1234=ORIENTED_EDGE('',*,*,#4758,.T.);
#1235=ORIENTED_EDGE('',*,*,#4759,.T.);
#1236=ORIENTED_EDGE('',*,*,#4760,.T.);
#1237=ORIENTED_EDGE('',*,*,#4761,.T.);
#1238=ORIENTED_EDGE('',*,*,#4762,.T.);
#1239=ORIENTED_EDGE('',*,*,#4763,.T.);
#1240=ORIENTED_EDGE('',*,*,#4764,.T.);
#1241=ORIENTED_EDGE('',*,*,#4765,.T.);
#1242=ORIENTED_EDGE('',*,*,#4766,.T.);
#1243=ORIENTED_EDGE('',*,*,#4767,.T.);
#1244=ORIENTED_EDGE('',*,*,#4768,.T.);
#1245=ORIENTED_EDGE('',*,*,#4769,.T.);
#1246=ORIENTED_EDGE('',*,*,#4770,.T.);
#1247=ORIENTED_EDGE('',*,*,#4771,.T.);
#1248=ORIENTED_EDGE('',*,*,#4772,.T.);
#1249=ORIENTED_EDGE('',*,*,#4773,.T.);
#1250=ORIENTED_EDGE('',*,*,#4774,.T.);
#1251=ORIENTED_EDGE('',*,*,#4775,.T.);
#1252=ORIENTED_EDGE('',*,*,#4776,.T.);
#1253=ORIENTED_EDGE('',*,*,#4777,.T.);
#1254=ORIENTED_EDGE('',*,*,#4778,.T.);
#1255=ORIENTED_EDGE('',*,*,#4779,.T.);
#1256=ORIENTED_EDGE('',*,*,#4780,.T.);
#1257=ORIENTED_EDGE('',*,*,#4781,.T.);
#1258=ORIENTED_EDGE('',*,*,#4782,.T.);
#1259=ORIENTED_EDGE('',*,*,#4783,.T.);
#1260=ORIENTED_EDGE('',*,*,#4784,.T.);
#1261=ORIENTED_EDGE('',*,*,#4785,.T.);
#1262=ORIENTED_EDGE('',*,*,#4786,.T.);
#1263=ORIENTED_EDGE('',*,*,#4787,.T.);
#1264=ORIENTED_EDGE('',*,*,#4788,.T.);
#1265=ORIENTED_EDGE('',*,*,#4789,.T.);
#1266=ORIENTED_EDGE('',*,*,#4790,.T.);
#1267=ORIENTED_EDGE('',*,*,#4791,.T.);
#1268=ORIENTED_EDGE('',*,*,#4792,.T.);
#1269=ORIENTED_EDGE('',*,*,#4793,.T.);
#1270=ORIENTED_EDGE('',*,*,#4794,.T.);
#1271=ORIENTED_EDGE('',*,*,#4795,.T.);
#1272=ORIENTED_EDGE('',*,*,#4796,.T.);
#1273=ORIENTED_EDGE('',*,*,#4797,.T.);
#1274=ORIENTED_EDGE('',*,*,#4798,.T.);
#1275=ORIENTED_EDGE('',*,*,#4799,.T.);
#1276=ORIENTED_EDGE('',*,*,#4800,.T.);
#1277=ORIENTED_EDGE('',*,*,#4801,.T.);
#1278=ORIENTED_EDGE('',*,*,#4802,.T.);
#1279=ORIENTED_EDGE('',*,*,#4803,.T.);
#1280=ORIENTED_EDGE('',*,*,#4804,.T.);
#1281=ORIENTED_EDGE('',*,*,#4805,.T.);
#1282=ORIENTED_EDGE('',*,*,#4806,.T.);
#1283=ORIENTED_EDGE('',*,*,#4807,.T.);
#1284=ORIENTED_EDGE('',*,*,#4808,.T.);
#1285=ORIENTED_EDGE('',*,*,#4809,.T.);
#1286=ORIENTED_EDGE('',*,*,#4810,.T.);
#1287=ORIENTED_EDGE('',*,*,#4811,.T.);
#1288=ORIENTED_EDGE('',*,*,#4812,.T.);
#1289=ORIENTED_EDGE('',*,*,#4813,.T.);
#1290=ORIENTED_EDGE('',*,*,#4814,.T.);
#1291=ORIENTED_EDGE('',*,*,#4815,.T.);
#1292=ORIENTED_EDGE('',*,*,#4816,.T.);
#1293=ORIENTED_EDGE('',*,*,#4817,.T.);
#1294=ORIENTED_EDGE('',*,*,#4818,.T.);
#1295=ORIENTED_EDGE('',*,*,#4819,.T.);
#1296=ORIENTED_EDGE('',*,*,#4820,.T.);
#1297=ORIENTED_EDGE('',*,*,#4821,.T.);
#1298=ORIENTED_EDGE('',*,*,#4822,.T.);
#1299=ORIENTED_EDGE('',*,*,#4823,.T.);
#1300=ORIENTED_EDGE('',*,*,#4824,.T.);
#1301=ORIENTED_EDGE('',*,*,#4825,.T.);
#1302=ORIENTED_EDGE('',*,*,#4826,.T.);
#1303=ORIENTED_EDGE('',*,*,#4827,.T.);
#1304=ORIENTED_EDGE('',*,*,#4828,.T.);
#1305=ORIENTED_EDGE('',*,*,#4829,.T.);
#1306=ORIENTED_EDGE('',*,*,#4830,.T.);
#1307=ORIENTED_EDGE('',*,*,#4831,.T.);
#1308=ORIENTED_EDGE('',*,*,#4832,.T.);
#1309=ORIENTED_EDGE('',*,*,#4833,.T.);
#1310=ORIENTED_EDGE('',*,*,#4834,.F.);
#1311=ORIENTED_EDGE('',*,*,#4835,.F.);
#1312=ORIENTED_EDGE('',*,*,#4836,.F.);
#1313=ORIENTED_EDGE('',*,*,#4837,.F.);
#1314=ORIENTED_EDGE('',*,*,#4838,.F.);
#1315=ORIENTED_EDGE('',*,*,#4839,.F.);
#1316=ORIENTED_EDGE('',*,*,#4840,.F.);
#1317=ORIENTED_EDGE('',*,*,#4841,.F.);
#1318=ORIENTED_EDGE('',*,*,#4842,.F.);
#1319=ORIENTED_EDGE('',*,*,#4843,.F.);
#1320=ORIENTED_EDGE('',*,*,#4844,.F.);
#1321=ORIENTED_EDGE('',*,*,#4845,.F.);
#1322=ORIENTED_EDGE('',*,*,#4846,.F.);
#1323=ORIENTED_EDGE('',*,*,#4847,.F.);
#1324=ORIENTED_EDGE('',*,*,#4848,.F.);
#1325=ORIENTED_EDGE('',*,*,#4849,.F.);
#1326=ORIENTED_EDGE('',*,*,#4850,.F.);
#1327=ORIENTED_EDGE('',*,*,#4851,.F.);
#1328=ORIENTED_EDGE('',*,*,#4852,.F.);
#1329=ORIENTED_EDGE('',*,*,#4853,.F.);
#1330=ORIENTED_EDGE('',*,*,#4854,.F.);
#1331=ORIENTED_EDGE('',*,*,#4855,.F.);
#1332=ORIENTED_EDGE('',*,*,#4856,.F.);
#1333=ORIENTED_EDGE('',*,*,#4857,.F.);
#1334=ORIENTED_EDGE('',*,*,#4858,.F.);
#1335=ORIENTED_EDGE('',*,*,#4859,.F.);
#1336=ORIENTED_EDGE('',*,*,#4860,.F.);
#1337=ORIENTED_EDGE('',*,*,#4861,.F.);
#1338=ORIENTED_EDGE('',*,*,#4862,.F.);
#1339=ORIENTED_EDGE('',*,*,#4863,.F.);
#1340=ORIENTED_EDGE('',*,*,#4864,.F.);
#1341=ORIENTED_EDGE('',*,*,#4865,.F.);
#1342=ORIENTED_EDGE('',*,*,#4866,.F.);
#1343=ORIENTED_EDGE('',*,*,#4867,.F.);
#1344=ORIENTED_EDGE('',*,*,#4868,.F.);
#1345=ORIENTED_EDGE('',*,*,#4869,.F.);
#1346=ORIENTED_EDGE('',*,*,#4870,.F.);
#1347=ORIENTED_EDGE('',*,*,#4871,.F.);
#1348=ORIENTED_EDGE('',*,*,#4872,.F.);
#1349=ORIENTED_EDGE('',*,*,#4873,.F.);
#1350=ORIENTED_EDGE('',*,*,#4874,.F.);
#1351=ORIENTED_EDGE('',*,*,#4875,.F.);
#1352=ORIENTED_EDGE('',*,*,#4876,.F.);
#1353=ORIENTED_EDGE('',*,*,#4877,.F.);
#1354=ORIENTED_EDGE('',*,*,#4878,.F.);
#1355=ORIENTED_EDGE('',*,*,#4879,.F.);
#1356=ORIENTED_EDGE('',*,*,#4880,.F.);
#1357=ORIENTED_EDGE('',*,*,#4881,.F.);
#1358=ORIENTED_EDGE('',*,*,#4882,.F.);
#1359=ORIENTED_EDGE('',*,*,#4883,.F.);
#1360=ORIENTED_EDGE('',*,*,#4884,.F.);
#1361=ORIENTED_EDGE('',*,*,#4885,.F.);
#1362=ORIENTED_EDGE('',*,*,#4886,.F.);
#1363=ORIENTED_EDGE('',*,*,#4887,.F.);
#1364=ORIENTED_EDGE('',*,*,#4888,.F.);
#1365=ORIENTED_EDGE('',*,*,#4889,.F.);
#1366=ORIENTED_EDGE('',*,*,#4890,.F.);
#1367=ORIENTED_EDGE('',*,*,#4891,.F.);
#1368=ORIENTED_EDGE('',*,*,#4892,.F.);
#1369=ORIENTED_EDGE('',*,*,#4893,.F.);
#1370=ORIENTED_EDGE('',*,*,#4894,.F.);
#1371=ORIENTED_EDGE('',*,*,#4895,.F.);
#1372=ORIENTED_EDGE('',*,*,#4896,.F.);
#1373=ORIENTED_EDGE('',*,*,#4897,.F.);
#1374=ORIENTED_EDGE('',*,*,#4898,.F.);
#1375=ORIENTED_EDGE('',*,*,#4899,.F.);
#1376=ORIENTED_EDGE('',*,*,#4900,.F.);
#1377=ORIENTED_EDGE('',*,*,#4901,.F.);
#1378=ORIENTED_EDGE('',*,*,#4902,.F.);
#1379=ORIENTED_EDGE('',*,*,#4903,.F.);
#1380=ORIENTED_EDGE('',*,*,#4904,.F.);
#1381=ORIENTED_EDGE('',*,*,#4905,.F.);
#1382=ORIENTED_EDGE('',*,*,#4906,.F.);
#1383=ORIENTED_EDGE('',*,*,#4907,.F.);
#1384=ORIENTED_EDGE('',*,*,#4908,.F.);
#1385=ORIENTED_EDGE('',*,*,#4909,.F.);
#1386=ORIENTED_EDGE('',*,*,#4910,.F.);
#1387=ORIENTED_EDGE('',*,*,#4911,.F.);
#1388=ORIENTED_EDGE('',*,*,#4912,.F.);
#1389=ORIENTED_EDGE('',*,*,#4913,.F.);
#1390=ORIENTED_EDGE('',*,*,#4914,.F.);
#1391=ORIENTED_EDGE('',*,*,#4915,.F.);
#1392=ORIENTED_EDGE('',*,*,#4916,.F.);
#1393=ORIENTED_EDGE('',*,*,#4917,.F.);
#1394=ORIENTED_EDGE('',*,*,#4918,.F.);
#1395=ORIENTED_EDGE('',*,*,#4919,.F.);
#1396=ORIENTED_EDGE('',*,*,#4920,.F.);
#1397=ORIENTED_EDGE('',*,*,#4921,.F.);
#1398=ORIENTED_EDGE('',*,*,#4922,.F.);
#1399=ORIENTED_EDGE('',*,*,#4923,.F.);
#1400=ORIENTED_EDGE('',*,*,#4924,.F.);
#1401=ORIENTED_EDGE('',*,*,#4925,.F.);
#1402=ORIENTED_EDGE('',*,*,#4926,.F.);
#1403=ORIENTED_EDGE('',*,*,#4927,.F.);
#1404=ORIENTED_EDGE('',*,*,#4928,.F.);
#1405=ORIENTED_EDGE('',*,*,#4929,.F.);
#1406=ORIENTED_EDGE('',*,*,#4930,.F.);
#1407=ORIENTED_EDGE('',*,*,#4931,.F.);
#1408=ORIENTED_EDGE('',*,*,#4932,.F.);
#1409=ORIENTED_EDGE('',*,*,#4933,.F.);
#1410=ORIENTED_EDGE('',*,*,#4934,.F.);
#1411=ORIENTED_EDGE('',*,*,#4935,.F.);
#1412=ORIENTED_EDGE('',*,*,#4936,.F.);
#1413=ORIENTED_EDGE('',*,*,#4937,.F.);
#1414=ORIENTED_EDGE('',*,*,#4938,.F.);
#1415=ORIENTED_EDGE('',*,*,#4939,.F.);
#1416=ORIENTED_EDGE('',*,*,#4940,.F.);
#1417=ORIENTED_EDGE('',*,*,#4941,.F.);
#1418=ORIENTED_EDGE('',*,*,#4942,.F.);
#1419=ORIENTED_EDGE('',*,*,#4943,.F.);
#1420=ORIENTED_EDGE('',*,*,#4944,.F.);
#1421=ORIENTED_EDGE('',*,*,#4945,.F.);
#1422=ORIENTED_EDGE('',*,*,#4946,.F.);
#1423=ORIENTED_EDGE('',*,*,#4947,.F.);
#1424=ORIENTED_EDGE('',*,*,#4948,.F.);
#1425=ORIENTED_EDGE('',*,*,#4949,.F.);
#1426=ORIENTED_EDGE('',*,*,#4950,.F.);
#1427=ORIENTED_EDGE('',*,*,#4951,.F.);
#1428=ORIENTED_EDGE('',*,*,#4952,.F.);
#1429=ORIENTED_EDGE('',*,*,#4953,.F.);
#1430=ORIENTED_EDGE('',*,*,#4954,.F.);
#1431=ORIENTED_EDGE('',*,*,#4955,.F.);
#1432=ORIENTED_EDGE('',*,*,#4956,.F.);
#1433=ORIENTED_EDGE('',*,*,#4957,.F.);
#1434=ORIENTED_EDGE('',*,*,#4958,.F.);
#1435=ORIENTED_EDGE('',*,*,#4959,.F.);
#1436=ORIENTED_EDGE('',*,*,#4960,.F.);
#1437=ORIENTED_EDGE('',*,*,#4961,.F.);
#1438=ORIENTED_EDGE('',*,*,#4483,.T.);
#1439=ORIENTED_EDGE('',*,*,#4962,.T.);
#1440=ORIENTED_EDGE('',*,*,#3936,.F.);
#1441=ORIENTED_EDGE('',*,*,#4963,.F.);
#1442=ORIENTED_EDGE('',*,*,#4964,.F.);
#1443=ORIENTED_EDGE('',*,*,#4386,.T.);
#1444=ORIENTED_EDGE('',*,*,#4965,.T.);
#1445=ORIENTED_EDGE('',*,*,#4033,.T.);
#1446=ORIENTED_EDGE('',*,*,#4385,.T.);
#1447=ORIENTED_EDGE('',*,*,#4966,.T.);
#1448=ORIENTED_EDGE('',*,*,#4706,.F.);
#1449=ORIENTED_EDGE('',*,*,#4967,.T.);
#1450=ORIENTED_EDGE('',*,*,#4034,.F.);
#1451=ORIENTED_EDGE('',*,*,#4965,.F.);
#1452=ORIENTED_EDGE('',*,*,#4708,.F.);
#1453=ORIENTED_EDGE('',*,*,#4968,.T.);
#1454=ORIENTED_EDGE('',*,*,#4577,.T.);
#1455=ORIENTED_EDGE('',*,*,#4969,.T.);
#1456=ORIENTED_EDGE('',*,*,#4036,.F.);
#1457=ORIENTED_EDGE('',*,*,#4970,.F.);
#1458=ORIENTED_EDGE('',*,*,#4576,.T.);
#1459=ORIENTED_EDGE('',*,*,#4971,.T.);
#1460=ORIENTED_EDGE('',*,*,#4710,.F.);
#1461=ORIENTED_EDGE('',*,*,#4972,.F.);
#1462=ORIENTED_EDGE('',*,*,#4037,.F.);
#1463=ORIENTED_EDGE('',*,*,#4969,.F.);
#1464=ORIENTED_EDGE('',*,*,#4712,.F.);
#1465=ORIENTED_EDGE('',*,*,#4973,.T.);
#1466=ORIENTED_EDGE('',*,*,#4574,.T.);
#1467=ORIENTED_EDGE('',*,*,#4974,.T.);
#1468=ORIENTED_EDGE('',*,*,#4039,.F.);
#1469=ORIENTED_EDGE('',*,*,#4975,.F.);
#1470=ORIENTED_EDGE('',*,*,#4573,.T.);
#1471=ORIENTED_EDGE('',*,*,#4976,.T.);
#1472=ORIENTED_EDGE('',*,*,#4714,.F.);
#1473=ORIENTED_EDGE('',*,*,#4977,.F.);
#1474=ORIENTED_EDGE('',*,*,#4040,.F.);
#1475=ORIENTED_EDGE('',*,*,#4974,.F.);
#1476=ORIENTED_EDGE('',*,*,#4716,.F.);
#1477=ORIENTED_EDGE('',*,*,#4978,.T.);
#1478=ORIENTED_EDGE('',*,*,#4571,.T.);
#1479=ORIENTED_EDGE('',*,*,#4979,.T.);
#1480=ORIENTED_EDGE('',*,*,#4042,.F.);
#1481=ORIENTED_EDGE('',*,*,#4980,.F.);
#1482=ORIENTED_EDGE('',*,*,#4570,.T.);
#1483=ORIENTED_EDGE('',*,*,#4981,.T.);
#1484=ORIENTED_EDGE('',*,*,#4718,.F.);
#1485=ORIENTED_EDGE('',*,*,#4982,.F.);
#1486=ORIENTED_EDGE('',*,*,#4043,.F.);
#1487=ORIENTED_EDGE('',*,*,#4979,.F.);
#1488=ORIENTED_EDGE('',*,*,#4720,.F.);
#1489=ORIENTED_EDGE('',*,*,#4983,.T.);
#1490=ORIENTED_EDGE('',*,*,#4568,.T.);
#1491=ORIENTED_EDGE('',*,*,#4984,.T.);
#1492=ORIENTED_EDGE('',*,*,#4045,.F.);
#1493=ORIENTED_EDGE('',*,*,#4985,.F.);
#1494=ORIENTED_EDGE('',*,*,#4567,.T.);
#1495=ORIENTED_EDGE('',*,*,#4986,.T.);
#1496=ORIENTED_EDGE('',*,*,#4722,.F.);
#1497=ORIENTED_EDGE('',*,*,#4987,.F.);
#1498=ORIENTED_EDGE('',*,*,#4046,.F.);
#1499=ORIENTED_EDGE('',*,*,#4984,.F.);
#1500=ORIENTED_EDGE('',*,*,#4724,.F.);
#1501=ORIENTED_EDGE('',*,*,#4988,.T.);
#1502=ORIENTED_EDGE('',*,*,#4565,.T.);
#1503=ORIENTED_EDGE('',*,*,#4989,.T.);
#1504=ORIENTED_EDGE('',*,*,#4048,.F.);
#1505=ORIENTED_EDGE('',*,*,#4990,.F.);
#1506=ORIENTED_EDGE('',*,*,#4564,.T.);
#1507=ORIENTED_EDGE('',*,*,#4991,.T.);
#1508=ORIENTED_EDGE('',*,*,#4726,.F.);
#1509=ORIENTED_EDGE('',*,*,#4992,.F.);
#1510=ORIENTED_EDGE('',*,*,#4049,.F.);
#1511=ORIENTED_EDGE('',*,*,#4989,.F.);
#1512=ORIENTED_EDGE('',*,*,#4728,.F.);
#1513=ORIENTED_EDGE('',*,*,#4993,.T.);
#1514=ORIENTED_EDGE('',*,*,#4562,.T.);
#1515=ORIENTED_EDGE('',*,*,#4994,.T.);
#1516=ORIENTED_EDGE('',*,*,#4051,.F.);
#1517=ORIENTED_EDGE('',*,*,#4995,.F.);
#1518=ORIENTED_EDGE('',*,*,#4561,.T.);
#1519=ORIENTED_EDGE('',*,*,#4996,.T.);
#1520=ORIENTED_EDGE('',*,*,#4730,.F.);
#1521=ORIENTED_EDGE('',*,*,#4997,.F.);
#1522=ORIENTED_EDGE('',*,*,#4052,.F.);
#1523=ORIENTED_EDGE('',*,*,#4994,.F.);
#1524=ORIENTED_EDGE('',*,*,#4732,.F.);
#1525=ORIENTED_EDGE('',*,*,#4998,.T.);
#1526=ORIENTED_EDGE('',*,*,#4559,.T.);
#1527=ORIENTED_EDGE('',*,*,#4999,.T.);
#1528=ORIENTED_EDGE('',*,*,#4054,.F.);
#1529=ORIENTED_EDGE('',*,*,#5000,.F.);
#1530=ORIENTED_EDGE('',*,*,#4558,.T.);
#1531=ORIENTED_EDGE('',*,*,#5001,.T.);
#1532=ORIENTED_EDGE('',*,*,#4734,.F.);
#1533=ORIENTED_EDGE('',*,*,#5002,.F.);
#1534=ORIENTED_EDGE('',*,*,#4055,.F.);
#1535=ORIENTED_EDGE('',*,*,#4999,.F.);
#1536=ORIENTED_EDGE('',*,*,#4736,.F.);
#1537=ORIENTED_EDGE('',*,*,#5003,.T.);
#1538=ORIENTED_EDGE('',*,*,#4556,.T.);
#1539=ORIENTED_EDGE('',*,*,#5004,.T.);
#1540=ORIENTED_EDGE('',*,*,#4057,.F.);
#1541=ORIENTED_EDGE('',*,*,#5005,.F.);
#1542=ORIENTED_EDGE('',*,*,#4555,.T.);
#1543=ORIENTED_EDGE('',*,*,#5006,.T.);
#1544=ORIENTED_EDGE('',*,*,#4738,.F.);
#1545=ORIENTED_EDGE('',*,*,#5007,.F.);
#1546=ORIENTED_EDGE('',*,*,#4058,.F.);
#1547=ORIENTED_EDGE('',*,*,#5004,.F.);
#1548=ORIENTED_EDGE('',*,*,#4740,.F.);
#1549=ORIENTED_EDGE('',*,*,#5008,.T.);
#1550=ORIENTED_EDGE('',*,*,#4553,.T.);
#1551=ORIENTED_EDGE('',*,*,#5009,.T.);
#1552=ORIENTED_EDGE('',*,*,#4060,.F.);
#1553=ORIENTED_EDGE('',*,*,#5010,.F.);
#1554=ORIENTED_EDGE('',*,*,#4552,.T.);
#1555=ORIENTED_EDGE('',*,*,#5011,.T.);
#1556=ORIENTED_EDGE('',*,*,#4742,.F.);
#1557=ORIENTED_EDGE('',*,*,#5012,.F.);
#1558=ORIENTED_EDGE('',*,*,#4061,.F.);
#1559=ORIENTED_EDGE('',*,*,#5009,.F.);
#1560=ORIENTED_EDGE('',*,*,#4744,.F.);
#1561=ORIENTED_EDGE('',*,*,#5013,.T.);
#1562=ORIENTED_EDGE('',*,*,#4550,.T.);
#1563=ORIENTED_EDGE('',*,*,#5014,.T.);
#1564=ORIENTED_EDGE('',*,*,#4063,.F.);
#1565=ORIENTED_EDGE('',*,*,#5015,.F.);
#1566=ORIENTED_EDGE('',*,*,#4549,.T.);
#1567=ORIENTED_EDGE('',*,*,#5016,.T.);
#1568=ORIENTED_EDGE('',*,*,#4746,.F.);
#1569=ORIENTED_EDGE('',*,*,#5017,.F.);
#1570=ORIENTED_EDGE('',*,*,#4064,.F.);
#1571=ORIENTED_EDGE('',*,*,#5014,.F.);
#1572=ORIENTED_EDGE('',*,*,#4748,.F.);
#1573=ORIENTED_EDGE('',*,*,#5018,.T.);
#1574=ORIENTED_EDGE('',*,*,#4547,.T.);
#1575=ORIENTED_EDGE('',*,*,#5019,.T.);
#1576=ORIENTED_EDGE('',*,*,#4066,.F.);
#1577=ORIENTED_EDGE('',*,*,#5020,.F.);
#1578=ORIENTED_EDGE('',*,*,#4546,.T.);
#1579=ORIENTED_EDGE('',*,*,#5021,.T.);
#1580=ORIENTED_EDGE('',*,*,#4750,.F.);
#1581=ORIENTED_EDGE('',*,*,#5022,.F.);
#1582=ORIENTED_EDGE('',*,*,#4067,.F.);
#1583=ORIENTED_EDGE('',*,*,#5019,.F.);
#1584=ORIENTED_EDGE('',*,*,#4752,.F.);
#1585=ORIENTED_EDGE('',*,*,#5023,.T.);
#1586=ORIENTED_EDGE('',*,*,#4544,.T.);
#1587=ORIENTED_EDGE('',*,*,#5024,.T.);
#1588=ORIENTED_EDGE('',*,*,#4069,.F.);
#1589=ORIENTED_EDGE('',*,*,#5025,.F.);
#1590=ORIENTED_EDGE('',*,*,#4543,.T.);
#1591=ORIENTED_EDGE('',*,*,#5026,.T.);
#1592=ORIENTED_EDGE('',*,*,#4754,.F.);
#1593=ORIENTED_EDGE('',*,*,#5027,.F.);
#1594=ORIENTED_EDGE('',*,*,#4070,.F.);
#1595=ORIENTED_EDGE('',*,*,#5024,.F.);
#1596=ORIENTED_EDGE('',*,*,#4756,.F.);
#1597=ORIENTED_EDGE('',*,*,#5028,.T.);
#1598=ORIENTED_EDGE('',*,*,#4541,.T.);
#1599=ORIENTED_EDGE('',*,*,#5029,.T.);
#1600=ORIENTED_EDGE('',*,*,#4072,.F.);
#1601=ORIENTED_EDGE('',*,*,#5030,.F.);
#1602=ORIENTED_EDGE('',*,*,#4540,.T.);
#1603=ORIENTED_EDGE('',*,*,#5031,.T.);
#1604=ORIENTED_EDGE('',*,*,#4758,.F.);
#1605=ORIENTED_EDGE('',*,*,#5032,.F.);
#1606=ORIENTED_EDGE('',*,*,#4073,.F.);
#1607=ORIENTED_EDGE('',*,*,#5029,.F.);
#1608=ORIENTED_EDGE('',*,*,#4760,.F.);
#1609=ORIENTED_EDGE('',*,*,#5033,.T.);
#1610=ORIENTED_EDGE('',*,*,#4538,.T.);
#1611=ORIENTED_EDGE('',*,*,#5034,.T.);
#1612=ORIENTED_EDGE('',*,*,#4075,.F.);
#1613=ORIENTED_EDGE('',*,*,#5035,.F.);
#1614=ORIENTED_EDGE('',*,*,#4537,.T.);
#1615=ORIENTED_EDGE('',*,*,#5036,.T.);
#1616=ORIENTED_EDGE('',*,*,#4762,.F.);
#1617=ORIENTED_EDGE('',*,*,#5037,.F.);
#1618=ORIENTED_EDGE('',*,*,#4076,.F.);
#1619=ORIENTED_EDGE('',*,*,#5034,.F.);
#1620=ORIENTED_EDGE('',*,*,#4764,.F.);
#1621=ORIENTED_EDGE('',*,*,#5038,.T.);
#1622=ORIENTED_EDGE('',*,*,#4535,.T.);
#1623=ORIENTED_EDGE('',*,*,#5039,.T.);
#1624=ORIENTED_EDGE('',*,*,#4078,.F.);
#1625=ORIENTED_EDGE('',*,*,#5040,.F.);
#1626=ORIENTED_EDGE('',*,*,#4534,.T.);
#1627=ORIENTED_EDGE('',*,*,#5041,.T.);
#1628=ORIENTED_EDGE('',*,*,#4766,.F.);
#1629=ORIENTED_EDGE('',*,*,#5042,.F.);
#1630=ORIENTED_EDGE('',*,*,#4079,.F.);
#1631=ORIENTED_EDGE('',*,*,#5039,.F.);
#1632=ORIENTED_EDGE('',*,*,#4768,.F.);
#1633=ORIENTED_EDGE('',*,*,#5043,.T.);
#1634=ORIENTED_EDGE('',*,*,#4532,.T.);
#1635=ORIENTED_EDGE('',*,*,#5044,.T.);
#1636=ORIENTED_EDGE('',*,*,#4081,.F.);
#1637=ORIENTED_EDGE('',*,*,#5045,.F.);
#1638=ORIENTED_EDGE('',*,*,#4531,.T.);
#1639=ORIENTED_EDGE('',*,*,#5046,.T.);
#1640=ORIENTED_EDGE('',*,*,#4770,.F.);
#1641=ORIENTED_EDGE('',*,*,#5047,.F.);
#1642=ORIENTED_EDGE('',*,*,#4082,.F.);
#1643=ORIENTED_EDGE('',*,*,#5044,.F.);
#1644=ORIENTED_EDGE('',*,*,#4772,.F.);
#1645=ORIENTED_EDGE('',*,*,#5048,.T.);
#1646=ORIENTED_EDGE('',*,*,#4529,.T.);
#1647=ORIENTED_EDGE('',*,*,#5049,.T.);
#1648=ORIENTED_EDGE('',*,*,#4084,.F.);
#1649=ORIENTED_EDGE('',*,*,#5050,.F.);
#1650=ORIENTED_EDGE('',*,*,#4528,.T.);
#1651=ORIENTED_EDGE('',*,*,#5051,.T.);
#1652=ORIENTED_EDGE('',*,*,#4774,.F.);
#1653=ORIENTED_EDGE('',*,*,#5052,.F.);
#1654=ORIENTED_EDGE('',*,*,#4085,.F.);
#1655=ORIENTED_EDGE('',*,*,#5049,.F.);
#1656=ORIENTED_EDGE('',*,*,#4776,.F.);
#1657=ORIENTED_EDGE('',*,*,#5053,.T.);
#1658=ORIENTED_EDGE('',*,*,#4526,.T.);
#1659=ORIENTED_EDGE('',*,*,#5054,.T.);
#1660=ORIENTED_EDGE('',*,*,#4087,.F.);
#1661=ORIENTED_EDGE('',*,*,#5055,.F.);
#1662=ORIENTED_EDGE('',*,*,#4525,.T.);
#1663=ORIENTED_EDGE('',*,*,#5056,.T.);
#1664=ORIENTED_EDGE('',*,*,#4778,.F.);
#1665=ORIENTED_EDGE('',*,*,#5057,.F.);
#1666=ORIENTED_EDGE('',*,*,#4088,.F.);
#1667=ORIENTED_EDGE('',*,*,#5054,.F.);
#1668=ORIENTED_EDGE('',*,*,#4780,.F.);
#1669=ORIENTED_EDGE('',*,*,#5058,.T.);
#1670=ORIENTED_EDGE('',*,*,#4523,.T.);
#1671=ORIENTED_EDGE('',*,*,#5059,.T.);
#1672=ORIENTED_EDGE('',*,*,#4090,.F.);
#1673=ORIENTED_EDGE('',*,*,#5060,.F.);
#1674=ORIENTED_EDGE('',*,*,#4522,.T.);
#1675=ORIENTED_EDGE('',*,*,#5061,.T.);
#1676=ORIENTED_EDGE('',*,*,#4782,.F.);
#1677=ORIENTED_EDGE('',*,*,#5062,.F.);
#1678=ORIENTED_EDGE('',*,*,#4091,.F.);
#1679=ORIENTED_EDGE('',*,*,#5059,.F.);
#1680=ORIENTED_EDGE('',*,*,#4784,.F.);
#1681=ORIENTED_EDGE('',*,*,#5063,.T.);
#1682=ORIENTED_EDGE('',*,*,#4520,.T.);
#1683=ORIENTED_EDGE('',*,*,#5064,.T.);
#1684=ORIENTED_EDGE('',*,*,#4093,.F.);
#1685=ORIENTED_EDGE('',*,*,#5065,.F.);
#1686=ORIENTED_EDGE('',*,*,#4519,.T.);
#1687=ORIENTED_EDGE('',*,*,#5066,.T.);
#1688=ORIENTED_EDGE('',*,*,#4786,.F.);
#1689=ORIENTED_EDGE('',*,*,#5067,.F.);
#1690=ORIENTED_EDGE('',*,*,#4094,.F.);
#1691=ORIENTED_EDGE('',*,*,#5064,.F.);
#1692=ORIENTED_EDGE('',*,*,#4788,.F.);
#1693=ORIENTED_EDGE('',*,*,#5068,.T.);
#1694=ORIENTED_EDGE('',*,*,#4517,.T.);
#1695=ORIENTED_EDGE('',*,*,#5069,.T.);
#1696=ORIENTED_EDGE('',*,*,#4096,.F.);
#1697=ORIENTED_EDGE('',*,*,#5070,.F.);
#1698=ORIENTED_EDGE('',*,*,#4516,.T.);
#1699=ORIENTED_EDGE('',*,*,#5071,.T.);
#1700=ORIENTED_EDGE('',*,*,#4790,.F.);
#1701=ORIENTED_EDGE('',*,*,#5072,.F.);
#1702=ORIENTED_EDGE('',*,*,#4097,.F.);
#1703=ORIENTED_EDGE('',*,*,#5069,.F.);
#1704=ORIENTED_EDGE('',*,*,#4792,.F.);
#1705=ORIENTED_EDGE('',*,*,#5073,.T.);
#1706=ORIENTED_EDGE('',*,*,#4514,.T.);
#1707=ORIENTED_EDGE('',*,*,#5074,.T.);
#1708=ORIENTED_EDGE('',*,*,#4099,.F.);
#1709=ORIENTED_EDGE('',*,*,#5075,.F.);
#1710=ORIENTED_EDGE('',*,*,#4513,.T.);
#1711=ORIENTED_EDGE('',*,*,#5076,.T.);
#1712=ORIENTED_EDGE('',*,*,#4794,.F.);
#1713=ORIENTED_EDGE('',*,*,#5077,.F.);
#1714=ORIENTED_EDGE('',*,*,#4100,.F.);
#1715=ORIENTED_EDGE('',*,*,#5074,.F.);
#1716=ORIENTED_EDGE('',*,*,#4796,.F.);
#1717=ORIENTED_EDGE('',*,*,#5078,.T.);
#1718=ORIENTED_EDGE('',*,*,#4511,.T.);
#1719=ORIENTED_EDGE('',*,*,#5079,.T.);
#1720=ORIENTED_EDGE('',*,*,#4102,.F.);
#1721=ORIENTED_EDGE('',*,*,#5080,.F.);
#1722=ORIENTED_EDGE('',*,*,#4510,.T.);
#1723=ORIENTED_EDGE('',*,*,#5081,.T.);
#1724=ORIENTED_EDGE('',*,*,#4798,.F.);
#1725=ORIENTED_EDGE('',*,*,#5082,.F.);
#1726=ORIENTED_EDGE('',*,*,#4103,.F.);
#1727=ORIENTED_EDGE('',*,*,#5079,.F.);
#1728=ORIENTED_EDGE('',*,*,#4800,.F.);
#1729=ORIENTED_EDGE('',*,*,#5083,.T.);
#1730=ORIENTED_EDGE('',*,*,#4508,.T.);
#1731=ORIENTED_EDGE('',*,*,#5084,.T.);
#1732=ORIENTED_EDGE('',*,*,#4105,.F.);
#1733=ORIENTED_EDGE('',*,*,#5085,.F.);
#1734=ORIENTED_EDGE('',*,*,#4507,.T.);
#1735=ORIENTED_EDGE('',*,*,#5086,.T.);
#1736=ORIENTED_EDGE('',*,*,#4802,.F.);
#1737=ORIENTED_EDGE('',*,*,#5087,.F.);
#1738=ORIENTED_EDGE('',*,*,#4106,.F.);
#1739=ORIENTED_EDGE('',*,*,#5084,.F.);
#1740=ORIENTED_EDGE('',*,*,#4804,.F.);
#1741=ORIENTED_EDGE('',*,*,#5088,.T.);
#1742=ORIENTED_EDGE('',*,*,#4505,.T.);
#1743=ORIENTED_EDGE('',*,*,#5089,.T.);
#1744=ORIENTED_EDGE('',*,*,#4108,.F.);
#1745=ORIENTED_EDGE('',*,*,#5090,.F.);
#1746=ORIENTED_EDGE('',*,*,#4504,.T.);
#1747=ORIENTED_EDGE('',*,*,#5091,.T.);
#1748=ORIENTED_EDGE('',*,*,#4806,.F.);
#1749=ORIENTED_EDGE('',*,*,#5092,.F.);
#1750=ORIENTED_EDGE('',*,*,#4109,.F.);
#1751=ORIENTED_EDGE('',*,*,#5089,.F.);
#1752=ORIENTED_EDGE('',*,*,#4808,.F.);
#1753=ORIENTED_EDGE('',*,*,#5093,.T.);
#1754=ORIENTED_EDGE('',*,*,#4502,.T.);
#1755=ORIENTED_EDGE('',*,*,#5094,.T.);
#1756=ORIENTED_EDGE('',*,*,#4111,.F.);
#1757=ORIENTED_EDGE('',*,*,#5095,.F.);
#1758=ORIENTED_EDGE('',*,*,#4501,.T.);
#1759=ORIENTED_EDGE('',*,*,#5096,.T.);
#1760=ORIENTED_EDGE('',*,*,#4810,.F.);
#1761=ORIENTED_EDGE('',*,*,#5097,.F.);
#1762=ORIENTED_EDGE('',*,*,#4112,.F.);
#1763=ORIENTED_EDGE('',*,*,#5094,.F.);
#1764=ORIENTED_EDGE('',*,*,#4812,.F.);
#1765=ORIENTED_EDGE('',*,*,#5098,.T.);
#1766=ORIENTED_EDGE('',*,*,#4499,.T.);
#1767=ORIENTED_EDGE('',*,*,#5099,.T.);
#1768=ORIENTED_EDGE('',*,*,#4114,.F.);
#1769=ORIENTED_EDGE('',*,*,#5100,.F.);
#1770=ORIENTED_EDGE('',*,*,#4498,.T.);
#1771=ORIENTED_EDGE('',*,*,#5101,.T.);
#1772=ORIENTED_EDGE('',*,*,#4814,.F.);
#1773=ORIENTED_EDGE('',*,*,#5102,.F.);
#1774=ORIENTED_EDGE('',*,*,#4115,.F.);
#1775=ORIENTED_EDGE('',*,*,#5099,.F.);
#1776=ORIENTED_EDGE('',*,*,#4816,.F.);
#1777=ORIENTED_EDGE('',*,*,#5103,.T.);
#1778=ORIENTED_EDGE('',*,*,#4496,.T.);
#1779=ORIENTED_EDGE('',*,*,#5104,.T.);
#1780=ORIENTED_EDGE('',*,*,#4117,.F.);
#1781=ORIENTED_EDGE('',*,*,#5105,.F.);
#1782=ORIENTED_EDGE('',*,*,#4495,.T.);
#1783=ORIENTED_EDGE('',*,*,#5106,.T.);
#1784=ORIENTED_EDGE('',*,*,#4818,.F.);
#1785=ORIENTED_EDGE('',*,*,#5107,.F.);
#1786=ORIENTED_EDGE('',*,*,#4118,.F.);
#1787=ORIENTED_EDGE('',*,*,#5104,.F.);
#1788=ORIENTED_EDGE('',*,*,#4820,.F.);
#1789=ORIENTED_EDGE('',*,*,#5108,.T.);
#1790=ORIENTED_EDGE('',*,*,#4493,.T.);
#1791=ORIENTED_EDGE('',*,*,#5109,.T.);
#1792=ORIENTED_EDGE('',*,*,#4120,.F.);
#1793=ORIENTED_EDGE('',*,*,#5110,.F.);
#1794=ORIENTED_EDGE('',*,*,#4492,.T.);
#1795=ORIENTED_EDGE('',*,*,#5111,.T.);
#1796=ORIENTED_EDGE('',*,*,#4822,.F.);
#1797=ORIENTED_EDGE('',*,*,#5112,.F.);
#1798=ORIENTED_EDGE('',*,*,#4121,.F.);
#1799=ORIENTED_EDGE('',*,*,#5109,.F.);
#1800=ORIENTED_EDGE('',*,*,#4824,.F.);
#1801=ORIENTED_EDGE('',*,*,#5113,.T.);
#1802=ORIENTED_EDGE('',*,*,#4490,.T.);
#1803=ORIENTED_EDGE('',*,*,#5114,.T.);
#1804=ORIENTED_EDGE('',*,*,#4123,.F.);
#1805=ORIENTED_EDGE('',*,*,#5115,.F.);
#1806=ORIENTED_EDGE('',*,*,#4489,.T.);
#1807=ORIENTED_EDGE('',*,*,#5116,.T.);
#1808=ORIENTED_EDGE('',*,*,#4826,.F.);
#1809=ORIENTED_EDGE('',*,*,#5117,.F.);
#1810=ORIENTED_EDGE('',*,*,#4124,.F.);
#1811=ORIENTED_EDGE('',*,*,#5114,.F.);
#1812=ORIENTED_EDGE('',*,*,#4828,.F.);
#1813=ORIENTED_EDGE('',*,*,#5118,.T.);
#1814=ORIENTED_EDGE('',*,*,#4487,.T.);
#1815=ORIENTED_EDGE('',*,*,#5119,.T.);
#1816=ORIENTED_EDGE('',*,*,#4126,.F.);
#1817=ORIENTED_EDGE('',*,*,#5120,.F.);
#1818=ORIENTED_EDGE('',*,*,#4486,.T.);
#1819=ORIENTED_EDGE('',*,*,#5121,.T.);
#1820=ORIENTED_EDGE('',*,*,#4830,.F.);
#1821=ORIENTED_EDGE('',*,*,#5122,.F.);
#1822=ORIENTED_EDGE('',*,*,#4127,.F.);
#1823=ORIENTED_EDGE('',*,*,#5119,.F.);
#1824=ORIENTED_EDGE('',*,*,#4832,.F.);
#1825=ORIENTED_EDGE('',*,*,#5123,.T.);
#1826=ORIENTED_EDGE('',*,*,#4484,.T.);
#1827=ORIENTED_EDGE('',*,*,#4963,.T.);
#1828=ORIENTED_EDGE('',*,*,#3935,.F.);
#1829=ORIENTED_EDGE('',*,*,#5124,.F.);
#1830=ORIENTED_EDGE('',*,*,#5125,.T.);
#1831=ORIENTED_EDGE('',*,*,#4387,.T.);
#1832=ORIENTED_EDGE('',*,*,#4964,.T.);
#1833=ORIENTED_EDGE('',*,*,#4032,.T.);
#1834=ORIENTED_EDGE('',*,*,#5126,.F.);
#1835=ORIENTED_EDGE('',*,*,#4960,.T.);
#1836=ORIENTED_EDGE('',*,*,#5127,.F.);
#1837=ORIENTED_EDGE('',*,*,#4389,.T.);
#1838=ORIENTED_EDGE('',*,*,#5128,.T.);
#1839=ORIENTED_EDGE('',*,*,#4958,.T.);
#1840=ORIENTED_EDGE('',*,*,#5129,.T.);
#1841=ORIENTED_EDGE('',*,*,#4030,.T.);
#1842=ORIENTED_EDGE('',*,*,#5130,.T.);
#1843=ORIENTED_EDGE('',*,*,#4390,.T.);
#1844=ORIENTED_EDGE('',*,*,#5127,.T.);
#1845=ORIENTED_EDGE('',*,*,#4029,.T.);
#1846=ORIENTED_EDGE('',*,*,#5131,.T.);
#1847=ORIENTED_EDGE('',*,*,#4956,.T.);
#1848=ORIENTED_EDGE('',*,*,#5132,.F.);
#1849=ORIENTED_EDGE('',*,*,#4392,.T.);
#1850=ORIENTED_EDGE('',*,*,#5133,.T.);
#1851=ORIENTED_EDGE('',*,*,#4954,.T.);
#1852=ORIENTED_EDGE('',*,*,#5134,.T.);
#1853=ORIENTED_EDGE('',*,*,#4027,.T.);
#1854=ORIENTED_EDGE('',*,*,#5135,.T.);
#1855=ORIENTED_EDGE('',*,*,#4393,.T.);
#1856=ORIENTED_EDGE('',*,*,#5132,.T.);
#1857=ORIENTED_EDGE('',*,*,#4026,.T.);
#1858=ORIENTED_EDGE('',*,*,#5136,.T.);
#1859=ORIENTED_EDGE('',*,*,#4952,.T.);
#1860=ORIENTED_EDGE('',*,*,#5137,.F.);
#1861=ORIENTED_EDGE('',*,*,#4395,.T.);
#1862=ORIENTED_EDGE('',*,*,#5138,.T.);
#1863=ORIENTED_EDGE('',*,*,#4950,.T.);
#1864=ORIENTED_EDGE('',*,*,#5139,.T.);
#1865=ORIENTED_EDGE('',*,*,#4024,.T.);
#1866=ORIENTED_EDGE('',*,*,#5140,.T.);
#1867=ORIENTED_EDGE('',*,*,#4396,.T.);
#1868=ORIENTED_EDGE('',*,*,#5137,.T.);
#1869=ORIENTED_EDGE('',*,*,#4023,.T.);
#1870=ORIENTED_EDGE('',*,*,#5141,.T.);
#1871=ORIENTED_EDGE('',*,*,#4948,.T.);
#1872=ORIENTED_EDGE('',*,*,#5142,.F.);
#1873=ORIENTED_EDGE('',*,*,#4398,.T.);
#1874=ORIENTED_EDGE('',*,*,#5143,.T.);
#1875=ORIENTED_EDGE('',*,*,#4946,.T.);
#1876=ORIENTED_EDGE('',*,*,#5144,.T.);
#1877=ORIENTED_EDGE('',*,*,#4021,.T.);
#1878=ORIENTED_EDGE('',*,*,#5145,.T.);
#1879=ORIENTED_EDGE('',*,*,#4399,.T.);
#1880=ORIENTED_EDGE('',*,*,#5142,.T.);
#1881=ORIENTED_EDGE('',*,*,#4020,.T.);
#1882=ORIENTED_EDGE('',*,*,#5146,.T.);
#1883=ORIENTED_EDGE('',*,*,#4944,.T.);
#1884=ORIENTED_EDGE('',*,*,#5147,.F.);
#1885=ORIENTED_EDGE('',*,*,#4401,.T.);
#1886=ORIENTED_EDGE('',*,*,#5148,.T.);
#1887=ORIENTED_EDGE('',*,*,#4942,.T.);
#1888=ORIENTED_EDGE('',*,*,#5149,.T.);
#1889=ORIENTED_EDGE('',*,*,#4018,.T.);
#1890=ORIENTED_EDGE('',*,*,#5150,.T.);
#1891=ORIENTED_EDGE('',*,*,#4402,.T.);
#1892=ORIENTED_EDGE('',*,*,#5147,.T.);
#1893=ORIENTED_EDGE('',*,*,#4017,.T.);
#1894=ORIENTED_EDGE('',*,*,#5151,.T.);
#1895=ORIENTED_EDGE('',*,*,#4940,.T.);
#1896=ORIENTED_EDGE('',*,*,#5152,.F.);
#1897=ORIENTED_EDGE('',*,*,#4404,.T.);
#1898=ORIENTED_EDGE('',*,*,#5153,.T.);
#1899=ORIENTED_EDGE('',*,*,#4938,.T.);
#1900=ORIENTED_EDGE('',*,*,#5154,.T.);
#1901=ORIENTED_EDGE('',*,*,#4015,.T.);
#1902=ORIENTED_EDGE('',*,*,#5155,.T.);
#1903=ORIENTED_EDGE('',*,*,#4405,.T.);
#1904=ORIENTED_EDGE('',*,*,#5152,.T.);
#1905=ORIENTED_EDGE('',*,*,#4014,.T.);
#1906=ORIENTED_EDGE('',*,*,#5156,.T.);
#1907=ORIENTED_EDGE('',*,*,#4936,.T.);
#1908=ORIENTED_EDGE('',*,*,#5157,.F.);
#1909=ORIENTED_EDGE('',*,*,#4407,.T.);
#1910=ORIENTED_EDGE('',*,*,#5158,.T.);
#1911=ORIENTED_EDGE('',*,*,#4934,.T.);
#1912=ORIENTED_EDGE('',*,*,#5159,.T.);
#1913=ORIENTED_EDGE('',*,*,#4012,.T.);
#1914=ORIENTED_EDGE('',*,*,#5160,.T.);
#1915=ORIENTED_EDGE('',*,*,#4408,.T.);
#1916=ORIENTED_EDGE('',*,*,#5157,.T.);
#1917=ORIENTED_EDGE('',*,*,#4011,.T.);
#1918=ORIENTED_EDGE('',*,*,#5161,.T.);
#1919=ORIENTED_EDGE('',*,*,#4932,.T.);
#1920=ORIENTED_EDGE('',*,*,#5162,.F.);
#1921=ORIENTED_EDGE('',*,*,#4410,.T.);
#1922=ORIENTED_EDGE('',*,*,#5163,.T.);
#1923=ORIENTED_EDGE('',*,*,#4930,.T.);
#1924=ORIENTED_EDGE('',*,*,#5164,.T.);
#1925=ORIENTED_EDGE('',*,*,#4009,.T.);
#1926=ORIENTED_EDGE('',*,*,#5165,.T.);
#1927=ORIENTED_EDGE('',*,*,#4411,.T.);
#1928=ORIENTED_EDGE('',*,*,#5162,.T.);
#1929=ORIENTED_EDGE('',*,*,#4008,.T.);
#1930=ORIENTED_EDGE('',*,*,#5166,.T.);
#1931=ORIENTED_EDGE('',*,*,#4928,.T.);
#1932=ORIENTED_EDGE('',*,*,#5167,.F.);
#1933=ORIENTED_EDGE('',*,*,#4413,.T.);
#1934=ORIENTED_EDGE('',*,*,#5168,.T.);
#1935=ORIENTED_EDGE('',*,*,#4926,.T.);
#1936=ORIENTED_EDGE('',*,*,#5169,.T.);
#1937=ORIENTED_EDGE('',*,*,#4006,.T.);
#1938=ORIENTED_EDGE('',*,*,#5170,.T.);
#1939=ORIENTED_EDGE('',*,*,#4414,.T.);
#1940=ORIENTED_EDGE('',*,*,#5167,.T.);
#1941=ORIENTED_EDGE('',*,*,#4005,.T.);
#1942=ORIENTED_EDGE('',*,*,#5171,.T.);
#1943=ORIENTED_EDGE('',*,*,#4924,.T.);
#1944=ORIENTED_EDGE('',*,*,#5172,.F.);
#1945=ORIENTED_EDGE('',*,*,#4416,.T.);
#1946=ORIENTED_EDGE('',*,*,#5173,.T.);
#1947=ORIENTED_EDGE('',*,*,#4922,.T.);
#1948=ORIENTED_EDGE('',*,*,#5174,.T.);
#1949=ORIENTED_EDGE('',*,*,#4003,.T.);
#1950=ORIENTED_EDGE('',*,*,#5175,.T.);
#1951=ORIENTED_EDGE('',*,*,#4417,.T.);
#1952=ORIENTED_EDGE('',*,*,#5172,.T.);
#1953=ORIENTED_EDGE('',*,*,#4002,.T.);
#1954=ORIENTED_EDGE('',*,*,#5176,.T.);
#1955=ORIENTED_EDGE('',*,*,#4920,.T.);
#1956=ORIENTED_EDGE('',*,*,#5177,.F.);
#1957=ORIENTED_EDGE('',*,*,#4419,.T.);
#1958=ORIENTED_EDGE('',*,*,#5178,.T.);
#1959=ORIENTED_EDGE('',*,*,#4918,.T.);
#1960=ORIENTED_EDGE('',*,*,#5179,.T.);
#1961=ORIENTED_EDGE('',*,*,#4000,.T.);
#1962=ORIENTED_EDGE('',*,*,#5180,.T.);
#1963=ORIENTED_EDGE('',*,*,#4420,.T.);
#1964=ORIENTED_EDGE('',*,*,#5177,.T.);
#1965=ORIENTED_EDGE('',*,*,#3999,.T.);
#1966=ORIENTED_EDGE('',*,*,#5181,.T.);
#1967=ORIENTED_EDGE('',*,*,#4916,.T.);
#1968=ORIENTED_EDGE('',*,*,#5182,.F.);
#1969=ORIENTED_EDGE('',*,*,#4422,.T.);
#1970=ORIENTED_EDGE('',*,*,#5183,.T.);
#1971=ORIENTED_EDGE('',*,*,#4914,.T.);
#1972=ORIENTED_EDGE('',*,*,#5184,.T.);
#1973=ORIENTED_EDGE('',*,*,#3997,.T.);
#1974=ORIENTED_EDGE('',*,*,#5185,.T.);
#1975=ORIENTED_EDGE('',*,*,#4423,.T.);
#1976=ORIENTED_EDGE('',*,*,#5182,.T.);
#1977=ORIENTED_EDGE('',*,*,#3996,.T.);
#1978=ORIENTED_EDGE('',*,*,#5186,.T.);
#1979=ORIENTED_EDGE('',*,*,#4912,.T.);
#1980=ORIENTED_EDGE('',*,*,#5187,.F.);
#1981=ORIENTED_EDGE('',*,*,#4425,.T.);
#1982=ORIENTED_EDGE('',*,*,#5188,.T.);
#1983=ORIENTED_EDGE('',*,*,#4910,.T.);
#1984=ORIENTED_EDGE('',*,*,#5189,.T.);
#1985=ORIENTED_EDGE('',*,*,#3994,.T.);
#1986=ORIENTED_EDGE('',*,*,#5190,.T.);
#1987=ORIENTED_EDGE('',*,*,#4426,.T.);
#1988=ORIENTED_EDGE('',*,*,#5187,.T.);
#1989=ORIENTED_EDGE('',*,*,#3993,.T.);
#1990=ORIENTED_EDGE('',*,*,#5191,.T.);
#1991=ORIENTED_EDGE('',*,*,#4908,.T.);
#1992=ORIENTED_EDGE('',*,*,#5192,.F.);
#1993=ORIENTED_EDGE('',*,*,#4428,.T.);
#1994=ORIENTED_EDGE('',*,*,#5193,.T.);
#1995=ORIENTED_EDGE('',*,*,#4906,.T.);
#1996=ORIENTED_EDGE('',*,*,#5194,.T.);
#1997=ORIENTED_EDGE('',*,*,#3991,.T.);
#1998=ORIENTED_EDGE('',*,*,#5195,.T.);
#1999=ORIENTED_EDGE('',*,*,#4429,.T.);
#2000=ORIENTED_EDGE('',*,*,#5192,.T.);
#2001=ORIENTED_EDGE('',*,*,#3990,.T.);
#2002=ORIENTED_EDGE('',*,*,#5196,.T.);
#2003=ORIENTED_EDGE('',*,*,#4904,.T.);
#2004=ORIENTED_EDGE('',*,*,#5197,.F.);
#2005=ORIENTED_EDGE('',*,*,#4431,.T.);
#2006=ORIENTED_EDGE('',*,*,#5198,.T.);
#2007=ORIENTED_EDGE('',*,*,#4902,.T.);
#2008=ORIENTED_EDGE('',*,*,#5199,.T.);
#2009=ORIENTED_EDGE('',*,*,#3988,.T.);
#2010=ORIENTED_EDGE('',*,*,#5200,.T.);
#2011=ORIENTED_EDGE('',*,*,#4432,.T.);
#2012=ORIENTED_EDGE('',*,*,#5197,.T.);
#2013=ORIENTED_EDGE('',*,*,#3987,.T.);
#2014=ORIENTED_EDGE('',*,*,#5201,.T.);
#2015=ORIENTED_EDGE('',*,*,#4900,.T.);
#2016=ORIENTED_EDGE('',*,*,#5202,.F.);
#2017=ORIENTED_EDGE('',*,*,#4434,.T.);
#2018=ORIENTED_EDGE('',*,*,#5203,.T.);
#2019=ORIENTED_EDGE('',*,*,#4898,.T.);
#2020=ORIENTED_EDGE('',*,*,#5204,.T.);
#2021=ORIENTED_EDGE('',*,*,#3985,.T.);
#2022=ORIENTED_EDGE('',*,*,#5205,.T.);
#2023=ORIENTED_EDGE('',*,*,#4435,.T.);
#2024=ORIENTED_EDGE('',*,*,#5202,.T.);
#2025=ORIENTED_EDGE('',*,*,#3984,.T.);
#2026=ORIENTED_EDGE('',*,*,#5206,.T.);
#2027=ORIENTED_EDGE('',*,*,#4896,.T.);
#2028=ORIENTED_EDGE('',*,*,#5207,.F.);
#2029=ORIENTED_EDGE('',*,*,#4437,.T.);
#2030=ORIENTED_EDGE('',*,*,#5208,.T.);
#2031=ORIENTED_EDGE('',*,*,#4894,.T.);
#2032=ORIENTED_EDGE('',*,*,#5209,.T.);
#2033=ORIENTED_EDGE('',*,*,#3982,.T.);
#2034=ORIENTED_EDGE('',*,*,#5210,.T.);
#2035=ORIENTED_EDGE('',*,*,#4438,.T.);
#2036=ORIENTED_EDGE('',*,*,#5207,.T.);
#2037=ORIENTED_EDGE('',*,*,#3981,.T.);
#2038=ORIENTED_EDGE('',*,*,#5211,.T.);
#2039=ORIENTED_EDGE('',*,*,#4892,.T.);
#2040=ORIENTED_EDGE('',*,*,#5212,.F.);
#2041=ORIENTED_EDGE('',*,*,#4440,.T.);
#2042=ORIENTED_EDGE('',*,*,#5213,.T.);
#2043=ORIENTED_EDGE('',*,*,#4890,.T.);
#2044=ORIENTED_EDGE('',*,*,#5214,.T.);
#2045=ORIENTED_EDGE('',*,*,#3979,.T.);
#2046=ORIENTED_EDGE('',*,*,#5215,.T.);
#2047=ORIENTED_EDGE('',*,*,#4441,.T.);
#2048=ORIENTED_EDGE('',*,*,#5212,.T.);
#2049=ORIENTED_EDGE('',*,*,#3978,.T.);
#2050=ORIENTED_EDGE('',*,*,#5216,.T.);
#2051=ORIENTED_EDGE('',*,*,#4888,.T.);
#2052=ORIENTED_EDGE('',*,*,#5217,.F.);
#2053=ORIENTED_EDGE('',*,*,#4443,.T.);
#2054=ORIENTED_EDGE('',*,*,#5218,.T.);
#2055=ORIENTED_EDGE('',*,*,#4886,.T.);
#2056=ORIENTED_EDGE('',*,*,#5219,.T.);
#2057=ORIENTED_EDGE('',*,*,#3976,.T.);
#2058=ORIENTED_EDGE('',*,*,#5220,.T.);
#2059=ORIENTED_EDGE('',*,*,#4444,.T.);
#2060=ORIENTED_EDGE('',*,*,#5217,.T.);
#2061=ORIENTED_EDGE('',*,*,#3975,.T.);
#2062=ORIENTED_EDGE('',*,*,#5221,.T.);
#2063=ORIENTED_EDGE('',*,*,#4884,.T.);
#2064=ORIENTED_EDGE('',*,*,#5222,.F.);
#2065=ORIENTED_EDGE('',*,*,#4446,.T.);
#2066=ORIENTED_EDGE('',*,*,#5223,.T.);
#2067=ORIENTED_EDGE('',*,*,#4882,.T.);
#2068=ORIENTED_EDGE('',*,*,#5224,.T.);
#2069=ORIENTED_EDGE('',*,*,#3973,.T.);
#2070=ORIENTED_EDGE('',*,*,#5225,.T.);
#2071=ORIENTED_EDGE('',*,*,#4447,.T.);
#2072=ORIENTED_EDGE('',*,*,#5222,.T.);
#2073=ORIENTED_EDGE('',*,*,#3972,.T.);
#2074=ORIENTED_EDGE('',*,*,#5226,.T.);
#2075=ORIENTED_EDGE('',*,*,#4880,.T.);
#2076=ORIENTED_EDGE('',*,*,#5227,.F.);
#2077=ORIENTED_EDGE('',*,*,#4449,.T.);
#2078=ORIENTED_EDGE('',*,*,#5228,.T.);
#2079=ORIENTED_EDGE('',*,*,#4878,.T.);
#2080=ORIENTED_EDGE('',*,*,#5229,.T.);
#2081=ORIENTED_EDGE('',*,*,#3970,.T.);
#2082=ORIENTED_EDGE('',*,*,#5230,.T.);
#2083=ORIENTED_EDGE('',*,*,#4450,.T.);
#2084=ORIENTED_EDGE('',*,*,#5227,.T.);
#2085=ORIENTED_EDGE('',*,*,#3969,.T.);
#2086=ORIENTED_EDGE('',*,*,#5231,.T.);
#2087=ORIENTED_EDGE('',*,*,#4876,.T.);
#2088=ORIENTED_EDGE('',*,*,#5232,.F.);
#2089=ORIENTED_EDGE('',*,*,#4452,.T.);
#2090=ORIENTED_EDGE('',*,*,#5233,.T.);
#2091=ORIENTED_EDGE('',*,*,#4874,.T.);
#2092=ORIENTED_EDGE('',*,*,#5234,.T.);
#2093=ORIENTED_EDGE('',*,*,#3967,.T.);
#2094=ORIENTED_EDGE('',*,*,#5235,.T.);
#2095=ORIENTED_EDGE('',*,*,#4453,.T.);
#2096=ORIENTED_EDGE('',*,*,#5232,.T.);
#2097=ORIENTED_EDGE('',*,*,#3966,.T.);
#2098=ORIENTED_EDGE('',*,*,#5236,.T.);
#2099=ORIENTED_EDGE('',*,*,#4872,.T.);
#2100=ORIENTED_EDGE('',*,*,#5237,.F.);
#2101=ORIENTED_EDGE('',*,*,#4455,.T.);
#2102=ORIENTED_EDGE('',*,*,#5238,.T.);
#2103=ORIENTED_EDGE('',*,*,#4870,.T.);
#2104=ORIENTED_EDGE('',*,*,#5239,.T.);
#2105=ORIENTED_EDGE('',*,*,#3964,.T.);
#2106=ORIENTED_EDGE('',*,*,#5240,.T.);
#2107=ORIENTED_EDGE('',*,*,#4456,.T.);
#2108=ORIENTED_EDGE('',*,*,#5237,.T.);
#2109=ORIENTED_EDGE('',*,*,#3963,.T.);
#2110=ORIENTED_EDGE('',*,*,#5241,.T.);
#2111=ORIENTED_EDGE('',*,*,#4868,.T.);
#2112=ORIENTED_EDGE('',*,*,#5242,.F.);
#2113=ORIENTED_EDGE('',*,*,#4458,.T.);
#2114=ORIENTED_EDGE('',*,*,#5243,.T.);
#2115=ORIENTED_EDGE('',*,*,#4866,.T.);
#2116=ORIENTED_EDGE('',*,*,#5244,.T.);
#2117=ORIENTED_EDGE('',*,*,#3961,.T.);
#2118=ORIENTED_EDGE('',*,*,#5245,.T.);
#2119=ORIENTED_EDGE('',*,*,#4459,.T.);
#2120=ORIENTED_EDGE('',*,*,#5242,.T.);
#2121=ORIENTED_EDGE('',*,*,#3960,.T.);
#2122=ORIENTED_EDGE('',*,*,#5246,.T.);
#2123=ORIENTED_EDGE('',*,*,#4864,.T.);
#2124=ORIENTED_EDGE('',*,*,#5247,.F.);
#2125=ORIENTED_EDGE('',*,*,#4461,.T.);
#2126=ORIENTED_EDGE('',*,*,#5248,.T.);
#2127=ORIENTED_EDGE('',*,*,#4862,.T.);
#2128=ORIENTED_EDGE('',*,*,#5249,.T.);
#2129=ORIENTED_EDGE('',*,*,#3958,.T.);
#2130=ORIENTED_EDGE('',*,*,#5250,.T.);
#2131=ORIENTED_EDGE('',*,*,#4462,.T.);
#2132=ORIENTED_EDGE('',*,*,#5247,.T.);
#2133=ORIENTED_EDGE('',*,*,#3957,.T.);
#2134=ORIENTED_EDGE('',*,*,#5251,.T.);
#2135=ORIENTED_EDGE('',*,*,#4860,.T.);
#2136=ORIENTED_EDGE('',*,*,#5252,.F.);
#2137=ORIENTED_EDGE('',*,*,#4464,.T.);
#2138=ORIENTED_EDGE('',*,*,#5253,.T.);
#2139=ORIENTED_EDGE('',*,*,#4858,.T.);
#2140=ORIENTED_EDGE('',*,*,#5254,.T.);
#2141=ORIENTED_EDGE('',*,*,#3955,.T.);
#2142=ORIENTED_EDGE('',*,*,#5255,.T.);
#2143=ORIENTED_EDGE('',*,*,#4465,.T.);
#2144=ORIENTED_EDGE('',*,*,#5252,.T.);
#2145=ORIENTED_EDGE('',*,*,#3954,.T.);
#2146=ORIENTED_EDGE('',*,*,#5256,.T.);
#2147=ORIENTED_EDGE('',*,*,#4856,.T.);
#2148=ORIENTED_EDGE('',*,*,#5257,.F.);
#2149=ORIENTED_EDGE('',*,*,#4467,.T.);
#2150=ORIENTED_EDGE('',*,*,#5258,.T.);
#2151=ORIENTED_EDGE('',*,*,#4854,.T.);
#2152=ORIENTED_EDGE('',*,*,#5259,.T.);
#2153=ORIENTED_EDGE('',*,*,#3952,.T.);
#2154=ORIENTED_EDGE('',*,*,#5260,.T.);
#2155=ORIENTED_EDGE('',*,*,#4468,.T.);
#2156=ORIENTED_EDGE('',*,*,#5257,.T.);
#2157=ORIENTED_EDGE('',*,*,#3951,.T.);
#2158=ORIENTED_EDGE('',*,*,#5261,.T.);
#2159=ORIENTED_EDGE('',*,*,#4852,.T.);
#2160=ORIENTED_EDGE('',*,*,#5262,.F.);
#2161=ORIENTED_EDGE('',*,*,#4470,.T.);
#2162=ORIENTED_EDGE('',*,*,#5263,.T.);
#2163=ORIENTED_EDGE('',*,*,#4850,.T.);
#2164=ORIENTED_EDGE('',*,*,#5264,.T.);
#2165=ORIENTED_EDGE('',*,*,#3949,.T.);
#2166=ORIENTED_EDGE('',*,*,#5265,.T.);
#2167=ORIENTED_EDGE('',*,*,#4471,.T.);
#2168=ORIENTED_EDGE('',*,*,#5262,.T.);
#2169=ORIENTED_EDGE('',*,*,#3948,.T.);
#2170=ORIENTED_EDGE('',*,*,#5266,.T.);
#2171=ORIENTED_EDGE('',*,*,#4848,.T.);
#2172=ORIENTED_EDGE('',*,*,#5267,.F.);
#2173=ORIENTED_EDGE('',*,*,#4473,.T.);
#2174=ORIENTED_EDGE('',*,*,#5268,.T.);
#2175=ORIENTED_EDGE('',*,*,#4846,.T.);
#2176=ORIENTED_EDGE('',*,*,#5269,.T.);
#2177=ORIENTED_EDGE('',*,*,#3946,.T.);
#2178=ORIENTED_EDGE('',*,*,#5270,.T.);
#2179=ORIENTED_EDGE('',*,*,#4474,.T.);
#2180=ORIENTED_EDGE('',*,*,#5267,.T.);
#2181=ORIENTED_EDGE('',*,*,#3945,.T.);
#2182=ORIENTED_EDGE('',*,*,#5271,.T.);
#2183=ORIENTED_EDGE('',*,*,#4844,.T.);
#2184=ORIENTED_EDGE('',*,*,#5272,.F.);
#2185=ORIENTED_EDGE('',*,*,#4476,.T.);
#2186=ORIENTED_EDGE('',*,*,#5273,.T.);
#2187=ORIENTED_EDGE('',*,*,#4842,.T.);
#2188=ORIENTED_EDGE('',*,*,#5274,.T.);
#2189=ORIENTED_EDGE('',*,*,#3943,.T.);
#2190=ORIENTED_EDGE('',*,*,#5275,.T.);
#2191=ORIENTED_EDGE('',*,*,#4477,.T.);
#2192=ORIENTED_EDGE('',*,*,#5272,.T.);
#2193=ORIENTED_EDGE('',*,*,#3942,.T.);
#2194=ORIENTED_EDGE('',*,*,#5276,.T.);
#2195=ORIENTED_EDGE('',*,*,#4840,.T.);
#2196=ORIENTED_EDGE('',*,*,#5277,.F.);
#2197=ORIENTED_EDGE('',*,*,#4479,.T.);
#2198=ORIENTED_EDGE('',*,*,#5278,.T.);
#2199=ORIENTED_EDGE('',*,*,#4838,.T.);
#2200=ORIENTED_EDGE('',*,*,#5279,.T.);
#2201=ORIENTED_EDGE('',*,*,#3940,.T.);
#2202=ORIENTED_EDGE('',*,*,#5280,.T.);
#2203=ORIENTED_EDGE('',*,*,#4480,.T.);
#2204=ORIENTED_EDGE('',*,*,#5277,.T.);
#2205=ORIENTED_EDGE('',*,*,#3939,.T.);
#2206=ORIENTED_EDGE('',*,*,#5281,.T.);
#2207=ORIENTED_EDGE('',*,*,#4836,.T.);
#2208=ORIENTED_EDGE('',*,*,#4962,.F.);
#2209=ORIENTED_EDGE('',*,*,#4482,.T.);
#2210=ORIENTED_EDGE('',*,*,#5282,.T.);
#2211=ORIENTED_EDGE('',*,*,#4834,.T.);
#2212=ORIENTED_EDGE('',*,*,#5283,.T.);
#2213=ORIENTED_EDGE('',*,*,#3937,.T.);
#2214=ORIENTED_EDGE('',*,*,#4833,.F.);
#2215=ORIENTED_EDGE('',*,*,#5124,.T.);
#2216=ORIENTED_EDGE('',*,*,#3934,.T.);
#2217=ORIENTED_EDGE('',*,*,#5122,.T.);
#2218=ORIENTED_EDGE('',*,*,#4829,.F.);
#2219=ORIENTED_EDGE('',*,*,#5120,.T.);
#2220=ORIENTED_EDGE('',*,*,#4125,.T.);
#2221=ORIENTED_EDGE('',*,*,#5117,.T.);
#2222=ORIENTED_EDGE('',*,*,#4825,.F.);
#2223=ORIENTED_EDGE('',*,*,#5115,.T.);
#2224=ORIENTED_EDGE('',*,*,#4122,.T.);
#2225=ORIENTED_EDGE('',*,*,#5112,.T.);
#2226=ORIENTED_EDGE('',*,*,#4821,.F.);
#2227=ORIENTED_EDGE('',*,*,#5110,.T.);
#2228=ORIENTED_EDGE('',*,*,#4119,.T.);
#2229=ORIENTED_EDGE('',*,*,#5107,.T.);
#2230=ORIENTED_EDGE('',*,*,#4817,.F.);
#2231=ORIENTED_EDGE('',*,*,#5105,.T.);
#2232=ORIENTED_EDGE('',*,*,#4116,.T.);
#2233=ORIENTED_EDGE('',*,*,#5102,.T.);
#2234=ORIENTED_EDGE('',*,*,#4813,.F.);
#2235=ORIENTED_EDGE('',*,*,#5100,.T.);
#2236=ORIENTED_EDGE('',*,*,#4113,.T.);
#2237=ORIENTED_EDGE('',*,*,#5097,.T.);
#2238=ORIENTED_EDGE('',*,*,#4809,.F.);
#2239=ORIENTED_EDGE('',*,*,#5095,.T.);
#2240=ORIENTED_EDGE('',*,*,#4110,.T.);
#2241=ORIENTED_EDGE('',*,*,#5092,.T.);
#2242=ORIENTED_EDGE('',*,*,#4805,.F.);
#2243=ORIENTED_EDGE('',*,*,#5090,.T.);
#2244=ORIENTED_EDGE('',*,*,#4107,.T.);
#2245=ORIENTED_EDGE('',*,*,#5087,.T.);
#2246=ORIENTED_EDGE('',*,*,#4801,.F.);
#2247=ORIENTED_EDGE('',*,*,#5085,.T.);
#2248=ORIENTED_EDGE('',*,*,#4104,.T.);
#2249=ORIENTED_EDGE('',*,*,#5082,.T.);
#2250=ORIENTED_EDGE('',*,*,#4797,.F.);
#2251=ORIENTED_EDGE('',*,*,#5080,.T.);
#2252=ORIENTED_EDGE('',*,*,#4101,.T.);
#2253=ORIENTED_EDGE('',*,*,#5077,.T.);
#2254=ORIENTED_EDGE('',*,*,#4793,.F.);
#2255=ORIENTED_EDGE('',*,*,#5075,.T.);
#2256=ORIENTED_EDGE('',*,*,#4098,.T.);
#2257=ORIENTED_EDGE('',*,*,#5072,.T.);
#2258=ORIENTED_EDGE('',*,*,#4789,.F.);
#2259=ORIENTED_EDGE('',*,*,#5070,.T.);
#2260=ORIENTED_EDGE('',*,*,#4095,.T.);
#2261=ORIENTED_EDGE('',*,*,#5067,.T.);
#2262=ORIENTED_EDGE('',*,*,#4785,.F.);
#2263=ORIENTED_EDGE('',*,*,#5065,.T.);
#2264=ORIENTED_EDGE('',*,*,#4092,.T.);
#2265=ORIENTED_EDGE('',*,*,#5062,.T.);
#2266=ORIENTED_EDGE('',*,*,#4781,.F.);
#2267=ORIENTED_EDGE('',*,*,#5060,.T.);
#2268=ORIENTED_EDGE('',*,*,#4089,.T.);
#2269=ORIENTED_EDGE('',*,*,#5057,.T.);
#2270=ORIENTED_EDGE('',*,*,#4777,.F.);
#2271=ORIENTED_EDGE('',*,*,#5055,.T.);
#2272=ORIENTED_EDGE('',*,*,#4086,.T.);
#2273=ORIENTED_EDGE('',*,*,#5052,.T.);
#2274=ORIENTED_EDGE('',*,*,#4773,.F.);
#2275=ORIENTED_EDGE('',*,*,#5050,.T.);
#2276=ORIENTED_EDGE('',*,*,#4083,.T.);
#2277=ORIENTED_EDGE('',*,*,#5047,.T.);
#2278=ORIENTED_EDGE('',*,*,#4769,.F.);
#2279=ORIENTED_EDGE('',*,*,#5045,.T.);
#2280=ORIENTED_EDGE('',*,*,#4080,.T.);
#2281=ORIENTED_EDGE('',*,*,#5042,.T.);
#2282=ORIENTED_EDGE('',*,*,#4765,.F.);
#2283=ORIENTED_EDGE('',*,*,#5040,.T.);
#2284=ORIENTED_EDGE('',*,*,#4077,.T.);
#2285=ORIENTED_EDGE('',*,*,#5037,.T.);
#2286=ORIENTED_EDGE('',*,*,#4761,.F.);
#2287=ORIENTED_EDGE('',*,*,#5035,.T.);
#2288=ORIENTED_EDGE('',*,*,#4074,.T.);
#2289=ORIENTED_EDGE('',*,*,#5032,.T.);
#2290=ORIENTED_EDGE('',*,*,#4757,.F.);
#2291=ORIENTED_EDGE('',*,*,#5030,.T.);
#2292=ORIENTED_EDGE('',*,*,#4071,.T.);
#2293=ORIENTED_EDGE('',*,*,#5027,.T.);
#2294=ORIENTED_EDGE('',*,*,#4753,.F.);
#2295=ORIENTED_EDGE('',*,*,#5025,.T.);
#2296=ORIENTED_EDGE('',*,*,#4068,.T.);
#2297=ORIENTED_EDGE('',*,*,#5022,.T.);
#2298=ORIENTED_EDGE('',*,*,#4749,.F.);
#2299=ORIENTED_EDGE('',*,*,#5020,.T.);
#2300=ORIENTED_EDGE('',*,*,#4065,.T.);
#2301=ORIENTED_EDGE('',*,*,#5017,.T.);
#2302=ORIENTED_EDGE('',*,*,#4745,.F.);
#2303=ORIENTED_EDGE('',*,*,#5015,.T.);
#2304=ORIENTED_EDGE('',*,*,#4062,.T.);
#2305=ORIENTED_EDGE('',*,*,#5012,.T.);
#2306=ORIENTED_EDGE('',*,*,#4741,.F.);
#2307=ORIENTED_EDGE('',*,*,#5010,.T.);
#2308=ORIENTED_EDGE('',*,*,#4059,.T.);
#2309=ORIENTED_EDGE('',*,*,#5007,.T.);
#2310=ORIENTED_EDGE('',*,*,#4737,.F.);
#2311=ORIENTED_EDGE('',*,*,#5005,.T.);
#2312=ORIENTED_EDGE('',*,*,#4056,.T.);
#2313=ORIENTED_EDGE('',*,*,#5002,.T.);
#2314=ORIENTED_EDGE('',*,*,#4733,.F.);
#2315=ORIENTED_EDGE('',*,*,#5000,.T.);
#2316=ORIENTED_EDGE('',*,*,#4053,.T.);
#2317=ORIENTED_EDGE('',*,*,#4997,.T.);
#2318=ORIENTED_EDGE('',*,*,#4729,.F.);
#2319=ORIENTED_EDGE('',*,*,#4995,.T.);
#2320=ORIENTED_EDGE('',*,*,#4050,.T.);
#2321=ORIENTED_EDGE('',*,*,#4992,.T.);
#2322=ORIENTED_EDGE('',*,*,#4725,.F.);
#2323=ORIENTED_EDGE('',*,*,#4990,.T.);
#2324=ORIENTED_EDGE('',*,*,#4047,.T.);
#2325=ORIENTED_EDGE('',*,*,#4987,.T.);
#2326=ORIENTED_EDGE('',*,*,#4721,.F.);
#2327=ORIENTED_EDGE('',*,*,#4985,.T.);
#2328=ORIENTED_EDGE('',*,*,#4044,.T.);
#2329=ORIENTED_EDGE('',*,*,#4982,.T.);
#2330=ORIENTED_EDGE('',*,*,#4717,.F.);
#2331=ORIENTED_EDGE('',*,*,#4980,.T.);
#2332=ORIENTED_EDGE('',*,*,#4041,.T.);
#2333=ORIENTED_EDGE('',*,*,#4977,.T.);
#2334=ORIENTED_EDGE('',*,*,#4713,.F.);
#2335=ORIENTED_EDGE('',*,*,#4975,.T.);
#2336=ORIENTED_EDGE('',*,*,#4038,.T.);
#2337=ORIENTED_EDGE('',*,*,#4972,.T.);
#2338=ORIENTED_EDGE('',*,*,#4709,.F.);
#2339=ORIENTED_EDGE('',*,*,#4970,.T.);
#2340=ORIENTED_EDGE('',*,*,#4035,.T.);
#2341=ORIENTED_EDGE('',*,*,#4967,.F.);
#2342=ORIENTED_EDGE('',*,*,#4837,.T.);
#2343=ORIENTED_EDGE('',*,*,#5281,.F.);
#2344=ORIENTED_EDGE('',*,*,#3938,.F.);
#2345=ORIENTED_EDGE('',*,*,#5283,.F.);
#2346=ORIENTED_EDGE('',*,*,#4841,.T.);
#2347=ORIENTED_EDGE('',*,*,#5276,.F.);
#2348=ORIENTED_EDGE('',*,*,#3941,.F.);
#2349=ORIENTED_EDGE('',*,*,#5279,.F.);
#2350=ORIENTED_EDGE('',*,*,#4845,.T.);
#2351=ORIENTED_EDGE('',*,*,#5271,.F.);
#2352=ORIENTED_EDGE('',*,*,#3944,.F.);
#2353=ORIENTED_EDGE('',*,*,#5274,.F.);
#2354=ORIENTED_EDGE('',*,*,#4849,.T.);
#2355=ORIENTED_EDGE('',*,*,#5266,.F.);
#2356=ORIENTED_EDGE('',*,*,#3947,.F.);
#2357=ORIENTED_EDGE('',*,*,#5269,.F.);
#2358=ORIENTED_EDGE('',*,*,#4853,.T.);
#2359=ORIENTED_EDGE('',*,*,#5261,.F.);
#2360=ORIENTED_EDGE('',*,*,#3950,.F.);
#2361=ORIENTED_EDGE('',*,*,#5264,.F.);
#2362=ORIENTED_EDGE('',*,*,#4857,.T.);
#2363=ORIENTED_EDGE('',*,*,#5256,.F.);
#2364=ORIENTED_EDGE('',*,*,#3953,.F.);
#2365=ORIENTED_EDGE('',*,*,#5259,.F.);
#2366=ORIENTED_EDGE('',*,*,#4861,.T.);
#2367=ORIENTED_EDGE('',*,*,#5251,.F.);
#2368=ORIENTED_EDGE('',*,*,#3956,.F.);
#2369=ORIENTED_EDGE('',*,*,#5254,.F.);
#2370=ORIENTED_EDGE('',*,*,#4865,.T.);
#2371=ORIENTED_EDGE('',*,*,#5246,.F.);
#2372=ORIENTED_EDGE('',*,*,#3959,.F.);
#2373=ORIENTED_EDGE('',*,*,#5249,.F.);
#2374=ORIENTED_EDGE('',*,*,#4869,.T.);
#2375=ORIENTED_EDGE('',*,*,#5241,.F.);
#2376=ORIENTED_EDGE('',*,*,#3962,.F.);
#2377=ORIENTED_EDGE('',*,*,#5244,.F.);
#2378=ORIENTED_EDGE('',*,*,#4873,.T.);
#2379=ORIENTED_EDGE('',*,*,#5236,.F.);
#2380=ORIENTED_EDGE('',*,*,#3965,.F.);
#2381=ORIENTED_EDGE('',*,*,#5239,.F.);
#2382=ORIENTED_EDGE('',*,*,#4877,.T.);
#2383=ORIENTED_EDGE('',*,*,#5231,.F.);
#2384=ORIENTED_EDGE('',*,*,#3968,.F.);
#2385=ORIENTED_EDGE('',*,*,#5234,.F.);
#2386=ORIENTED_EDGE('',*,*,#4881,.T.);
#2387=ORIENTED_EDGE('',*,*,#5226,.F.);
#2388=ORIENTED_EDGE('',*,*,#3971,.F.);
#2389=ORIENTED_EDGE('',*,*,#5229,.F.);
#2390=ORIENTED_EDGE('',*,*,#4885,.T.);
#2391=ORIENTED_EDGE('',*,*,#5221,.F.);
#2392=ORIENTED_EDGE('',*,*,#3974,.F.);
#2393=ORIENTED_EDGE('',*,*,#5224,.F.);
#2394=ORIENTED_EDGE('',*,*,#4889,.T.);
#2395=ORIENTED_EDGE('',*,*,#5216,.F.);
#2396=ORIENTED_EDGE('',*,*,#3977,.F.);
#2397=ORIENTED_EDGE('',*,*,#5219,.F.);
#2398=ORIENTED_EDGE('',*,*,#4893,.T.);
#2399=ORIENTED_EDGE('',*,*,#5211,.F.);
#2400=ORIENTED_EDGE('',*,*,#3980,.F.);
#2401=ORIENTED_EDGE('',*,*,#5214,.F.);
#2402=ORIENTED_EDGE('',*,*,#4897,.T.);
#2403=ORIENTED_EDGE('',*,*,#5206,.F.);
#2404=ORIENTED_EDGE('',*,*,#3983,.F.);
#2405=ORIENTED_EDGE('',*,*,#5209,.F.);
#2406=ORIENTED_EDGE('',*,*,#4901,.T.);
#2407=ORIENTED_EDGE('',*,*,#5201,.F.);
#2408=ORIENTED_EDGE('',*,*,#3986,.F.);
#2409=ORIENTED_EDGE('',*,*,#5204,.F.);
#2410=ORIENTED_EDGE('',*,*,#4905,.T.);
#2411=ORIENTED_EDGE('',*,*,#5196,.F.);
#2412=ORIENTED_EDGE('',*,*,#3989,.F.);
#2413=ORIENTED_EDGE('',*,*,#5199,.F.);
#2414=ORIENTED_EDGE('',*,*,#4909,.T.);
#2415=ORIENTED_EDGE('',*,*,#5191,.F.);
#2416=ORIENTED_EDGE('',*,*,#3992,.F.);
#2417=ORIENTED_EDGE('',*,*,#5194,.F.);
#2418=ORIENTED_EDGE('',*,*,#4913,.T.);
#2419=ORIENTED_EDGE('',*,*,#5186,.F.);
#2420=ORIENTED_EDGE('',*,*,#3995,.F.);
#2421=ORIENTED_EDGE('',*,*,#5189,.F.);
#2422=ORIENTED_EDGE('',*,*,#4917,.T.);
#2423=ORIENTED_EDGE('',*,*,#5181,.F.);
#2424=ORIENTED_EDGE('',*,*,#3998,.F.);
#2425=ORIENTED_EDGE('',*,*,#5184,.F.);
#2426=ORIENTED_EDGE('',*,*,#4921,.T.);
#2427=ORIENTED_EDGE('',*,*,#5176,.F.);
#2428=ORIENTED_EDGE('',*,*,#4001,.F.);
#2429=ORIENTED_EDGE('',*,*,#5179,.F.);
#2430=ORIENTED_EDGE('',*,*,#4925,.T.);
#2431=ORIENTED_EDGE('',*,*,#5171,.F.);
#2432=ORIENTED_EDGE('',*,*,#4004,.F.);
#2433=ORIENTED_EDGE('',*,*,#5174,.F.);
#2434=ORIENTED_EDGE('',*,*,#4929,.T.);
#2435=ORIENTED_EDGE('',*,*,#5166,.F.);
#2436=ORIENTED_EDGE('',*,*,#4007,.F.);
#2437=ORIENTED_EDGE('',*,*,#5169,.F.);
#2438=ORIENTED_EDGE('',*,*,#4933,.T.);
#2439=ORIENTED_EDGE('',*,*,#5161,.F.);
#2440=ORIENTED_EDGE('',*,*,#4010,.F.);
#2441=ORIENTED_EDGE('',*,*,#5164,.F.);
#2442=ORIENTED_EDGE('',*,*,#4937,.T.);
#2443=ORIENTED_EDGE('',*,*,#5156,.F.);
#2444=ORIENTED_EDGE('',*,*,#4013,.F.);
#2445=ORIENTED_EDGE('',*,*,#5159,.F.);
#2446=ORIENTED_EDGE('',*,*,#4941,.T.);
#2447=ORIENTED_EDGE('',*,*,#5151,.F.);
#2448=ORIENTED_EDGE('',*,*,#4016,.F.);
#2449=ORIENTED_EDGE('',*,*,#5154,.F.);
#2450=ORIENTED_EDGE('',*,*,#4945,.T.);
#2451=ORIENTED_EDGE('',*,*,#5146,.F.);
#2452=ORIENTED_EDGE('',*,*,#4019,.F.);
#2453=ORIENTED_EDGE('',*,*,#5149,.F.);
#2454=ORIENTED_EDGE('',*,*,#4949,.T.);
#2455=ORIENTED_EDGE('',*,*,#5141,.F.);
#2456=ORIENTED_EDGE('',*,*,#4022,.F.);
#2457=ORIENTED_EDGE('',*,*,#5144,.F.);
#2458=ORIENTED_EDGE('',*,*,#4953,.T.);
#2459=ORIENTED_EDGE('',*,*,#5136,.F.);
#2460=ORIENTED_EDGE('',*,*,#4025,.F.);
#2461=ORIENTED_EDGE('',*,*,#5139,.F.);
#2462=ORIENTED_EDGE('',*,*,#4957,.T.);
#2463=ORIENTED_EDGE('',*,*,#5131,.F.);
#2464=ORIENTED_EDGE('',*,*,#4028,.F.);
#2465=ORIENTED_EDGE('',*,*,#5134,.F.);
#2466=ORIENTED_EDGE('',*,*,#4961,.T.);
#2467=ORIENTED_EDGE('',*,*,#5126,.T.);
#2468=ORIENTED_EDGE('',*,*,#4031,.F.);
#2469=ORIENTED_EDGE('',*,*,#5129,.F.);
#2470=ORIENTED_EDGE('',*,*,#4384,.T.);
#2471=ORIENTED_EDGE('',*,*,#4968,.F.);
#2472=ORIENTED_EDGE('',*,*,#4707,.F.);
#2473=ORIENTED_EDGE('',*,*,#4966,.F.);
#2474=ORIENTED_EDGE('',*,*,#4575,.T.);
#2475=ORIENTED_EDGE('',*,*,#4973,.F.);
#2476=ORIENTED_EDGE('',*,*,#4711,.F.);
#2477=ORIENTED_EDGE('',*,*,#4971,.F.);
#2478=ORIENTED_EDGE('',*,*,#4572,.T.);
#2479=ORIENTED_EDGE('',*,*,#4978,.F.);
#2480=ORIENTED_EDGE('',*,*,#4715,.F.);
#2481=ORIENTED_EDGE('',*,*,#4976,.F.);
#2482=ORIENTED_EDGE('',*,*,#4569,.T.);
#2483=ORIENTED_EDGE('',*,*,#4983,.F.);
#2484=ORIENTED_EDGE('',*,*,#4719,.F.);
#2485=ORIENTED_EDGE('',*,*,#4981,.F.);
#2486=ORIENTED_EDGE('',*,*,#4566,.T.);
#2487=ORIENTED_EDGE('',*,*,#4988,.F.);
#2488=ORIENTED_EDGE('',*,*,#4723,.F.);
#2489=ORIENTED_EDGE('',*,*,#4986,.F.);
#2490=ORIENTED_EDGE('',*,*,#4563,.T.);
#2491=ORIENTED_EDGE('',*,*,#4993,.F.);
#2492=ORIENTED_EDGE('',*,*,#4727,.F.);
#2493=ORIENTED_EDGE('',*,*,#4991,.F.);
#2494=ORIENTED_EDGE('',*,*,#4560,.T.);
#2495=ORIENTED_EDGE('',*,*,#4998,.F.);
#2496=ORIENTED_EDGE('',*,*,#4731,.F.);
#2497=ORIENTED_EDGE('',*,*,#4996,.F.);
#2498=ORIENTED_EDGE('',*,*,#4557,.T.);
#2499=ORIENTED_EDGE('',*,*,#5003,.F.);
#2500=ORIENTED_EDGE('',*,*,#4735,.F.);
#2501=ORIENTED_EDGE('',*,*,#5001,.F.);
#2502=ORIENTED_EDGE('',*,*,#4554,.T.);
#2503=ORIENTED_EDGE('',*,*,#5008,.F.);
#2504=ORIENTED_EDGE('',*,*,#4739,.F.);
#2505=ORIENTED_EDGE('',*,*,#5006,.F.);
#2506=ORIENTED_EDGE('',*,*,#4551,.T.);
#2507=ORIENTED_EDGE('',*,*,#5013,.F.);
#2508=ORIENTED_EDGE('',*,*,#4743,.F.);
#2509=ORIENTED_EDGE('',*,*,#5011,.F.);
#2510=ORIENTED_EDGE('',*,*,#4548,.T.);
#2511=ORIENTED_EDGE('',*,*,#5018,.F.);
#2512=ORIENTED_EDGE('',*,*,#4747,.F.);
#2513=ORIENTED_EDGE('',*,*,#5016,.F.);
#2514=ORIENTED_EDGE('',*,*,#4545,.T.);
#2515=ORIENTED_EDGE('',*,*,#5023,.F.);
#2516=ORIENTED_EDGE('',*,*,#4751,.F.);
#2517=ORIENTED_EDGE('',*,*,#5021,.F.);
#2518=ORIENTED_EDGE('',*,*,#4542,.T.);
#2519=ORIENTED_EDGE('',*,*,#5028,.F.);
#2520=ORIENTED_EDGE('',*,*,#4755,.F.);
#2521=ORIENTED_EDGE('',*,*,#5026,.F.);
#2522=ORIENTED_EDGE('',*,*,#4539,.T.);
#2523=ORIENTED_EDGE('',*,*,#5033,.F.);
#2524=ORIENTED_EDGE('',*,*,#4759,.F.);
#2525=ORIENTED_EDGE('',*,*,#5031,.F.);
#2526=ORIENTED_EDGE('',*,*,#4536,.T.);
#2527=ORIENTED_EDGE('',*,*,#5038,.F.);
#2528=ORIENTED_EDGE('',*,*,#4763,.F.);
#2529=ORIENTED_EDGE('',*,*,#5036,.F.);
#2530=ORIENTED_EDGE('',*,*,#4533,.T.);
#2531=ORIENTED_EDGE('',*,*,#5043,.F.);
#2532=ORIENTED_EDGE('',*,*,#4767,.F.);
#2533=ORIENTED_EDGE('',*,*,#5041,.F.);
#2534=ORIENTED_EDGE('',*,*,#4530,.T.);
#2535=ORIENTED_EDGE('',*,*,#5048,.F.);
#2536=ORIENTED_EDGE('',*,*,#4771,.F.);
#2537=ORIENTED_EDGE('',*,*,#5046,.F.);
#2538=ORIENTED_EDGE('',*,*,#4527,.T.);
#2539=ORIENTED_EDGE('',*,*,#5053,.F.);
#2540=ORIENTED_EDGE('',*,*,#4775,.F.);
#2541=ORIENTED_EDGE('',*,*,#5051,.F.);
#2542=ORIENTED_EDGE('',*,*,#4524,.T.);
#2543=ORIENTED_EDGE('',*,*,#5058,.F.);
#2544=ORIENTED_EDGE('',*,*,#4779,.F.);
#2545=ORIENTED_EDGE('',*,*,#5056,.F.);
#2546=ORIENTED_EDGE('',*,*,#4521,.T.);
#2547=ORIENTED_EDGE('',*,*,#5063,.F.);
#2548=ORIENTED_EDGE('',*,*,#4783,.F.);
#2549=ORIENTED_EDGE('',*,*,#5061,.F.);
#2550=ORIENTED_EDGE('',*,*,#4518,.T.);
#2551=ORIENTED_EDGE('',*,*,#5068,.F.);
#2552=ORIENTED_EDGE('',*,*,#4787,.F.);
#2553=ORIENTED_EDGE('',*,*,#5066,.F.);
#2554=ORIENTED_EDGE('',*,*,#4515,.T.);
#2555=ORIENTED_EDGE('',*,*,#5073,.F.);
#2556=ORIENTED_EDGE('',*,*,#4791,.F.);
#2557=ORIENTED_EDGE('',*,*,#5071,.F.);
#2558=ORIENTED_EDGE('',*,*,#4512,.T.);
#2559=ORIENTED_EDGE('',*,*,#5078,.F.);
#2560=ORIENTED_EDGE('',*,*,#4795,.F.);
#2561=ORIENTED_EDGE('',*,*,#5076,.F.);
#2562=ORIENTED_EDGE('',*,*,#4509,.T.);
#2563=ORIENTED_EDGE('',*,*,#5083,.F.);
#2564=ORIENTED_EDGE('',*,*,#4799,.F.);
#2565=ORIENTED_EDGE('',*,*,#5081,.F.);
#2566=ORIENTED_EDGE('',*,*,#4506,.T.);
#2567=ORIENTED_EDGE('',*,*,#5088,.F.);
#2568=ORIENTED_EDGE('',*,*,#4803,.F.);
#2569=ORIENTED_EDGE('',*,*,#5086,.F.);
#2570=ORIENTED_EDGE('',*,*,#4503,.T.);
#2571=ORIENTED_EDGE('',*,*,#5093,.F.);
#2572=ORIENTED_EDGE('',*,*,#4807,.F.);
#2573=ORIENTED_EDGE('',*,*,#5091,.F.);
#2574=ORIENTED_EDGE('',*,*,#4500,.T.);
#2575=ORIENTED_EDGE('',*,*,#5098,.F.);
#2576=ORIENTED_EDGE('',*,*,#4811,.F.);
#2577=ORIENTED_EDGE('',*,*,#5096,.F.);
#2578=ORIENTED_EDGE('',*,*,#4497,.T.);
#2579=ORIENTED_EDGE('',*,*,#5103,.F.);
#2580=ORIENTED_EDGE('',*,*,#4815,.F.);
#2581=ORIENTED_EDGE('',*,*,#5101,.F.);
#2582=ORIENTED_EDGE('',*,*,#4494,.T.);
#2583=ORIENTED_EDGE('',*,*,#5108,.F.);
#2584=ORIENTED_EDGE('',*,*,#4819,.F.);
#2585=ORIENTED_EDGE('',*,*,#5106,.F.);
#2586=ORIENTED_EDGE('',*,*,#4491,.T.);
#2587=ORIENTED_EDGE('',*,*,#5113,.F.);
#2588=ORIENTED_EDGE('',*,*,#4823,.F.);
#2589=ORIENTED_EDGE('',*,*,#5111,.F.);
#2590=ORIENTED_EDGE('',*,*,#4488,.T.);
#2591=ORIENTED_EDGE('',*,*,#5118,.F.);
#2592=ORIENTED_EDGE('',*,*,#4827,.F.);
#2593=ORIENTED_EDGE('',*,*,#5116,.F.);
#2594=ORIENTED_EDGE('',*,*,#4485,.T.);
#2595=ORIENTED_EDGE('',*,*,#5123,.F.);
#2596=ORIENTED_EDGE('',*,*,#4831,.F.);
#2597=ORIENTED_EDGE('',*,*,#5121,.F.);
#2598=ORIENTED_EDGE('',*,*,#4959,.T.);
#2599=ORIENTED_EDGE('',*,*,#5128,.F.);
#2600=ORIENTED_EDGE('',*,*,#4388,.F.);
#2601=ORIENTED_EDGE('',*,*,#5125,.F.);
#2602=ORIENTED_EDGE('',*,*,#4955,.T.);
#2603=ORIENTED_EDGE('',*,*,#5133,.F.);
#2604=ORIENTED_EDGE('',*,*,#4391,.F.);
#2605=ORIENTED_EDGE('',*,*,#5130,.F.);
#2606=ORIENTED_EDGE('',*,*,#4951,.T.);
#2607=ORIENTED_EDGE('',*,*,#5138,.F.);
#2608=ORIENTED_EDGE('',*,*,#4394,.F.);
#2609=ORIENTED_EDGE('',*,*,#5135,.F.);
#2610=ORIENTED_EDGE('',*,*,#4947,.T.);
#2611=ORIENTED_EDGE('',*,*,#5143,.F.);
#2612=ORIENTED_EDGE('',*,*,#4397,.F.);
#2613=ORIENTED_EDGE('',*,*,#5140,.F.);
#2614=ORIENTED_EDGE('',*,*,#4943,.T.);
#2615=ORIENTED_EDGE('',*,*,#5148,.F.);
#2616=ORIENTED_EDGE('',*,*,#4400,.F.);
#2617=ORIENTED_EDGE('',*,*,#5145,.F.);
#2618=ORIENTED_EDGE('',*,*,#4939,.T.);
#2619=ORIENTED_EDGE('',*,*,#5153,.F.);
#2620=ORIENTED_EDGE('',*,*,#4403,.F.);
#2621=ORIENTED_EDGE('',*,*,#5150,.F.);
#2622=ORIENTED_EDGE('',*,*,#4935,.T.);
#2623=ORIENTED_EDGE('',*,*,#5158,.F.);
#2624=ORIENTED_EDGE('',*,*,#4406,.F.);
#2625=ORIENTED_EDGE('',*,*,#5155,.F.);
#2626=ORIENTED_EDGE('',*,*,#4931,.T.);
#2627=ORIENTED_EDGE('',*,*,#5163,.F.);
#2628=ORIENTED_EDGE('',*,*,#4409,.F.);
#2629=ORIENTED_EDGE('',*,*,#5160,.F.);
#2630=ORIENTED_EDGE('',*,*,#4927,.T.);
#2631=ORIENTED_EDGE('',*,*,#5168,.F.);
#2632=ORIENTED_EDGE('',*,*,#4412,.F.);
#2633=ORIENTED_EDGE('',*,*,#5165,.F.);
#2634=ORIENTED_EDGE('',*,*,#4923,.T.);
#2635=ORIENTED_EDGE('',*,*,#5173,.F.);
#2636=ORIENTED_EDGE('',*,*,#4415,.F.);
#2637=ORIENTED_EDGE('',*,*,#5170,.F.);
#2638=ORIENTED_EDGE('',*,*,#4919,.T.);
#2639=ORIENTED_EDGE('',*,*,#5178,.F.);
#2640=ORIENTED_EDGE('',*,*,#4418,.F.);
#2641=ORIENTED_EDGE('',*,*,#5175,.F.);
#2642=ORIENTED_EDGE('',*,*,#4915,.T.);
#2643=ORIENTED_EDGE('',*,*,#5183,.F.);
#2644=ORIENTED_EDGE('',*,*,#4421,.F.);
#2645=ORIENTED_EDGE('',*,*,#5180,.F.);
#2646=ORIENTED_EDGE('',*,*,#4911,.T.);
#2647=ORIENTED_EDGE('',*,*,#5188,.F.);
#2648=ORIENTED_EDGE('',*,*,#4424,.F.);
#2649=ORIENTED_EDGE('',*,*,#5185,.F.);
#2650=ORIENTED_EDGE('',*,*,#4907,.T.);
#2651=ORIENTED_EDGE('',*,*,#5193,.F.);
#2652=ORIENTED_EDGE('',*,*,#4427,.F.);
#2653=ORIENTED_EDGE('',*,*,#5190,.F.);
#2654=ORIENTED_EDGE('',*,*,#4903,.T.);
#2655=ORIENTED_EDGE('',*,*,#5198,.F.);
#2656=ORIENTED_EDGE('',*,*,#4430,.F.);
#2657=ORIENTED_EDGE('',*,*,#5195,.F.);
#2658=ORIENTED_EDGE('',*,*,#4899,.T.);
#2659=ORIENTED_EDGE('',*,*,#5203,.F.);
#2660=ORIENTED_EDGE('',*,*,#4433,.F.);
#2661=ORIENTED_EDGE('',*,*,#5200,.F.);
#2662=ORIENTED_EDGE('',*,*,#4895,.T.);
#2663=ORIENTED_EDGE('',*,*,#5208,.F.);
#2664=ORIENTED_EDGE('',*,*,#4436,.F.);
#2665=ORIENTED_EDGE('',*,*,#5205,.F.);
#2666=ORIENTED_EDGE('',*,*,#4891,.T.);
#2667=ORIENTED_EDGE('',*,*,#5213,.F.);
#2668=ORIENTED_EDGE('',*,*,#4439,.F.);
#2669=ORIENTED_EDGE('',*,*,#5210,.F.);
#2670=ORIENTED_EDGE('',*,*,#4887,.T.);
#2671=ORIENTED_EDGE('',*,*,#5218,.F.);
#2672=ORIENTED_EDGE('',*,*,#4442,.F.);
#2673=ORIENTED_EDGE('',*,*,#5215,.F.);
#2674=ORIENTED_EDGE('',*,*,#4883,.T.);
#2675=ORIENTED_EDGE('',*,*,#5223,.F.);
#2676=ORIENTED_EDGE('',*,*,#4445,.F.);
#2677=ORIENTED_EDGE('',*,*,#5220,.F.);
#2678=ORIENTED_EDGE('',*,*,#4879,.T.);
#2679=ORIENTED_EDGE('',*,*,#5228,.F.);
#2680=ORIENTED_EDGE('',*,*,#4448,.F.);
#2681=ORIENTED_EDGE('',*,*,#5225,.F.);
#2682=ORIENTED_EDGE('',*,*,#4875,.T.);
#2683=ORIENTED_EDGE('',*,*,#5233,.F.);
#2684=ORIENTED_EDGE('',*,*,#4451,.F.);
#2685=ORIENTED_EDGE('',*,*,#5230,.F.);
#2686=ORIENTED_EDGE('',*,*,#4871,.T.);
#2687=ORIENTED_EDGE('',*,*,#5238,.F.);
#2688=ORIENTED_EDGE('',*,*,#4454,.F.);
#2689=ORIENTED_EDGE('',*,*,#5235,.F.);
#2690=ORIENTED_EDGE('',*,*,#4867,.T.);
#2691=ORIENTED_EDGE('',*,*,#5243,.F.);
#2692=ORIENTED_EDGE('',*,*,#4457,.F.);
#2693=ORIENTED_EDGE('',*,*,#5240,.F.);
#2694=ORIENTED_EDGE('',*,*,#4863,.T.);
#2695=ORIENTED_EDGE('',*,*,#5248,.F.);
#2696=ORIENTED_EDGE('',*,*,#4460,.F.);
#2697=ORIENTED_EDGE('',*,*,#5245,.F.);
#2698=ORIENTED_EDGE('',*,*,#4859,.T.);
#2699=ORIENTED_EDGE('',*,*,#5253,.F.);
#2700=ORIENTED_EDGE('',*,*,#4463,.F.);
#2701=ORIENTED_EDGE('',*,*,#5250,.F.);
#2702=ORIENTED_EDGE('',*,*,#4855,.T.);
#2703=ORIENTED_EDGE('',*,*,#5258,.F.);
#2704=ORIENTED_EDGE('',*,*,#4466,.F.);
#2705=ORIENTED_EDGE('',*,*,#5255,.F.);
#2706=ORIENTED_EDGE('',*,*,#4851,.T.);
#2707=ORIENTED_EDGE('',*,*,#5263,.F.);
#2708=ORIENTED_EDGE('',*,*,#4469,.F.);
#2709=ORIENTED_EDGE('',*,*,#5260,.F.);
#2710=ORIENTED_EDGE('',*,*,#4847,.T.);
#2711=ORIENTED_EDGE('',*,*,#5268,.F.);
#2712=ORIENTED_EDGE('',*,*,#4472,.F.);
#2713=ORIENTED_EDGE('',*,*,#5265,.F.);
#2714=ORIENTED_EDGE('',*,*,#4843,.T.);
#2715=ORIENTED_EDGE('',*,*,#5273,.F.);
#2716=ORIENTED_EDGE('',*,*,#4475,.F.);
#2717=ORIENTED_EDGE('',*,*,#5270,.F.);
#2718=ORIENTED_EDGE('',*,*,#4839,.T.);
#2719=ORIENTED_EDGE('',*,*,#5278,.F.);
#2720=ORIENTED_EDGE('',*,*,#4478,.F.);
#2721=ORIENTED_EDGE('',*,*,#5275,.F.);
#2722=ORIENTED_EDGE('',*,*,#4835,.T.);
#2723=ORIENTED_EDGE('',*,*,#5282,.F.);
#2724=ORIENTED_EDGE('',*,*,#4481,.F.);
#2725=ORIENTED_EDGE('',*,*,#5280,.F.);
#2726=ORIENTED_EDGE('',*,*,#5284,.T.);
#2727=ORIENTED_EDGE('',*,*,#3931,.F.);
#2728=ORIENTED_EDGE('',*,*,#5285,.F.);
#2729=ORIENTED_EDGE('',*,*,#4381,.F.);
#2730=ORIENTED_EDGE('',*,*,#5286,.T.);
#2731=ORIENTED_EDGE('',*,*,#3932,.F.);
#2732=ORIENTED_EDGE('',*,*,#5284,.F.);
#2733=ORIENTED_EDGE('',*,*,#4380,.F.);
#2734=ORIENTED_EDGE('',*,*,#5287,.T.);
#2735=ORIENTED_EDGE('',*,*,#3933,.F.);
#2736=ORIENTED_EDGE('',*,*,#5286,.F.);
#2737=ORIENTED_EDGE('',*,*,#4383,.F.);
#2738=ORIENTED_EDGE('',*,*,#5285,.T.);
#2739=ORIENTED_EDGE('',*,*,#3930,.F.);
#2740=ORIENTED_EDGE('',*,*,#5287,.F.);
#2741=ORIENTED_EDGE('',*,*,#4382,.F.);
#2742=ORIENTED_EDGE('',*,*,#5288,.T.);
#2743=ORIENTED_EDGE('',*,*,#4129,.F.);
#2744=ORIENTED_EDGE('',*,*,#5289,.F.);
#2745=ORIENTED_EDGE('',*,*,#4579,.F.);
#2746=ORIENTED_EDGE('',*,*,#5290,.T.);
#2747=ORIENTED_EDGE('',*,*,#4130,.F.);
#2748=ORIENTED_EDGE('',*,*,#5288,.F.);
#2749=ORIENTED_EDGE('',*,*,#4578,.F.);
#2750=ORIENTED_EDGE('',*,*,#5291,.T.);
#2751=ORIENTED_EDGE('',*,*,#4131,.F.);
#2752=ORIENTED_EDGE('',*,*,#5290,.F.);
#2753=ORIENTED_EDGE('',*,*,#4581,.F.);
#2754=ORIENTED_EDGE('',*,*,#5289,.T.);
#2755=ORIENTED_EDGE('',*,*,#4128,.F.);
#2756=ORIENTED_EDGE('',*,*,#5291,.F.);
#2757=ORIENTED_EDGE('',*,*,#4580,.F.);
#2758=ORIENTED_EDGE('',*,*,#5292,.T.);
#2759=ORIENTED_EDGE('',*,*,#3927,.F.);
#2760=ORIENTED_EDGE('',*,*,#5293,.F.);
#2761=ORIENTED_EDGE('',*,*,#4377,.F.);
#2762=ORIENTED_EDGE('',*,*,#5294,.T.);
#2763=ORIENTED_EDGE('',*,*,#3928,.F.);
#2764=ORIENTED_EDGE('',*,*,#5292,.F.);
#2765=ORIENTED_EDGE('',*,*,#4376,.F.);
#2766=ORIENTED_EDGE('',*,*,#5295,.T.);
#2767=ORIENTED_EDGE('',*,*,#3929,.F.);
#2768=ORIENTED_EDGE('',*,*,#5294,.F.);
#2769=ORIENTED_EDGE('',*,*,#4379,.F.);
#2770=ORIENTED_EDGE('',*,*,#5293,.T.);
#2771=ORIENTED_EDGE('',*,*,#3926,.F.);
#2772=ORIENTED_EDGE('',*,*,#5295,.F.);
#2773=ORIENTED_EDGE('',*,*,#4378,.F.);
#2774=ORIENTED_EDGE('',*,*,#5296,.T.);
#2775=ORIENTED_EDGE('',*,*,#4133,.F.);
#2776=ORIENTED_EDGE('',*,*,#5297,.F.);
#2777=ORIENTED_EDGE('',*,*,#4583,.F.);
#2778=ORIENTED_EDGE('',*,*,#5298,.T.);
#2779=ORIENTED_EDGE('',*,*,#4134,.F.);
#2780=ORIENTED_EDGE('',*,*,#5296,.F.);
#2781=ORIENTED_EDGE('',*,*,#4582,.F.);
#2782=ORIENTED_EDGE('',*,*,#5299,.T.);
#2783=ORIENTED_EDGE('',*,*,#4135,.F.);
#2784=ORIENTED_EDGE('',*,*,#5298,.F.);
#2785=ORIENTED_EDGE('',*,*,#4585,.F.);
#2786=ORIENTED_EDGE('',*,*,#5297,.T.);
#2787=ORIENTED_EDGE('',*,*,#4132,.F.);
#2788=ORIENTED_EDGE('',*,*,#5299,.F.);
#2789=ORIENTED_EDGE('',*,*,#4584,.F.);
#2790=ORIENTED_EDGE('',*,*,#5300,.T.);
#2791=ORIENTED_EDGE('',*,*,#3923,.F.);
#2792=ORIENTED_EDGE('',*,*,#5301,.F.);
#2793=ORIENTED_EDGE('',*,*,#4373,.F.);
#2794=ORIENTED_EDGE('',*,*,#5302,.T.);
#2795=ORIENTED_EDGE('',*,*,#3924,.F.);
#2796=ORIENTED_EDGE('',*,*,#5300,.F.);
#2797=ORIENTED_EDGE('',*,*,#4372,.F.);
#2798=ORIENTED_EDGE('',*,*,#5303,.T.);
#2799=ORIENTED_EDGE('',*,*,#3925,.F.);
#2800=ORIENTED_EDGE('',*,*,#5302,.F.);
#2801=ORIENTED_EDGE('',*,*,#4375,.F.);
#2802=ORIENTED_EDGE('',*,*,#5301,.T.);
#2803=ORIENTED_EDGE('',*,*,#3922,.F.);
#2804=ORIENTED_EDGE('',*,*,#5303,.F.);
#2805=ORIENTED_EDGE('',*,*,#4374,.F.);
#2806=ORIENTED_EDGE('',*,*,#5304,.T.);
#2807=ORIENTED_EDGE('',*,*,#4137,.F.);
#2808=ORIENTED_EDGE('',*,*,#5305,.F.);
#2809=ORIENTED_EDGE('',*,*,#4587,.F.);
#2810=ORIENTED_EDGE('',*,*,#5306,.T.);
#2811=ORIENTED_EDGE('',*,*,#4138,.F.);
#2812=ORIENTED_EDGE('',*,*,#5304,.F.);
#2813=ORIENTED_EDGE('',*,*,#4586,.F.);
#2814=ORIENTED_EDGE('',*,*,#5307,.T.);
#2815=ORIENTED_EDGE('',*,*,#4139,.F.);
#2816=ORIENTED_EDGE('',*,*,#5306,.F.);
#2817=ORIENTED_EDGE('',*,*,#4589,.F.);
#2818=ORIENTED_EDGE('',*,*,#5305,.T.);
#2819=ORIENTED_EDGE('',*,*,#4136,.F.);
#2820=ORIENTED_EDGE('',*,*,#5307,.F.);
#2821=ORIENTED_EDGE('',*,*,#4588,.F.);
#2822=ORIENTED_EDGE('',*,*,#5308,.T.);
#2823=ORIENTED_EDGE('',*,*,#3919,.F.);
#2824=ORIENTED_EDGE('',*,*,#5309,.F.);
#2825=ORIENTED_EDGE('',*,*,#4369,.F.);
#2826=ORIENTED_EDGE('',*,*,#5310,.T.);
#2827=ORIENTED_EDGE('',*,*,#3920,.F.);
#2828=ORIENTED_EDGE('',*,*,#5308,.F.);
#2829=ORIENTED_EDGE('',*,*,#4368,.F.);
#2830=ORIENTED_EDGE('',*,*,#5311,.T.);
#2831=ORIENTED_EDGE('',*,*,#3921,.F.);
#2832=ORIENTED_EDGE('',*,*,#5310,.F.);
#2833=ORIENTED_EDGE('',*,*,#4371,.F.);
#2834=ORIENTED_EDGE('',*,*,#5309,.T.);
#2835=ORIENTED_EDGE('',*,*,#3918,.F.);
#2836=ORIENTED_EDGE('',*,*,#5311,.F.);
#2837=ORIENTED_EDGE('',*,*,#4370,.F.);
#2838=ORIENTED_EDGE('',*,*,#5312,.T.);
#2839=ORIENTED_EDGE('',*,*,#4141,.F.);
#2840=ORIENTED_EDGE('',*,*,#5313,.F.);
#2841=ORIENTED_EDGE('',*,*,#4591,.F.);
#2842=ORIENTED_EDGE('',*,*,#5314,.T.);
#2843=ORIENTED_EDGE('',*,*,#4142,.F.);
#2844=ORIENTED_EDGE('',*,*,#5312,.F.);
#2845=ORIENTED_EDGE('',*,*,#4590,.F.);
#2846=ORIENTED_EDGE('',*,*,#5315,.T.);
#2847=ORIENTED_EDGE('',*,*,#4143,.F.);
#2848=ORIENTED_EDGE('',*,*,#5314,.F.);
#2849=ORIENTED_EDGE('',*,*,#4593,.F.);
#2850=ORIENTED_EDGE('',*,*,#5313,.T.);
#2851=ORIENTED_EDGE('',*,*,#4140,.F.);
#2852=ORIENTED_EDGE('',*,*,#5315,.F.);
#2853=ORIENTED_EDGE('',*,*,#4592,.F.);
#2854=ORIENTED_EDGE('',*,*,#5316,.T.);
#2855=ORIENTED_EDGE('',*,*,#3915,.F.);
#2856=ORIENTED_EDGE('',*,*,#5317,.F.);
#2857=ORIENTED_EDGE('',*,*,#4365,.F.);
#2858=ORIENTED_EDGE('',*,*,#5318,.T.);
#2859=ORIENTED_EDGE('',*,*,#3916,.F.);
#2860=ORIENTED_EDGE('',*,*,#5316,.F.);
#2861=ORIENTED_EDGE('',*,*,#4364,.F.);
#2862=ORIENTED_EDGE('',*,*,#5319,.T.);
#2863=ORIENTED_EDGE('',*,*,#3917,.F.);
#2864=ORIENTED_EDGE('',*,*,#5318,.F.);
#2865=ORIENTED_EDGE('',*,*,#4367,.F.);
#2866=ORIENTED_EDGE('',*,*,#5317,.T.);
#2867=ORIENTED_EDGE('',*,*,#3914,.F.);
#2868=ORIENTED_EDGE('',*,*,#5319,.F.);
#2869=ORIENTED_EDGE('',*,*,#4366,.F.);
#2870=ORIENTED_EDGE('',*,*,#5320,.T.);
#2871=ORIENTED_EDGE('',*,*,#4145,.F.);
#2872=ORIENTED_EDGE('',*,*,#5321,.F.);
#2873=ORIENTED_EDGE('',*,*,#4595,.F.);
#2874=ORIENTED_EDGE('',*,*,#5322,.T.);
#2875=ORIENTED_EDGE('',*,*,#4146,.F.);
#2876=ORIENTED_EDGE('',*,*,#5320,.F.);
#2877=ORIENTED_EDGE('',*,*,#4594,.F.);
#2878=ORIENTED_EDGE('',*,*,#5323,.T.);
#2879=ORIENTED_EDGE('',*,*,#4147,.F.);
#2880=ORIENTED_EDGE('',*,*,#5322,.F.);
#2881=ORIENTED_EDGE('',*,*,#4597,.F.);
#2882=ORIENTED_EDGE('',*,*,#5321,.T.);
#2883=ORIENTED_EDGE('',*,*,#4144,.F.);
#2884=ORIENTED_EDGE('',*,*,#5323,.F.);
#2885=ORIENTED_EDGE('',*,*,#4596,.F.);
#2886=ORIENTED_EDGE('',*,*,#5324,.T.);
#2887=ORIENTED_EDGE('',*,*,#3911,.F.);
#2888=ORIENTED_EDGE('',*,*,#5325,.F.);
#2889=ORIENTED_EDGE('',*,*,#4361,.F.);
#2890=ORIENTED_EDGE('',*,*,#5326,.T.);
#2891=ORIENTED_EDGE('',*,*,#3912,.F.);
#2892=ORIENTED_EDGE('',*,*,#5324,.F.);
#2893=ORIENTED_EDGE('',*,*,#4360,.F.);
#2894=ORIENTED_EDGE('',*,*,#5327,.T.);
#2895=ORIENTED_EDGE('',*,*,#3913,.F.);
#2896=ORIENTED_EDGE('',*,*,#5326,.F.);
#2897=ORIENTED_EDGE('',*,*,#4363,.F.);
#2898=ORIENTED_EDGE('',*,*,#5325,.T.);
#2899=ORIENTED_EDGE('',*,*,#3910,.F.);
#2900=ORIENTED_EDGE('',*,*,#5327,.F.);
#2901=ORIENTED_EDGE('',*,*,#4362,.F.);
#2902=ORIENTED_EDGE('',*,*,#5328,.T.);
#2903=ORIENTED_EDGE('',*,*,#4149,.F.);
#2904=ORIENTED_EDGE('',*,*,#5329,.F.);
#2905=ORIENTED_EDGE('',*,*,#4599,.F.);
#2906=ORIENTED_EDGE('',*,*,#5330,.T.);
#2907=ORIENTED_EDGE('',*,*,#4150,.F.);
#2908=ORIENTED_EDGE('',*,*,#5328,.F.);
#2909=ORIENTED_EDGE('',*,*,#4598,.F.);
#2910=ORIENTED_EDGE('',*,*,#5331,.T.);
#2911=ORIENTED_EDGE('',*,*,#4151,.F.);
#2912=ORIENTED_EDGE('',*,*,#5330,.F.);
#2913=ORIENTED_EDGE('',*,*,#4601,.F.);
#2914=ORIENTED_EDGE('',*,*,#5329,.T.);
#2915=ORIENTED_EDGE('',*,*,#4148,.F.);
#2916=ORIENTED_EDGE('',*,*,#5331,.F.);
#2917=ORIENTED_EDGE('',*,*,#4600,.F.);
#2918=ORIENTED_EDGE('',*,*,#5332,.T.);
#2919=ORIENTED_EDGE('',*,*,#3907,.F.);
#2920=ORIENTED_EDGE('',*,*,#5333,.F.);
#2921=ORIENTED_EDGE('',*,*,#4357,.F.);
#2922=ORIENTED_EDGE('',*,*,#5334,.T.);
#2923=ORIENTED_EDGE('',*,*,#3908,.F.);
#2924=ORIENTED_EDGE('',*,*,#5332,.F.);
#2925=ORIENTED_EDGE('',*,*,#4356,.F.);
#2926=ORIENTED_EDGE('',*,*,#5335,.T.);
#2927=ORIENTED_EDGE('',*,*,#3909,.F.);
#2928=ORIENTED_EDGE('',*,*,#5334,.F.);
#2929=ORIENTED_EDGE('',*,*,#4359,.F.);
#2930=ORIENTED_EDGE('',*,*,#5333,.T.);
#2931=ORIENTED_EDGE('',*,*,#3906,.F.);
#2932=ORIENTED_EDGE('',*,*,#5335,.F.);
#2933=ORIENTED_EDGE('',*,*,#4358,.F.);
#2934=ORIENTED_EDGE('',*,*,#5336,.T.);
#2935=ORIENTED_EDGE('',*,*,#4153,.F.);
#2936=ORIENTED_EDGE('',*,*,#5337,.F.);
#2937=ORIENTED_EDGE('',*,*,#4603,.F.);
#2938=ORIENTED_EDGE('',*,*,#5338,.T.);
#2939=ORIENTED_EDGE('',*,*,#4154,.F.);
#2940=ORIENTED_EDGE('',*,*,#5336,.F.);
#2941=ORIENTED_EDGE('',*,*,#4602,.F.);
#2942=ORIENTED_EDGE('',*,*,#5339,.T.);
#2943=ORIENTED_EDGE('',*,*,#4155,.F.);
#2944=ORIENTED_EDGE('',*,*,#5338,.F.);
#2945=ORIENTED_EDGE('',*,*,#4605,.F.);
#2946=ORIENTED_EDGE('',*,*,#5337,.T.);
#2947=ORIENTED_EDGE('',*,*,#4152,.F.);
#2948=ORIENTED_EDGE('',*,*,#5339,.F.);
#2949=ORIENTED_EDGE('',*,*,#4604,.F.);
#2950=ORIENTED_EDGE('',*,*,#5340,.T.);
#2951=ORIENTED_EDGE('',*,*,#3903,.F.);
#2952=ORIENTED_EDGE('',*,*,#5341,.F.);
#2953=ORIENTED_EDGE('',*,*,#4353,.F.);
#2954=ORIENTED_EDGE('',*,*,#5342,.T.);
#2955=ORIENTED_EDGE('',*,*,#3904,.F.);
#2956=ORIENTED_EDGE('',*,*,#5340,.F.);
#2957=ORIENTED_EDGE('',*,*,#4352,.F.);
#2958=ORIENTED_EDGE('',*,*,#5343,.T.);
#2959=ORIENTED_EDGE('',*,*,#3905,.F.);
#2960=ORIENTED_EDGE('',*,*,#5342,.F.);
#2961=ORIENTED_EDGE('',*,*,#4355,.F.);
#2962=ORIENTED_EDGE('',*,*,#5341,.T.);
#2963=ORIENTED_EDGE('',*,*,#3902,.F.);
#2964=ORIENTED_EDGE('',*,*,#5343,.F.);
#2965=ORIENTED_EDGE('',*,*,#4354,.F.);
#2966=ORIENTED_EDGE('',*,*,#5344,.T.);
#2967=ORIENTED_EDGE('',*,*,#4157,.F.);
#2968=ORIENTED_EDGE('',*,*,#5345,.F.);
#2969=ORIENTED_EDGE('',*,*,#4607,.F.);
#2970=ORIENTED_EDGE('',*,*,#5346,.T.);
#2971=ORIENTED_EDGE('',*,*,#4158,.F.);
#2972=ORIENTED_EDGE('',*,*,#5344,.F.);
#2973=ORIENTED_EDGE('',*,*,#4606,.F.);
#2974=ORIENTED_EDGE('',*,*,#5347,.T.);
#2975=ORIENTED_EDGE('',*,*,#4159,.F.);
#2976=ORIENTED_EDGE('',*,*,#5346,.F.);
#2977=ORIENTED_EDGE('',*,*,#4609,.F.);
#2978=ORIENTED_EDGE('',*,*,#5345,.T.);
#2979=ORIENTED_EDGE('',*,*,#4156,.F.);
#2980=ORIENTED_EDGE('',*,*,#5347,.F.);
#2981=ORIENTED_EDGE('',*,*,#4608,.F.);
#2982=ORIENTED_EDGE('',*,*,#5348,.T.);
#2983=ORIENTED_EDGE('',*,*,#3899,.F.);
#2984=ORIENTED_EDGE('',*,*,#5349,.F.);
#2985=ORIENTED_EDGE('',*,*,#4349,.F.);
#2986=ORIENTED_EDGE('',*,*,#5350,.T.);
#2987=ORIENTED_EDGE('',*,*,#3900,.F.);
#2988=ORIENTED_EDGE('',*,*,#5348,.F.);
#2989=ORIENTED_EDGE('',*,*,#4348,.F.);
#2990=ORIENTED_EDGE('',*,*,#5351,.T.);
#2991=ORIENTED_EDGE('',*,*,#3901,.F.);
#2992=ORIENTED_EDGE('',*,*,#5350,.F.);
#2993=ORIENTED_EDGE('',*,*,#4351,.F.);
#2994=ORIENTED_EDGE('',*,*,#5349,.T.);
#2995=ORIENTED_EDGE('',*,*,#3898,.F.);
#2996=ORIENTED_EDGE('',*,*,#5351,.F.);
#2997=ORIENTED_EDGE('',*,*,#4350,.F.);
#2998=ORIENTED_EDGE('',*,*,#5352,.T.);
#2999=ORIENTED_EDGE('',*,*,#4161,.F.);
#3000=ORIENTED_EDGE('',*,*,#5353,.F.);
#3001=ORIENTED_EDGE('',*,*,#4611,.F.);
#3002=ORIENTED_EDGE('',*,*,#5354,.T.);
#3003=ORIENTED_EDGE('',*,*,#4162,.F.);
#3004=ORIENTED_EDGE('',*,*,#5352,.F.);
#3005=ORIENTED_EDGE('',*,*,#4610,.F.);
#3006=ORIENTED_EDGE('',*,*,#5355,.T.);
#3007=ORIENTED_EDGE('',*,*,#4163,.F.);
#3008=ORIENTED_EDGE('',*,*,#5354,.F.);
#3009=ORIENTED_EDGE('',*,*,#4613,.F.);
#3010=ORIENTED_EDGE('',*,*,#5353,.T.);
#3011=ORIENTED_EDGE('',*,*,#4160,.F.);
#3012=ORIENTED_EDGE('',*,*,#5355,.F.);
#3013=ORIENTED_EDGE('',*,*,#4612,.F.);
#3014=ORIENTED_EDGE('',*,*,#5356,.T.);
#3015=ORIENTED_EDGE('',*,*,#3895,.F.);
#3016=ORIENTED_EDGE('',*,*,#5357,.F.);
#3017=ORIENTED_EDGE('',*,*,#4345,.F.);
#3018=ORIENTED_EDGE('',*,*,#5358,.T.);
#3019=ORIENTED_EDGE('',*,*,#3896,.F.);
#3020=ORIENTED_EDGE('',*,*,#5356,.F.);
#3021=ORIENTED_EDGE('',*,*,#4344,.F.);
#3022=ORIENTED_EDGE('',*,*,#5359,.T.);
#3023=ORIENTED_EDGE('',*,*,#3897,.F.);
#3024=ORIENTED_EDGE('',*,*,#5358,.F.);
#3025=ORIENTED_EDGE('',*,*,#4347,.F.);
#3026=ORIENTED_EDGE('',*,*,#5357,.T.);
#3027=ORIENTED_EDGE('',*,*,#3894,.F.);
#3028=ORIENTED_EDGE('',*,*,#5359,.F.);
#3029=ORIENTED_EDGE('',*,*,#4346,.F.);
#3030=ORIENTED_EDGE('',*,*,#5360,.T.);
#3031=ORIENTED_EDGE('',*,*,#4165,.F.);
#3032=ORIENTED_EDGE('',*,*,#5361,.F.);
#3033=ORIENTED_EDGE('',*,*,#4615,.F.);
#3034=ORIENTED_EDGE('',*,*,#5362,.T.);
#3035=ORIENTED_EDGE('',*,*,#4166,.F.);
#3036=ORIENTED_EDGE('',*,*,#5360,.F.);
#3037=ORIENTED_EDGE('',*,*,#4614,.F.);
#3038=ORIENTED_EDGE('',*,*,#5363,.T.);
#3039=ORIENTED_EDGE('',*,*,#4167,.F.);
#3040=ORIENTED_EDGE('',*,*,#5362,.F.);
#3041=ORIENTED_EDGE('',*,*,#4617,.F.);
#3042=ORIENTED_EDGE('',*,*,#5361,.T.);
#3043=ORIENTED_EDGE('',*,*,#4164,.F.);
#3044=ORIENTED_EDGE('',*,*,#5363,.F.);
#3045=ORIENTED_EDGE('',*,*,#4616,.F.);
#3046=ORIENTED_EDGE('',*,*,#5364,.T.);
#3047=ORIENTED_EDGE('',*,*,#3891,.F.);
#3048=ORIENTED_EDGE('',*,*,#5365,.F.);
#3049=ORIENTED_EDGE('',*,*,#4341,.F.);
#3050=ORIENTED_EDGE('',*,*,#5366,.T.);
#3051=ORIENTED_EDGE('',*,*,#3892,.F.);
#3052=ORIENTED_EDGE('',*,*,#5364,.F.);
#3053=ORIENTED_EDGE('',*,*,#4340,.F.);
#3054=ORIENTED_EDGE('',*,*,#5367,.T.);
#3055=ORIENTED_EDGE('',*,*,#3893,.F.);
#3056=ORIENTED_EDGE('',*,*,#5366,.F.);
#3057=ORIENTED_EDGE('',*,*,#4343,.F.);
#3058=ORIENTED_EDGE('',*,*,#5365,.T.);
#3059=ORIENTED_EDGE('',*,*,#3890,.F.);
#3060=ORIENTED_EDGE('',*,*,#5367,.F.);
#3061=ORIENTED_EDGE('',*,*,#4342,.F.);
#3062=ORIENTED_EDGE('',*,*,#5368,.T.);
#3063=ORIENTED_EDGE('',*,*,#4169,.F.);
#3064=ORIENTED_EDGE('',*,*,#5369,.F.);
#3065=ORIENTED_EDGE('',*,*,#4619,.F.);
#3066=ORIENTED_EDGE('',*,*,#5370,.T.);
#3067=ORIENTED_EDGE('',*,*,#4170,.F.);
#3068=ORIENTED_EDGE('',*,*,#5368,.F.);
#3069=ORIENTED_EDGE('',*,*,#4618,.F.);
#3070=ORIENTED_EDGE('',*,*,#5371,.T.);
#3071=ORIENTED_EDGE('',*,*,#4171,.F.);
#3072=ORIENTED_EDGE('',*,*,#5370,.F.);
#3073=ORIENTED_EDGE('',*,*,#4621,.F.);
#3074=ORIENTED_EDGE('',*,*,#5369,.T.);
#3075=ORIENTED_EDGE('',*,*,#4168,.F.);
#3076=ORIENTED_EDGE('',*,*,#5371,.F.);
#3077=ORIENTED_EDGE('',*,*,#4620,.F.);
#3078=ORIENTED_EDGE('',*,*,#5372,.T.);
#3079=ORIENTED_EDGE('',*,*,#3887,.F.);
#3080=ORIENTED_EDGE('',*,*,#5373,.F.);
#3081=ORIENTED_EDGE('',*,*,#4337,.F.);
#3082=ORIENTED_EDGE('',*,*,#5374,.T.);
#3083=ORIENTED_EDGE('',*,*,#3888,.F.);
#3084=ORIENTED_EDGE('',*,*,#5372,.F.);
#3085=ORIENTED_EDGE('',*,*,#4336,.F.);
#3086=ORIENTED_EDGE('',*,*,#5375,.T.);
#3087=ORIENTED_EDGE('',*,*,#3889,.F.);
#3088=ORIENTED_EDGE('',*,*,#5374,.F.);
#3089=ORIENTED_EDGE('',*,*,#4339,.F.);
#3090=ORIENTED_EDGE('',*,*,#5373,.T.);
#3091=ORIENTED_EDGE('',*,*,#3886,.F.);
#3092=ORIENTED_EDGE('',*,*,#5375,.F.);
#3093=ORIENTED_EDGE('',*,*,#4338,.F.);
#3094=ORIENTED_EDGE('',*,*,#5376,.T.);
#3095=ORIENTED_EDGE('',*,*,#4173,.F.);
#3096=ORIENTED_EDGE('',*,*,#5377,.F.);
#3097=ORIENTED_EDGE('',*,*,#4623,.F.);
#3098=ORIENTED_EDGE('',*,*,#5378,.T.);
#3099=ORIENTED_EDGE('',*,*,#4174,.F.);
#3100=ORIENTED_EDGE('',*,*,#5376,.F.);
#3101=ORIENTED_EDGE('',*,*,#4622,.F.);
#3102=ORIENTED_EDGE('',*,*,#5379,.T.);
#3103=ORIENTED_EDGE('',*,*,#4175,.F.);
#3104=ORIENTED_EDGE('',*,*,#5378,.F.);
#3105=ORIENTED_EDGE('',*,*,#4625,.F.);
#3106=ORIENTED_EDGE('',*,*,#5377,.T.);
#3107=ORIENTED_EDGE('',*,*,#4172,.F.);
#3108=ORIENTED_EDGE('',*,*,#5379,.F.);
#3109=ORIENTED_EDGE('',*,*,#4624,.F.);
#3110=ORIENTED_EDGE('',*,*,#5380,.T.);
#3111=ORIENTED_EDGE('',*,*,#3883,.F.);
#3112=ORIENTED_EDGE('',*,*,#5381,.F.);
#3113=ORIENTED_EDGE('',*,*,#4333,.F.);
#3114=ORIENTED_EDGE('',*,*,#5382,.T.);
#3115=ORIENTED_EDGE('',*,*,#3884,.F.);
#3116=ORIENTED_EDGE('',*,*,#5380,.F.);
#3117=ORIENTED_EDGE('',*,*,#4332,.F.);
#3118=ORIENTED_EDGE('',*,*,#5383,.T.);
#3119=ORIENTED_EDGE('',*,*,#3885,.F.);
#3120=ORIENTED_EDGE('',*,*,#5382,.F.);
#3121=ORIENTED_EDGE('',*,*,#4335,.F.);
#3122=ORIENTED_EDGE('',*,*,#5381,.T.);
#3123=ORIENTED_EDGE('',*,*,#3882,.F.);
#3124=ORIENTED_EDGE('',*,*,#5383,.F.);
#3125=ORIENTED_EDGE('',*,*,#4334,.F.);
#3126=ORIENTED_EDGE('',*,*,#5384,.T.);
#3127=ORIENTED_EDGE('',*,*,#4177,.F.);
#3128=ORIENTED_EDGE('',*,*,#5385,.F.);
#3129=ORIENTED_EDGE('',*,*,#4627,.F.);
#3130=ORIENTED_EDGE('',*,*,#5386,.T.);
#3131=ORIENTED_EDGE('',*,*,#4178,.F.);
#3132=ORIENTED_EDGE('',*,*,#5384,.F.);
#3133=ORIENTED_EDGE('',*,*,#4626,.F.);
#3134=ORIENTED_EDGE('',*,*,#5387,.T.);
#3135=ORIENTED_EDGE('',*,*,#4179,.F.);
#3136=ORIENTED_EDGE('',*,*,#5386,.F.);
#3137=ORIENTED_EDGE('',*,*,#4629,.F.);
#3138=ORIENTED_EDGE('',*,*,#5385,.T.);
#3139=ORIENTED_EDGE('',*,*,#4176,.F.);
#3140=ORIENTED_EDGE('',*,*,#5387,.F.);
#3141=ORIENTED_EDGE('',*,*,#4628,.F.);
#3142=ORIENTED_EDGE('',*,*,#5388,.T.);
#3143=ORIENTED_EDGE('',*,*,#3879,.F.);
#3144=ORIENTED_EDGE('',*,*,#5389,.F.);
#3145=ORIENTED_EDGE('',*,*,#4329,.F.);
#3146=ORIENTED_EDGE('',*,*,#5390,.T.);
#3147=ORIENTED_EDGE('',*,*,#3880,.F.);
#3148=ORIENTED_EDGE('',*,*,#5388,.F.);
#3149=ORIENTED_EDGE('',*,*,#4328,.F.);
#3150=ORIENTED_EDGE('',*,*,#5391,.T.);
#3151=ORIENTED_EDGE('',*,*,#3881,.F.);
#3152=ORIENTED_EDGE('',*,*,#5390,.F.);
#3153=ORIENTED_EDGE('',*,*,#4331,.F.);
#3154=ORIENTED_EDGE('',*,*,#5389,.T.);
#3155=ORIENTED_EDGE('',*,*,#3878,.F.);
#3156=ORIENTED_EDGE('',*,*,#5391,.F.);
#3157=ORIENTED_EDGE('',*,*,#4330,.F.);
#3158=ORIENTED_EDGE('',*,*,#5392,.T.);
#3159=ORIENTED_EDGE('',*,*,#4181,.F.);
#3160=ORIENTED_EDGE('',*,*,#5393,.F.);
#3161=ORIENTED_EDGE('',*,*,#4631,.F.);
#3162=ORIENTED_EDGE('',*,*,#5394,.T.);
#3163=ORIENTED_EDGE('',*,*,#4182,.F.);
#3164=ORIENTED_EDGE('',*,*,#5392,.F.);
#3165=ORIENTED_EDGE('',*,*,#4630,.F.);
#3166=ORIENTED_EDGE('',*,*,#5395,.T.);
#3167=ORIENTED_EDGE('',*,*,#4183,.F.);
#3168=ORIENTED_EDGE('',*,*,#5394,.F.);
#3169=ORIENTED_EDGE('',*,*,#4633,.F.);
#3170=ORIENTED_EDGE('',*,*,#5393,.T.);
#3171=ORIENTED_EDGE('',*,*,#4180,.F.);
#3172=ORIENTED_EDGE('',*,*,#5395,.F.);
#3173=ORIENTED_EDGE('',*,*,#4632,.F.);
#3174=ORIENTED_EDGE('',*,*,#5396,.T.);
#3175=ORIENTED_EDGE('',*,*,#3875,.F.);
#3176=ORIENTED_EDGE('',*,*,#5397,.F.);
#3177=ORIENTED_EDGE('',*,*,#4325,.F.);
#3178=ORIENTED_EDGE('',*,*,#5398,.T.);
#3179=ORIENTED_EDGE('',*,*,#3876,.F.);
#3180=ORIENTED_EDGE('',*,*,#5396,.F.);
#3181=ORIENTED_EDGE('',*,*,#4324,.F.);
#3182=ORIENTED_EDGE('',*,*,#5399,.T.);
#3183=ORIENTED_EDGE('',*,*,#3877,.F.);
#3184=ORIENTED_EDGE('',*,*,#5398,.F.);
#3185=ORIENTED_EDGE('',*,*,#4327,.F.);
#3186=ORIENTED_EDGE('',*,*,#5397,.T.);
#3187=ORIENTED_EDGE('',*,*,#3874,.F.);
#3188=ORIENTED_EDGE('',*,*,#5399,.F.);
#3189=ORIENTED_EDGE('',*,*,#4326,.F.);
#3190=ORIENTED_EDGE('',*,*,#5400,.T.);
#3191=ORIENTED_EDGE('',*,*,#4185,.F.);
#3192=ORIENTED_EDGE('',*,*,#5401,.F.);
#3193=ORIENTED_EDGE('',*,*,#4635,.F.);
#3194=ORIENTED_EDGE('',*,*,#5402,.T.);
#3195=ORIENTED_EDGE('',*,*,#4186,.F.);
#3196=ORIENTED_EDGE('',*,*,#5400,.F.);
#3197=ORIENTED_EDGE('',*,*,#4634,.F.);
#3198=ORIENTED_EDGE('',*,*,#5403,.T.);
#3199=ORIENTED_EDGE('',*,*,#4187,.F.);
#3200=ORIENTED_EDGE('',*,*,#5402,.F.);
#3201=ORIENTED_EDGE('',*,*,#4637,.F.);
#3202=ORIENTED_EDGE('',*,*,#5401,.T.);
#3203=ORIENTED_EDGE('',*,*,#4184,.F.);
#3204=ORIENTED_EDGE('',*,*,#5403,.F.);
#3205=ORIENTED_EDGE('',*,*,#4636,.F.);
#3206=ORIENTED_EDGE('',*,*,#5404,.T.);
#3207=ORIENTED_EDGE('',*,*,#3871,.F.);
#3208=ORIENTED_EDGE('',*,*,#5405,.F.);
#3209=ORIENTED_EDGE('',*,*,#4321,.F.);
#3210=ORIENTED_EDGE('',*,*,#5406,.T.);
#3211=ORIENTED_EDGE('',*,*,#3872,.F.);
#3212=ORIENTED_EDGE('',*,*,#5404,.F.);
#3213=ORIENTED_EDGE('',*,*,#4320,.F.);
#3214=ORIENTED_EDGE('',*,*,#5407,.T.);
#3215=ORIENTED_EDGE('',*,*,#3873,.F.);
#3216=ORIENTED_EDGE('',*,*,#5406,.F.);
#3217=ORIENTED_EDGE('',*,*,#4323,.F.);
#3218=ORIENTED_EDGE('',*,*,#5405,.T.);
#3219=ORIENTED_EDGE('',*,*,#3870,.F.);
#3220=ORIENTED_EDGE('',*,*,#5407,.F.);
#3221=ORIENTED_EDGE('',*,*,#4322,.F.);
#3222=ORIENTED_EDGE('',*,*,#5408,.T.);
#3223=ORIENTED_EDGE('',*,*,#4189,.F.);
#3224=ORIENTED_EDGE('',*,*,#5409,.F.);
#3225=ORIENTED_EDGE('',*,*,#4639,.F.);
#3226=ORIENTED_EDGE('',*,*,#5410,.T.);
#3227=ORIENTED_EDGE('',*,*,#4190,.F.);
#3228=ORIENTED_EDGE('',*,*,#5408,.F.);
#3229=ORIENTED_EDGE('',*,*,#4638,.F.);
#3230=ORIENTED_EDGE('',*,*,#5411,.T.);
#3231=ORIENTED_EDGE('',*,*,#4191,.F.);
#3232=ORIENTED_EDGE('',*,*,#5410,.F.);
#3233=ORIENTED_EDGE('',*,*,#4641,.F.);
#3234=ORIENTED_EDGE('',*,*,#5409,.T.);
#3235=ORIENTED_EDGE('',*,*,#4188,.F.);
#3236=ORIENTED_EDGE('',*,*,#5411,.F.);
#3237=ORIENTED_EDGE('',*,*,#4640,.F.);
#3238=ORIENTED_EDGE('',*,*,#5412,.T.);
#3239=ORIENTED_EDGE('',*,*,#3867,.F.);
#3240=ORIENTED_EDGE('',*,*,#5413,.F.);
#3241=ORIENTED_EDGE('',*,*,#4317,.F.);
#3242=ORIENTED_EDGE('',*,*,#5414,.T.);
#3243=ORIENTED_EDGE('',*,*,#3868,.F.);
#3244=ORIENTED_EDGE('',*,*,#5412,.F.);
#3245=ORIENTED_EDGE('',*,*,#4316,.F.);
#3246=ORIENTED_EDGE('',*,*,#5415,.T.);
#3247=ORIENTED_EDGE('',*,*,#3869,.F.);
#3248=ORIENTED_EDGE('',*,*,#5414,.F.);
#3249=ORIENTED_EDGE('',*,*,#4319,.F.);
#3250=ORIENTED_EDGE('',*,*,#5413,.T.);
#3251=ORIENTED_EDGE('',*,*,#3866,.F.);
#3252=ORIENTED_EDGE('',*,*,#5415,.F.);
#3253=ORIENTED_EDGE('',*,*,#4318,.F.);
#3254=ORIENTED_EDGE('',*,*,#5416,.T.);
#3255=ORIENTED_EDGE('',*,*,#4193,.F.);
#3256=ORIENTED_EDGE('',*,*,#5417,.F.);
#3257=ORIENTED_EDGE('',*,*,#4643,.F.);
#3258=ORIENTED_EDGE('',*,*,#5418,.T.);
#3259=ORIENTED_EDGE('',*,*,#4194,.F.);
#3260=ORIENTED_EDGE('',*,*,#5416,.F.);
#3261=ORIENTED_EDGE('',*,*,#4642,.F.);
#3262=ORIENTED_EDGE('',*,*,#5419,.T.);
#3263=ORIENTED_EDGE('',*,*,#4195,.F.);
#3264=ORIENTED_EDGE('',*,*,#5418,.F.);
#3265=ORIENTED_EDGE('',*,*,#4645,.F.);
#3266=ORIENTED_EDGE('',*,*,#5417,.T.);
#3267=ORIENTED_EDGE('',*,*,#4192,.F.);
#3268=ORIENTED_EDGE('',*,*,#5419,.F.);
#3269=ORIENTED_EDGE('',*,*,#4644,.F.);
#3270=ORIENTED_EDGE('',*,*,#5420,.T.);
#3271=ORIENTED_EDGE('',*,*,#3863,.F.);
#3272=ORIENTED_EDGE('',*,*,#5421,.F.);
#3273=ORIENTED_EDGE('',*,*,#4313,.F.);
#3274=ORIENTED_EDGE('',*,*,#5422,.T.);
#3275=ORIENTED_EDGE('',*,*,#3864,.F.);
#3276=ORIENTED_EDGE('',*,*,#5420,.F.);
#3277=ORIENTED_EDGE('',*,*,#4312,.F.);
#3278=ORIENTED_EDGE('',*,*,#5423,.T.);
#3279=ORIENTED_EDGE('',*,*,#3865,.F.);
#3280=ORIENTED_EDGE('',*,*,#5422,.F.);
#3281=ORIENTED_EDGE('',*,*,#4315,.F.);
#3282=ORIENTED_EDGE('',*,*,#5421,.T.);
#3283=ORIENTED_EDGE('',*,*,#3862,.F.);
#3284=ORIENTED_EDGE('',*,*,#5423,.F.);
#3285=ORIENTED_EDGE('',*,*,#4314,.F.);
#3286=ORIENTED_EDGE('',*,*,#5424,.T.);
#3287=ORIENTED_EDGE('',*,*,#4197,.F.);
#3288=ORIENTED_EDGE('',*,*,#5425,.F.);
#3289=ORIENTED_EDGE('',*,*,#4647,.F.);
#3290=ORIENTED_EDGE('',*,*,#5426,.T.);
#3291=ORIENTED_EDGE('',*,*,#4198,.F.);
#3292=ORIENTED_EDGE('',*,*,#5424,.F.);
#3293=ORIENTED_EDGE('',*,*,#4646,.F.);
#3294=ORIENTED_EDGE('',*,*,#5427,.T.);
#3295=ORIENTED_EDGE('',*,*,#4199,.F.);
#3296=ORIENTED_EDGE('',*,*,#5426,.F.);
#3297=ORIENTED_EDGE('',*,*,#4649,.F.);
#3298=ORIENTED_EDGE('',*,*,#5425,.T.);
#3299=ORIENTED_EDGE('',*,*,#4196,.F.);
#3300=ORIENTED_EDGE('',*,*,#5427,.F.);
#3301=ORIENTED_EDGE('',*,*,#4648,.F.);
#3302=ORIENTED_EDGE('',*,*,#5428,.T.);
#3303=ORIENTED_EDGE('',*,*,#3859,.F.);
#3304=ORIENTED_EDGE('',*,*,#5429,.F.);
#3305=ORIENTED_EDGE('',*,*,#4309,.F.);
#3306=ORIENTED_EDGE('',*,*,#5430,.T.);
#3307=ORIENTED_EDGE('',*,*,#3860,.F.);
#3308=ORIENTED_EDGE('',*,*,#5428,.F.);
#3309=ORIENTED_EDGE('',*,*,#4308,.F.);
#3310=ORIENTED_EDGE('',*,*,#5431,.T.);
#3311=ORIENTED_EDGE('',*,*,#3861,.F.);
#3312=ORIENTED_EDGE('',*,*,#5430,.F.);
#3313=ORIENTED_EDGE('',*,*,#4311,.F.);
#3314=ORIENTED_EDGE('',*,*,#5429,.T.);
#3315=ORIENTED_EDGE('',*,*,#3858,.F.);
#3316=ORIENTED_EDGE('',*,*,#5431,.F.);
#3317=ORIENTED_EDGE('',*,*,#4310,.F.);
#3318=ORIENTED_EDGE('',*,*,#5432,.T.);
#3319=ORIENTED_EDGE('',*,*,#4201,.F.);
#3320=ORIENTED_EDGE('',*,*,#5433,.F.);
#3321=ORIENTED_EDGE('',*,*,#4651,.F.);
#3322=ORIENTED_EDGE('',*,*,#5434,.T.);
#3323=ORIENTED_EDGE('',*,*,#4202,.F.);
#3324=ORIENTED_EDGE('',*,*,#5432,.F.);
#3325=ORIENTED_EDGE('',*,*,#4650,.F.);
#3326=ORIENTED_EDGE('',*,*,#5435,.T.);
#3327=ORIENTED_EDGE('',*,*,#4203,.F.);
#3328=ORIENTED_EDGE('',*,*,#5434,.F.);
#3329=ORIENTED_EDGE('',*,*,#4653,.F.);
#3330=ORIENTED_EDGE('',*,*,#5433,.T.);
#3331=ORIENTED_EDGE('',*,*,#4200,.F.);
#3332=ORIENTED_EDGE('',*,*,#5435,.F.);
#3333=ORIENTED_EDGE('',*,*,#4652,.F.);
#3334=ORIENTED_EDGE('',*,*,#5436,.T.);
#3335=ORIENTED_EDGE('',*,*,#3855,.F.);
#3336=ORIENTED_EDGE('',*,*,#5437,.F.);
#3337=ORIENTED_EDGE('',*,*,#4305,.F.);
#3338=ORIENTED_EDGE('',*,*,#5438,.T.);
#3339=ORIENTED_EDGE('',*,*,#3856,.F.);
#3340=ORIENTED_EDGE('',*,*,#5436,.F.);
#3341=ORIENTED_EDGE('',*,*,#4304,.F.);
#3342=ORIENTED_EDGE('',*,*,#5439,.T.);
#3343=ORIENTED_EDGE('',*,*,#3857,.F.);
#3344=ORIENTED_EDGE('',*,*,#5438,.F.);
#3345=ORIENTED_EDGE('',*,*,#4307,.F.);
#3346=ORIENTED_EDGE('',*,*,#5437,.T.);
#3347=ORIENTED_EDGE('',*,*,#3854,.F.);
#3348=ORIENTED_EDGE('',*,*,#5439,.F.);
#3349=ORIENTED_EDGE('',*,*,#4306,.F.);
#3350=ORIENTED_EDGE('',*,*,#5440,.T.);
#3351=ORIENTED_EDGE('',*,*,#4205,.F.);
#3352=ORIENTED_EDGE('',*,*,#5441,.F.);
#3353=ORIENTED_EDGE('',*,*,#4655,.F.);
#3354=ORIENTED_EDGE('',*,*,#5442,.T.);
#3355=ORIENTED_EDGE('',*,*,#4206,.F.);
#3356=ORIENTED_EDGE('',*,*,#5440,.F.);
#3357=ORIENTED_EDGE('',*,*,#4654,.F.);
#3358=ORIENTED_EDGE('',*,*,#5443,.T.);
#3359=ORIENTED_EDGE('',*,*,#4207,.F.);
#3360=ORIENTED_EDGE('',*,*,#5442,.F.);
#3361=ORIENTED_EDGE('',*,*,#4657,.F.);
#3362=ORIENTED_EDGE('',*,*,#5441,.T.);
#3363=ORIENTED_EDGE('',*,*,#4204,.F.);
#3364=ORIENTED_EDGE('',*,*,#5443,.F.);
#3365=ORIENTED_EDGE('',*,*,#4656,.F.);
#3366=ORIENTED_EDGE('',*,*,#5444,.T.);
#3367=ORIENTED_EDGE('',*,*,#3851,.F.);
#3368=ORIENTED_EDGE('',*,*,#5445,.F.);
#3369=ORIENTED_EDGE('',*,*,#4301,.F.);
#3370=ORIENTED_EDGE('',*,*,#5446,.T.);
#3371=ORIENTED_EDGE('',*,*,#3852,.F.);
#3372=ORIENTED_EDGE('',*,*,#5444,.F.);
#3373=ORIENTED_EDGE('',*,*,#4300,.F.);
#3374=ORIENTED_EDGE('',*,*,#5447,.T.);
#3375=ORIENTED_EDGE('',*,*,#3853,.F.);
#3376=ORIENTED_EDGE('',*,*,#5446,.F.);
#3377=ORIENTED_EDGE('',*,*,#4303,.F.);
#3378=ORIENTED_EDGE('',*,*,#5445,.T.);
#3379=ORIENTED_EDGE('',*,*,#3850,.F.);
#3380=ORIENTED_EDGE('',*,*,#5447,.F.);
#3381=ORIENTED_EDGE('',*,*,#4302,.F.);
#3382=ORIENTED_EDGE('',*,*,#5448,.T.);
#3383=ORIENTED_EDGE('',*,*,#4209,.F.);
#3384=ORIENTED_EDGE('',*,*,#5449,.F.);
#3385=ORIENTED_EDGE('',*,*,#4659,.F.);
#3386=ORIENTED_EDGE('',*,*,#5450,.T.);
#3387=ORIENTED_EDGE('',*,*,#4210,.F.);
#3388=ORIENTED_EDGE('',*,*,#5448,.F.);
#3389=ORIENTED_EDGE('',*,*,#4658,.F.);
#3390=ORIENTED_EDGE('',*,*,#5451,.T.);
#3391=ORIENTED_EDGE('',*,*,#4211,.F.);
#3392=ORIENTED_EDGE('',*,*,#5450,.F.);
#3393=ORIENTED_EDGE('',*,*,#4661,.F.);
#3394=ORIENTED_EDGE('',*,*,#5449,.T.);
#3395=ORIENTED_EDGE('',*,*,#4208,.F.);
#3396=ORIENTED_EDGE('',*,*,#5451,.F.);
#3397=ORIENTED_EDGE('',*,*,#4660,.F.);
#3398=ORIENTED_EDGE('',*,*,#5452,.T.);
#3399=ORIENTED_EDGE('',*,*,#3847,.F.);
#3400=ORIENTED_EDGE('',*,*,#5453,.F.);
#3401=ORIENTED_EDGE('',*,*,#4297,.F.);
#3402=ORIENTED_EDGE('',*,*,#5454,.T.);
#3403=ORIENTED_EDGE('',*,*,#3848,.F.);
#3404=ORIENTED_EDGE('',*,*,#5452,.F.);
#3405=ORIENTED_EDGE('',*,*,#4296,.F.);
#3406=ORIENTED_EDGE('',*,*,#5455,.T.);
#3407=ORIENTED_EDGE('',*,*,#3849,.F.);
#3408=ORIENTED_EDGE('',*,*,#5454,.F.);
#3409=ORIENTED_EDGE('',*,*,#4299,.F.);
#3410=ORIENTED_EDGE('',*,*,#5453,.T.);
#3411=ORIENTED_EDGE('',*,*,#3846,.F.);
#3412=ORIENTED_EDGE('',*,*,#5455,.F.);
#3413=ORIENTED_EDGE('',*,*,#4298,.F.);
#3414=ORIENTED_EDGE('',*,*,#5456,.T.);
#3415=ORIENTED_EDGE('',*,*,#4213,.F.);
#3416=ORIENTED_EDGE('',*,*,#5457,.F.);
#3417=ORIENTED_EDGE('',*,*,#4663,.F.);
#3418=ORIENTED_EDGE('',*,*,#5458,.T.);
#3419=ORIENTED_EDGE('',*,*,#4214,.F.);
#3420=ORIENTED_EDGE('',*,*,#5456,.F.);
#3421=ORIENTED_EDGE('',*,*,#4662,.F.);
#3422=ORIENTED_EDGE('',*,*,#5459,.T.);
#3423=ORIENTED_EDGE('',*,*,#4215,.F.);
#3424=ORIENTED_EDGE('',*,*,#5458,.F.);
#3425=ORIENTED_EDGE('',*,*,#4665,.F.);
#3426=ORIENTED_EDGE('',*,*,#5457,.T.);
#3427=ORIENTED_EDGE('',*,*,#4212,.F.);
#3428=ORIENTED_EDGE('',*,*,#5459,.F.);
#3429=ORIENTED_EDGE('',*,*,#4664,.F.);
#3430=ORIENTED_EDGE('',*,*,#5460,.T.);
#3431=ORIENTED_EDGE('',*,*,#3843,.F.);
#3432=ORIENTED_EDGE('',*,*,#5461,.F.);
#3433=ORIENTED_EDGE('',*,*,#4293,.F.);
#3434=ORIENTED_EDGE('',*,*,#5462,.T.);
#3435=ORIENTED_EDGE('',*,*,#3844,.F.);
#3436=ORIENTED_EDGE('',*,*,#5460,.F.);
#3437=ORIENTED_EDGE('',*,*,#4292,.F.);
#3438=ORIENTED_EDGE('',*,*,#5463,.T.);
#3439=ORIENTED_EDGE('',*,*,#3845,.F.);
#3440=ORIENTED_EDGE('',*,*,#5462,.F.);
#3441=ORIENTED_EDGE('',*,*,#4295,.F.);
#3442=ORIENTED_EDGE('',*,*,#5461,.T.);
#3443=ORIENTED_EDGE('',*,*,#3842,.F.);
#3444=ORIENTED_EDGE('',*,*,#5463,.F.);
#3445=ORIENTED_EDGE('',*,*,#4294,.F.);
#3446=ORIENTED_EDGE('',*,*,#5464,.T.);
#3447=ORIENTED_EDGE('',*,*,#4217,.F.);
#3448=ORIENTED_EDGE('',*,*,#5465,.F.);
#3449=ORIENTED_EDGE('',*,*,#4667,.F.);
#3450=ORIENTED_EDGE('',*,*,#5466,.T.);
#3451=ORIENTED_EDGE('',*,*,#4218,.F.);
#3452=ORIENTED_EDGE('',*,*,#5464,.F.);
#3453=ORIENTED_EDGE('',*,*,#4666,.F.);
#3454=ORIENTED_EDGE('',*,*,#5467,.T.);
#3455=ORIENTED_EDGE('',*,*,#4219,.F.);
#3456=ORIENTED_EDGE('',*,*,#5466,.F.);
#3457=ORIENTED_EDGE('',*,*,#4669,.F.);
#3458=ORIENTED_EDGE('',*,*,#5465,.T.);
#3459=ORIENTED_EDGE('',*,*,#4216,.F.);
#3460=ORIENTED_EDGE('',*,*,#5467,.F.);
#3461=ORIENTED_EDGE('',*,*,#4668,.F.);
#3462=ORIENTED_EDGE('',*,*,#5468,.T.);
#3463=ORIENTED_EDGE('',*,*,#3839,.F.);
#3464=ORIENTED_EDGE('',*,*,#5469,.F.);
#3465=ORIENTED_EDGE('',*,*,#4289,.F.);
#3466=ORIENTED_EDGE('',*,*,#5470,.T.);
#3467=ORIENTED_EDGE('',*,*,#3840,.F.);
#3468=ORIENTED_EDGE('',*,*,#5468,.F.);
#3469=ORIENTED_EDGE('',*,*,#4288,.F.);
#3470=ORIENTED_EDGE('',*,*,#5471,.T.);
#3471=ORIENTED_EDGE('',*,*,#3841,.F.);
#3472=ORIENTED_EDGE('',*,*,#5470,.F.);
#3473=ORIENTED_EDGE('',*,*,#4291,.F.);
#3474=ORIENTED_EDGE('',*,*,#5469,.T.);
#3475=ORIENTED_EDGE('',*,*,#3838,.F.);
#3476=ORIENTED_EDGE('',*,*,#5471,.F.);
#3477=ORIENTED_EDGE('',*,*,#4290,.F.);
#3478=ORIENTED_EDGE('',*,*,#5472,.T.);
#3479=ORIENTED_EDGE('',*,*,#4221,.F.);
#3480=ORIENTED_EDGE('',*,*,#5473,.F.);
#3481=ORIENTED_EDGE('',*,*,#4671,.F.);
#3482=ORIENTED_EDGE('',*,*,#5474,.T.);
#3483=ORIENTED_EDGE('',*,*,#4222,.F.);
#3484=ORIENTED_EDGE('',*,*,#5472,.F.);
#3485=ORIENTED_EDGE('',*,*,#4670,.F.);
#3486=ORIENTED_EDGE('',*,*,#5475,.T.);
#3487=ORIENTED_EDGE('',*,*,#4223,.F.);
#3488=ORIENTED_EDGE('',*,*,#5474,.F.);
#3489=ORIENTED_EDGE('',*,*,#4673,.F.);
#3490=ORIENTED_EDGE('',*,*,#5473,.T.);
#3491=ORIENTED_EDGE('',*,*,#4220,.F.);
#3492=ORIENTED_EDGE('',*,*,#5475,.F.);
#3493=ORIENTED_EDGE('',*,*,#4672,.F.);
#3494=ORIENTED_EDGE('',*,*,#5476,.T.);
#3495=ORIENTED_EDGE('',*,*,#3835,.F.);
#3496=ORIENTED_EDGE('',*,*,#5477,.F.);
#3497=ORIENTED_EDGE('',*,*,#4285,.F.);
#3498=ORIENTED_EDGE('',*,*,#5478,.T.);
#3499=ORIENTED_EDGE('',*,*,#3836,.F.);
#3500=ORIENTED_EDGE('',*,*,#5476,.F.);
#3501=ORIENTED_EDGE('',*,*,#4284,.F.);
#3502=ORIENTED_EDGE('',*,*,#5479,.T.);
#3503=ORIENTED_EDGE('',*,*,#3837,.F.);
#3504=ORIENTED_EDGE('',*,*,#5478,.F.);
#3505=ORIENTED_EDGE('',*,*,#4287,.F.);
#3506=ORIENTED_EDGE('',*,*,#5477,.T.);
#3507=ORIENTED_EDGE('',*,*,#3834,.F.);
#3508=ORIENTED_EDGE('',*,*,#5479,.F.);
#3509=ORIENTED_EDGE('',*,*,#4286,.F.);
#3510=ORIENTED_EDGE('',*,*,#5480,.T.);
#3511=ORIENTED_EDGE('',*,*,#4225,.F.);
#3512=ORIENTED_EDGE('',*,*,#5481,.F.);
#3513=ORIENTED_EDGE('',*,*,#4675,.F.);
#3514=ORIENTED_EDGE('',*,*,#5482,.T.);
#3515=ORIENTED_EDGE('',*,*,#4226,.F.);
#3516=ORIENTED_EDGE('',*,*,#5480,.F.);
#3517=ORIENTED_EDGE('',*,*,#4674,.F.);
#3518=ORIENTED_EDGE('',*,*,#5483,.T.);
#3519=ORIENTED_EDGE('',*,*,#4227,.F.);
#3520=ORIENTED_EDGE('',*,*,#5482,.F.);
#3521=ORIENTED_EDGE('',*,*,#4677,.F.);
#3522=ORIENTED_EDGE('',*,*,#5481,.T.);
#3523=ORIENTED_EDGE('',*,*,#4224,.F.);
#3524=ORIENTED_EDGE('',*,*,#5483,.F.);
#3525=ORIENTED_EDGE('',*,*,#4676,.F.);
#3526=ORIENTED_EDGE('',*,*,#5484,.T.);
#3527=ORIENTED_EDGE('',*,*,#3831,.F.);
#3528=ORIENTED_EDGE('',*,*,#5485,.F.);
#3529=ORIENTED_EDGE('',*,*,#4281,.F.);
#3530=ORIENTED_EDGE('',*,*,#5486,.T.);
#3531=ORIENTED_EDGE('',*,*,#3832,.F.);
#3532=ORIENTED_EDGE('',*,*,#5484,.F.);
#3533=ORIENTED_EDGE('',*,*,#4280,.F.);
#3534=ORIENTED_EDGE('',*,*,#5487,.T.);
#3535=ORIENTED_EDGE('',*,*,#3833,.F.);
#3536=ORIENTED_EDGE('',*,*,#5486,.F.);
#3537=ORIENTED_EDGE('',*,*,#4283,.F.);
#3538=ORIENTED_EDGE('',*,*,#5485,.T.);
#3539=ORIENTED_EDGE('',*,*,#3830,.F.);
#3540=ORIENTED_EDGE('',*,*,#5487,.F.);
#3541=ORIENTED_EDGE('',*,*,#4282,.F.);
#3542=ORIENTED_EDGE('',*,*,#5488,.T.);
#3543=ORIENTED_EDGE('',*,*,#4229,.F.);
#3544=ORIENTED_EDGE('',*,*,#5489,.F.);
#3545=ORIENTED_EDGE('',*,*,#4679,.F.);
#3546=ORIENTED_EDGE('',*,*,#5490,.T.);
#3547=ORIENTED_EDGE('',*,*,#4230,.F.);
#3548=ORIENTED_EDGE('',*,*,#5488,.F.);
#3549=ORIENTED_EDGE('',*,*,#4678,.F.);
#3550=ORIENTED_EDGE('',*,*,#5491,.T.);
#3551=ORIENTED_EDGE('',*,*,#4231,.F.);
#3552=ORIENTED_EDGE('',*,*,#5490,.F.);
#3553=ORIENTED_EDGE('',*,*,#4681,.F.);
#3554=ORIENTED_EDGE('',*,*,#5489,.T.);
#3555=ORIENTED_EDGE('',*,*,#4228,.F.);
#3556=ORIENTED_EDGE('',*,*,#5491,.F.);
#3557=ORIENTED_EDGE('',*,*,#4680,.F.);
#3558=ORIENTED_EDGE('',*,*,#5492,.T.);
#3559=ORIENTED_EDGE('',*,*,#3827,.F.);
#3560=ORIENTED_EDGE('',*,*,#5493,.F.);
#3561=ORIENTED_EDGE('',*,*,#4277,.F.);
#3562=ORIENTED_EDGE('',*,*,#5494,.T.);
#3563=ORIENTED_EDGE('',*,*,#3828,.F.);
#3564=ORIENTED_EDGE('',*,*,#5492,.F.);
#3565=ORIENTED_EDGE('',*,*,#4276,.F.);
#3566=ORIENTED_EDGE('',*,*,#5495,.T.);
#3567=ORIENTED_EDGE('',*,*,#3829,.F.);
#3568=ORIENTED_EDGE('',*,*,#5494,.F.);
#3569=ORIENTED_EDGE('',*,*,#4279,.F.);
#3570=ORIENTED_EDGE('',*,*,#5493,.T.);
#3571=ORIENTED_EDGE('',*,*,#3826,.F.);
#3572=ORIENTED_EDGE('',*,*,#5495,.F.);
#3573=ORIENTED_EDGE('',*,*,#4278,.F.);
#3574=ORIENTED_EDGE('',*,*,#5496,.T.);
#3575=ORIENTED_EDGE('',*,*,#4233,.F.);
#3576=ORIENTED_EDGE('',*,*,#5497,.F.);
#3577=ORIENTED_EDGE('',*,*,#4683,.F.);
#3578=ORIENTED_EDGE('',*,*,#5498,.T.);
#3579=ORIENTED_EDGE('',*,*,#4234,.F.);
#3580=ORIENTED_EDGE('',*,*,#5496,.F.);
#3581=ORIENTED_EDGE('',*,*,#4682,.F.);
#3582=ORIENTED_EDGE('',*,*,#5499,.T.);
#3583=ORIENTED_EDGE('',*,*,#4235,.F.);
#3584=ORIENTED_EDGE('',*,*,#5498,.F.);
#3585=ORIENTED_EDGE('',*,*,#4685,.F.);
#3586=ORIENTED_EDGE('',*,*,#5497,.T.);
#3587=ORIENTED_EDGE('',*,*,#4232,.F.);
#3588=ORIENTED_EDGE('',*,*,#5499,.F.);
#3589=ORIENTED_EDGE('',*,*,#4684,.F.);
#3590=ORIENTED_EDGE('',*,*,#5500,.T.);
#3591=ORIENTED_EDGE('',*,*,#3823,.F.);
#3592=ORIENTED_EDGE('',*,*,#5501,.F.);
#3593=ORIENTED_EDGE('',*,*,#4273,.F.);
#3594=ORIENTED_EDGE('',*,*,#5502,.T.);
#3595=ORIENTED_EDGE('',*,*,#3824,.F.);
#3596=ORIENTED_EDGE('',*,*,#5500,.F.);
#3597=ORIENTED_EDGE('',*,*,#4272,.F.);
#3598=ORIENTED_EDGE('',*,*,#5503,.T.);
#3599=ORIENTED_EDGE('',*,*,#3825,.F.);
#3600=ORIENTED_EDGE('',*,*,#5502,.F.);
#3601=ORIENTED_EDGE('',*,*,#4275,.F.);
#3602=ORIENTED_EDGE('',*,*,#5501,.T.);
#3603=ORIENTED_EDGE('',*,*,#3822,.F.);
#3604=ORIENTED_EDGE('',*,*,#5503,.F.);
#3605=ORIENTED_EDGE('',*,*,#4274,.F.);
#3606=ORIENTED_EDGE('',*,*,#5504,.T.);
#3607=ORIENTED_EDGE('',*,*,#4237,.F.);
#3608=ORIENTED_EDGE('',*,*,#5505,.F.);
#3609=ORIENTED_EDGE('',*,*,#4687,.F.);
#3610=ORIENTED_EDGE('',*,*,#5506,.T.);
#3611=ORIENTED_EDGE('',*,*,#4238,.F.);
#3612=ORIENTED_EDGE('',*,*,#5504,.F.);
#3613=ORIENTED_EDGE('',*,*,#4686,.F.);
#3614=ORIENTED_EDGE('',*,*,#5507,.T.);
#3615=ORIENTED_EDGE('',*,*,#4239,.F.);
#3616=ORIENTED_EDGE('',*,*,#5506,.F.);
#3617=ORIENTED_EDGE('',*,*,#4689,.F.);
#3618=ORIENTED_EDGE('',*,*,#5505,.T.);
#3619=ORIENTED_EDGE('',*,*,#4236,.F.);
#3620=ORIENTED_EDGE('',*,*,#5507,.F.);
#3621=ORIENTED_EDGE('',*,*,#4688,.F.);
#3622=ORIENTED_EDGE('',*,*,#5508,.T.);
#3623=ORIENTED_EDGE('',*,*,#3819,.F.);
#3624=ORIENTED_EDGE('',*,*,#5509,.F.);
#3625=ORIENTED_EDGE('',*,*,#4269,.F.);
#3626=ORIENTED_EDGE('',*,*,#5510,.T.);
#3627=ORIENTED_EDGE('',*,*,#3820,.F.);
#3628=ORIENTED_EDGE('',*,*,#5508,.F.);
#3629=ORIENTED_EDGE('',*,*,#4268,.F.);
#3630=ORIENTED_EDGE('',*,*,#5511,.T.);
#3631=ORIENTED_EDGE('',*,*,#3821,.F.);
#3632=ORIENTED_EDGE('',*,*,#5510,.F.);
#3633=ORIENTED_EDGE('',*,*,#4271,.F.);
#3634=ORIENTED_EDGE('',*,*,#5509,.T.);
#3635=ORIENTED_EDGE('',*,*,#3818,.F.);
#3636=ORIENTED_EDGE('',*,*,#5511,.F.);
#3637=ORIENTED_EDGE('',*,*,#4270,.F.);
#3638=ORIENTED_EDGE('',*,*,#5512,.T.);
#3639=ORIENTED_EDGE('',*,*,#4241,.F.);
#3640=ORIENTED_EDGE('',*,*,#5513,.F.);
#3641=ORIENTED_EDGE('',*,*,#4691,.F.);
#3642=ORIENTED_EDGE('',*,*,#5514,.T.);
#3643=ORIENTED_EDGE('',*,*,#4242,.F.);
#3644=ORIENTED_EDGE('',*,*,#5512,.F.);
#3645=ORIENTED_EDGE('',*,*,#4690,.F.);
#3646=ORIENTED_EDGE('',*,*,#5515,.T.);
#3647=ORIENTED_EDGE('',*,*,#4243,.F.);
#3648=ORIENTED_EDGE('',*,*,#5514,.F.);
#3649=ORIENTED_EDGE('',*,*,#4693,.F.);
#3650=ORIENTED_EDGE('',*,*,#5513,.T.);
#3651=ORIENTED_EDGE('',*,*,#4240,.F.);
#3652=ORIENTED_EDGE('',*,*,#5515,.F.);
#3653=ORIENTED_EDGE('',*,*,#4692,.F.);
#3654=ORIENTED_EDGE('',*,*,#5516,.T.);
#3655=ORIENTED_EDGE('',*,*,#3815,.F.);
#3656=ORIENTED_EDGE('',*,*,#5517,.F.);
#3657=ORIENTED_EDGE('',*,*,#4265,.F.);
#3658=ORIENTED_EDGE('',*,*,#5518,.T.);
#3659=ORIENTED_EDGE('',*,*,#3816,.F.);
#3660=ORIENTED_EDGE('',*,*,#5516,.F.);
#3661=ORIENTED_EDGE('',*,*,#4264,.F.);
#3662=ORIENTED_EDGE('',*,*,#5519,.T.);
#3663=ORIENTED_EDGE('',*,*,#3817,.F.);
#3664=ORIENTED_EDGE('',*,*,#5518,.F.);
#3665=ORIENTED_EDGE('',*,*,#4267,.F.);
#3666=ORIENTED_EDGE('',*,*,#5517,.T.);
#3667=ORIENTED_EDGE('',*,*,#3814,.F.);
#3668=ORIENTED_EDGE('',*,*,#5519,.F.);
#3669=ORIENTED_EDGE('',*,*,#4266,.F.);
#3670=ORIENTED_EDGE('',*,*,#5520,.T.);
#3671=ORIENTED_EDGE('',*,*,#4245,.F.);
#3672=ORIENTED_EDGE('',*,*,#5521,.F.);
#3673=ORIENTED_EDGE('',*,*,#4695,.F.);
#3674=ORIENTED_EDGE('',*,*,#5522,.T.);
#3675=ORIENTED_EDGE('',*,*,#4246,.F.);
#3676=ORIENTED_EDGE('',*,*,#5520,.F.);
#3677=ORIENTED_EDGE('',*,*,#4694,.F.);
#3678=ORIENTED_EDGE('',*,*,#5523,.T.);
#3679=ORIENTED_EDGE('',*,*,#4247,.F.);
#3680=ORIENTED_EDGE('',*,*,#5522,.F.);
#3681=ORIENTED_EDGE('',*,*,#4697,.F.);
#3682=ORIENTED_EDGE('',*,*,#5521,.T.);
#3683=ORIENTED_EDGE('',*,*,#4244,.F.);
#3684=ORIENTED_EDGE('',*,*,#5523,.F.);
#3685=ORIENTED_EDGE('',*,*,#4696,.F.);
#3686=ORIENTED_EDGE('',*,*,#5524,.T.);
#3687=ORIENTED_EDGE('',*,*,#3811,.F.);
#3688=ORIENTED_EDGE('',*,*,#5525,.F.);
#3689=ORIENTED_EDGE('',*,*,#4261,.F.);
#3690=ORIENTED_EDGE('',*,*,#5526,.T.);
#3691=ORIENTED_EDGE('',*,*,#3812,.F.);
#3692=ORIENTED_EDGE('',*,*,#5524,.F.);
#3693=ORIENTED_EDGE('',*,*,#4260,.F.);
#3694=ORIENTED_EDGE('',*,*,#5527,.T.);
#3695=ORIENTED_EDGE('',*,*,#3813,.F.);
#3696=ORIENTED_EDGE('',*,*,#5526,.F.);
#3697=ORIENTED_EDGE('',*,*,#4263,.F.);
#3698=ORIENTED_EDGE('',*,*,#5525,.T.);
#3699=ORIENTED_EDGE('',*,*,#3810,.F.);
#3700=ORIENTED_EDGE('',*,*,#5527,.F.);
#3701=ORIENTED_EDGE('',*,*,#4262,.F.);
#3702=ORIENTED_EDGE('',*,*,#5528,.T.);
#3703=ORIENTED_EDGE('',*,*,#4249,.F.);
#3704=ORIENTED_EDGE('',*,*,#5529,.F.);
#3705=ORIENTED_EDGE('',*,*,#4699,.F.);
#3706=ORIENTED_EDGE('',*,*,#5530,.T.);
#3707=ORIENTED_EDGE('',*,*,#4250,.F.);
#3708=ORIENTED_EDGE('',*,*,#5528,.F.);
#3709=ORIENTED_EDGE('',*,*,#4698,.F.);
#3710=ORIENTED_EDGE('',*,*,#5531,.T.);
#3711=ORIENTED_EDGE('',*,*,#4251,.F.);
#3712=ORIENTED_EDGE('',*,*,#5530,.F.);
#3713=ORIENTED_EDGE('',*,*,#4701,.F.);
#3714=ORIENTED_EDGE('',*,*,#5529,.T.);
#3715=ORIENTED_EDGE('',*,*,#4248,.F.);
#3716=ORIENTED_EDGE('',*,*,#5531,.F.);
#3717=ORIENTED_EDGE('',*,*,#4700,.F.);
#3718=ORIENTED_EDGE('',*,*,#5532,.T.);
#3719=ORIENTED_EDGE('',*,*,#3807,.F.);
#3720=ORIENTED_EDGE('',*,*,#5533,.F.);
#3721=ORIENTED_EDGE('',*,*,#4257,.F.);
#3722=ORIENTED_EDGE('',*,*,#5534,.T.);
#3723=ORIENTED_EDGE('',*,*,#3808,.F.);
#3724=ORIENTED_EDGE('',*,*,#5532,.F.);
#3725=ORIENTED_EDGE('',*,*,#4256,.F.);
#3726=ORIENTED_EDGE('',*,*,#5535,.T.);
#3727=ORIENTED_EDGE('',*,*,#3809,.F.);
#3728=ORIENTED_EDGE('',*,*,#5534,.F.);
#3729=ORIENTED_EDGE('',*,*,#4259,.F.);
#3730=ORIENTED_EDGE('',*,*,#5533,.T.);
#3731=ORIENTED_EDGE('',*,*,#3806,.F.);
#3732=ORIENTED_EDGE('',*,*,#5535,.F.);
#3733=ORIENTED_EDGE('',*,*,#4258,.F.);
#3734=ORIENTED_EDGE('',*,*,#5536,.T.);
#3735=ORIENTED_EDGE('',*,*,#4253,.F.);
#3736=ORIENTED_EDGE('',*,*,#5537,.F.);
#3737=ORIENTED_EDGE('',*,*,#4703,.F.);
#3738=ORIENTED_EDGE('',*,*,#5538,.T.);
#3739=ORIENTED_EDGE('',*,*,#4254,.F.);
#3740=ORIENTED_EDGE('',*,*,#5536,.F.);
#3741=ORIENTED_EDGE('',*,*,#4702,.F.);
#3742=ORIENTED_EDGE('',*,*,#5539,.T.);
#3743=ORIENTED_EDGE('',*,*,#4255,.F.);
#3744=ORIENTED_EDGE('',*,*,#5538,.F.);
#3745=ORIENTED_EDGE('',*,*,#4705,.F.);
#3746=ORIENTED_EDGE('',*,*,#5537,.T.);
#3747=ORIENTED_EDGE('',*,*,#4252,.F.);
#3748=ORIENTED_EDGE('',*,*,#5539,.F.);
#3749=ORIENTED_EDGE('',*,*,#4704,.F.);
#3750=ORIENTED_EDGE('',*,*,#5540,.T.);
#3751=ORIENTED_EDGE('',*,*,#5541,.T.);
#3752=ORIENTED_EDGE('',*,*,#5542,.T.);
#3753=ORIENTED_EDGE('',*,*,#5543,.T.);
#3754=ORIENTED_EDGE('',*,*,#5544,.T.);
#3755=ORIENTED_EDGE('',*,*,#5545,.T.);
#3756=ORIENTED_EDGE('',*,*,#5546,.F.);
#3757=ORIENTED_EDGE('',*,*,#5547,.T.);
#3758=ORIENTED_EDGE('',*,*,#5548,.T.);
#3759=ORIENTED_EDGE('',*,*,#5549,.T.);
#3760=ORIENTED_EDGE('',*,*,#5550,.T.);
#3761=ORIENTED_EDGE('',*,*,#5551,.T.);
#3762=ORIENTED_EDGE('',*,*,#5552,.F.);
#3763=ORIENTED_EDGE('',*,*,#5553,.T.);
#3764=ORIENTED_EDGE('',*,*,#5554,.T.);
#3765=ORIENTED_EDGE('',*,*,#5555,.T.);
#3766=ORIENTED_EDGE('',*,*,#5546,.T.);
#3767=ORIENTED_EDGE('',*,*,#5556,.T.);
#3768=ORIENTED_EDGE('',*,*,#5552,.T.);
#3769=ORIENTED_EDGE('',*,*,#5557,.T.);
#3770=ORIENTED_EDGE('',*,*,#5554,.F.);
#3771=ORIENTED_EDGE('',*,*,#5558,.T.);
#3772=ORIENTED_EDGE('',*,*,#5544,.F.);
#3773=ORIENTED_EDGE('',*,*,#5559,.T.);
#3774=ORIENTED_EDGE('',*,*,#5560,.F.);
#3775=ORIENTED_EDGE('',*,*,#5551,.F.);
#3776=ORIENTED_EDGE('',*,*,#5561,.F.);
#3777=ORIENTED_EDGE('',*,*,#5558,.F.);
#3778=ORIENTED_EDGE('',*,*,#5561,.T.);
#3779=ORIENTED_EDGE('',*,*,#5550,.F.);
#3780=ORIENTED_EDGE('',*,*,#5562,.F.);
#3781=ORIENTED_EDGE('',*,*,#5545,.F.);
#3782=ORIENTED_EDGE('',*,*,#5560,.T.);
#3783=ORIENTED_EDGE('',*,*,#5553,.F.);
#3784=ORIENTED_EDGE('',*,*,#5563,.F.);
#3785=ORIENTED_EDGE('',*,*,#5548,.F.);
#3786=ORIENTED_EDGE('',*,*,#5562,.T.);
#3787=ORIENTED_EDGE('',*,*,#5549,.F.);
#3788=ORIENTED_EDGE('',*,*,#5563,.T.);
#3789=ORIENTED_EDGE('',*,*,#5556,.F.);
#3790=ORIENTED_EDGE('',*,*,#5564,.F.);
#3791=ORIENTED_EDGE('',*,*,#5557,.F.);
#3792=ORIENTED_EDGE('',*,*,#5565,.F.);
#3793=ORIENTED_EDGE('',*,*,#5543,.F.);
#3794=ORIENTED_EDGE('',*,*,#5565,.T.);
#3795=ORIENTED_EDGE('',*,*,#5555,.F.);
#3796=ORIENTED_EDGE('',*,*,#5566,.F.);
#3797=ORIENTED_EDGE('',*,*,#5540,.F.);
#3798=ORIENTED_EDGE('',*,*,#5564,.T.);
#3799=ORIENTED_EDGE('',*,*,#5542,.F.);
#3800=ORIENTED_EDGE('',*,*,#5567,.F.);
#3801=ORIENTED_EDGE('',*,*,#5547,.F.);
#3802=ORIENTED_EDGE('',*,*,#5566,.T.);
#3803=ORIENTED_EDGE('',*,*,#5559,.F.);
#3804=ORIENTED_EDGE('',*,*,#5567,.T.);
#3805=ORIENTED_EDGE('',*,*,#5541,.F.);
#3806=EDGE_CURVE('',#5568,#5569,#6740,.T.);
#3807=EDGE_CURVE('',#5569,#5570,#6741,.T.);
#3808=EDGE_CURVE('',#5570,#5571,#6742,.T.);
#3809=EDGE_CURVE('',#5571,#5568,#6743,.T.);
#3810=EDGE_CURVE('',#5572,#5573,#6744,.T.);
#3811=EDGE_CURVE('',#5573,#5574,#6745,.T.);
#3812=EDGE_CURVE('',#5574,#5575,#6746,.T.);
#3813=EDGE_CURVE('',#5575,#5572,#6747,.T.);
#3814=EDGE_CURVE('',#5576,#5577,#6748,.T.);
#3815=EDGE_CURVE('',#5577,#5578,#6749,.T.);
#3816=EDGE_CURVE('',#5578,#5579,#6750,.T.);
#3817=EDGE_CURVE('',#5579,#5576,#6751,.T.);
#3818=EDGE_CURVE('',#5580,#5581,#6752,.T.);
#3819=EDGE_CURVE('',#5581,#5582,#6753,.T.);
#3820=EDGE_CURVE('',#5582,#5583,#6754,.T.);
#3821=EDGE_CURVE('',#5583,#5580,#6755,.T.);
#3822=EDGE_CURVE('',#5584,#5585,#6756,.T.);
#3823=EDGE_CURVE('',#5585,#5586,#6757,.T.);
#3824=EDGE_CURVE('',#5586,#5587,#6758,.T.);
#3825=EDGE_CURVE('',#5587,#5584,#6759,.T.);
#3826=EDGE_CURVE('',#5588,#5589,#6760,.T.);
#3827=EDGE_CURVE('',#5589,#5590,#6761,.T.);
#3828=EDGE_CURVE('',#5590,#5591,#6762,.T.);
#3829=EDGE_CURVE('',#5591,#5588,#6763,.T.);
#3830=EDGE_CURVE('',#5592,#5593,#6764,.T.);
#3831=EDGE_CURVE('',#5593,#5594,#6765,.T.);
#3832=EDGE_CURVE('',#5594,#5595,#6766,.T.);
#3833=EDGE_CURVE('',#5595,#5592,#6767,.T.);
#3834=EDGE_CURVE('',#5596,#5597,#6768,.T.);
#3835=EDGE_CURVE('',#5597,#5598,#6769,.T.);
#3836=EDGE_CURVE('',#5598,#5599,#6770,.T.);
#3837=EDGE_CURVE('',#5599,#5596,#6771,.T.);
#3838=EDGE_CURVE('',#5600,#5601,#6772,.T.);
#3839=EDGE_CURVE('',#5601,#5602,#6773,.T.);
#3840=EDGE_CURVE('',#5602,#5603,#6774,.T.);
#3841=EDGE_CURVE('',#5603,#5600,#6775,.T.);
#3842=EDGE_CURVE('',#5604,#5605,#6776,.T.);
#3843=EDGE_CURVE('',#5605,#5606,#6777,.T.);
#3844=EDGE_CURVE('',#5606,#5607,#6778,.T.);
#3845=EDGE_CURVE('',#5607,#5604,#6779,.T.);
#3846=EDGE_CURVE('',#5608,#5609,#6780,.T.);
#3847=EDGE_CURVE('',#5609,#5610,#6781,.T.);
#3848=EDGE_CURVE('',#5610,#5611,#6782,.T.);
#3849=EDGE_CURVE('',#5611,#5608,#6783,.T.);
#3850=EDGE_CURVE('',#5612,#5613,#6784,.T.);
#3851=EDGE_CURVE('',#5613,#5614,#6785,.T.);
#3852=EDGE_CURVE('',#5614,#5615,#6786,.T.);
#3853=EDGE_CURVE('',#5615,#5612,#6787,.T.);
#3854=EDGE_CURVE('',#5616,#5617,#6788,.T.);
#3855=EDGE_CURVE('',#5617,#5618,#6789,.T.);
#3856=EDGE_CURVE('',#5618,#5619,#6790,.T.);
#3857=EDGE_CURVE('',#5619,#5616,#6791,.T.);
#3858=EDGE_CURVE('',#5620,#5621,#6792,.T.);
#3859=EDGE_CURVE('',#5621,#5622,#6793,.T.);
#3860=EDGE_CURVE('',#5622,#5623,#6794,.T.);
#3861=EDGE_CURVE('',#5623,#5620,#6795,.T.);
#3862=EDGE_CURVE('',#5624,#5625,#6796,.T.);
#3863=EDGE_CURVE('',#5625,#5626,#6797,.T.);
#3864=EDGE_CURVE('',#5626,#5627,#6798,.T.);
#3865=EDGE_CURVE('',#5627,#5624,#6799,.T.);
#3866=EDGE_CURVE('',#5628,#5629,#6800,.T.);
#3867=EDGE_CURVE('',#5629,#5630,#6801,.T.);
#3868=EDGE_CURVE('',#5630,#5631,#6802,.T.);
#3869=EDGE_CURVE('',#5631,#5628,#6803,.T.);
#3870=EDGE_CURVE('',#5632,#5633,#6804,.T.);
#3871=EDGE_CURVE('',#5633,#5634,#6805,.T.);
#3872=EDGE_CURVE('',#5634,#5635,#6806,.T.);
#3873=EDGE_CURVE('',#5635,#5632,#6807,.T.);
#3874=EDGE_CURVE('',#5636,#5637,#6808,.T.);
#3875=EDGE_CURVE('',#5637,#5638,#6809,.T.);
#3876=EDGE_CURVE('',#5638,#5639,#6810,.T.);
#3877=EDGE_CURVE('',#5639,#5636,#6811,.T.);
#3878=EDGE_CURVE('',#5640,#5641,#6812,.T.);
#3879=EDGE_CURVE('',#5641,#5642,#6813,.T.);
#3880=EDGE_CURVE('',#5642,#5643,#6814,.T.);
#3881=EDGE_CURVE('',#5643,#5640,#6815,.T.);
#3882=EDGE_CURVE('',#5644,#5645,#6816,.T.);
#3883=EDGE_CURVE('',#5645,#5646,#6817,.T.);
#3884=EDGE_CURVE('',#5646,#5647,#6818,.T.);
#3885=EDGE_CURVE('',#5647,#5644,#6819,.T.);
#3886=EDGE_CURVE('',#5648,#5649,#6820,.T.);
#3887=EDGE_CURVE('',#5649,#5650,#6821,.T.);
#3888=EDGE_CURVE('',#5650,#5651,#6822,.T.);
#3889=EDGE_CURVE('',#5651,#5648,#6823,.T.);
#3890=EDGE_CURVE('',#5652,#5653,#6824,.T.);
#3891=EDGE_CURVE('',#5653,#5654,#6825,.T.);
#3892=EDGE_CURVE('',#5654,#5655,#6826,.T.);
#3893=EDGE_CURVE('',#5655,#5652,#6827,.T.);
#3894=EDGE_CURVE('',#5656,#5657,#6828,.T.);
#3895=EDGE_CURVE('',#5657,#5658,#6829,.T.);
#3896=EDGE_CURVE('',#5658,#5659,#6830,.T.);
#3897=EDGE_CURVE('',#5659,#5656,#6831,.T.);
#3898=EDGE_CURVE('',#5660,#5661,#6832,.T.);
#3899=EDGE_CURVE('',#5661,#5662,#6833,.T.);
#3900=EDGE_CURVE('',#5662,#5663,#6834,.T.);
#3901=EDGE_CURVE('',#5663,#5660,#6835,.T.);
#3902=EDGE_CURVE('',#5664,#5665,#6836,.T.);
#3903=EDGE_CURVE('',#5665,#5666,#6837,.T.);
#3904=EDGE_CURVE('',#5666,#5667,#6838,.T.);
#3905=EDGE_CURVE('',#5667,#5664,#6839,.T.);
#3906=EDGE_CURVE('',#5668,#5669,#6840,.T.);
#3907=EDGE_CURVE('',#5669,#5670,#6841,.T.);
#3908=EDGE_CURVE('',#5670,#5671,#6842,.T.);
#3909=EDGE_CURVE('',#5671,#5668,#6843,.T.);
#3910=EDGE_CURVE('',#5672,#5673,#6844,.T.);
#3911=EDGE_CURVE('',#5673,#5674,#6845,.T.);
#3912=EDGE_CURVE('',#5674,#5675,#6846,.T.);
#3913=EDGE_CURVE('',#5675,#5672,#6847,.T.);
#3914=EDGE_CURVE('',#5676,#5677,#6848,.T.);
#3915=EDGE_CURVE('',#5677,#5678,#6849,.T.);
#3916=EDGE_CURVE('',#5678,#5679,#6850,.T.);
#3917=EDGE_CURVE('',#5679,#5676,#6851,.T.);
#3918=EDGE_CURVE('',#5680,#5681,#6852,.T.);
#3919=EDGE_CURVE('',#5681,#5682,#6853,.T.);
#3920=EDGE_CURVE('',#5682,#5683,#6854,.T.);
#3921=EDGE_CURVE('',#5683,#5680,#6855,.T.);
#3922=EDGE_CURVE('',#5684,#5685,#6856,.T.);
#3923=EDGE_CURVE('',#5685,#5686,#6857,.T.);
#3924=EDGE_CURVE('',#5686,#5687,#6858,.T.);
#3925=EDGE_CURVE('',#5687,#5684,#6859,.T.);
#3926=EDGE_CURVE('',#5688,#5689,#6860,.T.);
#3927=EDGE_CURVE('',#5689,#5690,#6861,.T.);
#3928=EDGE_CURVE('',#5690,#5691,#6862,.T.);
#3929=EDGE_CURVE('',#5691,#5688,#6863,.T.);
#3930=EDGE_CURVE('',#5692,#5693,#6864,.T.);
#3931=EDGE_CURVE('',#5693,#5694,#6865,.T.);
#3932=EDGE_CURVE('',#5694,#5695,#6866,.T.);
#3933=EDGE_CURVE('',#5695,#5692,#6867,.T.);
#3934=EDGE_CURVE('',#5696,#5697,#6868,.T.);
#3935=EDGE_CURVE('',#5696,#5698,#6869,.T.);
#3936=EDGE_CURVE('',#5698,#5699,#6870,.T.);
#3937=EDGE_CURVE('',#5700,#5699,#6871,.T.);
#3938=EDGE_CURVE('',#5700,#5701,#6872,.T.);
#3939=EDGE_CURVE('',#5702,#5701,#6873,.T.);
#3940=EDGE_CURVE('',#5703,#5702,#6874,.T.);
#3941=EDGE_CURVE('',#5703,#5704,#6875,.T.);
#3942=EDGE_CURVE('',#5705,#5704,#6876,.T.);
#3943=EDGE_CURVE('',#5706,#5705,#6877,.T.);
#3944=EDGE_CURVE('',#5706,#5707,#6878,.T.);
#3945=EDGE_CURVE('',#5708,#5707,#6879,.T.);
#3946=EDGE_CURVE('',#5709,#5708,#6880,.T.);
#3947=EDGE_CURVE('',#5709,#5710,#6881,.T.);
#3948=EDGE_CURVE('',#5711,#5710,#6882,.T.);
#3949=EDGE_CURVE('',#5712,#5711,#6883,.T.);
#3950=EDGE_CURVE('',#5712,#5713,#6884,.T.);
#3951=EDGE_CURVE('',#5714,#5713,#6885,.T.);
#3952=EDGE_CURVE('',#5715,#5714,#6886,.T.);
#3953=EDGE_CURVE('',#5715,#5716,#6887,.T.);
#3954=EDGE_CURVE('',#5717,#5716,#6888,.T.);
#3955=EDGE_CURVE('',#5718,#5717,#6889,.T.);
#3956=EDGE_CURVE('',#5718,#5719,#6890,.T.);
#3957=EDGE_CURVE('',#5720,#5719,#6891,.T.);
#3958=EDGE_CURVE('',#5721,#5720,#6892,.T.);
#3959=EDGE_CURVE('',#5721,#5722,#6893,.T.);
#3960=EDGE_CURVE('',#5723,#5722,#6894,.T.);
#3961=EDGE_CURVE('',#5724,#5723,#6895,.T.);
#3962=EDGE_CURVE('',#5724,#5725,#6896,.T.);
#3963=EDGE_CURVE('',#5726,#5725,#6897,.T.);
#3964=EDGE_CURVE('',#5727,#5726,#6898,.T.);
#3965=EDGE_CURVE('',#5727,#5728,#6899,.T.);
#3966=EDGE_CURVE('',#5729,#5728,#6900,.T.);
#3967=EDGE_CURVE('',#5730,#5729,#6901,.T.);
#3968=EDGE_CURVE('',#5730,#5731,#6902,.T.);
#3969=EDGE_CURVE('',#5732,#5731,#6903,.T.);
#3970=EDGE_CURVE('',#5733,#5732,#6904,.T.);
#3971=EDGE_CURVE('',#5733,#5734,#6905,.T.);
#3972=EDGE_CURVE('',#5735,#5734,#6906,.T.);
#3973=EDGE_CURVE('',#5736,#5735,#6907,.T.);
#3974=EDGE_CURVE('',#5736,#5737,#6908,.T.);
#3975=EDGE_CURVE('',#5738,#5737,#6909,.T.);
#3976=EDGE_CURVE('',#5739,#5738,#6910,.T.);
#3977=EDGE_CURVE('',#5739,#5740,#6911,.T.);
#3978=EDGE_CURVE('',#5741,#5740,#6912,.T.);
#3979=EDGE_CURVE('',#5742,#5741,#6913,.T.);
#3980=EDGE_CURVE('',#5742,#5743,#6914,.T.);
#3981=EDGE_CURVE('',#5744,#5743,#6915,.T.);
#3982=EDGE_CURVE('',#5745,#5744,#6916,.T.);
#3983=EDGE_CURVE('',#5745,#5746,#6917,.T.);
#3984=EDGE_CURVE('',#5747,#5746,#6918,.T.);
#3985=EDGE_CURVE('',#5748,#5747,#6919,.T.);
#3986=EDGE_CURVE('',#5748,#5749,#6920,.T.);
#3987=EDGE_CURVE('',#5750,#5749,#6921,.T.);
#3988=EDGE_CURVE('',#5751,#5750,#6922,.T.);
#3989=EDGE_CURVE('',#5751,#5752,#6923,.T.);
#3990=EDGE_CURVE('',#5753,#5752,#6924,.T.);
#3991=EDGE_CURVE('',#5754,#5753,#6925,.T.);
#3992=EDGE_CURVE('',#5754,#5755,#6926,.T.);
#3993=EDGE_CURVE('',#5756,#5755,#6927,.T.);
#3994=EDGE_CURVE('',#5757,#5756,#6928,.T.);
#3995=EDGE_CURVE('',#5757,#5758,#6929,.T.);
#3996=EDGE_CURVE('',#5759,#5758,#6930,.T.);
#3997=EDGE_CURVE('',#5760,#5759,#6931,.T.);
#3998=EDGE_CURVE('',#5760,#5761,#6932,.T.);
#3999=EDGE_CURVE('',#5762,#5761,#6933,.T.);
#4000=EDGE_CURVE('',#5763,#5762,#6934,.T.);
#4001=EDGE_CURVE('',#5763,#5764,#6935,.T.);
#4002=EDGE_CURVE('',#5765,#5764,#6936,.T.);
#4003=EDGE_CURVE('',#5766,#5765,#6937,.T.);
#4004=EDGE_CURVE('',#5766,#5767,#6938,.T.);
#4005=EDGE_CURVE('',#5768,#5767,#6939,.T.);
#4006=EDGE_CURVE('',#5769,#5768,#6940,.T.);
#4007=EDGE_CURVE('',#5769,#5770,#6941,.T.);
#4008=EDGE_CURVE('',#5771,#5770,#6942,.T.);
#4009=EDGE_CURVE('',#5772,#5771,#6943,.T.);
#4010=EDGE_CURVE('',#5772,#5773,#6944,.T.);
#4011=EDGE_CURVE('',#5774,#5773,#6945,.T.);
#4012=EDGE_CURVE('',#5775,#5774,#6946,.T.);
#4013=EDGE_CURVE('',#5775,#5776,#6947,.T.);
#4014=EDGE_CURVE('',#5777,#5776,#6948,.T.);
#4015=EDGE_CURVE('',#5778,#5777,#6949,.T.);
#4016=EDGE_CURVE('',#5778,#5779,#6950,.T.);
#4017=EDGE_CURVE('',#5780,#5779,#6951,.T.);
#4018=EDGE_CURVE('',#5781,#5780,#6952,.T.);
#4019=EDGE_CURVE('',#5781,#5782,#6953,.T.);
#4020=EDGE_CURVE('',#5783,#5782,#6954,.T.);
#4021=EDGE_CURVE('',#5784,#5783,#6955,.T.);
#4022=EDGE_CURVE('',#5784,#5785,#6956,.T.);
#4023=EDGE_CURVE('',#5786,#5785,#6957,.T.);
#4024=EDGE_CURVE('',#5787,#5786,#6958,.T.);
#4025=EDGE_CURVE('',#5787,#5788,#6959,.T.);
#4026=EDGE_CURVE('',#5789,#5788,#6960,.T.);
#4027=EDGE_CURVE('',#5790,#5789,#6961,.T.);
#4028=EDGE_CURVE('',#5790,#5791,#6962,.T.);
#4029=EDGE_CURVE('',#5792,#5791,#6963,.T.);
#4030=EDGE_CURVE('',#5793,#5792,#6964,.T.);
#4031=EDGE_CURVE('',#5793,#5794,#6965,.T.);
#4032=EDGE_CURVE('',#5795,#5794,#6966,.T.);
#4033=EDGE_CURVE('',#5796,#5795,#6967,.T.);
#4034=EDGE_CURVE('',#5796,#5797,#6968,.T.);
#4035=EDGE_CURVE('',#5798,#5797,#6969,.T.);
#4036=EDGE_CURVE('',#5798,#5799,#6970,.T.);
#4037=EDGE_CURVE('',#5799,#5800,#6971,.T.);
#4038=EDGE_CURVE('',#5801,#5800,#6972,.T.);
#4039=EDGE_CURVE('',#5801,#5802,#6973,.T.);
#4040=EDGE_CURVE('',#5802,#5803,#6974,.T.);
#4041=EDGE_CURVE('',#5804,#5803,#6975,.T.);
#4042=EDGE_CURVE('',#5804,#5805,#6976,.T.);
#4043=EDGE_CURVE('',#5805,#5806,#6977,.T.);
#4044=EDGE_CURVE('',#5807,#5806,#6978,.T.);
#4045=EDGE_CURVE('',#5807,#5808,#6979,.T.);
#4046=EDGE_CURVE('',#5808,#5809,#6980,.T.);
#4047=EDGE_CURVE('',#5810,#5809,#6981,.T.);
#4048=EDGE_CURVE('',#5810,#5811,#6982,.T.);
#4049=EDGE_CURVE('',#5811,#5812,#6983,.T.);
#4050=EDGE_CURVE('',#5813,#5812,#6984,.T.);
#4051=EDGE_CURVE('',#5813,#5814,#6985,.T.);
#4052=EDGE_CURVE('',#5814,#5815,#6986,.T.);
#4053=EDGE_CURVE('',#5816,#5815,#6987,.T.);
#4054=EDGE_CURVE('',#5816,#5817,#6988,.T.);
#4055=EDGE_CURVE('',#5817,#5818,#6989,.T.);
#4056=EDGE_CURVE('',#5819,#5818,#6990,.T.);
#4057=EDGE_CURVE('',#5819,#5820,#6991,.T.);
#4058=EDGE_CURVE('',#5820,#5821,#6992,.T.);
#4059=EDGE_CURVE('',#5822,#5821,#6993,.T.);
#4060=EDGE_CURVE('',#5822,#5823,#6994,.T.);
#4061=EDGE_CURVE('',#5823,#5824,#6995,.T.);
#4062=EDGE_CURVE('',#5825,#5824,#6996,.T.);
#4063=EDGE_CURVE('',#5825,#5826,#6997,.T.);
#4064=EDGE_CURVE('',#5826,#5827,#6998,.T.);
#4065=EDGE_CURVE('',#5828,#5827,#6999,.T.);
#4066=EDGE_CURVE('',#5828,#5829,#7000,.T.);
#4067=EDGE_CURVE('',#5829,#5830,#7001,.T.);
#4068=EDGE_CURVE('',#5831,#5830,#7002,.T.);
#4069=EDGE_CURVE('',#5831,#5832,#7003,.T.);
#4070=EDGE_CURVE('',#5832,#5833,#7004,.T.);
#4071=EDGE_CURVE('',#5834,#5833,#7005,.T.);
#4072=EDGE_CURVE('',#5834,#5835,#7006,.T.);
#4073=EDGE_CURVE('',#5835,#5836,#7007,.T.);
#4074=EDGE_CURVE('',#5837,#5836,#7008,.T.);
#4075=EDGE_CURVE('',#5837,#5838,#7009,.T.);
#4076=EDGE_CURVE('',#5838,#5839,#7010,.T.);
#4077=EDGE_CURVE('',#5840,#5839,#7011,.T.);
#4078=EDGE_CURVE('',#5840,#5841,#7012,.T.);
#4079=EDGE_CURVE('',#5841,#5842,#7013,.T.);
#4080=EDGE_CURVE('',#5843,#5842,#7014,.T.);
#4081=EDGE_CURVE('',#5843,#5844,#7015,.T.);
#4082=EDGE_CURVE('',#5844,#5845,#7016,.T.);
#4083=EDGE_CURVE('',#5846,#5845,#7017,.T.);
#4084=EDGE_CURVE('',#5846,#5847,#7018,.T.);
#4085=EDGE_CURVE('',#5847,#5848,#7019,.T.);
#4086=EDGE_CURVE('',#5849,#5848,#7020,.T.);
#4087=EDGE_CURVE('',#5849,#5850,#7021,.T.);
#4088=EDGE_CURVE('',#5850,#5851,#7022,.T.);
#4089=EDGE_CURVE('',#5852,#5851,#7023,.T.);
#4090=EDGE_CURVE('',#5852,#5853,#7024,.T.);
#4091=EDGE_CURVE('',#5853,#5854,#7025,.T.);
#4092=EDGE_CURVE('',#5855,#5854,#7026,.T.);
#4093=EDGE_CURVE('',#5855,#5856,#7027,.T.);
#4094=EDGE_CURVE('',#5856,#5857,#7028,.T.);
#4095=EDGE_CURVE('',#5858,#5857,#7029,.T.);
#4096=EDGE_CURVE('',#5858,#5859,#7030,.T.);
#4097=EDGE_CURVE('',#5859,#5860,#7031,.T.);
#4098=EDGE_CURVE('',#5861,#5860,#7032,.T.);
#4099=EDGE_CURVE('',#5861,#5862,#7033,.T.);
#4100=EDGE_CURVE('',#5862,#5863,#7034,.T.);
#4101=EDGE_CURVE('',#5864,#5863,#7035,.T.);
#4102=EDGE_CURVE('',#5864,#5865,#7036,.T.);
#4103=EDGE_CURVE('',#5865,#5866,#7037,.T.);
#4104=EDGE_CURVE('',#5867,#5866,#7038,.T.);
#4105=EDGE_CURVE('',#5867,#5868,#7039,.T.);
#4106=EDGE_CURVE('',#5868,#5869,#7040,.T.);
#4107=EDGE_CURVE('',#5870,#5869,#7041,.T.);
#4108=EDGE_CURVE('',#5870,#5871,#7042,.T.);
#4109=EDGE_CURVE('',#5871,#5872,#7043,.T.);
#4110=EDGE_CURVE('',#5873,#5872,#7044,.T.);
#4111=EDGE_CURVE('',#5873,#5874,#7045,.T.);
#4112=EDGE_CURVE('',#5874,#5875,#7046,.T.);
#4113=EDGE_CURVE('',#5876,#5875,#7047,.T.);
#4114=EDGE_CURVE('',#5876,#5877,#7048,.T.);
#4115=EDGE_CURVE('',#5877,#5878,#7049,.T.);
#4116=EDGE_CURVE('',#5879,#5878,#7050,.T.);
#4117=EDGE_CURVE('',#5879,#5880,#7051,.T.);
#4118=EDGE_CURVE('',#5880,#5881,#7052,.T.);
#4119=EDGE_CURVE('',#5882,#5881,#7053,.T.);
#4120=EDGE_CURVE('',#5882,#5883,#7054,.T.);
#4121=EDGE_CURVE('',#5883,#5884,#7055,.T.);
#4122=EDGE_CURVE('',#5885,#5884,#7056,.T.);
#4123=EDGE_CURVE('',#5885,#5886,#7057,.T.);
#4124=EDGE_CURVE('',#5886,#5887,#7058,.T.);
#4125=EDGE_CURVE('',#5888,#5887,#7059,.T.);
#4126=EDGE_CURVE('',#5888,#5889,#7060,.T.);
#4127=EDGE_CURVE('',#5889,#5697,#7061,.T.);
#4128=EDGE_CURVE('',#5890,#5891,#7062,.T.);
#4129=EDGE_CURVE('',#5891,#5892,#7063,.T.);
#4130=EDGE_CURVE('',#5892,#5893,#7064,.T.);
#4131=EDGE_CURVE('',#5893,#5890,#7065,.T.);
#4132=EDGE_CURVE('',#5894,#5895,#7066,.T.);
#4133=EDGE_CURVE('',#5895,#5896,#7067,.T.);
#4134=EDGE_CURVE('',#5896,#5897,#7068,.T.);
#4135=EDGE_CURVE('',#5897,#5894,#7069,.T.);
#4136=EDGE_CURVE('',#5898,#5899,#7070,.T.);
#4137=EDGE_CURVE('',#5899,#5900,#7071,.T.);
#4138=EDGE_CURVE('',#5900,#5901,#7072,.T.);
#4139=EDGE_CURVE('',#5901,#5898,#7073,.T.);
#4140=EDGE_CURVE('',#5902,#5903,#7074,.T.);
#4141=EDGE_CURVE('',#5903,#5904,#7075,.T.);
#4142=EDGE_CURVE('',#5904,#5905,#7076,.T.);
#4143=EDGE_CURVE('',#5905,#5902,#7077,.T.);
#4144=EDGE_CURVE('',#5906,#5907,#7078,.T.);
#4145=EDGE_CURVE('',#5907,#5908,#7079,.T.);
#4146=EDGE_CURVE('',#5908,#5909,#7080,.T.);
#4147=EDGE_CURVE('',#5909,#5906,#7081,.T.);
#4148=EDGE_CURVE('',#5910,#5911,#7082,.T.);
#4149=EDGE_CURVE('',#5911,#5912,#7083,.T.);
#4150=EDGE_CURVE('',#5912,#5913,#7084,.T.);
#4151=EDGE_CURVE('',#5913,#5910,#7085,.T.);
#4152=EDGE_CURVE('',#5914,#5915,#7086,.T.);
#4153=EDGE_CURVE('',#5915,#5916,#7087,.T.);
#4154=EDGE_CURVE('',#5916,#5917,#7088,.T.);
#4155=EDGE_CURVE('',#5917,#5914,#7089,.T.);
#4156=EDGE_CURVE('',#5918,#5919,#7090,.T.);
#4157=EDGE_CURVE('',#5919,#5920,#7091,.T.);
#4158=EDGE_CURVE('',#5920,#5921,#7092,.T.);
#4159=EDGE_CURVE('',#5921,#5918,#7093,.T.);
#4160=EDGE_CURVE('',#5922,#5923,#7094,.T.);
#4161=EDGE_CURVE('',#5923,#5924,#7095,.T.);
#4162=EDGE_CURVE('',#5924,#5925,#7096,.T.);
#4163=EDGE_CURVE('',#5925,#5922,#7097,.T.);
#4164=EDGE_CURVE('',#5926,#5927,#7098,.T.);
#4165=EDGE_CURVE('',#5927,#5928,#7099,.T.);
#4166=EDGE_CURVE('',#5928,#5929,#7100,.T.);
#4167=EDGE_CURVE('',#5929,#5926,#7101,.T.);
#4168=EDGE_CURVE('',#5930,#5931,#7102,.T.);
#4169=EDGE_CURVE('',#5931,#5932,#7103,.T.);
#4170=EDGE_CURVE('',#5932,#5933,#7104,.T.);
#4171=EDGE_CURVE('',#5933,#5930,#7105,.T.);
#4172=EDGE_CURVE('',#5934,#5935,#7106,.T.);
#4173=EDGE_CURVE('',#5935,#5936,#7107,.T.);
#4174=EDGE_CURVE('',#5936,#5937,#7108,.T.);
#4175=EDGE_CURVE('',#5937,#5934,#7109,.T.);
#4176=EDGE_CURVE('',#5938,#5939,#7110,.T.);
#4177=EDGE_CURVE('',#5939,#5940,#7111,.T.);
#4178=EDGE_CURVE('',#5940,#5941,#7112,.T.);
#4179=EDGE_CURVE('',#5941,#5938,#7113,.T.);
#4180=EDGE_CURVE('',#5942,#5943,#7114,.T.);
#4181=EDGE_CURVE('',#5943,#5944,#7115,.T.);
#4182=EDGE_CURVE('',#5944,#5945,#7116,.T.);
#4183=EDGE_CURVE('',#5945,#5942,#7117,.T.);
#4184=EDGE_CURVE('',#5946,#5947,#7118,.T.);
#4185=EDGE_CURVE('',#5947,#5948,#7119,.T.);
#4186=EDGE_CURVE('',#5948,#5949,#7120,.T.);
#4187=EDGE_CURVE('',#5949,#5946,#7121,.T.);
#4188=EDGE_CURVE('',#5950,#5951,#7122,.T.);
#4189=EDGE_CURVE('',#5951,#5952,#7123,.T.);
#4190=EDGE_CURVE('',#5952,#5953,#7124,.T.);
#4191=EDGE_CURVE('',#5953,#5950,#7125,.T.);
#4192=EDGE_CURVE('',#5954,#5955,#7126,.T.);
#4193=EDGE_CURVE('',#5955,#5956,#7127,.T.);
#4194=EDGE_CURVE('',#5956,#5957,#7128,.T.);
#4195=EDGE_CURVE('',#5957,#5954,#7129,.T.);
#4196=EDGE_CURVE('',#5958,#5959,#7130,.T.);
#4197=EDGE_CURVE('',#5959,#5960,#7131,.T.);
#4198=EDGE_CURVE('',#5960,#5961,#7132,.T.);
#4199=EDGE_CURVE('',#5961,#5958,#7133,.T.);
#4200=EDGE_CURVE('',#5962,#5963,#7134,.T.);
#4201=EDGE_CURVE('',#5963,#5964,#7135,.T.);
#4202=EDGE_CURVE('',#5964,#5965,#7136,.T.);
#4203=EDGE_CURVE('',#5965,#5962,#7137,.T.);
#4204=EDGE_CURVE('',#5966,#5967,#7138,.T.);
#4205=EDGE_CURVE('',#5967,#5968,#7139,.T.);
#4206=EDGE_CURVE('',#5968,#5969,#7140,.T.);
#4207=EDGE_CURVE('',#5969,#5966,#7141,.T.);
#4208=EDGE_CURVE('',#5970,#5971,#7142,.T.);
#4209=EDGE_CURVE('',#5971,#5972,#7143,.T.);
#4210=EDGE_CURVE('',#5972,#5973,#7144,.T.);
#4211=EDGE_CURVE('',#5973,#5970,#7145,.T.);
#4212=EDGE_CURVE('',#5974,#5975,#7146,.T.);
#4213=EDGE_CURVE('',#5975,#5976,#7147,.T.);
#4214=EDGE_CURVE('',#5976,#5977,#7148,.T.);
#4215=EDGE_CURVE('',#5977,#5974,#7149,.T.);
#4216=EDGE_CURVE('',#5978,#5979,#7150,.T.);
#4217=EDGE_CURVE('',#5979,#5980,#7151,.T.);
#4218=EDGE_CURVE('',#5980,#5981,#7152,.T.);
#4219=EDGE_CURVE('',#5981,#5978,#7153,.T.);
#4220=EDGE_CURVE('',#5982,#5983,#7154,.T.);
#4221=EDGE_CURVE('',#5983,#5984,#7155,.T.);
#4222=EDGE_CURVE('',#5984,#5985,#7156,.T.);
#4223=EDGE_CURVE('',#5985,#5982,#7157,.T.);
#4224=EDGE_CURVE('',#5986,#5987,#7158,.T.);
#4225=EDGE_CURVE('',#5987,#5988,#7159,.T.);
#4226=EDGE_CURVE('',#5988,#5989,#7160,.T.);
#4227=EDGE_CURVE('',#5989,#5986,#7161,.T.);
#4228=EDGE_CURVE('',#5990,#5991,#7162,.T.);
#4229=EDGE_CURVE('',#5991,#5992,#7163,.T.);
#4230=EDGE_CURVE('',#5992,#5993,#7164,.T.);
#4231=EDGE_CURVE('',#5993,#5990,#7165,.T.);
#4232=EDGE_CURVE('',#5994,#5995,#7166,.T.);
#4233=EDGE_CURVE('',#5995,#5996,#7167,.T.);
#4234=EDGE_CURVE('',#5996,#5997,#7168,.T.);
#4235=EDGE_CURVE('',#5997,#5994,#7169,.T.);
#4236=EDGE_CURVE('',#5998,#5999,#7170,.T.);
#4237=EDGE_CURVE('',#5999,#6000,#7171,.T.);
#4238=EDGE_CURVE('',#6000,#6001,#7172,.T.);
#4239=EDGE_CURVE('',#6001,#5998,#7173,.T.);
#4240=EDGE_CURVE('',#6002,#6003,#7174,.T.);
#4241=EDGE_CURVE('',#6003,#6004,#7175,.T.);
#4242=EDGE_CURVE('',#6004,#6005,#7176,.T.);
#4243=EDGE_CURVE('',#6005,#6002,#7177,.T.);
#4244=EDGE_CURVE('',#6006,#6007,#7178,.T.);
#4245=EDGE_CURVE('',#6007,#6008,#7179,.T.);
#4246=EDGE_CURVE('',#6008,#6009,#7180,.T.);
#4247=EDGE_CURVE('',#6009,#6006,#7181,.T.);
#4248=EDGE_CURVE('',#6010,#6011,#7182,.T.);
#4249=EDGE_CURVE('',#6011,#6012,#7183,.T.);
#4250=EDGE_CURVE('',#6012,#6013,#7184,.T.);
#4251=EDGE_CURVE('',#6013,#6010,#7185,.T.);
#4252=EDGE_CURVE('',#6014,#6015,#7186,.T.);
#4253=EDGE_CURVE('',#6015,#6016,#7187,.T.);
#4254=EDGE_CURVE('',#6016,#6017,#7188,.T.);
#4255=EDGE_CURVE('',#6017,#6014,#7189,.T.);
#4256=EDGE_CURVE('',#6018,#6019,#7190,.T.);
#4257=EDGE_CURVE('',#6019,#6020,#7191,.T.);
#4258=EDGE_CURVE('',#6020,#6021,#7192,.T.);
#4259=EDGE_CURVE('',#6021,#6018,#7193,.T.);
#4260=EDGE_CURVE('',#6022,#6023,#7194,.T.);
#4261=EDGE_CURVE('',#6023,#6024,#7195,.T.);
#4262=EDGE_CURVE('',#6024,#6025,#7196,.T.);
#4263=EDGE_CURVE('',#6025,#6022,#7197,.T.);
#4264=EDGE_CURVE('',#6026,#6027,#7198,.T.);
#4265=EDGE_CURVE('',#6027,#6028,#7199,.T.);
#4266=EDGE_CURVE('',#6028,#6029,#7200,.T.);
#4267=EDGE_CURVE('',#6029,#6026,#7201,.T.);
#4268=EDGE_CURVE('',#6030,#6031,#7202,.T.);
#4269=EDGE_CURVE('',#6031,#6032,#7203,.T.);
#4270=EDGE_CURVE('',#6032,#6033,#7204,.T.);
#4271=EDGE_CURVE('',#6033,#6030,#7205,.T.);
#4272=EDGE_CURVE('',#6034,#6035,#7206,.T.);
#4273=EDGE_CURVE('',#6035,#6036,#7207,.T.);
#4274=EDGE_CURVE('',#6036,#6037,#7208,.T.);
#4275=EDGE_CURVE('',#6037,#6034,#7209,.T.);
#4276=EDGE_CURVE('',#6038,#6039,#7210,.T.);
#4277=EDGE_CURVE('',#6039,#6040,#7211,.T.);
#4278=EDGE_CURVE('',#6040,#6041,#7212,.T.);
#4279=EDGE_CURVE('',#6041,#6038,#7213,.T.);
#4280=EDGE_CURVE('',#6042,#6043,#7214,.T.);
#4281=EDGE_CURVE('',#6043,#6044,#7215,.T.);
#4282=EDGE_CURVE('',#6044,#6045,#7216,.T.);
#4283=EDGE_CURVE('',#6045,#6042,#7217,.T.);
#4284=EDGE_CURVE('',#6046,#6047,#7218,.T.);
#4285=EDGE_CURVE('',#6047,#6048,#7219,.T.);
#4286=EDGE_CURVE('',#6048,#6049,#7220,.T.);
#4287=EDGE_CURVE('',#6049,#6046,#7221,.T.);
#4288=EDGE_CURVE('',#6050,#6051,#7222,.T.);
#4289=EDGE_CURVE('',#6051,#6052,#7223,.T.);
#4290=EDGE_CURVE('',#6052,#6053,#7224,.T.);
#4291=EDGE_CURVE('',#6053,#6050,#7225,.T.);
#4292=EDGE_CURVE('',#6054,#6055,#7226,.T.);
#4293=EDGE_CURVE('',#6055,#6056,#7227,.T.);
#4294=EDGE_CURVE('',#6056,#6057,#7228,.T.);
#4295=EDGE_CURVE('',#6057,#6054,#7229,.T.);
#4296=EDGE_CURVE('',#6058,#6059,#7230,.T.);
#4297=EDGE_CURVE('',#6059,#6060,#7231,.T.);
#4298=EDGE_CURVE('',#6060,#6061,#7232,.T.);
#4299=EDGE_CURVE('',#6061,#6058,#7233,.T.);
#4300=EDGE_CURVE('',#6062,#6063,#7234,.T.);
#4301=EDGE_CURVE('',#6063,#6064,#7235,.T.);
#4302=EDGE_CURVE('',#6064,#6065,#7236,.T.);
#4303=EDGE_CURVE('',#6065,#6062,#7237,.T.);
#4304=EDGE_CURVE('',#6066,#6067,#7238,.T.);
#4305=EDGE_CURVE('',#6067,#6068,#7239,.T.);
#4306=EDGE_CURVE('',#6068,#6069,#7240,.T.);
#4307=EDGE_CURVE('',#6069,#6066,#7241,.T.);
#4308=EDGE_CURVE('',#6070,#6071,#7242,.T.);
#4309=EDGE_CURVE('',#6071,#6072,#7243,.T.);
#4310=EDGE_CURVE('',#6072,#6073,#7244,.T.);
#4311=EDGE_CURVE('',#6073,#6070,#7245,.T.);
#4312=EDGE_CURVE('',#6074,#6075,#7246,.T.);
#4313=EDGE_CURVE('',#6075,#6076,#7247,.T.);
#4314=EDGE_CURVE('',#6076,#6077,#7248,.T.);
#4315=EDGE_CURVE('',#6077,#6074,#7249,.T.);
#4316=EDGE_CURVE('',#6078,#6079,#7250,.T.);
#4317=EDGE_CURVE('',#6079,#6080,#7251,.T.);
#4318=EDGE_CURVE('',#6080,#6081,#7252,.T.);
#4319=EDGE_CURVE('',#6081,#6078,#7253,.T.);
#4320=EDGE_CURVE('',#6082,#6083,#7254,.T.);
#4321=EDGE_CURVE('',#6083,#6084,#7255,.T.);
#4322=EDGE_CURVE('',#6084,#6085,#7256,.T.);
#4323=EDGE_CURVE('',#6085,#6082,#7257,.T.);
#4324=EDGE_CURVE('',#6086,#6087,#7258,.T.);
#4325=EDGE_CURVE('',#6087,#6088,#7259,.T.);
#4326=EDGE_CURVE('',#6088,#6089,#7260,.T.);
#4327=EDGE_CURVE('',#6089,#6086,#7261,.T.);
#4328=EDGE_CURVE('',#6090,#6091,#7262,.T.);
#4329=EDGE_CURVE('',#6091,#6092,#7263,.T.);
#4330=EDGE_CURVE('',#6092,#6093,#7264,.T.);
#4331=EDGE_CURVE('',#6093,#6090,#7265,.T.);
#4332=EDGE_CURVE('',#6094,#6095,#7266,.T.);
#4333=EDGE_CURVE('',#6095,#6096,#7267,.T.);
#4334=EDGE_CURVE('',#6096,#6097,#7268,.T.);
#4335=EDGE_CURVE('',#6097,#6094,#7269,.T.);
#4336=EDGE_CURVE('',#6098,#6099,#7270,.T.);
#4337=EDGE_CURVE('',#6099,#6100,#7271,.T.);
#4338=EDGE_CURVE('',#6100,#6101,#7272,.T.);
#4339=EDGE_CURVE('',#6101,#6098,#7273,.T.);
#4340=EDGE_CURVE('',#6102,#6103,#7274,.T.);
#4341=EDGE_CURVE('',#6103,#6104,#7275,.T.);
#4342=EDGE_CURVE('',#6104,#6105,#7276,.T.);
#4343=EDGE_CURVE('',#6105,#6102,#7277,.T.);
#4344=EDGE_CURVE('',#6106,#6107,#7278,.T.);
#4345=EDGE_CURVE('',#6107,#6108,#7279,.T.);
#4346=EDGE_CURVE('',#6108,#6109,#7280,.T.);
#4347=EDGE_CURVE('',#6109,#6106,#7281,.T.);
#4348=EDGE_CURVE('',#6110,#6111,#7282,.T.);
#4349=EDGE_CURVE('',#6111,#6112,#7283,.T.);
#4350=EDGE_CURVE('',#6112,#6113,#7284,.T.);
#4351=EDGE_CURVE('',#6113,#6110,#7285,.T.);
#4352=EDGE_CURVE('',#6114,#6115,#7286,.T.);
#4353=EDGE_CURVE('',#6115,#6116,#7287,.T.);
#4354=EDGE_CURVE('',#6116,#6117,#7288,.T.);
#4355=EDGE_CURVE('',#6117,#6114,#7289,.T.);
#4356=EDGE_CURVE('',#6118,#6119,#7290,.T.);
#4357=EDGE_CURVE('',#6119,#6120,#7291,.T.);
#4358=EDGE_CURVE('',#6120,#6121,#7292,.T.);
#4359=EDGE_CURVE('',#6121,#6118,#7293,.T.);
#4360=EDGE_CURVE('',#6122,#6123,#7294,.T.);
#4361=EDGE_CURVE('',#6123,#6124,#7295,.T.);
#4362=EDGE_CURVE('',#6124,#6125,#7296,.T.);
#4363=EDGE_CURVE('',#6125,#6122,#7297,.T.);
#4364=EDGE_CURVE('',#6126,#6127,#7298,.T.);
#4365=EDGE_CURVE('',#6127,#6128,#7299,.T.);
#4366=EDGE_CURVE('',#6128,#6129,#7300,.T.);
#4367=EDGE_CURVE('',#6129,#6126,#7301,.T.);
#4368=EDGE_CURVE('',#6130,#6131,#7302,.T.);
#4369=EDGE_CURVE('',#6131,#6132,#7303,.T.);
#4370=EDGE_CURVE('',#6132,#6133,#7304,.T.);
#4371=EDGE_CURVE('',#6133,#6130,#7305,.T.);
#4372=EDGE_CURVE('',#6134,#6135,#7306,.T.);
#4373=EDGE_CURVE('',#6135,#6136,#7307,.T.);
#4374=EDGE_CURVE('',#6136,#6137,#7308,.T.);
#4375=EDGE_CURVE('',#6137,#6134,#7309,.T.);
#4376=EDGE_CURVE('',#6138,#6139,#7310,.T.);
#4377=EDGE_CURVE('',#6139,#6140,#7311,.T.);
#4378=EDGE_CURVE('',#6140,#6141,#7312,.T.);
#4379=EDGE_CURVE('',#6141,#6138,#7313,.T.);
#4380=EDGE_CURVE('',#6142,#6143,#7314,.T.);
#4381=EDGE_CURVE('',#6143,#6144,#7315,.T.);
#4382=EDGE_CURVE('',#6144,#6145,#7316,.T.);
#4383=EDGE_CURVE('',#6145,#6142,#7317,.T.);
#4384=EDGE_CURVE('',#6146,#6147,#7318,.T.);
#4385=EDGE_CURVE('',#6148,#6146,#7319,.T.);
#4386=EDGE_CURVE('',#6149,#6148,#7320,.T.);
#4387=EDGE_CURVE('',#6150,#6149,#7321,.T.);
#4388=EDGE_CURVE('',#6150,#6151,#7322,.T.);
#4389=EDGE_CURVE('',#6152,#6151,#7323,.T.);
#4390=EDGE_CURVE('',#6153,#6152,#7324,.T.);
#4391=EDGE_CURVE('',#6153,#6154,#7325,.T.);
#4392=EDGE_CURVE('',#6155,#6154,#7326,.T.);
#4393=EDGE_CURVE('',#6156,#6155,#7327,.T.);
#4394=EDGE_CURVE('',#6156,#6157,#7328,.T.);
#4395=EDGE_CURVE('',#6158,#6157,#7329,.T.);
#4396=EDGE_CURVE('',#6159,#6158,#7330,.T.);
#4397=EDGE_CURVE('',#6159,#6160,#7331,.T.);
#4398=EDGE_CURVE('',#6161,#6160,#7332,.T.);
#4399=EDGE_CURVE('',#6162,#6161,#7333,.T.);
#4400=EDGE_CURVE('',#6162,#6163,#7334,.T.);
#4401=EDGE_CURVE('',#6164,#6163,#7335,.T.);
#4402=EDGE_CURVE('',#6165,#6164,#7336,.T.);
#4403=EDGE_CURVE('',#6165,#6166,#7337,.T.);
#4404=EDGE_CURVE('',#6167,#6166,#7338,.T.);
#4405=EDGE_CURVE('',#6168,#6167,#7339,.T.);
#4406=EDGE_CURVE('',#6168,#6169,#7340,.T.);
#4407=EDGE_CURVE('',#6170,#6169,#7341,.T.);
#4408=EDGE_CURVE('',#6171,#6170,#7342,.T.);
#4409=EDGE_CURVE('',#6171,#6172,#7343,.T.);
#4410=EDGE_CURVE('',#6173,#6172,#7344,.T.);
#4411=EDGE_CURVE('',#6174,#6173,#7345,.T.);
#4412=EDGE_CURVE('',#6174,#6175,#7346,.T.);
#4413=EDGE_CURVE('',#6176,#6175,#7347,.T.);
#4414=EDGE_CURVE('',#6177,#6176,#7348,.T.);
#4415=EDGE_CURVE('',#6177,#6178,#7349,.T.);
#4416=EDGE_CURVE('',#6179,#6178,#7350,.T.);
#4417=EDGE_CURVE('',#6180,#6179,#7351,.T.);
#4418=EDGE_CURVE('',#6180,#6181,#7352,.T.);
#4419=EDGE_CURVE('',#6182,#6181,#7353,.T.);
#4420=EDGE_CURVE('',#6183,#6182,#7354,.T.);
#4421=EDGE_CURVE('',#6183,#6184,#7355,.T.);
#4422=EDGE_CURVE('',#6185,#6184,#7356,.T.);
#4423=EDGE_CURVE('',#6186,#6185,#7357,.T.);
#4424=EDGE_CURVE('',#6186,#6187,#7358,.T.);
#4425=EDGE_CURVE('',#6188,#6187,#7359,.T.);
#4426=EDGE_CURVE('',#6189,#6188,#7360,.T.);
#4427=EDGE_CURVE('',#6189,#6190,#7361,.T.);
#4428=EDGE_CURVE('',#6191,#6190,#7362,.T.);
#4429=EDGE_CURVE('',#6192,#6191,#7363,.T.);
#4430=EDGE_CURVE('',#6192,#6193,#7364,.T.);
#4431=EDGE_CURVE('',#6194,#6193,#7365,.T.);
#4432=EDGE_CURVE('',#6195,#6194,#7366,.T.);
#4433=EDGE_CURVE('',#6195,#6196,#7367,.T.);
#4434=EDGE_CURVE('',#6197,#6196,#7368,.T.);
#4435=EDGE_CURVE('',#6198,#6197,#7369,.T.);
#4436=EDGE_CURVE('',#6198,#6199,#7370,.T.);
#4437=EDGE_CURVE('',#6200,#6199,#7371,.T.);
#4438=EDGE_CURVE('',#6201,#6200,#7372,.T.);
#4439=EDGE_CURVE('',#6201,#6202,#7373,.T.);
#4440=EDGE_CURVE('',#6203,#6202,#7374,.T.);
#4441=EDGE_CURVE('',#6204,#6203,#7375,.T.);
#4442=EDGE_CURVE('',#6204,#6205,#7376,.T.);
#4443=EDGE_CURVE('',#6206,#6205,#7377,.T.);
#4444=EDGE_CURVE('',#6207,#6206,#7378,.T.);
#4445=EDGE_CURVE('',#6207,#6208,#7379,.T.);
#4446=EDGE_CURVE('',#6209,#6208,#7380,.T.);
#4447=EDGE_CURVE('',#6210,#6209,#7381,.T.);
#4448=EDGE_CURVE('',#6210,#6211,#7382,.T.);
#4449=EDGE_CURVE('',#6212,#6211,#7383,.T.);
#4450=EDGE_CURVE('',#6213,#6212,#7384,.T.);
#4451=EDGE_CURVE('',#6213,#6214,#7385,.T.);
#4452=EDGE_CURVE('',#6215,#6214,#7386,.T.);
#4453=EDGE_CURVE('',#6216,#6215,#7387,.T.);
#4454=EDGE_CURVE('',#6216,#6217,#7388,.T.);
#4455=EDGE_CURVE('',#6218,#6217,#7389,.T.);
#4456=EDGE_CURVE('',#6219,#6218,#7390,.T.);
#4457=EDGE_CURVE('',#6219,#6220,#7391,.T.);
#4458=EDGE_CURVE('',#6221,#6220,#7392,.T.);
#4459=EDGE_CURVE('',#6222,#6221,#7393,.T.);
#4460=EDGE_CURVE('',#6222,#6223,#7394,.T.);
#4461=EDGE_CURVE('',#6224,#6223,#7395,.T.);
#4462=EDGE_CURVE('',#6225,#6224,#7396,.T.);
#4463=EDGE_CURVE('',#6225,#6226,#7397,.T.);
#4464=EDGE_CURVE('',#6227,#6226,#7398,.T.);
#4465=EDGE_CURVE('',#6228,#6227,#7399,.T.);
#4466=EDGE_CURVE('',#6228,#6229,#7400,.T.);
#4467=EDGE_CURVE('',#6230,#6229,#7401,.T.);
#4468=EDGE_CURVE('',#6231,#6230,#7402,.T.);
#4469=EDGE_CURVE('',#6231,#6232,#7403,.T.);
#4470=EDGE_CURVE('',#6233,#6232,#7404,.T.);
#4471=EDGE_CURVE('',#6234,#6233,#7405,.T.);
#4472=EDGE_CURVE('',#6234,#6235,#7406,.T.);
#4473=EDGE_CURVE('',#6236,#6235,#7407,.T.);
#4474=EDGE_CURVE('',#6237,#6236,#7408,.T.);
#4475=EDGE_CURVE('',#6237,#6238,#7409,.T.);
#4476=EDGE_CURVE('',#6239,#6238,#7410,.T.);
#4477=EDGE_CURVE('',#6240,#6239,#7411,.T.);
#4478=EDGE_CURVE('',#6240,#6241,#7412,.T.);
#4479=EDGE_CURVE('',#6242,#6241,#7413,.T.);
#4480=EDGE_CURVE('',#6243,#6242,#7414,.T.);
#4481=EDGE_CURVE('',#6243,#6244,#7415,.T.);
#4482=EDGE_CURVE('',#6245,#6244,#7416,.T.);
#4483=EDGE_CURVE('',#6246,#6245,#7417,.T.);
#4484=EDGE_CURVE('',#6247,#6246,#7418,.T.);
#4485=EDGE_CURVE('',#6248,#6247,#7419,.T.);
#4486=EDGE_CURVE('',#6249,#6248,#7420,.T.);
#4487=EDGE_CURVE('',#6250,#6249,#7421,.T.);
#4488=EDGE_CURVE('',#6251,#6250,#7422,.T.);
#4489=EDGE_CURVE('',#6252,#6251,#7423,.T.);
#4490=EDGE_CURVE('',#6253,#6252,#7424,.T.);
#4491=EDGE_CURVE('',#6254,#6253,#7425,.T.);
#4492=EDGE_CURVE('',#6255,#6254,#7426,.T.);
#4493=EDGE_CURVE('',#6256,#6255,#7427,.T.);
#4494=EDGE_CURVE('',#6257,#6256,#7428,.T.);
#4495=EDGE_CURVE('',#6258,#6257,#7429,.T.);
#4496=EDGE_CURVE('',#6259,#6258,#7430,.T.);
#4497=EDGE_CURVE('',#6260,#6259,#7431,.T.);
#4498=EDGE_CURVE('',#6261,#6260,#7432,.T.);
#4499=EDGE_CURVE('',#6262,#6261,#7433,.T.);
#4500=EDGE_CURVE('',#6263,#6262,#7434,.T.);
#4501=EDGE_CURVE('',#6264,#6263,#7435,.T.);
#4502=EDGE_CURVE('',#6265,#6264,#7436,.T.);
#4503=EDGE_CURVE('',#6266,#6265,#7437,.T.);
#4504=EDGE_CURVE('',#6267,#6266,#7438,.T.);
#4505=EDGE_CURVE('',#6268,#6267,#7439,.T.);
#4506=EDGE_CURVE('',#6269,#6268,#7440,.T.);
#4507=EDGE_CURVE('',#6270,#6269,#7441,.T.);
#4508=EDGE_CURVE('',#6271,#6270,#7442,.T.);
#4509=EDGE_CURVE('',#6272,#6271,#7443,.T.);
#4510=EDGE_CURVE('',#6273,#6272,#7444,.T.);
#4511=EDGE_CURVE('',#6274,#6273,#7445,.T.);
#4512=EDGE_CURVE('',#6275,#6274,#7446,.T.);
#4513=EDGE_CURVE('',#6276,#6275,#7447,.T.);
#4514=EDGE_CURVE('',#6277,#6276,#7448,.T.);
#4515=EDGE_CURVE('',#6278,#6277,#7449,.T.);
#4516=EDGE_CURVE('',#6279,#6278,#7450,.T.);
#4517=EDGE_CURVE('',#6280,#6279,#7451,.T.);
#4518=EDGE_CURVE('',#6281,#6280,#7452,.T.);
#4519=EDGE_CURVE('',#6282,#6281,#7453,.T.);
#4520=EDGE_CURVE('',#6283,#6282,#7454,.T.);
#4521=EDGE_CURVE('',#6284,#6283,#7455,.T.);
#4522=EDGE_CURVE('',#6285,#6284,#7456,.T.);
#4523=EDGE_CURVE('',#6286,#6285,#7457,.T.);
#4524=EDGE_CURVE('',#6287,#6286,#7458,.T.);
#4525=EDGE_CURVE('',#6288,#6287,#7459,.T.);
#4526=EDGE_CURVE('',#6289,#6288,#7460,.T.);
#4527=EDGE_CURVE('',#6290,#6289,#7461,.T.);
#4528=EDGE_CURVE('',#6291,#6290,#7462,.T.);
#4529=EDGE_CURVE('',#6292,#6291,#7463,.T.);
#4530=EDGE_CURVE('',#6293,#6292,#7464,.T.);
#4531=EDGE_CURVE('',#6294,#6293,#7465,.T.);
#4532=EDGE_CURVE('',#6295,#6294,#7466,.T.);
#4533=EDGE_CURVE('',#6296,#6295,#7467,.T.);
#4534=EDGE_CURVE('',#6297,#6296,#7468,.T.);
#4535=EDGE_CURVE('',#6298,#6297,#7469,.T.);
#4536=EDGE_CURVE('',#6299,#6298,#7470,.T.);
#4537=EDGE_CURVE('',#6300,#6299,#7471,.T.);
#4538=EDGE_CURVE('',#6301,#6300,#7472,.T.);
#4539=EDGE_CURVE('',#6302,#6301,#7473,.T.);
#4540=EDGE_CURVE('',#6303,#6302,#7474,.T.);
#4541=EDGE_CURVE('',#6304,#6303,#7475,.T.);
#4542=EDGE_CURVE('',#6305,#6304,#7476,.T.);
#4543=EDGE_CURVE('',#6306,#6305,#7477,.T.);
#4544=EDGE_CURVE('',#6307,#6306,#7478,.T.);
#4545=EDGE_CURVE('',#6308,#6307,#7479,.T.);
#4546=EDGE_CURVE('',#6309,#6308,#7480,.T.);
#4547=EDGE_CURVE('',#6310,#6309,#7481,.T.);
#4548=EDGE_CURVE('',#6311,#6310,#7482,.T.);
#4549=EDGE_CURVE('',#6312,#6311,#7483,.T.);
#4550=EDGE_CURVE('',#6313,#6312,#7484,.T.);
#4551=EDGE_CURVE('',#6314,#6313,#7485,.T.);
#4552=EDGE_CURVE('',#6315,#6314,#7486,.T.);
#4553=EDGE_CURVE('',#6316,#6315,#7487,.T.);
#4554=EDGE_CURVE('',#6317,#6316,#7488,.T.);
#4555=EDGE_CURVE('',#6318,#6317,#7489,.T.);
#4556=EDGE_CURVE('',#6319,#6318,#7490,.T.);
#4557=EDGE_CURVE('',#6320,#6319,#7491,.T.);
#4558=EDGE_CURVE('',#6321,#6320,#7492,.T.);
#4559=EDGE_CURVE('',#6322,#6321,#7493,.T.);
#4560=EDGE_CURVE('',#6323,#6322,#7494,.T.);
#4561=EDGE_CURVE('',#6324,#6323,#7495,.T.);
#4562=EDGE_CURVE('',#6325,#6324,#7496,.T.);
#4563=EDGE_CURVE('',#6326,#6325,#7497,.T.);
#4564=EDGE_CURVE('',#6327,#6326,#7498,.T.);
#4565=EDGE_CURVE('',#6328,#6327,#7499,.T.);
#4566=EDGE_CURVE('',#6329,#6328,#7500,.T.);
#4567=EDGE_CURVE('',#6330,#6329,#7501,.T.);
#4568=EDGE_CURVE('',#6331,#6330,#7502,.T.);
#4569=EDGE_CURVE('',#6332,#6331,#7503,.T.);
#4570=EDGE_CURVE('',#6333,#6332,#7504,.T.);
#4571=EDGE_CURVE('',#6334,#6333,#7505,.T.);
#4572=EDGE_CURVE('',#6335,#6334,#7506,.T.);
#4573=EDGE_CURVE('',#6336,#6335,#7507,.T.);
#4574=EDGE_CURVE('',#6337,#6336,#7508,.T.);
#4575=EDGE_CURVE('',#6338,#6337,#7509,.T.);
#4576=EDGE_CURVE('',#6339,#6338,#7510,.T.);
#4577=EDGE_CURVE('',#6147,#6339,#7511,.T.);
#4578=EDGE_CURVE('',#6340,#6341,#7512,.T.);
#4579=EDGE_CURVE('',#6341,#6342,#7513,.T.);
#4580=EDGE_CURVE('',#6342,#6343,#7514,.T.);
#4581=EDGE_CURVE('',#6343,#6340,#7515,.T.);
#4582=EDGE_CURVE('',#6344,#6345,#7516,.T.);
#4583=EDGE_CURVE('',#6345,#6346,#7517,.T.);
#4584=EDGE_CURVE('',#6346,#6347,#7518,.T.);
#4585=EDGE_CURVE('',#6347,#6344,#7519,.T.);
#4586=EDGE_CURVE('',#6348,#6349,#7520,.T.);
#4587=EDGE_CURVE('',#6349,#6350,#7521,.T.);
#4588=EDGE_CURVE('',#6350,#6351,#7522,.T.);
#4589=EDGE_CURVE('',#6351,#6348,#7523,.T.);
#4590=EDGE_CURVE('',#6352,#6353,#7524,.T.);
#4591=EDGE_CURVE('',#6353,#6354,#7525,.T.);
#4592=EDGE_CURVE('',#6354,#6355,#7526,.T.);
#4593=EDGE_CURVE('',#6355,#6352,#7527,.T.);
#4594=EDGE_CURVE('',#6356,#6357,#7528,.T.);
#4595=EDGE_CURVE('',#6357,#6358,#7529,.T.);
#4596=EDGE_CURVE('',#6358,#6359,#7530,.T.);
#4597=EDGE_CURVE('',#6359,#6356,#7531,.T.);
#4598=EDGE_CURVE('',#6360,#6361,#7532,.T.);
#4599=EDGE_CURVE('',#6361,#6362,#7533,.T.);
#4600=EDGE_CURVE('',#6362,#6363,#7534,.T.);
#4601=EDGE_CURVE('',#6363,#6360,#7535,.T.);
#4602=EDGE_CURVE('',#6364,#6365,#7536,.T.);
#4603=EDGE_CURVE('',#6365,#6366,#7537,.T.);
#4604=EDGE_CURVE('',#6366,#6367,#7538,.T.);
#4605=EDGE_CURVE('',#6367,#6364,#7539,.T.);
#4606=EDGE_CURVE('',#6368,#6369,#7540,.T.);
#4607=EDGE_CURVE('',#6369,#6370,#7541,.T.);
#4608=EDGE_CURVE('',#6370,#6371,#7542,.T.);
#4609=EDGE_CURVE('',#6371,#6368,#7543,.T.);
#4610=EDGE_CURVE('',#6372,#6373,#7544,.T.);
#4611=EDGE_CURVE('',#6373,#6374,#7545,.T.);
#4612=EDGE_CURVE('',#6374,#6375,#7546,.T.);
#4613=EDGE_CURVE('',#6375,#6372,#7547,.T.);
#4614=EDGE_CURVE('',#6376,#6377,#7548,.T.);
#4615=EDGE_CURVE('',#6377,#6378,#7549,.T.);
#4616=EDGE_CURVE('',#6378,#6379,#7550,.T.);
#4617=EDGE_CURVE('',#6379,#6376,#7551,.T.);
#4618=EDGE_CURVE('',#6380,#6381,#7552,.T.);
#4619=EDGE_CURVE('',#6381,#6382,#7553,.T.);
#4620=EDGE_CURVE('',#6382,#6383,#7554,.T.);
#4621=EDGE_CURVE('',#6383,#6380,#7555,.T.);
#4622=EDGE_CURVE('',#6384,#6385,#7556,.T.);
#4623=EDGE_CURVE('',#6385,#6386,#7557,.T.);
#4624=EDGE_CURVE('',#6386,#6387,#7558,.T.);
#4625=EDGE_CURVE('',#6387,#6384,#7559,.T.);
#4626=EDGE_CURVE('',#6388,#6389,#7560,.T.);
#4627=EDGE_CURVE('',#6389,#6390,#7561,.T.);
#4628=EDGE_CURVE('',#6390,#6391,#7562,.T.);
#4629=EDGE_CURVE('',#6391,#6388,#7563,.T.);
#4630=EDGE_CURVE('',#6392,#6393,#7564,.T.);
#4631=EDGE_CURVE('',#6393,#6394,#7565,.T.);
#4632=EDGE_CURVE('',#6394,#6395,#7566,.T.);
#4633=EDGE_CURVE('',#6395,#6392,#7567,.T.);
#4634=EDGE_CURVE('',#6396,#6397,#7568,.T.);
#4635=EDGE_CURVE('',#6397,#6398,#7569,.T.);
#4636=EDGE_CURVE('',#6398,#6399,#7570,.T.);
#4637=EDGE_CURVE('',#6399,#6396,#7571,.T.);
#4638=EDGE_CURVE('',#6400,#6401,#7572,.T.);
#4639=EDGE_CURVE('',#6401,#6402,#7573,.T.);
#4640=EDGE_CURVE('',#6402,#6403,#7574,.T.);
#4641=EDGE_CURVE('',#6403,#6400,#7575,.T.);
#4642=EDGE_CURVE('',#6404,#6405,#7576,.T.);
#4643=EDGE_CURVE('',#6405,#6406,#7577,.T.);
#4644=EDGE_CURVE('',#6406,#6407,#7578,.T.);
#4645=EDGE_CURVE('',#6407,#6404,#7579,.T.);
#4646=EDGE_CURVE('',#6408,#6409,#7580,.T.);
#4647=EDGE_CURVE('',#6409,#6410,#7581,.T.);
#4648=EDGE_CURVE('',#6410,#6411,#7582,.T.);
#4649=EDGE_CURVE('',#6411,#6408,#7583,.T.);
#4650=EDGE_CURVE('',#6412,#6413,#7584,.T.);
#4651=EDGE_CURVE('',#6413,#6414,#7585,.T.);
#4652=EDGE_CURVE('',#6414,#6415,#7586,.T.);
#4653=EDGE_CURVE('',#6415,#6412,#7587,.T.);
#4654=EDGE_CURVE('',#6416,#6417,#7588,.T.);
#4655=EDGE_CURVE('',#6417,#6418,#7589,.T.);
#4656=EDGE_CURVE('',#6418,#6419,#7590,.T.);
#4657=EDGE_CURVE('',#6419,#6416,#7591,.T.);
#4658=EDGE_CURVE('',#6420,#6421,#7592,.T.);
#4659=EDGE_CURVE('',#6421,#6422,#7593,.T.);
#4660=EDGE_CURVE('',#6422,#6423,#7594,.T.);
#4661=EDGE_CURVE('',#6423,#6420,#7595,.T.);
#4662=EDGE_CURVE('',#6424,#6425,#7596,.T.);
#4663=EDGE_CURVE('',#6425,#6426,#7597,.T.);
#4664=EDGE_CURVE('',#6426,#6427,#7598,.T.);
#4665=EDGE_CURVE('',#6427,#6424,#7599,.T.);
#4666=EDGE_CURVE('',#6428,#6429,#7600,.T.);
#4667=EDGE_CURVE('',#6429,#6430,#7601,.T.);
#4668=EDGE_CURVE('',#6430,#6431,#7602,.T.);
#4669=EDGE_CURVE('',#6431,#6428,#7603,.T.);
#4670=EDGE_CURVE('',#6432,#6433,#7604,.T.);
#4671=EDGE_CURVE('',#6433,#6434,#7605,.T.);
#4672=EDGE_CURVE('',#6434,#6435,#7606,.T.);
#4673=EDGE_CURVE('',#6435,#6432,#7607,.T.);
#4674=EDGE_CURVE('',#6436,#6437,#7608,.T.);
#4675=EDGE_CURVE('',#6437,#6438,#7609,.T.);
#4676=EDGE_CURVE('',#6438,#6439,#7610,.T.);
#4677=EDGE_CURVE('',#6439,#6436,#7611,.T.);
#4678=EDGE_CURVE('',#6440,#6441,#7612,.T.);
#4679=EDGE_CURVE('',#6441,#6442,#7613,.T.);
#4680=EDGE_CURVE('',#6442,#6443,#7614,.T.);
#4681=EDGE_CURVE('',#6443,#6440,#7615,.T.);
#4682=EDGE_CURVE('',#6444,#6445,#7616,.T.);
#4683=EDGE_CURVE('',#6445,#6446,#7617,.T.);
#4684=EDGE_CURVE('',#6446,#6447,#7618,.T.);
#4685=EDGE_CURVE('',#6447,#6444,#7619,.T.);
#4686=EDGE_CURVE('',#6448,#6449,#7620,.T.);
#4687=EDGE_CURVE('',#6449,#6450,#7621,.T.);
#4688=EDGE_CURVE('',#6450,#6451,#7622,.T.);
#4689=EDGE_CURVE('',#6451,#6448,#7623,.T.);
#4690=EDGE_CURVE('',#6452,#6453,#7624,.T.);
#4691=EDGE_CURVE('',#6453,#6454,#7625,.T.);
#4692=EDGE_CURVE('',#6454,#6455,#7626,.T.);
#4693=EDGE_CURVE('',#6455,#6452,#7627,.T.);
#4694=EDGE_CURVE('',#6456,#6457,#7628,.T.);
#4695=EDGE_CURVE('',#6457,#6458,#7629,.T.);
#4696=EDGE_CURVE('',#6458,#6459,#7630,.T.);
#4697=EDGE_CURVE('',#6459,#6456,#7631,.T.);
#4698=EDGE_CURVE('',#6460,#6461,#7632,.T.);
#4699=EDGE_CURVE('',#6461,#6462,#7633,.T.);
#4700=EDGE_CURVE('',#6462,#6463,#7634,.T.);
#4701=EDGE_CURVE('',#6463,#6460,#7635,.T.);
#4702=EDGE_CURVE('',#6464,#6465,#7636,.T.);
#4703=EDGE_CURVE('',#6465,#6466,#7637,.T.);
#4704=EDGE_CURVE('',#6466,#6467,#7638,.T.);
#4705=EDGE_CURVE('',#6467,#6464,#7639,.T.);
#4706=EDGE_CURVE('',#6468,#6469,#7640,.T.);
#4707=EDGE_CURVE('',#6469,#6470,#7641,.T.);
#4708=EDGE_CURVE('',#6470,#6471,#7642,.T.);
#4709=EDGE_CURVE('',#6471,#6468,#7643,.T.);
#4710=EDGE_CURVE('',#6472,#6473,#7644,.T.);
#4711=EDGE_CURVE('',#6473,#6474,#7645,.T.);
#4712=EDGE_CURVE('',#6474,#6475,#7646,.T.);
#4713=EDGE_CURVE('',#6475,#6472,#7647,.T.);
#4714=EDGE_CURVE('',#6476,#6477,#7648,.T.);
#4715=EDGE_CURVE('',#6477,#6478,#7649,.T.);
#4716=EDGE_CURVE('',#6478,#6479,#7650,.T.);
#4717=EDGE_CURVE('',#6479,#6476,#7651,.T.);
#4718=EDGE_CURVE('',#6480,#6481,#7652,.T.);
#4719=EDGE_CURVE('',#6481,#6482,#7653,.T.);
#4720=EDGE_CURVE('',#6482,#6483,#7654,.T.);
#4721=EDGE_CURVE('',#6483,#6480,#7655,.T.);
#4722=EDGE_CURVE('',#6484,#6485,#7656,.T.);
#4723=EDGE_CURVE('',#6485,#6486,#7657,.T.);
#4724=EDGE_CURVE('',#6486,#6487,#7658,.T.);
#4725=EDGE_CURVE('',#6487,#6484,#7659,.T.);
#4726=EDGE_CURVE('',#6488,#6489,#7660,.T.);
#4727=EDGE_CURVE('',#6489,#6490,#7661,.T.);
#4728=EDGE_CURVE('',#6490,#6491,#7662,.T.);
#4729=EDGE_CURVE('',#6491,#6488,#7663,.T.);
#4730=EDGE_CURVE('',#6492,#6493,#7664,.T.);
#4731=EDGE_CURVE('',#6493,#6494,#7665,.T.);
#4732=EDGE_CURVE('',#6494,#6495,#7666,.T.);
#4733=EDGE_CURVE('',#6495,#6492,#7667,.T.);
#4734=EDGE_CURVE('',#6496,#6497,#7668,.T.);
#4735=EDGE_CURVE('',#6497,#6498,#7669,.T.);
#4736=EDGE_CURVE('',#6498,#6499,#7670,.T.);
#4737=EDGE_CURVE('',#6499,#6496,#7671,.T.);
#4738=EDGE_CURVE('',#6500,#6501,#7672,.T.);
#4739=EDGE_CURVE('',#6501,#6502,#7673,.T.);
#4740=EDGE_CURVE('',#6502,#6503,#7674,.T.);
#4741=EDGE_CURVE('',#6503,#6500,#7675,.T.);
#4742=EDGE_CURVE('',#6504,#6505,#7676,.T.);
#4743=EDGE_CURVE('',#6505,#6506,#7677,.T.);
#4744=EDGE_CURVE('',#6506,#6507,#7678,.T.);
#4745=EDGE_CURVE('',#6507,#6504,#7679,.T.);
#4746=EDGE_CURVE('',#6508,#6509,#7680,.T.);
#4747=EDGE_CURVE('',#6509,#6510,#7681,.T.);
#4748=EDGE_CURVE('',#6510,#6511,#7682,.T.);
#4749=EDGE_CURVE('',#6511,#6508,#7683,.T.);
#4750=EDGE_CURVE('',#6512,#6513,#7684,.T.);
#4751=EDGE_CURVE('',#6513,#6514,#7685,.T.);
#4752=EDGE_CURVE('',#6514,#6515,#7686,.T.);
#4753=EDGE_CURVE('',#6515,#6512,#7687,.T.);
#4754=EDGE_CURVE('',#6516,#6517,#7688,.T.);
#4755=EDGE_CURVE('',#6517,#6518,#7689,.T.);
#4756=EDGE_CURVE('',#6518,#6519,#7690,.T.);
#4757=EDGE_CURVE('',#6519,#6516,#7691,.T.);
#4758=EDGE_CURVE('',#6520,#6521,#7692,.T.);
#4759=EDGE_CURVE('',#6521,#6522,#7693,.T.);
#4760=EDGE_CURVE('',#6522,#6523,#7694,.T.);
#4761=EDGE_CURVE('',#6523,#6520,#7695,.T.);
#4762=EDGE_CURVE('',#6524,#6525,#7696,.T.);
#4763=EDGE_CURVE('',#6525,#6526,#7697,.T.);
#4764=EDGE_CURVE('',#6526,#6527,#7698,.T.);
#4765=EDGE_CURVE('',#6527,#6524,#7699,.T.);
#4766=EDGE_CURVE('',#6528,#6529,#7700,.T.);
#4767=EDGE_CURVE('',#6529,#6530,#7701,.T.);
#4768=EDGE_CURVE('',#6530,#6531,#7702,.T.);
#4769=EDGE_CURVE('',#6531,#6528,#7703,.T.);
#4770=EDGE_CURVE('',#6532,#6533,#7704,.T.);
#4771=EDGE_CURVE('',#6533,#6534,#7705,.T.);
#4772=EDGE_CURVE('',#6534,#6535,#7706,.T.);
#4773=EDGE_CURVE('',#6535,#6532,#7707,.T.);
#4774=EDGE_CURVE('',#6536,#6537,#7708,.T.);
#4775=EDGE_CURVE('',#6537,#6538,#7709,.T.);
#4776=EDGE_CURVE('',#6538,#6539,#7710,.T.);
#4777=EDGE_CURVE('',#6539,#6536,#7711,.T.);
#4778=EDGE_CURVE('',#6540,#6541,#7712,.T.);
#4779=EDGE_CURVE('',#6541,#6542,#7713,.T.);
#4780=EDGE_CURVE('',#6542,#6543,#7714,.T.);
#4781=EDGE_CURVE('',#6543,#6540,#7715,.T.);
#4782=EDGE_CURVE('',#6544,#6545,#7716,.T.);
#4783=EDGE_CURVE('',#6545,#6546,#7717,.T.);
#4784=EDGE_CURVE('',#6546,#6547,#7718,.T.);
#4785=EDGE_CURVE('',#6547,#6544,#7719,.T.);
#4786=EDGE_CURVE('',#6548,#6549,#7720,.T.);
#4787=EDGE_CURVE('',#6549,#6550,#7721,.T.);
#4788=EDGE_CURVE('',#6550,#6551,#7722,.T.);
#4789=EDGE_CURVE('',#6551,#6548,#7723,.T.);
#4790=EDGE_CURVE('',#6552,#6553,#7724,.T.);
#4791=EDGE_CURVE('',#6553,#6554,#7725,.T.);
#4792=EDGE_CURVE('',#6554,#6555,#7726,.T.);
#4793=EDGE_CURVE('',#6555,#6552,#7727,.T.);
#4794=EDGE_CURVE('',#6556,#6557,#7728,.T.);
#4795=EDGE_CURVE('',#6557,#6558,#7729,.T.);
#4796=EDGE_CURVE('',#6558,#6559,#7730,.T.);
#4797=EDGE_CURVE('',#6559,#6556,#7731,.T.);
#4798=EDGE_CURVE('',#6560,#6561,#7732,.T.);
#4799=EDGE_CURVE('',#6561,#6562,#7733,.T.);
#4800=EDGE_CURVE('',#6562,#6563,#7734,.T.);
#4801=EDGE_CURVE('',#6563,#6560,#7735,.T.);
#4802=EDGE_CURVE('',#6564,#6565,#7736,.T.);
#4803=EDGE_CURVE('',#6565,#6566,#7737,.T.);
#4804=EDGE_CURVE('',#6566,#6567,#7738,.T.);
#4805=EDGE_CURVE('',#6567,#6564,#7739,.T.);
#4806=EDGE_CURVE('',#6568,#6569,#7740,.T.);
#4807=EDGE_CURVE('',#6569,#6570,#7741,.T.);
#4808=EDGE_CURVE('',#6570,#6571,#7742,.T.);
#4809=EDGE_CURVE('',#6571,#6568,#7743,.T.);
#4810=EDGE_CURVE('',#6572,#6573,#7744,.T.);
#4811=EDGE_CURVE('',#6573,#6574,#7745,.T.);
#4812=EDGE_CURVE('',#6574,#6575,#7746,.T.);
#4813=EDGE_CURVE('',#6575,#6572,#7747,.T.);
#4814=EDGE_CURVE('',#6576,#6577,#7748,.T.);
#4815=EDGE_CURVE('',#6577,#6578,#7749,.T.);
#4816=EDGE_CURVE('',#6578,#6579,#7750,.T.);
#4817=EDGE_CURVE('',#6579,#6576,#7751,.T.);
#4818=EDGE_CURVE('',#6580,#6581,#7752,.T.);
#4819=EDGE_CURVE('',#6581,#6582,#7753,.T.);
#4820=EDGE_CURVE('',#6582,#6583,#7754,.T.);
#4821=EDGE_CURVE('',#6583,#6580,#7755,.T.);
#4822=EDGE_CURVE('',#6584,#6585,#7756,.T.);
#4823=EDGE_CURVE('',#6585,#6586,#7757,.T.);
#4824=EDGE_CURVE('',#6586,#6587,#7758,.T.);
#4825=EDGE_CURVE('',#6587,#6584,#7759,.T.);
#4826=EDGE_CURVE('',#6588,#6589,#7760,.T.);
#4827=EDGE_CURVE('',#6589,#6590,#7761,.T.);
#4828=EDGE_CURVE('',#6590,#6591,#7762,.T.);
#4829=EDGE_CURVE('',#6591,#6588,#7763,.T.);
#4830=EDGE_CURVE('',#6592,#6593,#7764,.T.);
#4831=EDGE_CURVE('',#6593,#6594,#7765,.T.);
#4832=EDGE_CURVE('',#6594,#6595,#7766,.T.);
#4833=EDGE_CURVE('',#6595,#6592,#7767,.T.);
#4834=EDGE_CURVE('',#6596,#6597,#7768,.T.);
#4835=EDGE_CURVE('',#6598,#6596,#7769,.T.);
#4836=EDGE_CURVE('',#6599,#6598,#7770,.T.);
#4837=EDGE_CURVE('',#6597,#6599,#7771,.T.);
#4838=EDGE_CURVE('',#6600,#6601,#7772,.T.);
#4839=EDGE_CURVE('',#6602,#6600,#7773,.T.);
#4840=EDGE_CURVE('',#6603,#6602,#7774,.T.);
#4841=EDGE_CURVE('',#6601,#6603,#7775,.T.);
#4842=EDGE_CURVE('',#6604,#6605,#7776,.T.);
#4843=EDGE_CURVE('',#6606,#6604,#7777,.T.);
#4844=EDGE_CURVE('',#6607,#6606,#7778,.T.);
#4845=EDGE_CURVE('',#6605,#6607,#7779,.T.);
#4846=EDGE_CURVE('',#6608,#6609,#7780,.T.);
#4847=EDGE_CURVE('',#6610,#6608,#7781,.T.);
#4848=EDGE_CURVE('',#6611,#6610,#7782,.T.);
#4849=EDGE_CURVE('',#6609,#6611,#7783,.T.);
#4850=EDGE_CURVE('',#6612,#6613,#7784,.T.);
#4851=EDGE_CURVE('',#6614,#6612,#7785,.T.);
#4852=EDGE_CURVE('',#6615,#6614,#7786,.T.);
#4853=EDGE_CURVE('',#6613,#6615,#7787,.T.);
#4854=EDGE_CURVE('',#6616,#6617,#7788,.T.);
#4855=EDGE_CURVE('',#6618,#6616,#7789,.T.);
#4856=EDGE_CURVE('',#6619,#6618,#7790,.T.);
#4857=EDGE_CURVE('',#6617,#6619,#7791,.T.);
#4858=EDGE_CURVE('',#6620,#6621,#7792,.T.);
#4859=EDGE_CURVE('',#6622,#6620,#7793,.T.);
#4860=EDGE_CURVE('',#6623,#6622,#7794,.T.);
#4861=EDGE_CURVE('',#6621,#6623,#7795,.T.);
#4862=EDGE_CURVE('',#6624,#6625,#7796,.T.);
#4863=EDGE_CURVE('',#6626,#6624,#7797,.T.);
#4864=EDGE_CURVE('',#6627,#6626,#7798,.T.);
#4865=EDGE_CURVE('',#6625,#6627,#7799,.T.);
#4866=EDGE_CURVE('',#6628,#6629,#7800,.T.);
#4867=EDGE_CURVE('',#6630,#6628,#7801,.T.);
#4868=EDGE_CURVE('',#6631,#6630,#7802,.T.);
#4869=EDGE_CURVE('',#6629,#6631,#7803,.T.);
#4870=EDGE_CURVE('',#6632,#6633,#7804,.T.);
#4871=EDGE_CURVE('',#6634,#6632,#7805,.T.);
#4872=EDGE_CURVE('',#6635,#6634,#7806,.T.);
#4873=EDGE_CURVE('',#6633,#6635,#7807,.T.);
#4874=EDGE_CURVE('',#6636,#6637,#7808,.T.);
#4875=EDGE_CURVE('',#6638,#6636,#7809,.T.);
#4876=EDGE_CURVE('',#6639,#6638,#7810,.T.);
#4877=EDGE_CURVE('',#6637,#6639,#7811,.T.);
#4878=EDGE_CURVE('',#6640,#6641,#7812,.T.);
#4879=EDGE_CURVE('',#6642,#6640,#7813,.T.);
#4880=EDGE_CURVE('',#6643,#6642,#7814,.T.);
#4881=EDGE_CURVE('',#6641,#6643,#7815,.T.);
#4882=EDGE_CURVE('',#6644,#6645,#7816,.T.);
#4883=EDGE_CURVE('',#6646,#6644,#7817,.T.);
#4884=EDGE_CURVE('',#6647,#6646,#7818,.T.);
#4885=EDGE_CURVE('',#6645,#6647,#7819,.T.);
#4886=EDGE_CURVE('',#6648,#6649,#7820,.T.);
#4887=EDGE_CURVE('',#6650,#6648,#7821,.T.);
#4888=EDGE_CURVE('',#6651,#6650,#7822,.T.);
#4889=EDGE_CURVE('',#6649,#6651,#7823,.T.);
#4890=EDGE_CURVE('',#6652,#6653,#7824,.T.);
#4891=EDGE_CURVE('',#6654,#6652,#7825,.T.);
#4892=EDGE_CURVE('',#6655,#6654,#7826,.T.);
#4893=EDGE_CURVE('',#6653,#6655,#7827,.T.);
#4894=EDGE_CURVE('',#6656,#6657,#7828,.T.);
#4895=EDGE_CURVE('',#6658,#6656,#7829,.T.);
#4896=EDGE_CURVE('',#6659,#6658,#7830,.T.);
#4897=EDGE_CURVE('',#6657,#6659,#7831,.T.);
#4898=EDGE_CURVE('',#6660,#6661,#7832,.T.);
#4899=EDGE_CURVE('',#6662,#6660,#7833,.T.);
#4900=EDGE_CURVE('',#6663,#6662,#7834,.T.);
#4901=EDGE_CURVE('',#6661,#6663,#7835,.T.);
#4902=EDGE_CURVE('',#6664,#6665,#7836,.T.);
#4903=EDGE_CURVE('',#6666,#6664,#7837,.T.);
#4904=EDGE_CURVE('',#6667,#6666,#7838,.T.);
#4905=EDGE_CURVE('',#6665,#6667,#7839,.T.);
#4906=EDGE_CURVE('',#6668,#6669,#7840,.T.);
#4907=EDGE_CURVE('',#6670,#6668,#7841,.T.);
#4908=EDGE_CURVE('',#6671,#6670,#7842,.T.);
#4909=EDGE_CURVE('',#6669,#6671,#7843,.T.);
#4910=EDGE_CURVE('',#6672,#6673,#7844,.T.);
#4911=EDGE_CURVE('',#6674,#6672,#7845,.T.);
#4912=EDGE_CURVE('',#6675,#6674,#7846,.T.);
#4913=EDGE_CURVE('',#6673,#6675,#7847,.T.);
#4914=EDGE_CURVE('',#6676,#6677,#7848,.T.);
#4915=EDGE_CURVE('',#6678,#6676,#7849,.T.);
#4916=EDGE_CURVE('',#6679,#6678,#7850,.T.);
#4917=EDGE_CURVE('',#6677,#6679,#7851,.T.);
#4918=EDGE_CURVE('',#6680,#6681,#7852,.T.);
#4919=EDGE_CURVE('',#6682,#6680,#7853,.T.);
#4920=EDGE_CURVE('',#6683,#6682,#7854,.T.);
#4921=EDGE_CURVE('',#6681,#6683,#7855,.T.);
#4922=EDGE_CURVE('',#6684,#6685,#7856,.T.);
#4923=EDGE_CURVE('',#6686,#6684,#7857,.T.);
#4924=EDGE_CURVE('',#6687,#6686,#7858,.T.);
#4925=EDGE_CURVE('',#6685,#6687,#7859,.T.);
#4926=EDGE_CURVE('',#6688,#6689,#7860,.T.);
#4927=EDGE_CURVE('',#6690,#6688,#7861,.T.);
#4928=EDGE_CURVE('',#6691,#6690,#7862,.T.);
#4929=EDGE_CURVE('',#6689,#6691,#7863,.T.);
#4930=EDGE_CURVE('',#6692,#6693,#7864,.T.);
#4931=EDGE_CURVE('',#6694,#6692,#7865,.T.);
#4932=EDGE_CURVE('',#6695,#6694,#7866,.T.);
#4933=EDGE_CURVE('',#6693,#6695,#7867,.T.);
#4934=EDGE_CURVE('',#6696,#6697,#7868,.T.);
#4935=EDGE_CURVE('',#6698,#6696,#7869,.T.);
#4936=EDGE_CURVE('',#6699,#6698,#7870,.T.);
#4937=EDGE_CURVE('',#6697,#6699,#7871,.T.);
#4938=EDGE_CURVE('',#6700,#6701,#7872,.T.);
#4939=EDGE_CURVE('',#6702,#6700,#7873,.T.);
#4940=EDGE_CURVE('',#6703,#6702,#7874,.T.);
#4941=EDGE_CURVE('',#6701,#6703,#7875,.T.);
#4942=EDGE_CURVE('',#6704,#6705,#7876,.T.);
#4943=EDGE_CURVE('',#6706,#6704,#7877,.T.);
#4944=EDGE_CURVE('',#6707,#6706,#7878,.T.);
#4945=EDGE_CURVE('',#6705,#6707,#7879,.T.);
#4946=EDGE_CURVE('',#6708,#6709,#7880,.T.);
#4947=EDGE_CURVE('',#6710,#6708,#7881,.T.);
#4948=EDGE_CURVE('',#6711,#6710,#7882,.T.);
#4949=EDGE_CURVE('',#6709,#6711,#7883,.T.);
#4950=EDGE_CURVE('',#6712,#6713,#7884,.T.);
#4951=EDGE_CURVE('',#6714,#6712,#7885,.T.);
#4952=EDGE_CURVE('',#6715,#6714,#7886,.T.);
#4953=EDGE_CURVE('',#6713,#6715,#7887,.T.);
#4954=EDGE_CURVE('',#6716,#6717,#7888,.T.);
#4955=EDGE_CURVE('',#6718,#6716,#7889,.T.);
#4956=EDGE_CURVE('',#6719,#6718,#7890,.T.);
#4957=EDGE_CURVE('',#6717,#6719,#7891,.T.);
#4958=EDGE_CURVE('',#6720,#6721,#7892,.T.);
#4959=EDGE_CURVE('',#6722,#6720,#7893,.T.);
#4960=EDGE_CURVE('',#6723,#6722,#7894,.T.);
#4961=EDGE_CURVE('',#6721,#6723,#7895,.T.);
#4962=EDGE_CURVE('',#6245,#5699,#7896,.T.);
#4963=EDGE_CURVE('',#6246,#5698,#7897,.T.);
#4964=EDGE_CURVE('',#6149,#5795,#7898,.T.);
#4965=EDGE_CURVE('',#6148,#5796,#7899,.T.);
#4966=EDGE_CURVE('',#6146,#6469,#7900,.T.);
#4967=EDGE_CURVE('',#6468,#5797,#7901,.T.);
#4968=EDGE_CURVE('',#6470,#6147,#7902,.T.);
#4969=EDGE_CURVE('',#6339,#5799,#7903,.T.);
#4970=EDGE_CURVE('',#6471,#5798,#7904,.T.);
#4971=EDGE_CURVE('',#6338,#6473,#7905,.T.);
#4972=EDGE_CURVE('',#5800,#6472,#7906,.T.);
#4973=EDGE_CURVE('',#6474,#6337,#7907,.T.);
#4974=EDGE_CURVE('',#6336,#5802,#7908,.T.);
#4975=EDGE_CURVE('',#6475,#5801,#7909,.T.);
#4976=EDGE_CURVE('',#6335,#6477,#7910,.T.);
#4977=EDGE_CURVE('',#5803,#6476,#7911,.T.);
#4978=EDGE_CURVE('',#6478,#6334,#7912,.T.);
#4979=EDGE_CURVE('',#6333,#5805,#7913,.T.);
#4980=EDGE_CURVE('',#6479,#5804,#7914,.T.);
#4981=EDGE_CURVE('',#6332,#6481,#7915,.T.);
#4982=EDGE_CURVE('',#5806,#6480,#7916,.T.);
#4983=EDGE_CURVE('',#6482,#6331,#7917,.T.);
#4984=EDGE_CURVE('',#6330,#5808,#7918,.T.);
#4985=EDGE_CURVE('',#6483,#5807,#7919,.T.);
#4986=EDGE_CURVE('',#6329,#6485,#7920,.T.);
#4987=EDGE_CURVE('',#5809,#6484,#7921,.T.);
#4988=EDGE_CURVE('',#6486,#6328,#7922,.T.);
#4989=EDGE_CURVE('',#6327,#5811,#7923,.T.);
#4990=EDGE_CURVE('',#6487,#5810,#7924,.T.);
#4991=EDGE_CURVE('',#6326,#6489,#7925,.T.);
#4992=EDGE_CURVE('',#5812,#6488,#7926,.T.);
#4993=EDGE_CURVE('',#6490,#6325,#7927,.T.);
#4994=EDGE_CURVE('',#6324,#5814,#7928,.T.);
#4995=EDGE_CURVE('',#6491,#5813,#7929,.T.);
#4996=EDGE_CURVE('',#6323,#6493,#7930,.T.);
#4997=EDGE_CURVE('',#5815,#6492,#7931,.T.);
#4998=EDGE_CURVE('',#6494,#6322,#7932,.T.);
#4999=EDGE_CURVE('',#6321,#5817,#7933,.T.);
#5000=EDGE_CURVE('',#6495,#5816,#7934,.T.);
#5001=EDGE_CURVE('',#6320,#6497,#7935,.T.);
#5002=EDGE_CURVE('',#5818,#6496,#7936,.T.);
#5003=EDGE_CURVE('',#6498,#6319,#7937,.T.);
#5004=EDGE_CURVE('',#6318,#5820,#7938,.T.);
#5005=EDGE_CURVE('',#6499,#5819,#7939,.T.);
#5006=EDGE_CURVE('',#6317,#6501,#7940,.T.);
#5007=EDGE_CURVE('',#5821,#6500,#7941,.T.);
#5008=EDGE_CURVE('',#6502,#6316,#7942,.T.);
#5009=EDGE_CURVE('',#6315,#5823,#7943,.T.);
#5010=EDGE_CURVE('',#6503,#5822,#7944,.T.);
#5011=EDGE_CURVE('',#6314,#6505,#7945,.T.);
#5012=EDGE_CURVE('',#5824,#6504,#7946,.T.);
#5013=EDGE_CURVE('',#6506,#6313,#7947,.T.);
#5014=EDGE_CURVE('',#6312,#5826,#7948,.T.);
#5015=EDGE_CURVE('',#6507,#5825,#7949,.T.);
#5016=EDGE_CURVE('',#6311,#6509,#7950,.T.);
#5017=EDGE_CURVE('',#5827,#6508,#7951,.T.);
#5018=EDGE_CURVE('',#6510,#6310,#7952,.T.);
#5019=EDGE_CURVE('',#6309,#5829,#7953,.T.);
#5020=EDGE_CURVE('',#6511,#5828,#7954,.T.);
#5021=EDGE_CURVE('',#6308,#6513,#7955,.T.);
#5022=EDGE_CURVE('',#5830,#6512,#7956,.T.);
#5023=EDGE_CURVE('',#6514,#6307,#7957,.T.);
#5024=EDGE_CURVE('',#6306,#5832,#7958,.T.);
#5025=EDGE_CURVE('',#6515,#5831,#7959,.T.);
#5026=EDGE_CURVE('',#6305,#6517,#7960,.T.);
#5027=EDGE_CURVE('',#5833,#6516,#7961,.T.);
#5028=EDGE_CURVE('',#6518,#6304,#7962,.T.);
#5029=EDGE_CURVE('',#6303,#5835,#7963,.T.);
#5030=EDGE_CURVE('',#6519,#5834,#7964,.T.);
#5031=EDGE_CURVE('',#6302,#6521,#7965,.T.);
#5032=EDGE_CURVE('',#5836,#6520,#7966,.T.);
#5033=EDGE_CURVE('',#6522,#6301,#7967,.T.);
#5034=EDGE_CURVE('',#6300,#5838,#7968,.T.);
#5035=EDGE_CURVE('',#6523,#5837,#7969,.T.);
#5036=EDGE_CURVE('',#6299,#6525,#7970,.T.);
#5037=EDGE_CURVE('',#5839,#6524,#7971,.T.);
#5038=EDGE_CURVE('',#6526,#6298,#7972,.T.);
#5039=EDGE_CURVE('',#6297,#5841,#7973,.T.);
#5040=EDGE_CURVE('',#6527,#5840,#7974,.T.);
#5041=EDGE_CURVE('',#6296,#6529,#7975,.T.);
#5042=EDGE_CURVE('',#5842,#6528,#7976,.T.);
#5043=EDGE_CURVE('',#6530,#6295,#7977,.T.);
#5044=EDGE_CURVE('',#6294,#5844,#7978,.T.);
#5045=EDGE_CURVE('',#6531,#5843,#7979,.T.);
#5046=EDGE_CURVE('',#6293,#6533,#7980,.T.);
#5047=EDGE_CURVE('',#5845,#6532,#7981,.T.);
#5048=EDGE_CURVE('',#6534,#6292,#7982,.T.);
#5049=EDGE_CURVE('',#6291,#5847,#7983,.T.);
#5050=EDGE_CURVE('',#6535,#5846,#7984,.T.);
#5051=EDGE_CURVE('',#6290,#6537,#7985,.T.);
#5052=EDGE_CURVE('',#5848,#6536,#7986,.T.);
#5053=EDGE_CURVE('',#6538,#6289,#7987,.T.);
#5054=EDGE_CURVE('',#6288,#5850,#7988,.T.);
#5055=EDGE_CURVE('',#6539,#5849,#7989,.T.);
#5056=EDGE_CURVE('',#6287,#6541,#7990,.T.);
#5057=EDGE_CURVE('',#5851,#6540,#7991,.T.);
#5058=EDGE_CURVE('',#6542,#6286,#7992,.T.);
#5059=EDGE_CURVE('',#6285,#5853,#7993,.T.);
#5060=EDGE_CURVE('',#6543,#5852,#7994,.T.);
#5061=EDGE_CURVE('',#6284,#6545,#7995,.T.);
#5062=EDGE_CURVE('',#5854,#6544,#7996,.T.);
#5063=EDGE_CURVE('',#6546,#6283,#7997,.T.);
#5064=EDGE_CURVE('',#6282,#5856,#7998,.T.);
#5065=EDGE_CURVE('',#6547,#5855,#7999,.T.);
#5066=EDGE_CURVE('',#6281,#6549,#8000,.T.);
#5067=EDGE_CURVE('',#5857,#6548,#8001,.T.);
#5068=EDGE_CURVE('',#6550,#6280,#8002,.T.);
#5069=EDGE_CURVE('',#6279,#5859,#8003,.T.);
#5070=EDGE_CURVE('',#6551,#5858,#8004,.T.);
#5071=EDGE_CURVE('',#6278,#6553,#8005,.T.);
#5072=EDGE_CURVE('',#5860,#6552,#8006,.T.);
#5073=EDGE_CURVE('',#6554,#6277,#8007,.T.);
#5074=EDGE_CURVE('',#6276,#5862,#8008,.T.);
#5075=EDGE_CURVE('',#6555,#5861,#8009,.T.);
#5076=EDGE_CURVE('',#6275,#6557,#8010,.T.);
#5077=EDGE_CURVE('',#5863,#6556,#8011,.T.);
#5078=EDGE_CURVE('',#6558,#6274,#8012,.T.);
#5079=EDGE_CURVE('',#6273,#5865,#8013,.T.);
#5080=EDGE_CURVE('',#6559,#5864,#8014,.T.);
#5081=EDGE_CURVE('',#6272,#6561,#8015,.T.);
#5082=EDGE_CURVE('',#5866,#6560,#8016,.T.);
#5083=EDGE_CURVE('',#6562,#6271,#8017,.T.);
#5084=EDGE_CURVE('',#6270,#5868,#8018,.T.);
#5085=EDGE_CURVE('',#6563,#5867,#8019,.T.);
#5086=EDGE_CURVE('',#6269,#6565,#8020,.T.);
#5087=EDGE_CURVE('',#5869,#6564,#8021,.T.);
#5088=EDGE_CURVE('',#6566,#6268,#8022,.T.);
#5089=EDGE_CURVE('',#6267,#5871,#8023,.T.);
#5090=EDGE_CURVE('',#6567,#5870,#8024,.T.);
#5091=EDGE_CURVE('',#6266,#6569,#8025,.T.);
#5092=EDGE_CURVE('',#5872,#6568,#8026,.T.);
#5093=EDGE_CURVE('',#6570,#6265,#8027,.T.);
#5094=EDGE_CURVE('',#6264,#5874,#8028,.T.);
#5095=EDGE_CURVE('',#6571,#5873,#8029,.T.);
#5096=EDGE_CURVE('',#6263,#6573,#8030,.T.);
#5097=EDGE_CURVE('',#5875,#6572,#8031,.T.);
#5098=EDGE_CURVE('',#6574,#6262,#8032,.T.);
#5099=EDGE_CURVE('',#6261,#5877,#8033,.T.);
#5100=EDGE_CURVE('',#6575,#5876,#8034,.T.);
#5101=EDGE_CURVE('',#6260,#6577,#8035,.T.);
#5102=EDGE_CURVE('',#5878,#6576,#8036,.T.);
#5103=EDGE_CURVE('',#6578,#6259,#8037,.T.);
#5104=EDGE_CURVE('',#6258,#5880,#8038,.T.);
#5105=EDGE_CURVE('',#6579,#5879,#8039,.T.);
#5106=EDGE_CURVE('',#6257,#6581,#8040,.T.);
#5107=EDGE_CURVE('',#5881,#6580,#8041,.T.);
#5108=EDGE_CURVE('',#6582,#6256,#8042,.T.);
#5109=EDGE_CURVE('',#6255,#5883,#8043,.T.);
#5110=EDGE_CURVE('',#6583,#5882,#8044,.T.);
#5111=EDGE_CURVE('',#6254,#6585,#8045,.T.);
#5112=EDGE_CURVE('',#5884,#6584,#8046,.T.);
#5113=EDGE_CURVE('',#6586,#6253,#8047,.T.);
#5114=EDGE_CURVE('',#6252,#5886,#8048,.T.);
#5115=EDGE_CURVE('',#6587,#5885,#8049,.T.);
#5116=EDGE_CURVE('',#6251,#6589,#8050,.T.);
#5117=EDGE_CURVE('',#5887,#6588,#8051,.T.);
#5118=EDGE_CURVE('',#6590,#6250,#8052,.T.);
#5119=EDGE_CURVE('',#6249,#5889,#8053,.T.);
#5120=EDGE_CURVE('',#6591,#5888,#8054,.T.);
#5121=EDGE_CURVE('',#6248,#6593,#8055,.T.);
#5122=EDGE_CURVE('',#5697,#6592,#8056,.T.);
#5123=EDGE_CURVE('',#6594,#6247,#8057,.T.);
#5124=EDGE_CURVE('',#6595,#5696,#8058,.T.);
#5125=EDGE_CURVE('',#6722,#6150,#8059,.T.);
#5126=EDGE_CURVE('',#6723,#5794,#8060,.T.);
#5127=EDGE_CURVE('',#6152,#5792,#8061,.T.);
#5128=EDGE_CURVE('',#6151,#6720,#8062,.T.);
#5129=EDGE_CURVE('',#6721,#5793,#8063,.T.);
#5130=EDGE_CURVE('',#6718,#6153,#8064,.T.);
#5131=EDGE_CURVE('',#5791,#6719,#8065,.T.);
#5132=EDGE_CURVE('',#6155,#5789,#8066,.T.);
#5133=EDGE_CURVE('',#6154,#6716,#8067,.T.);
#5134=EDGE_CURVE('',#6717,#5790,#8068,.T.);
#5135=EDGE_CURVE('',#6714,#6156,#8069,.T.);
#5136=EDGE_CURVE('',#5788,#6715,#8070,.T.);
#5137=EDGE_CURVE('',#6158,#5786,#8071,.T.);
#5138=EDGE_CURVE('',#6157,#6712,#8072,.T.);
#5139=EDGE_CURVE('',#6713,#5787,#8073,.T.);
#5140=EDGE_CURVE('',#6710,#6159,#8074,.T.);
#5141=EDGE_CURVE('',#5785,#6711,#8075,.T.);
#5142=EDGE_CURVE('',#6161,#5783,#8076,.T.);
#5143=EDGE_CURVE('',#6160,#6708,#8077,.T.);
#5144=EDGE_CURVE('',#6709,#5784,#8078,.T.);
#5145=EDGE_CURVE('',#6706,#6162,#8079,.T.);
#5146=EDGE_CURVE('',#5782,#6707,#8080,.T.);
#5147=EDGE_CURVE('',#6164,#5780,#8081,.T.);
#5148=EDGE_CURVE('',#6163,#6704,#8082,.T.);
#5149=EDGE_CURVE('',#6705,#5781,#8083,.T.);
#5150=EDGE_CURVE('',#6702,#6165,#8084,.T.);
#5151=EDGE_CURVE('',#5779,#6703,#8085,.T.);
#5152=EDGE_CURVE('',#6167,#5777,#8086,.T.);
#5153=EDGE_CURVE('',#6166,#6700,#8087,.T.);
#5154=EDGE_CURVE('',#6701,#5778,#8088,.T.);
#5155=EDGE_CURVE('',#6698,#6168,#8089,.T.);
#5156=EDGE_CURVE('',#5776,#6699,#8090,.T.);
#5157=EDGE_CURVE('',#6170,#5774,#8091,.T.);
#5158=EDGE_CURVE('',#6169,#6696,#8092,.T.);
#5159=EDGE_CURVE('',#6697,#5775,#8093,.T.);
#5160=EDGE_CURVE('',#6694,#6171,#8094,.T.);
#5161=EDGE_CURVE('',#5773,#6695,#8095,.T.);
#5162=EDGE_CURVE('',#6173,#5771,#8096,.T.);
#5163=EDGE_CURVE('',#6172,#6692,#8097,.T.);
#5164=EDGE_CURVE('',#6693,#5772,#8098,.T.);
#5165=EDGE_CURVE('',#6690,#6174,#8099,.T.);
#5166=EDGE_CURVE('',#5770,#6691,#8100,.T.);
#5167=EDGE_CURVE('',#6176,#5768,#8101,.T.);
#5168=EDGE_CURVE('',#6175,#6688,#8102,.T.);
#5169=EDGE_CURVE('',#6689,#5769,#8103,.T.);
#5170=EDGE_CURVE('',#6686,#6177,#8104,.T.);
#5171=EDGE_CURVE('',#5767,#6687,#8105,.T.);
#5172=EDGE_CURVE('',#6179,#5765,#8106,.T.);
#5173=EDGE_CURVE('',#6178,#6684,#8107,.T.);
#5174=EDGE_CURVE('',#6685,#5766,#8108,.T.);
#5175=EDGE_CURVE('',#6682,#6180,#8109,.T.);
#5176=EDGE_CURVE('',#5764,#6683,#8110,.T.);
#5177=EDGE_CURVE('',#6182,#5762,#8111,.T.);
#5178=EDGE_CURVE('',#6181,#6680,#8112,.T.);
#5179=EDGE_CURVE('',#6681,#5763,#8113,.T.);
#5180=EDGE_CURVE('',#6678,#6183,#8114,.T.);
#5181=EDGE_CURVE('',#5761,#6679,#8115,.T.);
#5182=EDGE_CURVE('',#6185,#5759,#8116,.T.);
#5183=EDGE_CURVE('',#6184,#6676,#8117,.T.);
#5184=EDGE_CURVE('',#6677,#5760,#8118,.T.);
#5185=EDGE_CURVE('',#6674,#6186,#8119,.T.);
#5186=EDGE_CURVE('',#5758,#6675,#8120,.T.);
#5187=EDGE_CURVE('',#6188,#5756,#8121,.T.);
#5188=EDGE_CURVE('',#6187,#6672,#8122,.T.);
#5189=EDGE_CURVE('',#6673,#5757,#8123,.T.);
#5190=EDGE_CURVE('',#6670,#6189,#8124,.T.);
#5191=EDGE_CURVE('',#5755,#6671,#8125,.T.);
#5192=EDGE_CURVE('',#6191,#5753,#8126,.T.);
#5193=EDGE_CURVE('',#6190,#6668,#8127,.T.);
#5194=EDGE_CURVE('',#6669,#5754,#8128,.T.);
#5195=EDGE_CURVE('',#6666,#6192,#8129,.T.);
#5196=EDGE_CURVE('',#5752,#6667,#8130,.T.);
#5197=EDGE_CURVE('',#6194,#5750,#8131,.T.);
#5198=EDGE_CURVE('',#6193,#6664,#8132,.T.);
#5199=EDGE_CURVE('',#6665,#5751,#8133,.T.);
#5200=EDGE_CURVE('',#6662,#6195,#8134,.T.);
#5201=EDGE_CURVE('',#5749,#6663,#8135,.T.);
#5202=EDGE_CURVE('',#6197,#5747,#8136,.T.);
#5203=EDGE_CURVE('',#6196,#6660,#8137,.T.);
#5204=EDGE_CURVE('',#6661,#5748,#8138,.T.);
#5205=EDGE_CURVE('',#6658,#6198,#8139,.T.);
#5206=EDGE_CURVE('',#5746,#6659,#8140,.T.);
#5207=EDGE_CURVE('',#6200,#5744,#8141,.T.);
#5208=EDGE_CURVE('',#6199,#6656,#8142,.T.);
#5209=EDGE_CURVE('',#6657,#5745,#8143,.T.);
#5210=EDGE_CURVE('',#6654,#6201,#8144,.T.);
#5211=EDGE_CURVE('',#5743,#6655,#8145,.T.);
#5212=EDGE_CURVE('',#6203,#5741,#8146,.T.);
#5213=EDGE_CURVE('',#6202,#6652,#8147,.T.);
#5214=EDGE_CURVE('',#6653,#5742,#8148,.T.);
#5215=EDGE_CURVE('',#6650,#6204,#8149,.T.);
#5216=EDGE_CURVE('',#5740,#6651,#8150,.T.);
#5217=EDGE_CURVE('',#6206,#5738,#8151,.T.);
#5218=EDGE_CURVE('',#6205,#6648,#8152,.T.);
#5219=EDGE_CURVE('',#6649,#5739,#8153,.T.);
#5220=EDGE_CURVE('',#6646,#6207,#8154,.T.);
#5221=EDGE_CURVE('',#5737,#6647,#8155,.T.);
#5222=EDGE_CURVE('',#6209,#5735,#8156,.T.);
#5223=EDGE_CURVE('',#6208,#6644,#8157,.T.);
#5224=EDGE_CURVE('',#6645,#5736,#8158,.T.);
#5225=EDGE_CURVE('',#6642,#6210,#8159,.T.);
#5226=EDGE_CURVE('',#5734,#6643,#8160,.T.);
#5227=EDGE_CURVE('',#6212,#5732,#8161,.T.);
#5228=EDGE_CURVE('',#6211,#6640,#8162,.T.);
#5229=EDGE_CURVE('',#6641,#5733,#8163,.T.);
#5230=EDGE_CURVE('',#6638,#6213,#8164,.T.);
#5231=EDGE_CURVE('',#5731,#6639,#8165,.T.);
#5232=EDGE_CURVE('',#6215,#5729,#8166,.T.);
#5233=EDGE_CURVE('',#6214,#6636,#8167,.T.);
#5234=EDGE_CURVE('',#6637,#5730,#8168,.T.);
#5235=EDGE_CURVE('',#6634,#6216,#8169,.T.);
#5236=EDGE_CURVE('',#5728,#6635,#8170,.T.);
#5237=EDGE_CURVE('',#6218,#5726,#8171,.T.);
#5238=EDGE_CURVE('',#6217,#6632,#8172,.T.);
#5239=EDGE_CURVE('',#6633,#5727,#8173,.T.);
#5240=EDGE_CURVE('',#6630,#6219,#8174,.T.);
#5241=EDGE_CURVE('',#5725,#6631,#8175,.T.);
#5242=EDGE_CURVE('',#6221,#5723,#8176,.T.);
#5243=EDGE_CURVE('',#6220,#6628,#8177,.T.);
#5244=EDGE_CURVE('',#6629,#5724,#8178,.T.);
#5245=EDGE_CURVE('',#6626,#6222,#8179,.T.);
#5246=EDGE_CURVE('',#5722,#6627,#8180,.T.);
#5247=EDGE_CURVE('',#6224,#5720,#8181,.T.);
#5248=EDGE_CURVE('',#6223,#6624,#8182,.T.);
#5249=EDGE_CURVE('',#6625,#5721,#8183,.T.);
#5250=EDGE_CURVE('',#6622,#6225,#8184,.T.);
#5251=EDGE_CURVE('',#5719,#6623,#8185,.T.);
#5252=EDGE_CURVE('',#6227,#5717,#8186,.T.);
#5253=EDGE_CURVE('',#6226,#6620,#8187,.T.);
#5254=EDGE_CURVE('',#6621,#5718,#8188,.T.);
#5255=EDGE_CURVE('',#6618,#6228,#8189,.T.);
#5256=EDGE_CURVE('',#5716,#6619,#8190,.T.);
#5257=EDGE_CURVE('',#6230,#5714,#8191,.T.);
#5258=EDGE_CURVE('',#6229,#6616,#8192,.T.);
#5259=EDGE_CURVE('',#6617,#5715,#8193,.T.);
#5260=EDGE_CURVE('',#6614,#6231,#8194,.T.);
#5261=EDGE_CURVE('',#5713,#6615,#8195,.T.);
#5262=EDGE_CURVE('',#6233,#5711,#8196,.T.);
#5263=EDGE_CURVE('',#6232,#6612,#8197,.T.);
#5264=EDGE_CURVE('',#6613,#5712,#8198,.T.);
#5265=EDGE_CURVE('',#6610,#6234,#8199,.T.);
#5266=EDGE_CURVE('',#5710,#6611,#8200,.T.);
#5267=EDGE_CURVE('',#6236,#5708,#8201,.T.);
#5268=EDGE_CURVE('',#6235,#6608,#8202,.T.);
#5269=EDGE_CURVE('',#6609,#5709,#8203,.T.);
#5270=EDGE_CURVE('',#6606,#6237,#8204,.T.);
#5271=EDGE_CURVE('',#5707,#6607,#8205,.T.);
#5272=EDGE_CURVE('',#6239,#5705,#8206,.T.);
#5273=EDGE_CURVE('',#6238,#6604,#8207,.T.);
#5274=EDGE_CURVE('',#6605,#5706,#8208,.T.);
#5275=EDGE_CURVE('',#6602,#6240,#8209,.T.);
#5276=EDGE_CURVE('',#5704,#6603,#8210,.T.);
#5277=EDGE_CURVE('',#6242,#5702,#8211,.T.);
#5278=EDGE_CURVE('',#6241,#6600,#8212,.T.);
#5279=EDGE_CURVE('',#6601,#5703,#8213,.T.);
#5280=EDGE_CURVE('',#6598,#6243,#8214,.T.);
#5281=EDGE_CURVE('',#5701,#6599,#8215,.T.);
#5282=EDGE_CURVE('',#6244,#6596,#8216,.T.);
#5283=EDGE_CURVE('',#6597,#5700,#8217,.T.);
#5284=EDGE_CURVE('',#6143,#5694,#8218,.T.);
#5285=EDGE_CURVE('',#6144,#5693,#8219,.T.);
#5286=EDGE_CURVE('',#6142,#5695,#8220,.T.);
#5287=EDGE_CURVE('',#6145,#5692,#8221,.T.);
#5288=EDGE_CURVE('',#6341,#5892,#8222,.T.);
#5289=EDGE_CURVE('',#6342,#5891,#8223,.T.);
#5290=EDGE_CURVE('',#6340,#5893,#8224,.T.);
#5291=EDGE_CURVE('',#6343,#5890,#8225,.T.);
#5292=EDGE_CURVE('',#6139,#5690,#8226,.T.);
#5293=EDGE_CURVE('',#6140,#5689,#8227,.T.);
#5294=EDGE_CURVE('',#6138,#5691,#8228,.T.);
#5295=EDGE_CURVE('',#6141,#5688,#8229,.T.);
#5296=EDGE_CURVE('',#6345,#5896,#8230,.T.);
#5297=EDGE_CURVE('',#6346,#5895,#8231,.T.);
#5298=EDGE_CURVE('',#6344,#5897,#8232,.T.);
#5299=EDGE_CURVE('',#6347,#5894,#8233,.T.);
#5300=EDGE_CURVE('',#6135,#5686,#8234,.T.);
#5301=EDGE_CURVE('',#6136,#5685,#8235,.T.);
#5302=EDGE_CURVE('',#6134,#5687,#8236,.T.);
#5303=EDGE_CURVE('',#6137,#5684,#8237,.T.);
#5304=EDGE_CURVE('',#6349,#5900,#8238,.T.);
#5305=EDGE_CURVE('',#6350,#5899,#8239,.T.);
#5306=EDGE_CURVE('',#6348,#5901,#8240,.T.);
#5307=EDGE_CURVE('',#6351,#5898,#8241,.T.);
#5308=EDGE_CURVE('',#6131,#5682,#8242,.T.);
#5309=EDGE_CURVE('',#6132,#5681,#8243,.T.);
#5310=EDGE_CURVE('',#6130,#5683,#8244,.T.);
#5311=EDGE_CURVE('',#6133,#5680,#8245,.T.);
#5312=EDGE_CURVE('',#6353,#5904,#8246,.T.);
#5313=EDGE_CURVE('',#6354,#5903,#8247,.T.);
#5314=EDGE_CURVE('',#6352,#5905,#8248,.T.);
#5315=EDGE_CURVE('',#6355,#5902,#8249,.T.);
#5316=EDGE_CURVE('',#6127,#5678,#8250,.T.);
#5317=EDGE_CURVE('',#6128,#5677,#8251,.T.);
#5318=EDGE_CURVE('',#6126,#5679,#8252,.T.);
#5319=EDGE_CURVE('',#6129,#5676,#8253,.T.);
#5320=EDGE_CURVE('',#6357,#5908,#8254,.T.);
#5321=EDGE_CURVE('',#6358,#5907,#8255,.T.);
#5322=EDGE_CURVE('',#6356,#5909,#8256,.T.);
#5323=EDGE_CURVE('',#6359,#5906,#8257,.T.);
#5324=EDGE_CURVE('',#6123,#5674,#8258,.T.);
#5325=EDGE_CURVE('',#6124,#5673,#8259,.T.);
#5326=EDGE_CURVE('',#6122,#5675,#8260,.T.);
#5327=EDGE_CURVE('',#6125,#5672,#8261,.T.);
#5328=EDGE_CURVE('',#6361,#5912,#8262,.T.);
#5329=EDGE_CURVE('',#6362,#5911,#8263,.T.);
#5330=EDGE_CURVE('',#6360,#5913,#8264,.T.);
#5331=EDGE_CURVE('',#6363,#5910,#8265,.T.);
#5332=EDGE_CURVE('',#6119,#5670,#8266,.T.);
#5333=EDGE_CURVE('',#6120,#5669,#8267,.T.);
#5334=EDGE_CURVE('',#6118,#5671,#8268,.T.);
#5335=EDGE_CURVE('',#6121,#5668,#8269,.T.);
#5336=EDGE_CURVE('',#6365,#5916,#8270,.T.);
#5337=EDGE_CURVE('',#6366,#5915,#8271,.T.);
#5338=EDGE_CURVE('',#6364,#5917,#8272,.T.);
#5339=EDGE_CURVE('',#6367,#5914,#8273,.T.);
#5340=EDGE_CURVE('',#6115,#5666,#8274,.T.);
#5341=EDGE_CURVE('',#6116,#5665,#8275,.T.);
#5342=EDGE_CURVE('',#6114,#5667,#8276,.T.);
#5343=EDGE_CURVE('',#6117,#5664,#8277,.T.);
#5344=EDGE_CURVE('',#6369,#5920,#8278,.T.);
#5345=EDGE_CURVE('',#6370,#5919,#8279,.T.);
#5346=EDGE_CURVE('',#6368,#5921,#8280,.T.);
#5347=EDGE_CURVE('',#6371,#5918,#8281,.T.);
#5348=EDGE_CURVE('',#6111,#5662,#8282,.T.);
#5349=EDGE_CURVE('',#6112,#5661,#8283,.T.);
#5350=EDGE_CURVE('',#6110,#5663,#8284,.T.);
#5351=EDGE_CURVE('',#6113,#5660,#8285,.T.);
#5352=EDGE_CURVE('',#6373,#5924,#8286,.T.);
#5353=EDGE_CURVE('',#6374,#5923,#8287,.T.);
#5354=EDGE_CURVE('',#6372,#5925,#8288,.T.);
#5355=EDGE_CURVE('',#6375,#5922,#8289,.T.);
#5356=EDGE_CURVE('',#6107,#5658,#8290,.T.);
#5357=EDGE_CURVE('',#6108,#5657,#8291,.T.);
#5358=EDGE_CURVE('',#6106,#5659,#8292,.T.);
#5359=EDGE_CURVE('',#6109,#5656,#8293,.T.);
#5360=EDGE_CURVE('',#6377,#5928,#8294,.T.);
#5361=EDGE_CURVE('',#6378,#5927,#8295,.T.);
#5362=EDGE_CURVE('',#6376,#5929,#8296,.T.);
#5363=EDGE_CURVE('',#6379,#5926,#8297,.T.);
#5364=EDGE_CURVE('',#6103,#5654,#8298,.T.);
#5365=EDGE_CURVE('',#6104,#5653,#8299,.T.);
#5366=EDGE_CURVE('',#6102,#5655,#8300,.T.);
#5367=EDGE_CURVE('',#6105,#5652,#8301,.T.);
#5368=EDGE_CURVE('',#6381,#5932,#8302,.T.);
#5369=EDGE_CURVE('',#6382,#5931,#8303,.T.);
#5370=EDGE_CURVE('',#6380,#5933,#8304,.T.);
#5371=EDGE_CURVE('',#6383,#5930,#8305,.T.);
#5372=EDGE_CURVE('',#6099,#5650,#8306,.T.);
#5373=EDGE_CURVE('',#6100,#5649,#8307,.T.);
#5374=EDGE_CURVE('',#6098,#5651,#8308,.T.);
#5375=EDGE_CURVE('',#6101,#5648,#8309,.T.);
#5376=EDGE_CURVE('',#6385,#5936,#8310,.T.);
#5377=EDGE_CURVE('',#6386,#5935,#8311,.T.);
#5378=EDGE_CURVE('',#6384,#5937,#8312,.T.);
#5379=EDGE_CURVE('',#6387,#5934,#8313,.T.);
#5380=EDGE_CURVE('',#6095,#5646,#8314,.T.);
#5381=EDGE_CURVE('',#6096,#5645,#8315,.T.);
#5382=EDGE_CURVE('',#6094,#5647,#8316,.T.);
#5383=EDGE_CURVE('',#6097,#5644,#8317,.T.);
#5384=EDGE_CURVE('',#6389,#5940,#8318,.T.);
#5385=EDGE_CURVE('',#6390,#5939,#8319,.T.);
#5386=EDGE_CURVE('',#6388,#5941,#8320,.T.);
#5387=EDGE_CURVE('',#6391,#5938,#8321,.T.);
#5388=EDGE_CURVE('',#6091,#5642,#8322,.T.);
#5389=EDGE_CURVE('',#6092,#5641,#8323,.T.);
#5390=EDGE_CURVE('',#6090,#5643,#8324,.T.);
#5391=EDGE_CURVE('',#6093,#5640,#8325,.T.);
#5392=EDGE_CURVE('',#6393,#5944,#8326,.T.);
#5393=EDGE_CURVE('',#6394,#5943,#8327,.T.);
#5394=EDGE_CURVE('',#6392,#5945,#8328,.T.);
#5395=EDGE_CURVE('',#6395,#5942,#8329,.T.);
#5396=EDGE_CURVE('',#6087,#5638,#8330,.T.);
#5397=EDGE_CURVE('',#6088,#5637,#8331,.T.);
#5398=EDGE_CURVE('',#6086,#5639,#8332,.T.);
#5399=EDGE_CURVE('',#6089,#5636,#8333,.T.);
#5400=EDGE_CURVE('',#6397,#5948,#8334,.T.);
#5401=EDGE_CURVE('',#6398,#5947,#8335,.T.);
#5402=EDGE_CURVE('',#6396,#5949,#8336,.T.);
#5403=EDGE_CURVE('',#6399,#5946,#8337,.T.);
#5404=EDGE_CURVE('',#6083,#5634,#8338,.T.);
#5405=EDGE_CURVE('',#6084,#5633,#8339,.T.);
#5406=EDGE_CURVE('',#6082,#5635,#8340,.T.);
#5407=EDGE_CURVE('',#6085,#5632,#8341,.T.);
#5408=EDGE_CURVE('',#6401,#5952,#8342,.T.);
#5409=EDGE_CURVE('',#6402,#5951,#8343,.T.);
#5410=EDGE_CURVE('',#6400,#5953,#8344,.T.);
#5411=EDGE_CURVE('',#6403,#5950,#8345,.T.);
#5412=EDGE_CURVE('',#6079,#5630,#8346,.T.);
#5413=EDGE_CURVE('',#6080,#5629,#8347,.T.);
#5414=EDGE_CURVE('',#6078,#5631,#8348,.T.);
#5415=EDGE_CURVE('',#6081,#5628,#8349,.T.);
#5416=EDGE_CURVE('',#6405,#5956,#8350,.T.);
#5417=EDGE_CURVE('',#6406,#5955,#8351,.T.);
#5418=EDGE_CURVE('',#6404,#5957,#8352,.T.);
#5419=EDGE_CURVE('',#6407,#5954,#8353,.T.);
#5420=EDGE_CURVE('',#6075,#5626,#8354,.T.);
#5421=EDGE_CURVE('',#6076,#5625,#8355,.T.);
#5422=EDGE_CURVE('',#6074,#5627,#8356,.T.);
#5423=EDGE_CURVE('',#6077,#5624,#8357,.T.);
#5424=EDGE_CURVE('',#6409,#5960,#8358,.T.);
#5425=EDGE_CURVE('',#6410,#5959,#8359,.T.);
#5426=EDGE_CURVE('',#6408,#5961,#8360,.T.);
#5427=EDGE_CURVE('',#6411,#5958,#8361,.T.);
#5428=EDGE_CURVE('',#6071,#5622,#8362,.T.);
#5429=EDGE_CURVE('',#6072,#5621,#8363,.T.);
#5430=EDGE_CURVE('',#6070,#5623,#8364,.T.);
#5431=EDGE_CURVE('',#6073,#5620,#8365,.T.);
#5432=EDGE_CURVE('',#6413,#5964,#8366,.T.);
#5433=EDGE_CURVE('',#6414,#5963,#8367,.T.);
#5434=EDGE_CURVE('',#6412,#5965,#8368,.T.);
#5435=EDGE_CURVE('',#6415,#5962,#8369,.T.);
#5436=EDGE_CURVE('',#6067,#5618,#8370,.T.);
#5437=EDGE_CURVE('',#6068,#5617,#8371,.T.);
#5438=EDGE_CURVE('',#6066,#5619,#8372,.T.);
#5439=EDGE_CURVE('',#6069,#5616,#8373,.T.);
#5440=EDGE_CURVE('',#6417,#5968,#8374,.T.);
#5441=EDGE_CURVE('',#6418,#5967,#8375,.T.);
#5442=EDGE_CURVE('',#6416,#5969,#8376,.T.);
#5443=EDGE_CURVE('',#6419,#5966,#8377,.T.);
#5444=EDGE_CURVE('',#6063,#5614,#8378,.T.);
#5445=EDGE_CURVE('',#6064,#5613,#8379,.T.);
#5446=EDGE_CURVE('',#6062,#5615,#8380,.T.);
#5447=EDGE_CURVE('',#6065,#5612,#8381,.T.);
#5448=EDGE_CURVE('',#6421,#5972,#8382,.T.);
#5449=EDGE_CURVE('',#6422,#5971,#8383,.T.);
#5450=EDGE_CURVE('',#6420,#5973,#8384,.T.);
#5451=EDGE_CURVE('',#6423,#5970,#8385,.T.);
#5452=EDGE_CURVE('',#6059,#5610,#8386,.T.);
#5453=EDGE_CURVE('',#6060,#5609,#8387,.T.);
#5454=EDGE_CURVE('',#6058,#5611,#8388,.T.);
#5455=EDGE_CURVE('',#6061,#5608,#8389,.T.);
#5456=EDGE_CURVE('',#6425,#5976,#8390,.T.);
#5457=EDGE_CURVE('',#6426,#5975,#8391,.T.);
#5458=EDGE_CURVE('',#6424,#5977,#8392,.T.);
#5459=EDGE_CURVE('',#6427,#5974,#8393,.T.);
#5460=EDGE_CURVE('',#6055,#5606,#8394,.T.);
#5461=EDGE_CURVE('',#6056,#5605,#8395,.T.);
#5462=EDGE_CURVE('',#6054,#5607,#8396,.T.);
#5463=EDGE_CURVE('',#6057,#5604,#8397,.T.);
#5464=EDGE_CURVE('',#6429,#5980,#8398,.T.);
#5465=EDGE_CURVE('',#6430,#5979,#8399,.T.);
#5466=EDGE_CURVE('',#6428,#5981,#8400,.T.);
#5467=EDGE_CURVE('',#6431,#5978,#8401,.T.);
#5468=EDGE_CURVE('',#6051,#5602,#8402,.T.);
#5469=EDGE_CURVE('',#6052,#5601,#8403,.T.);
#5470=EDGE_CURVE('',#6050,#5603,#8404,.T.);
#5471=EDGE_CURVE('',#6053,#5600,#8405,.T.);
#5472=EDGE_CURVE('',#6433,#5984,#8406,.T.);
#5473=EDGE_CURVE('',#6434,#5983,#8407,.T.);
#5474=EDGE_CURVE('',#6432,#5985,#8408,.T.);
#5475=EDGE_CURVE('',#6435,#5982,#8409,.T.);
#5476=EDGE_CURVE('',#6047,#5598,#8410,.T.);
#5477=EDGE_CURVE('',#6048,#5597,#8411,.T.);
#5478=EDGE_CURVE('',#6046,#5599,#8412,.T.);
#5479=EDGE_CURVE('',#6049,#5596,#8413,.T.);
#5480=EDGE_CURVE('',#6437,#5988,#8414,.T.);
#5481=EDGE_CURVE('',#6438,#5987,#8415,.T.);
#5482=EDGE_CURVE('',#6436,#5989,#8416,.T.);
#5483=EDGE_CURVE('',#6439,#5986,#8417,.T.);
#5484=EDGE_CURVE('',#6043,#5594,#8418,.T.);
#5485=EDGE_CURVE('',#6044,#5593,#8419,.T.);
#5486=EDGE_CURVE('',#6042,#5595,#8420,.T.);
#5487=EDGE_CURVE('',#6045,#5592,#8421,.T.);
#5488=EDGE_CURVE('',#6441,#5992,#8422,.T.);
#5489=EDGE_CURVE('',#6442,#5991,#8423,.T.);
#5490=EDGE_CURVE('',#6440,#5993,#8424,.T.);
#5491=EDGE_CURVE('',#6443,#5990,#8425,.T.);
#5492=EDGE_CURVE('',#6039,#5590,#8426,.T.);
#5493=EDGE_CURVE('',#6040,#5589,#8427,.T.);
#5494=EDGE_CURVE('',#6038,#5591,#8428,.T.);
#5495=EDGE_CURVE('',#6041,#5588,#8429,.T.);
#5496=EDGE_CURVE('',#6445,#5996,#8430,.T.);
#5497=EDGE_CURVE('',#6446,#5995,#8431,.T.);
#5498=EDGE_CURVE('',#6444,#5997,#8432,.T.);
#5499=EDGE_CURVE('',#6447,#5994,#8433,.T.);
#5500=EDGE_CURVE('',#6035,#5586,#8434,.T.);
#5501=EDGE_CURVE('',#6036,#5585,#8435,.T.);
#5502=EDGE_CURVE('',#6034,#5587,#8436,.T.);
#5503=EDGE_CURVE('',#6037,#5584,#8437,.T.);
#5504=EDGE_CURVE('',#6449,#6000,#8438,.T.);
#5505=EDGE_CURVE('',#6450,#5999,#8439,.T.);
#5506=EDGE_CURVE('',#6448,#6001,#8440,.T.);
#5507=EDGE_CURVE('',#6451,#5998,#8441,.T.);
#5508=EDGE_CURVE('',#6031,#5582,#8442,.T.);
#5509=EDGE_CURVE('',#6032,#5581,#8443,.T.);
#5510=EDGE_CURVE('',#6030,#5583,#8444,.T.);
#5511=EDGE_CURVE('',#6033,#5580,#8445,.T.);
#5512=EDGE_CURVE('',#6453,#6004,#8446,.T.);
#5513=EDGE_CURVE('',#6454,#6003,#8447,.T.);
#5514=EDGE_CURVE('',#6452,#6005,#8448,.T.);
#5515=EDGE_CURVE('',#6455,#6002,#8449,.T.);
#5516=EDGE_CURVE('',#6027,#5578,#8450,.T.);
#5517=EDGE_CURVE('',#6028,#5577,#8451,.T.);
#5518=EDGE_CURVE('',#6026,#5579,#8452,.T.);
#5519=EDGE_CURVE('',#6029,#5576,#8453,.T.);
#5520=EDGE_CURVE('',#6457,#6008,#8454,.T.);
#5521=EDGE_CURVE('',#6458,#6007,#8455,.T.);
#5522=EDGE_CURVE('',#6456,#6009,#8456,.T.);
#5523=EDGE_CURVE('',#6459,#6006,#8457,.T.);
#5524=EDGE_CURVE('',#6023,#5574,#8458,.T.);
#5525=EDGE_CURVE('',#6024,#5573,#8459,.T.);
#5526=EDGE_CURVE('',#6022,#5575,#8460,.T.);
#5527=EDGE_CURVE('',#6025,#5572,#8461,.T.);
#5528=EDGE_CURVE('',#6461,#6012,#8462,.T.);
#5529=EDGE_CURVE('',#6462,#6011,#8463,.T.);
#5530=EDGE_CURVE('',#6460,#6013,#8464,.T.);
#5531=EDGE_CURVE('',#6463,#6010,#8465,.T.);
#5532=EDGE_CURVE('',#6019,#5570,#8466,.T.);
#5533=EDGE_CURVE('',#6020,#5569,#8467,.T.);
#5534=EDGE_CURVE('',#6018,#5571,#8468,.T.);
#5535=EDGE_CURVE('',#6021,#5568,#8469,.T.);
#5536=EDGE_CURVE('',#6465,#6016,#8470,.T.);
#5537=EDGE_CURVE('',#6466,#6015,#8471,.T.);
#5538=EDGE_CURVE('',#6464,#6017,#8472,.T.);
#5539=EDGE_CURVE('',#6467,#6014,#8473,.T.);
#5540=EDGE_CURVE('',#6724,#6725,#8474,.T.);
#5541=EDGE_CURVE('',#6725,#6726,#8475,.T.);
#5542=EDGE_CURVE('',#6726,#6727,#8476,.T.);
#5543=EDGE_CURVE('',#6727,#6724,#8477,.T.);
#5544=EDGE_CURVE('',#6728,#6729,#8478,.T.);
#5545=EDGE_CURVE('',#6729,#6730,#8479,.T.);
#5546=EDGE_CURVE('',#6731,#6730,#8480,.T.);
#5547=EDGE_CURVE('',#6731,#6728,#8481,.T.);
#5548=EDGE_CURVE('',#6732,#6733,#8482,.T.);
#5549=EDGE_CURVE('',#6733,#6734,#8483,.T.);
#5550=EDGE_CURVE('',#6734,#6735,#8484,.T.);
#5551=EDGE_CURVE('',#6735,#6732,#8485,.T.);
#5552=EDGE_CURVE('',#6736,#6737,#8486,.T.);
#5553=EDGE_CURVE('',#6736,#6738,#8487,.T.);
#5554=EDGE_CURVE('',#6738,#6739,#8488,.T.);
#5555=EDGE_CURVE('',#6739,#6737,#8489,.T.);
#5556=EDGE_CURVE('',#6730,#6736,#8490,.T.);
#5557=EDGE_CURVE('',#6737,#6731,#8491,.T.);
#5558=EDGE_CURVE('',#6738,#6729,#8492,.T.);
#5559=EDGE_CURVE('',#6728,#6739,#8493,.T.);
#5560=EDGE_CURVE('',#6732,#6738,#8494,.T.);
#5561=EDGE_CURVE('',#6729,#6735,#8495,.F.);
#5562=EDGE_CURVE('',#6730,#6734,#8496,.T.);
#5563=EDGE_CURVE('',#6733,#6736,#8497,.T.);
#5564=EDGE_CURVE('',#6731,#6727,#8498,.T.);
#5565=EDGE_CURVE('',#6724,#6737,#8499,.F.);
#5566=EDGE_CURVE('',#6725,#6739,#8500,.F.);
#5567=EDGE_CURVE('',#6728,#6726,#8501,.F.);
#5568=VERTEX_POINT('',#16667);
#5569=VERTEX_POINT('',#16668);
#5570=VERTEX_POINT('',#16670);
#5571=VERTEX_POINT('',#16672);
#5572=VERTEX_POINT('',#16675);
#5573=VERTEX_POINT('',#16676);
#5574=VERTEX_POINT('',#16678);
#5575=VERTEX_POINT('',#16680);
#5576=VERTEX_POINT('',#16683);
#5577=VERTEX_POINT('',#16684);
#5578=VERTEX_POINT('',#16686);
#5579=VERTEX_POINT('',#16688);
#5580=VERTEX_POINT('',#16691);
#5581=VERTEX_POINT('',#16692);
#5582=VERTEX_POINT('',#16694);
#5583=VERTEX_POINT('',#16696);
#5584=VERTEX_POINT('',#16699);
#5585=VERTEX_POINT('',#16700);
#5586=VERTEX_POINT('',#16702);
#5587=VERTEX_POINT('',#16704);
#5588=VERTEX_POINT('',#16707);
#5589=VERTEX_POINT('',#16708);
#5590=VERTEX_POINT('',#16710);
#5591=VERTEX_POINT('',#16712);
#5592=VERTEX_POINT('',#16715);
#5593=VERTEX_POINT('',#16716);
#5594=VERTEX_POINT('',#16718);
#5595=VERTEX_POINT('',#16720);
#5596=VERTEX_POINT('',#16723);
#5597=VERTEX_POINT('',#16724);
#5598=VERTEX_POINT('',#16726);
#5599=VERTEX_POINT('',#16728);
#5600=VERTEX_POINT('',#16731);
#5601=VERTEX_POINT('',#16732);
#5602=VERTEX_POINT('',#16734);
#5603=VERTEX_POINT('',#16736);
#5604=VERTEX_POINT('',#16739);
#5605=VERTEX_POINT('',#16740);
#5606=VERTEX_POINT('',#16742);
#5607=VERTEX_POINT('',#16744);
#5608=VERTEX_POINT('',#16747);
#5609=VERTEX_POINT('',#16748);
#5610=VERTEX_POINT('',#16750);
#5611=VERTEX_POINT('',#16752);
#5612=VERTEX_POINT('',#16755);
#5613=VERTEX_POINT('',#16756);
#5614=VERTEX_POINT('',#16758);
#5615=VERTEX_POINT('',#16760);
#5616=VERTEX_POINT('',#16763);
#5617=VERTEX_POINT('',#16764);
#5618=VERTEX_POINT('',#16766);
#5619=VERTEX_POINT('',#16768);
#5620=VERTEX_POINT('',#16771);
#5621=VERTEX_POINT('',#16772);
#5622=VERTEX_POINT('',#16774);
#5623=VERTEX_POINT('',#16776);
#5624=VERTEX_POINT('',#16779);
#5625=VERTEX_POINT('',#16780);
#5626=VERTEX_POINT('',#16782);
#5627=VERTEX_POINT('',#16784);
#5628=VERTEX_POINT('',#16787);
#5629=VERTEX_POINT('',#16788);
#5630=VERTEX_POINT('',#16790);
#5631=VERTEX_POINT('',#16792);
#5632=VERTEX_POINT('',#16795);
#5633=VERTEX_POINT('',#16796);
#5634=VERTEX_POINT('',#16798);
#5635=VERTEX_POINT('',#16800);
#5636=VERTEX_POINT('',#16803);
#5637=VERTEX_POINT('',#16804);
#5638=VERTEX_POINT('',#16806);
#5639=VERTEX_POINT('',#16808);
#5640=VERTEX_POINT('',#16811);
#5641=VERTEX_POINT('',#16812);
#5642=VERTEX_POINT('',#16814);
#5643=VERTEX_POINT('',#16816);
#5644=VERTEX_POINT('',#16819);
#5645=VERTEX_POINT('',#16820);
#5646=VERTEX_POINT('',#16822);
#5647=VERTEX_POINT('',#16824);
#5648=VERTEX_POINT('',#16827);
#5649=VERTEX_POINT('',#16828);
#5650=VERTEX_POINT('',#16830);
#5651=VERTEX_POINT('',#16832);
#5652=VERTEX_POINT('',#16835);
#5653=VERTEX_POINT('',#16836);
#5654=VERTEX_POINT('',#16838);
#5655=VERTEX_POINT('',#16840);
#5656=VERTEX_POINT('',#16843);
#5657=VERTEX_POINT('',#16844);
#5658=VERTEX_POINT('',#16846);
#5659=VERTEX_POINT('',#16848);
#5660=VERTEX_POINT('',#16851);
#5661=VERTEX_POINT('',#16852);
#5662=VERTEX_POINT('',#16854);
#5663=VERTEX_POINT('',#16856);
#5664=VERTEX_POINT('',#16859);
#5665=VERTEX_POINT('',#16860);
#5666=VERTEX_POINT('',#16862);
#5667=VERTEX_POINT('',#16864);
#5668=VERTEX_POINT('',#16867);
#5669=VERTEX_POINT('',#16868);
#5670=VERTEX_POINT('',#16870);
#5671=VERTEX_POINT('',#16872);
#5672=VERTEX_POINT('',#16875);
#5673=VERTEX_POINT('',#16876);
#5674=VERTEX_POINT('',#16878);
#5675=VERTEX_POINT('',#16880);
#5676=VERTEX_POINT('',#16883);
#5677=VERTEX_POINT('',#16884);
#5678=VERTEX_POINT('',#16886);
#5679=VERTEX_POINT('',#16888);
#5680=VERTEX_POINT('',#16891);
#5681=VERTEX_POINT('',#16892);
#5682=VERTEX_POINT('',#16894);
#5683=VERTEX_POINT('',#16896);
#5684=VERTEX_POINT('',#16899);
#5685=VERTEX_POINT('',#16900);
#5686=VERTEX_POINT('',#16902);
#5687=VERTEX_POINT('',#16904);
#5688=VERTEX_POINT('',#16907);
#5689=VERTEX_POINT('',#16908);
#5690=VERTEX_POINT('',#16910);
#5691=VERTEX_POINT('',#16912);
#5692=VERTEX_POINT('',#16915);
#5693=VERTEX_POINT('',#16916);
#5694=VERTEX_POINT('',#16918);
#5695=VERTEX_POINT('',#16920);
#5696=VERTEX_POINT('',#16923);
#5697=VERTEX_POINT('',#16924);
#5698=VERTEX_POINT('',#16926);
#5699=VERTEX_POINT('',#16928);
#5700=VERTEX_POINT('',#16930);
#5701=VERTEX_POINT('',#16932);
#5702=VERTEX_POINT('',#16934);
#5703=VERTEX_POINT('',#16936);
#5704=VERTEX_POINT('',#16938);
#5705=VERTEX_POINT('',#16940);
#5706=VERTEX_POINT('',#16942);
#5707=VERTEX_POINT('',#16944);
#5708=VERTEX_POINT('',#16946);
#5709=VERTEX_POINT('',#16948);
#5710=VERTEX_POINT('',#16950);
#5711=VERTEX_POINT('',#16952);
#5712=VERTEX_POINT('',#16954);
#5713=VERTEX_POINT('',#16956);
#5714=VERTEX_POINT('',#16958);
#5715=VERTEX_POINT('',#16960);
#5716=VERTEX_POINT('',#16962);
#5717=VERTEX_POINT('',#16964);
#5718=VERTEX_POINT('',#16966);
#5719=VERTEX_POINT('',#16968);
#5720=VERTEX_POINT('',#16970);
#5721=VERTEX_POINT('',#16972);
#5722=VERTEX_POINT('',#16974);
#5723=VERTEX_POINT('',#16976);
#5724=VERTEX_POINT('',#16978);
#5725=VERTEX_POINT('',#16980);
#5726=VERTEX_POINT('',#16982);
#5727=VERTEX_POINT('',#16984);
#5728=VERTEX_POINT('',#16986);
#5729=VERTEX_POINT('',#16988);
#5730=VERTEX_POINT('',#16990);
#5731=VERTEX_POINT('',#16992);
#5732=VERTEX_POINT('',#16994);
#5733=VERTEX_POINT('',#16996);
#5734=VERTEX_POINT('',#16998);
#5735=VERTEX_POINT('',#17000);
#5736=VERTEX_POINT('',#17002);
#5737=VERTEX_POINT('',#17004);
#5738=VERTEX_POINT('',#17006);
#5739=VERTEX_POINT('',#17008);
#5740=VERTEX_POINT('',#17010);
#5741=VERTEX_POINT('',#17012);
#5742=VERTEX_POINT('',#17014);
#5743=VERTEX_POINT('',#17016);
#5744=VERTEX_POINT('',#17018);
#5745=VERTEX_POINT('',#17020);
#5746=VERTEX_POINT('',#17022);
#5747=VERTEX_POINT('',#17024);
#5748=VERTEX_POINT('',#17026);
#5749=VERTEX_POINT('',#17028);
#5750=VERTEX_POINT('',#17030);
#5751=VERTEX_POINT('',#17032);
#5752=VERTEX_POINT('',#17034);
#5753=VERTEX_POINT('',#17036);
#5754=VERTEX_POINT('',#17038);
#5755=VERTEX_POINT('',#17040);
#5756=VERTEX_POINT('',#17042);
#5757=VERTEX_POINT('',#17044);
#5758=VERTEX_POINT('',#17046);
#5759=VERTEX_POINT('',#17048);
#5760=VERTEX_POINT('',#17050);
#5761=VERTEX_POINT('',#17052);
#5762=VERTEX_POINT('',#17054);
#5763=VERTEX_POINT('',#17056);
#5764=VERTEX_POINT('',#17058);
#5765=VERTEX_POINT('',#17060);
#5766=VERTEX_POINT('',#17062);
#5767=VERTEX_POINT('',#17064);
#5768=VERTEX_POINT('',#17066);
#5769=VERTEX_POINT('',#17068);
#5770=VERTEX_POINT('',#17070);
#5771=VERTEX_POINT('',#17072);
#5772=VERTEX_POINT('',#17074);
#5773=VERTEX_POINT('',#17076);
#5774=VERTEX_POINT('',#17078);
#5775=VERTEX_POINT('',#17080);
#5776=VERTEX_POINT('',#17082);
#5777=VERTEX_POINT('',#17084);
#5778=VERTEX_POINT('',#17086);
#5779=VERTEX_POINT('',#17088);
#5780=VERTEX_POINT('',#17090);
#5781=VERTEX_POINT('',#17092);
#5782=VERTEX_POINT('',#17094);
#5783=VERTEX_POINT('',#17096);
#5784=VERTEX_POINT('',#17098);
#5785=VERTEX_POINT('',#17100);
#5786=VERTEX_POINT('',#17102);
#5787=VERTEX_POINT('',#17104);
#5788=VERTEX_POINT('',#17106);
#5789=VERTEX_POINT('',#17108);
#5790=VERTEX_POINT('',#17110);
#5791=VERTEX_POINT('',#17112);
#5792=VERTEX_POINT('',#17114);
#5793=VERTEX_POINT('',#17116);
#5794=VERTEX_POINT('',#17118);
#5795=VERTEX_POINT('',#17120);
#5796=VERTEX_POINT('',#17122);
#5797=VERTEX_POINT('',#17124);
#5798=VERTEX_POINT('',#17126);
#5799=VERTEX_POINT('',#17128);
#5800=VERTEX_POINT('',#17130);
#5801=VERTEX_POINT('',#17132);
#5802=VERTEX_POINT('',#17134);
#5803=VERTEX_POINT('',#17136);
#5804=VERTEX_POINT('',#17138);
#5805=VERTEX_POINT('',#17140);
#5806=VERTEX_POINT('',#17142);
#5807=VERTEX_POINT('',#17144);
#5808=VERTEX_POINT('',#17146);
#5809=VERTEX_POINT('',#17148);
#5810=VERTEX_POINT('',#17150);
#5811=VERTEX_POINT('',#17152);
#5812=VERTEX_POINT('',#17154);
#5813=VERTEX_POINT('',#17156);
#5814=VERTEX_POINT('',#17158);
#5815=VERTEX_POINT('',#17160);
#5816=VERTEX_POINT('',#17162);
#5817=VERTEX_POINT('',#17164);
#5818=VERTEX_POINT('',#17166);
#5819=VERTEX_POINT('',#17168);
#5820=VERTEX_POINT('',#17170);
#5821=VERTEX_POINT('',#17172);
#5822=VERTEX_POINT('',#17174);
#5823=VERTEX_POINT('',#17176);
#5824=VERTEX_POINT('',#17178);
#5825=VERTEX_POINT('',#17180);
#5826=VERTEX_POINT('',#17182);
#5827=VERTEX_POINT('',#17184);
#5828=VERTEX_POINT('',#17186);
#5829=VERTEX_POINT('',#17188);
#5830=VERTEX_POINT('',#17190);
#5831=VERTEX_POINT('',#17192);
#5832=VERTEX_POINT('',#17194);
#5833=VERTEX_POINT('',#17196);
#5834=VERTEX_POINT('',#17198);
#5835=VERTEX_POINT('',#17200);
#5836=VERTEX_POINT('',#17202);
#5837=VERTEX_POINT('',#17204);
#5838=VERTEX_POINT('',#17206);
#5839=VERTEX_POINT('',#17208);
#5840=VERTEX_POINT('',#17210);
#5841=VERTEX_POINT('',#17212);
#5842=VERTEX_POINT('',#17214);
#5843=VERTEX_POINT('',#17216);
#5844=VERTEX_POINT('',#17218);
#5845=VERTEX_POINT('',#17220);
#5846=VERTEX_POINT('',#17222);
#5847=VERTEX_POINT('',#17224);
#5848=VERTEX_POINT('',#17226);
#5849=VERTEX_POINT('',#17228);
#5850=VERTEX_POINT('',#17230);
#5851=VERTEX_POINT('',#17232);
#5852=VERTEX_POINT('',#17234);
#5853=VERTEX_POINT('',#17236);
#5854=VERTEX_POINT('',#17238);
#5855=VERTEX_POINT('',#17240);
#5856=VERTEX_POINT('',#17242);
#5857=VERTEX_POINT('',#17244);
#5858=VERTEX_POINT('',#17246);
#5859=VERTEX_POINT('',#17248);
#5860=VERTEX_POINT('',#17250);
#5861=VERTEX_POINT('',#17252);
#5862=VERTEX_POINT('',#17254);
#5863=VERTEX_POINT('',#17256);
#5864=VERTEX_POINT('',#17258);
#5865=VERTEX_POINT('',#17260);
#5866=VERTEX_POINT('',#17262);
#5867=VERTEX_POINT('',#17264);
#5868=VERTEX_POINT('',#17266);
#5869=VERTEX_POINT('',#17268);
#5870=VERTEX_POINT('',#17270);
#5871=VERTEX_POINT('',#17272);
#5872=VERTEX_POINT('',#17274);
#5873=VERTEX_POINT('',#17276);
#5874=VERTEX_POINT('',#17278);
#5875=VERTEX_POINT('',#17280);
#5876=VERTEX_POINT('',#17282);
#5877=VERTEX_POINT('',#17284);
#5878=VERTEX_POINT('',#17286);
#5879=VERTEX_POINT('',#17288);
#5880=VERTEX_POINT('',#17290);
#5881=VERTEX_POINT('',#17292);
#5882=VERTEX_POINT('',#17294);
#5883=VERTEX_POINT('',#17296);
#5884=VERTEX_POINT('',#17298);
#5885=VERTEX_POINT('',#17300);
#5886=VERTEX_POINT('',#17302);
#5887=VERTEX_POINT('',#17304);
#5888=VERTEX_POINT('',#17306);
#5889=VERTEX_POINT('',#17308);
#5890=VERTEX_POINT('',#17311);
#5891=VERTEX_POINT('',#17312);
#5892=VERTEX_POINT('',#17314);
#5893=VERTEX_POINT('',#17316);
#5894=VERTEX_POINT('',#17319);
#5895=VERTEX_POINT('',#17320);
#5896=VERTEX_POINT('',#17322);
#5897=VERTEX_POINT('',#17324);
#5898=VERTEX_POINT('',#17327);
#5899=VERTEX_POINT('',#17328);
#5900=VERTEX_POINT('',#17330);
#5901=VERTEX_POINT('',#17332);
#5902=VERTEX_POINT('',#17335);
#5903=VERTEX_POINT('',#17336);
#5904=VERTEX_POINT('',#17338);
#5905=VERTEX_POINT('',#17340);
#5906=VERTEX_POINT('',#17343);
#5907=VERTEX_POINT('',#17344);
#5908=VERTEX_POINT('',#17346);
#5909=VERTEX_POINT('',#17348);
#5910=VERTEX_POINT('',#17351);
#5911=VERTEX_POINT('',#17352);
#5912=VERTEX_POINT('',#17354);
#5913=VERTEX_POINT('',#17356);
#5914=VERTEX_POINT('',#17359);
#5915=VERTEX_POINT('',#17360);
#5916=VERTEX_POINT('',#17362);
#5917=VERTEX_POINT('',#17364);
#5918=VERTEX_POINT('',#17367);
#5919=VERTEX_POINT('',#17368);
#5920=VERTEX_POINT('',#17370);
#5921=VERTEX_POINT('',#17372);
#5922=VERTEX_POINT('',#17375);
#5923=VERTEX_POINT('',#17376);
#5924=VERTEX_POINT('',#17378);
#5925=VERTEX_POINT('',#17380);
#5926=VERTEX_POINT('',#17383);
#5927=VERTEX_POINT('',#17384);
#5928=VERTEX_POINT('',#17386);
#5929=VERTEX_POINT('',#17388);
#5930=VERTEX_POINT('',#17391);
#5931=VERTEX_POINT('',#17392);
#5932=VERTEX_POINT('',#17394);
#5933=VERTEX_POINT('',#17396);
#5934=VERTEX_POINT('',#17399);
#5935=VERTEX_POINT('',#17400);
#5936=VERTEX_POINT('',#17402);
#5937=VERTEX_POINT('',#17404);
#5938=VERTEX_POINT('',#17407);
#5939=VERTEX_POINT('',#17408);
#5940=VERTEX_POINT('',#17410);
#5941=VERTEX_POINT('',#17412);
#5942=VERTEX_POINT('',#17415);
#5943=VERTEX_POINT('',#17416);
#5944=VERTEX_POINT('',#17418);
#5945=VERTEX_POINT('',#17420);
#5946=VERTEX_POINT('',#17423);
#5947=VERTEX_POINT('',#17424);
#5948=VERTEX_POINT('',#17426);
#5949=VERTEX_POINT('',#17428);
#5950=VERTEX_POINT('',#17431);
#5951=VERTEX_POINT('',#17432);
#5952=VERTEX_POINT('',#17434);
#5953=VERTEX_POINT('',#17436);
#5954=VERTEX_POINT('',#17439);
#5955=VERTEX_POINT('',#17440);
#5956=VERTEX_POINT('',#17442);
#5957=VERTEX_POINT('',#17444);
#5958=VERTEX_POINT('',#17447);
#5959=VERTEX_POINT('',#17448);
#5960=VERTEX_POINT('',#17450);
#5961=VERTEX_POINT('',#17452);
#5962=VERTEX_POINT('',#17455);
#5963=VERTEX_POINT('',#17456);
#5964=VERTEX_POINT('',#17458);
#5965=VERTEX_POINT('',#17460);
#5966=VERTEX_POINT('',#17463);
#5967=VERTEX_POINT('',#17464);
#5968=VERTEX_POINT('',#17466);
#5969=VERTEX_POINT('',#17468);
#5970=VERTEX_POINT('',#17471);
#5971=VERTEX_POINT('',#17472);
#5972=VERTEX_POINT('',#17474);
#5973=VERTEX_POINT('',#17476);
#5974=VERTEX_POINT('',#17479);
#5975=VERTEX_POINT('',#17480);
#5976=VERTEX_POINT('',#17482);
#5977=VERTEX_POINT('',#17484);
#5978=VERTEX_POINT('',#17487);
#5979=VERTEX_POINT('',#17488);
#5980=VERTEX_POINT('',#17490);
#5981=VERTEX_POINT('',#17492);
#5982=VERTEX_POINT('',#17495);
#5983=VERTEX_POINT('',#17496);
#5984=VERTEX_POINT('',#17498);
#5985=VERTEX_POINT('',#17500);
#5986=VERTEX_POINT('',#17503);
#5987=VERTEX_POINT('',#17504);
#5988=VERTEX_POINT('',#17506);
#5989=VERTEX_POINT('',#17508);
#5990=VERTEX_POINT('',#17511);
#5991=VERTEX_POINT('',#17512);
#5992=VERTEX_POINT('',#17514);
#5993=VERTEX_POINT('',#17516);
#5994=VERTEX_POINT('',#17519);
#5995=VERTEX_POINT('',#17520);
#5996=VERTEX_POINT('',#17522);
#5997=VERTEX_POINT('',#17524);
#5998=VERTEX_POINT('',#17527);
#5999=VERTEX_POINT('',#17528);
#6000=VERTEX_POINT('',#17530);
#6001=VERTEX_POINT('',#17532);
#6002=VERTEX_POINT('',#17535);
#6003=VERTEX_POINT('',#17536);
#6004=VERTEX_POINT('',#17538);
#6005=VERTEX_POINT('',#17540);
#6006=VERTEX_POINT('',#17543);
#6007=VERTEX_POINT('',#17544);
#6008=VERTEX_POINT('',#17546);
#6009=VERTEX_POINT('',#17548);
#6010=VERTEX_POINT('',#17551);
#6011=VERTEX_POINT('',#17552);
#6012=VERTEX_POINT('',#17554);
#6013=VERTEX_POINT('',#17556);
#6014=VERTEX_POINT('',#17559);
#6015=VERTEX_POINT('',#17560);
#6016=VERTEX_POINT('',#17562);
#6017=VERTEX_POINT('',#17564);
#6018=VERTEX_POINT('',#17568);
#6019=VERTEX_POINT('',#17569);
#6020=VERTEX_POINT('',#17571);
#6021=VERTEX_POINT('',#17573);
#6022=VERTEX_POINT('',#17576);
#6023=VERTEX_POINT('',#17577);
#6024=VERTEX_POINT('',#17579);
#6025=VERTEX_POINT('',#17581);
#6026=VERTEX_POINT('',#17584);
#6027=VERTEX_POINT('',#17585);
#6028=VERTEX_POINT('',#17587);
#6029=VERTEX_POINT('',#17589);
#6030=VERTEX_POINT('',#17592);
#6031=VERTEX_POINT('',#17593);
#6032=VERTEX_POINT('',#17595);
#6033=VERTEX_POINT('',#17597);
#6034=VERTEX_POINT('',#17600);
#6035=VERTEX_POINT('',#17601);
#6036=VERTEX_POINT('',#17603);
#6037=VERTEX_POINT('',#17605);
#6038=VERTEX_POINT('',#17608);
#6039=VERTEX_POINT('',#17609);
#6040=VERTEX_POINT('',#17611);
#6041=VERTEX_POINT('',#17613);
#6042=VERTEX_POINT('',#17616);
#6043=VERTEX_POINT('',#17617);
#6044=VERTEX_POINT('',#17619);
#6045=VERTEX_POINT('',#17621);
#6046=VERTEX_POINT('',#17624);
#6047=VERTEX_POINT('',#17625);
#6048=VERTEX_POINT('',#17627);
#6049=VERTEX_POINT('',#17629);
#6050=VERTEX_POINT('',#17632);
#6051=VERTEX_POINT('',#17633);
#6052=VERTEX_POINT('',#17635);
#6053=VERTEX_POINT('',#17637);
#6054=VERTEX_POINT('',#17640);
#6055=VERTEX_POINT('',#17641);
#6056=VERTEX_POINT('',#17643);
#6057=VERTEX_POINT('',#17645);
#6058=VERTEX_POINT('',#17648);
#6059=VERTEX_POINT('',#17649);
#6060=VERTEX_POINT('',#17651);
#6061=VERTEX_POINT('',#17653);
#6062=VERTEX_POINT('',#17656);
#6063=VERTEX_POINT('',#17657);
#6064=VERTEX_POINT('',#17659);
#6065=VERTEX_POINT('',#17661);
#6066=VERTEX_POINT('',#17664);
#6067=VERTEX_POINT('',#17665);
#6068=VERTEX_POINT('',#17667);
#6069=VERTEX_POINT('',#17669);
#6070=VERTEX_POINT('',#17672);
#6071=VERTEX_POINT('',#17673);
#6072=VERTEX_POINT('',#17675);
#6073=VERTEX_POINT('',#17677);
#6074=VERTEX_POINT('',#17680);
#6075=VERTEX_POINT('',#17681);
#6076=VERTEX_POINT('',#17683);
#6077=VERTEX_POINT('',#17685);
#6078=VERTEX_POINT('',#17688);
#6079=VERTEX_POINT('',#17689);
#6080=VERTEX_POINT('',#17691);
#6081=VERTEX_POINT('',#17693);
#6082=VERTEX_POINT('',#17696);
#6083=VERTEX_POINT('',#17697);
#6084=VERTEX_POINT('',#17699);
#6085=VERTEX_POINT('',#17701);
#6086=VERTEX_POINT('',#17704);
#6087=VERTEX_POINT('',#17705);
#6088=VERTEX_POINT('',#17707);
#6089=VERTEX_POINT('',#17709);
#6090=VERTEX_POINT('',#17712);
#6091=VERTEX_POINT('',#17713);
#6092=VERTEX_POINT('',#17715);
#6093=VERTEX_POINT('',#17717);
#6094=VERTEX_POINT('',#17720);
#6095=VERTEX_POINT('',#17721);
#6096=VERTEX_POINT('',#17723);
#6097=VERTEX_POINT('',#17725);
#6098=VERTEX_POINT('',#17728);
#6099=VERTEX_POINT('',#17729);
#6100=VERTEX_POINT('',#17731);
#6101=VERTEX_POINT('',#17733);
#6102=VERTEX_POINT('',#17736);
#6103=VERTEX_POINT('',#17737);
#6104=VERTEX_POINT('',#17739);
#6105=VERTEX_POINT('',#17741);
#6106=VERTEX_POINT('',#17744);
#6107=VERTEX_POINT('',#17745);
#6108=VERTEX_POINT('',#17747);
#6109=VERTEX_POINT('',#17749);
#6110=VERTEX_POINT('',#17752);
#6111=VERTEX_POINT('',#17753);
#6112=VERTEX_POINT('',#17755);
#6113=VERTEX_POINT('',#17757);
#6114=VERTEX_POINT('',#17760);
#6115=VERTEX_POINT('',#17761);
#6116=VERTEX_POINT('',#17763);
#6117=VERTEX_POINT('',#17765);
#6118=VERTEX_POINT('',#17768);
#6119=VERTEX_POINT('',#17769);
#6120=VERTEX_POINT('',#17771);
#6121=VERTEX_POINT('',#17773);
#6122=VERTEX_POINT('',#17776);
#6123=VERTEX_POINT('',#17777);
#6124=VERTEX_POINT('',#17779);
#6125=VERTEX_POINT('',#17781);
#6126=VERTEX_POINT('',#17784);
#6127=VERTEX_POINT('',#17785);
#6128=VERTEX_POINT('',#17787);
#6129=VERTEX_POINT('',#17789);
#6130=VERTEX_POINT('',#17792);
#6131=VERTEX_POINT('',#17793);
#6132=VERTEX_POINT('',#17795);
#6133=VERTEX_POINT('',#17797);
#6134=VERTEX_POINT('',#17800);
#6135=VERTEX_POINT('',#17801);
#6136=VERTEX_POINT('',#17803);
#6137=VERTEX_POINT('',#17805);
#6138=VERTEX_POINT('',#17808);
#6139=VERTEX_POINT('',#17809);
#6140=VERTEX_POINT('',#17811);
#6141=VERTEX_POINT('',#17813);
#6142=VERTEX_POINT('',#17816);
#6143=VERTEX_POINT('',#17817);
#6144=VERTEX_POINT('',#17819);
#6145=VERTEX_POINT('',#17821);
#6146=VERTEX_POINT('',#17824);
#6147=VERTEX_POINT('',#17825);
#6148=VERTEX_POINT('',#17827);
#6149=VERTEX_POINT('',#17829);
#6150=VERTEX_POINT('',#17831);
#6151=VERTEX_POINT('',#17833);
#6152=VERTEX_POINT('',#17835);
#6153=VERTEX_POINT('',#17837);
#6154=VERTEX_POINT('',#17839);
#6155=VERTEX_POINT('',#17841);
#6156=VERTEX_POINT('',#17843);
#6157=VERTEX_POINT('',#17845);
#6158=VERTEX_POINT('',#17847);
#6159=VERTEX_POINT('',#17849);
#6160=VERTEX_POINT('',#17851);
#6161=VERTEX_POINT('',#17853);
#6162=VERTEX_POINT('',#17855);
#6163=VERTEX_POINT('',#17857);
#6164=VERTEX_POINT('',#17859);
#6165=VERTEX_POINT('',#17861);
#6166=VERTEX_POINT('',#17863);
#6167=VERTEX_POINT('',#17865);
#6168=VERTEX_POINT('',#17867);
#6169=VERTEX_POINT('',#17869);
#6170=VERTEX_POINT('',#17871);
#6171=VERTEX_POINT('',#17873);
#6172=VERTEX_POINT('',#17875);
#6173=VERTEX_POINT('',#17877);
#6174=VERTEX_POINT('',#17879);
#6175=VERTEX_POINT('',#17881);
#6176=VERTEX_POINT('',#17883);
#6177=VERTEX_POINT('',#17885);
#6178=VERTEX_POINT('',#17887);
#6179=VERTEX_POINT('',#17889);
#6180=VERTEX_POINT('',#17891);
#6181=VERTEX_POINT('',#17893);
#6182=VERTEX_POINT('',#17895);
#6183=VERTEX_POINT('',#17897);
#6184=VERTEX_POINT('',#17899);
#6185=VERTEX_POINT('',#17901);
#6186=VERTEX_POINT('',#17903);
#6187=VERTEX_POINT('',#17905);
#6188=VERTEX_POINT('',#17907);
#6189=VERTEX_POINT('',#17909);
#6190=VERTEX_POINT('',#17911);
#6191=VERTEX_POINT('',#17913);
#6192=VERTEX_POINT('',#17915);
#6193=VERTEX_POINT('',#17917);
#6194=VERTEX_POINT('',#17919);
#6195=VERTEX_POINT('',#17921);
#6196=VERTEX_POINT('',#17923);
#6197=VERTEX_POINT('',#17925);
#6198=VERTEX_POINT('',#17927);
#6199=VERTEX_POINT('',#17929);
#6200=VERTEX_POINT('',#17931);
#6201=VERTEX_POINT('',#17933);
#6202=VERTEX_POINT('',#17935);
#6203=VERTEX_POINT('',#17937);
#6204=VERTEX_POINT('',#17939);
#6205=VERTEX_POINT('',#17941);
#6206=VERTEX_POINT('',#17943);
#6207=VERTEX_POINT('',#17945);
#6208=VERTEX_POINT('',#17947);
#6209=VERTEX_POINT('',#17949);
#6210=VERTEX_POINT('',#17951);
#6211=VERTEX_POINT('',#17953);
#6212=VERTEX_POINT('',#17955);
#6213=VERTEX_POINT('',#17957);
#6214=VERTEX_POINT('',#17959);
#6215=VERTEX_POINT('',#17961);
#6216=VERTEX_POINT('',#17963);
#6217=VERTEX_POINT('',#17965);
#6218=VERTEX_POINT('',#17967);
#6219=VERTEX_POINT('',#17969);
#6220=VERTEX_POINT('',#17971);
#6221=VERTEX_POINT('',#17973);
#6222=VERTEX_POINT('',#17975);
#6223=VERTEX_POINT('',#17977);
#6224=VERTEX_POINT('',#17979);
#6225=VERTEX_POINT('',#17981);
#6226=VERTEX_POINT('',#17983);
#6227=VERTEX_POINT('',#17985);
#6228=VERTEX_POINT('',#17987);
#6229=VERTEX_POINT('',#17989);
#6230=VERTEX_POINT('',#17991);
#6231=VERTEX_POINT('',#17993);
#6232=VERTEX_POINT('',#17995);
#6233=VERTEX_POINT('',#17997);
#6234=VERTEX_POINT('',#17999);
#6235=VERTEX_POINT('',#18001);
#6236=VERTEX_POINT('',#18003);
#6237=VERTEX_POINT('',#18005);
#6238=VERTEX_POINT('',#18007);
#6239=VERTEX_POINT('',#18009);
#6240=VERTEX_POINT('',#18011);
#6241=VERTEX_POINT('',#18013);
#6242=VERTEX_POINT('',#18015);
#6243=VERTEX_POINT('',#18017);
#6244=VERTEX_POINT('',#18019);
#6245=VERTEX_POINT('',#18021);
#6246=VERTEX_POINT('',#18023);
#6247=VERTEX_POINT('',#18025);
#6248=VERTEX_POINT('',#18027);
#6249=VERTEX_POINT('',#18029);
#6250=VERTEX_POINT('',#18031);
#6251=VERTEX_POINT('',#18033);
#6252=VERTEX_POINT('',#18035);
#6253=VERTEX_POINT('',#18037);
#6254=VERTEX_POINT('',#18039);
#6255=VERTEX_POINT('',#18041);
#6256=VERTEX_POINT('',#18043);
#6257=VERTEX_POINT('',#18045);
#6258=VERTEX_POINT('',#18047);
#6259=VERTEX_POINT('',#18049);
#6260=VERTEX_POINT('',#18051);
#6261=VERTEX_POINT('',#18053);
#6262=VERTEX_POINT('',#18055);
#6263=VERTEX_POINT('',#18057);
#6264=VERTEX_POINT('',#18059);
#6265=VERTEX_POINT('',#18061);
#6266=VERTEX_POINT('',#18063);
#6267=VERTEX_POINT('',#18065);
#6268=VERTEX_POINT('',#18067);
#6269=VERTEX_POINT('',#18069);
#6270=VERTEX_POINT('',#18071);
#6271=VERTEX_POINT('',#18073);
#6272=VERTEX_POINT('',#18075);
#6273=VERTEX_POINT('',#18077);
#6274=VERTEX_POINT('',#18079);
#6275=VERTEX_POINT('',#18081);
#6276=VERTEX_POINT('',#18083);
#6277=VERTEX_POINT('',#18085);
#6278=VERTEX_POINT('',#18087);
#6279=VERTEX_POINT('',#18089);
#6280=VERTEX_POINT('',#18091);
#6281=VERTEX_POINT('',#18093);
#6282=VERTEX_POINT('',#18095);
#6283=VERTEX_POINT('',#18097);
#6284=VERTEX_POINT('',#18099);
#6285=VERTEX_POINT('',#18101);
#6286=VERTEX_POINT('',#18103);
#6287=VERTEX_POINT('',#18105);
#6288=VERTEX_POINT('',#18107);
#6289=VERTEX_POINT('',#18109);
#6290=VERTEX_POINT('',#18111);
#6291=VERTEX_POINT('',#18113);
#6292=VERTEX_POINT('',#18115);
#6293=VERTEX_POINT('',#18117);
#6294=VERTEX_POINT('',#18119);
#6295=VERTEX_POINT('',#18121);
#6296=VERTEX_POINT('',#18123);
#6297=VERTEX_POINT('',#18125);
#6298=VERTEX_POINT('',#18127);
#6299=VERTEX_POINT('',#18129);
#6300=VERTEX_POINT('',#18131);
#6301=VERTEX_POINT('',#18133);
#6302=VERTEX_POINT('',#18135);
#6303=VERTEX_POINT('',#18137);
#6304=VERTEX_POINT('',#18139);
#6305=VERTEX_POINT('',#18141);
#6306=VERTEX_POINT('',#18143);
#6307=VERTEX_POINT('',#18145);
#6308=VERTEX_POINT('',#18147);
#6309=VERTEX_POINT('',#18149);
#6310=VERTEX_POINT('',#18151);
#6311=VERTEX_POINT('',#18153);
#6312=VERTEX_POINT('',#18155);
#6313=VERTEX_POINT('',#18157);
#6314=VERTEX_POINT('',#18159);
#6315=VERTEX_POINT('',#18161);
#6316=VERTEX_POINT('',#18163);
#6317=VERTEX_POINT('',#18165);
#6318=VERTEX_POINT('',#18167);
#6319=VERTEX_POINT('',#18169);
#6320=VERTEX_POINT('',#18171);
#6321=VERTEX_POINT('',#18173);
#6322=VERTEX_POINT('',#18175);
#6323=VERTEX_POINT('',#18177);
#6324=VERTEX_POINT('',#18179);
#6325=VERTEX_POINT('',#18181);
#6326=VERTEX_POINT('',#18183);
#6327=VERTEX_POINT('',#18185);
#6328=VERTEX_POINT('',#18187);
#6329=VERTEX_POINT('',#18189);
#6330=VERTEX_POINT('',#18191);
#6331=VERTEX_POINT('',#18193);
#6332=VERTEX_POINT('',#18195);
#6333=VERTEX_POINT('',#18197);
#6334=VERTEX_POINT('',#18199);
#6335=VERTEX_POINT('',#18201);
#6336=VERTEX_POINT('',#18203);
#6337=VERTEX_POINT('',#18205);
#6338=VERTEX_POINT('',#18207);
#6339=VERTEX_POINT('',#18209);
#6340=VERTEX_POINT('',#18212);
#6341=VERTEX_POINT('',#18213);
#6342=VERTEX_POINT('',#18215);
#6343=VERTEX_POINT('',#18217);
#6344=VERTEX_POINT('',#18220);
#6345=VERTEX_POINT('',#18221);
#6346=VERTEX_POINT('',#18223);
#6347=VERTEX_POINT('',#18225);
#6348=VERTEX_POINT('',#18228);
#6349=VERTEX_POINT('',#18229);
#6350=VERTEX_POINT('',#18231);
#6351=VERTEX_POINT('',#18233);
#6352=VERTEX_POINT('',#18236);
#6353=VERTEX_POINT('',#18237);
#6354=VERTEX_POINT('',#18239);
#6355=VERTEX_POINT('',#18241);
#6356=VERTEX_POINT('',#18244);
#6357=VERTEX_POINT('',#18245);
#6358=VERTEX_POINT('',#18247);
#6359=VERTEX_POINT('',#18249);
#6360=VERTEX_POINT('',#18252);
#6361=VERTEX_POINT('',#18253);
#6362=VERTEX_POINT('',#18255);
#6363=VERTEX_POINT('',#18257);
#6364=VERTEX_POINT('',#18260);
#6365=VERTEX_POINT('',#18261);
#6366=VERTEX_POINT('',#18263);
#6367=VERTEX_POINT('',#18265);
#6368=VERTEX_POINT('',#18268);
#6369=VERTEX_POINT('',#18269);
#6370=VERTEX_POINT('',#18271);
#6371=VERTEX_POINT('',#18273);
#6372=VERTEX_POINT('',#18276);
#6373=VERTEX_POINT('',#18277);
#6374=VERTEX_POINT('',#18279);
#6375=VERTEX_POINT('',#18281);
#6376=VERTEX_POINT('',#18284);
#6377=VERTEX_POINT('',#18285);
#6378=VERTEX_POINT('',#18287);
#6379=VERTEX_POINT('',#18289);
#6380=VERTEX_POINT('',#18292);
#6381=VERTEX_POINT('',#18293);
#6382=VERTEX_POINT('',#18295);
#6383=VERTEX_POINT('',#18297);
#6384=VERTEX_POINT('',#18300);
#6385=VERTEX_POINT('',#18301);
#6386=VERTEX_POINT('',#18303);
#6387=VERTEX_POINT('',#18305);
#6388=VERTEX_POINT('',#18308);
#6389=VERTEX_POINT('',#18309);
#6390=VERTEX_POINT('',#18311);
#6391=VERTEX_POINT('',#18313);
#6392=VERTEX_POINT('',#18316);
#6393=VERTEX_POINT('',#18317);
#6394=VERTEX_POINT('',#18319);
#6395=VERTEX_POINT('',#18321);
#6396=VERTEX_POINT('',#18324);
#6397=VERTEX_POINT('',#18325);
#6398=VERTEX_POINT('',#18327);
#6399=VERTEX_POINT('',#18329);
#6400=VERTEX_POINT('',#18332);
#6401=VERTEX_POINT('',#18333);
#6402=VERTEX_POINT('',#18335);
#6403=VERTEX_POINT('',#18337);
#6404=VERTEX_POINT('',#18340);
#6405=VERTEX_POINT('',#18341);
#6406=VERTEX_POINT('',#18343);
#6407=VERTEX_POINT('',#18345);
#6408=VERTEX_POINT('',#18348);
#6409=VERTEX_POINT('',#18349);
#6410=VERTEX_POINT('',#18351);
#6411=VERTEX_POINT('',#18353);
#6412=VERTEX_POINT('',#18356);
#6413=VERTEX_POINT('',#18357);
#6414=VERTEX_POINT('',#18359);
#6415=VERTEX_POINT('',#18361);
#6416=VERTEX_POINT('',#18364);
#6417=VERTEX_POINT('',#18365);
#6418=VERTEX_POINT('',#18367);
#6419=VERTEX_POINT('',#18369);
#6420=VERTEX_POINT('',#18372);
#6421=VERTEX_POINT('',#18373);
#6422=VERTEX_POINT('',#18375);
#6423=VERTEX_POINT('',#18377);
#6424=VERTEX_POINT('',#18380);
#6425=VERTEX_POINT('',#18381);
#6426=VERTEX_POINT('',#18383);
#6427=VERTEX_POINT('',#18385);
#6428=VERTEX_POINT('',#18388);
#6429=VERTEX_POINT('',#18389);
#6430=VERTEX_POINT('',#18391);
#6431=VERTEX_POINT('',#18393);
#6432=VERTEX_POINT('',#18396);
#6433=VERTEX_POINT('',#18397);
#6434=VERTEX_POINT('',#18399);
#6435=VERTEX_POINT('',#18401);
#6436=VERTEX_POINT('',#18404);
#6437=VERTEX_POINT('',#18405);
#6438=VERTEX_POINT('',#18407);
#6439=VERTEX_POINT('',#18409);
#6440=VERTEX_POINT('',#18412);
#6441=VERTEX_POINT('',#18413);
#6442=VERTEX_POINT('',#18415);
#6443=VERTEX_POINT('',#18417);
#6444=VERTEX_POINT('',#18420);
#6445=VERTEX_POINT('',#18421);
#6446=VERTEX_POINT('',#18423);
#6447=VERTEX_POINT('',#18425);
#6448=VERTEX_POINT('',#18428);
#6449=VERTEX_POINT('',#18429);
#6450=VERTEX_POINT('',#18431);
#6451=VERTEX_POINT('',#18433);
#6452=VERTEX_POINT('',#18436);
#6453=VERTEX_POINT('',#18437);
#6454=VERTEX_POINT('',#18439);
#6455=VERTEX_POINT('',#18441);
#6456=VERTEX_POINT('',#18444);
#6457=VERTEX_POINT('',#18445);
#6458=VERTEX_POINT('',#18447);
#6459=VERTEX_POINT('',#18449);
#6460=VERTEX_POINT('',#18452);
#6461=VERTEX_POINT('',#18453);
#6462=VERTEX_POINT('',#18455);
#6463=VERTEX_POINT('',#18457);
#6464=VERTEX_POINT('',#18460);
#6465=VERTEX_POINT('',#18461);
#6466=VERTEX_POINT('',#18463);
#6467=VERTEX_POINT('',#18465);
#6468=VERTEX_POINT('',#18469);
#6469=VERTEX_POINT('',#18470);
#6470=VERTEX_POINT('',#18472);
#6471=VERTEX_POINT('',#18474);
#6472=VERTEX_POINT('',#18478);
#6473=VERTEX_POINT('',#18479);
#6474=VERTEX_POINT('',#18481);
#6475=VERTEX_POINT('',#18483);
#6476=VERTEX_POINT('',#18487);
#6477=VERTEX_POINT('',#18488);
#6478=VERTEX_POINT('',#18490);
#6479=VERTEX_POINT('',#18492);
#6480=VERTEX_POINT('',#18496);
#6481=VERTEX_POINT('',#18497);
#6482=VERTEX_POINT('',#18499);
#6483=VERTEX_POINT('',#18501);
#6484=VERTEX_POINT('',#18505);
#6485=VERTEX_POINT('',#18506);
#6486=VERTEX_POINT('',#18508);
#6487=VERTEX_POINT('',#18510);
#6488=VERTEX_POINT('',#18514);
#6489=VERTEX_POINT('',#18515);
#6490=VERTEX_POINT('',#18517);
#6491=VERTEX_POINT('',#18519);
#6492=VERTEX_POINT('',#18523);
#6493=VERTEX_POINT('',#18524);
#6494=VERTEX_POINT('',#18526);
#6495=VERTEX_POINT('',#18528);
#6496=VERTEX_POINT('',#18532);
#6497=VERTEX_POINT('',#18533);
#6498=VERTEX_POINT('',#18535);
#6499=VERTEX_POINT('',#18537);
#6500=VERTEX_POINT('',#18541);
#6501=VERTEX_POINT('',#18542);
#6502=VERTEX_POINT('',#18544);
#6503=VERTEX_POINT('',#18546);
#6504=VERTEX_POINT('',#18550);
#6505=VERTEX_POINT('',#18551);
#6506=VERTEX_POINT('',#18553);
#6507=VERTEX_POINT('',#18555);
#6508=VERTEX_POINT('',#18559);
#6509=VERTEX_POINT('',#18560);
#6510=VERTEX_POINT('',#18562);
#6511=VERTEX_POINT('',#18564);
#6512=VERTEX_POINT('',#18568);
#6513=VERTEX_POINT('',#18569);
#6514=VERTEX_POINT('',#18571);
#6515=VERTEX_POINT('',#18573);
#6516=VERTEX_POINT('',#18577);
#6517=VERTEX_POINT('',#18578);
#6518=VERTEX_POINT('',#18580);
#6519=VERTEX_POINT('',#18582);
#6520=VERTEX_POINT('',#18586);
#6521=VERTEX_POINT('',#18587);
#6522=VERTEX_POINT('',#18589);
#6523=VERTEX_POINT('',#18591);
#6524=VERTEX_POINT('',#18595);
#6525=VERTEX_POINT('',#18596);
#6526=VERTEX_POINT('',#18598);
#6527=VERTEX_POINT('',#18600);
#6528=VERTEX_POINT('',#18604);
#6529=VERTEX_POINT('',#18605);
#6530=VERTEX_POINT('',#18607);
#6531=VERTEX_POINT('',#18609);
#6532=VERTEX_POINT('',#18613);
#6533=VERTEX_POINT('',#18614);
#6534=VERTEX_POINT('',#18616);
#6535=VERTEX_POINT('',#18618);
#6536=VERTEX_POINT('',#18622);
#6537=VERTEX_POINT('',#18623);
#6538=VERTEX_POINT('',#18625);
#6539=VERTEX_POINT('',#18627);
#6540=VERTEX_POINT('',#18631);
#6541=VERTEX_POINT('',#18632);
#6542=VERTEX_POINT('',#18634);
#6543=VERTEX_POINT('',#18636);
#6544=VERTEX_POINT('',#18640);
#6545=VERTEX_POINT('',#18641);
#6546=VERTEX_POINT('',#18643);
#6547=VERTEX_POINT('',#18645);
#6548=VERTEX_POINT('',#18649);
#6549=VERTEX_POINT('',#18650);
#6550=VERTEX_POINT('',#18652);
#6551=VERTEX_POINT('',#18654);
#6552=VERTEX_POINT('',#18658);
#6553=VERTEX_POINT('',#18659);
#6554=VERTEX_POINT('',#18661);
#6555=VERTEX_POINT('',#18663);
#6556=VERTEX_POINT('',#18667);
#6557=VERTEX_POINT('',#18668);
#6558=VERTEX_POINT('',#18670);
#6559=VERTEX_POINT('',#18672);
#6560=VERTEX_POINT('',#18676);
#6561=VERTEX_POINT('',#18677);
#6562=VERTEX_POINT('',#18679);
#6563=VERTEX_POINT('',#18681);
#6564=VERTEX_POINT('',#18685);
#6565=VERTEX_POINT('',#18686);
#6566=VERTEX_POINT('',#18688);
#6567=VERTEX_POINT('',#18690);
#6568=VERTEX_POINT('',#18694);
#6569=VERTEX_POINT('',#18695);
#6570=VERTEX_POINT('',#18697);
#6571=VERTEX_POINT('',#18699);
#6572=VERTEX_POINT('',#18703);
#6573=VERTEX_POINT('',#18704);
#6574=VERTEX_POINT('',#18706);
#6575=VERTEX_POINT('',#18708);
#6576=VERTEX_POINT('',#18712);
#6577=VERTEX_POINT('',#18713);
#6578=VERTEX_POINT('',#18715);
#6579=VERTEX_POINT('',#18717);
#6580=VERTEX_POINT('',#18721);
#6581=VERTEX_POINT('',#18722);
#6582=VERTEX_POINT('',#18724);
#6583=VERTEX_POINT('',#18726);
#6584=VERTEX_POINT('',#18730);
#6585=VERTEX_POINT('',#18731);
#6586=VERTEX_POINT('',#18733);
#6587=VERTEX_POINT('',#18735);
#6588=VERTEX_POINT('',#18739);
#6589=VERTEX_POINT('',#18740);
#6590=VERTEX_POINT('',#18742);
#6591=VERTEX_POINT('',#18744);
#6592=VERTEX_POINT('',#18748);
#6593=VERTEX_POINT('',#18749);
#6594=VERTEX_POINT('',#18751);
#6595=VERTEX_POINT('',#18753);
#6596=VERTEX_POINT('',#18757);
#6597=VERTEX_POINT('',#18758);
#6598=VERTEX_POINT('',#18760);
#6599=VERTEX_POINT('',#18762);
#6600=VERTEX_POINT('',#18766);
#6601=VERTEX_POINT('',#18767);
#6602=VERTEX_POINT('',#18769);
#6603=VERTEX_POINT('',#18771);
#6604=VERTEX_POINT('',#18775);
#6605=VERTEX_POINT('',#18776);
#6606=VERTEX_POINT('',#18778);
#6607=VERTEX_POINT('',#18780);
#6608=VERTEX_POINT('',#18784);
#6609=VERTEX_POINT('',#18785);
#6610=VERTEX_POINT('',#18787);
#6611=VERTEX_POINT('',#18789);
#6612=VERTEX_POINT('',#18793);
#6613=VERTEX_POINT('',#18794);
#6614=VERTEX_POINT('',#18796);
#6615=VERTEX_POINT('',#18798);
#6616=VERTEX_POINT('',#18802);
#6617=VERTEX_POINT('',#18803);
#6618=VERTEX_POINT('',#18805);
#6619=VERTEX_POINT('',#18807);
#6620=VERTEX_POINT('',#18811);
#6621=VERTEX_POINT('',#18812);
#6622=VERTEX_POINT('',#18814);
#6623=VERTEX_POINT('',#18816);
#6624=VERTEX_POINT('',#18820);
#6625=VERTEX_POINT('',#18821);
#6626=VERTEX_POINT('',#18823);
#6627=VERTEX_POINT('',#18825);
#6628=VERTEX_POINT('',#18829);
#6629=VERTEX_POINT('',#18830);
#6630=VERTEX_POINT('',#18832);
#6631=VERTEX_POINT('',#18834);
#6632=VERTEX_POINT('',#18838);
#6633=VERTEX_POINT('',#18839);
#6634=VERTEX_POINT('',#18841);
#6635=VERTEX_POINT('',#18843);
#6636=VERTEX_POINT('',#18847);
#6637=VERTEX_POINT('',#18848);
#6638=VERTEX_POINT('',#18850);
#6639=VERTEX_POINT('',#18852);
#6640=VERTEX_POINT('',#18856);
#6641=VERTEX_POINT('',#18857);
#6642=VERTEX_POINT('',#18859);
#6643=VERTEX_POINT('',#18861);
#6644=VERTEX_POINT('',#18865);
#6645=VERTEX_POINT('',#18866);
#6646=VERTEX_POINT('',#18868);
#6647=VERTEX_POINT('',#18870);
#6648=VERTEX_POINT('',#18874);
#6649=VERTEX_POINT('',#18875);
#6650=VERTEX_POINT('',#18877);
#6651=VERTEX_POINT('',#18879);
#6652=VERTEX_POINT('',#18883);
#6653=VERTEX_POINT('',#18884);
#6654=VERTEX_POINT('',#18886);
#6655=VERTEX_POINT('',#18888);
#6656=VERTEX_POINT('',#18892);
#6657=VERTEX_POINT('',#18893);
#6658=VERTEX_POINT('',#18895);
#6659=VERTEX_POINT('',#18897);
#6660=VERTEX_POINT('',#18901);
#6661=VERTEX_POINT('',#18902);
#6662=VERTEX_POINT('',#18904);
#6663=VERTEX_POINT('',#18906);
#6664=VERTEX_POINT('',#18910);
#6665=VERTEX_POINT('',#18911);
#6666=VERTEX_POINT('',#18913);
#6667=VERTEX_POINT('',#18915);
#6668=VERTEX_POINT('',#18919);
#6669=VERTEX_POINT('',#18920);
#6670=VERTEX_POINT('',#18922);
#6671=VERTEX_POINT('',#18924);
#6672=VERTEX_POINT('',#18928);
#6673=VERTEX_POINT('',#18929);
#6674=VERTEX_POINT('',#18931);
#6675=VERTEX_POINT('',#18933);
#6676=VERTEX_POINT('',#18937);
#6677=VERTEX_POINT('',#18938);
#6678=VERTEX_POINT('',#18940);
#6679=VERTEX_POINT('',#18942);
#6680=VERTEX_POINT('',#18946);
#6681=VERTEX_POINT('',#18947);
#6682=VERTEX_POINT('',#18949);
#6683=VERTEX_POINT('',#18951);
#6684=VERTEX_POINT('',#18955);
#6685=VERTEX_POINT('',#18956);
#6686=VERTEX_POINT('',#18958);
#6687=VERTEX_POINT('',#18960);
#6688=VERTEX_POINT('',#18964);
#6689=VERTEX_POINT('',#18965);
#6690=VERTEX_POINT('',#18967);
#6691=VERTEX_POINT('',#18969);
#6692=VERTEX_POINT('',#18973);
#6693=VERTEX_POINT('',#18974);
#6694=VERTEX_POINT('',#18976);
#6695=VERTEX_POINT('',#18978);
#6696=VERTEX_POINT('',#18982);
#6697=VERTEX_POINT('',#18983);
#6698=VERTEX_POINT('',#18985);
#6699=VERTEX_POINT('',#18987);
#6700=VERTEX_POINT('',#18991);
#6701=VERTEX_POINT('',#18992);
#6702=VERTEX_POINT('',#18994);
#6703=VERTEX_POINT('',#18996);
#6704=VERTEX_POINT('',#19000);
#6705=VERTEX_POINT('',#19001);
#6706=VERTEX_POINT('',#19003);
#6707=VERTEX_POINT('',#19005);
#6708=VERTEX_POINT('',#19009);
#6709=VERTEX_POINT('',#19010);
#6710=VERTEX_POINT('',#19012);
#6711=VERTEX_POINT('',#19014);
#6712=VERTEX_POINT('',#19018);
#6713=VERTEX_POINT('',#19019);
#6714=VERTEX_POINT('',#19021);
#6715=VERTEX_POINT('',#19023);
#6716=VERTEX_POINT('',#19027);
#6717=VERTEX_POINT('',#19028);
#6718=VERTEX_POINT('',#19030);
#6719=VERTEX_POINT('',#19032);
#6720=VERTEX_POINT('',#19036);
#6721=VERTEX_POINT('',#19037);
#6722=VERTEX_POINT('',#19039);
#6723=VERTEX_POINT('',#19041);
#6724=VERTEX_POINT('',#20138);
#6725=VERTEX_POINT('',#20139);
#6726=VERTEX_POINT('',#20141);
#6727=VERTEX_POINT('',#20143);
#6728=VERTEX_POINT('',#20147);
#6729=VERTEX_POINT('',#20148);
#6730=VERTEX_POINT('',#20150);
#6731=VERTEX_POINT('',#20152);
#6732=VERTEX_POINT('',#20156);
#6733=VERTEX_POINT('',#20157);
#6734=VERTEX_POINT('',#20159);
#6735=VERTEX_POINT('',#20161);
#6736=VERTEX_POINT('',#20165);
#6737=VERTEX_POINT('',#20166);
#6738=VERTEX_POINT('',#20168);
#6739=VERTEX_POINT('',#20170);
#6740=LINE('',#16666,#8502);
#6741=LINE('',#16669,#8503);
#6742=LINE('',#16671,#8504);
#6743=LINE('',#16673,#8505);
#6744=LINE('',#16674,#8506);
#6745=LINE('',#16677,#8507);
#6746=LINE('',#16679,#8508);
#6747=LINE('',#16681,#8509);
#6748=LINE('',#16682,#8510);
#6749=LINE('',#16685,#8511);
#6750=LINE('',#16687,#8512);
#6751=LINE('',#16689,#8513);
#6752=LINE('',#16690,#8514);
#6753=LINE('',#16693,#8515);
#6754=LINE('',#16695,#8516);
#6755=LINE('',#16697,#8517);
#6756=LINE('',#16698,#8518);
#6757=LINE('',#16701,#8519);
#6758=LINE('',#16703,#8520);
#6759=LINE('',#16705,#8521);
#6760=LINE('',#16706,#8522);
#6761=LINE('',#16709,#8523);
#6762=LINE('',#16711,#8524);
#6763=LINE('',#16713,#8525);
#6764=LINE('',#16714,#8526);
#6765=LINE('',#16717,#8527);
#6766=LINE('',#16719,#8528);
#6767=LINE('',#16721,#8529);
#6768=LINE('',#16722,#8530);
#6769=LINE('',#16725,#8531);
#6770=LINE('',#16727,#8532);
#6771=LINE('',#16729,#8533);
#6772=LINE('',#16730,#8534);
#6773=LINE('',#16733,#8535);
#6774=LINE('',#16735,#8536);
#6775=LINE('',#16737,#8537);
#6776=LINE('',#16738,#8538);
#6777=LINE('',#16741,#8539);
#6778=LINE('',#16743,#8540);
#6779=LINE('',#16745,#8541);
#6780=LINE('',#16746,#8542);
#6781=LINE('',#16749,#8543);
#6782=LINE('',#16751,#8544);
#6783=LINE('',#16753,#8545);
#6784=LINE('',#16754,#8546);
#6785=LINE('',#16757,#8547);
#6786=LINE('',#16759,#8548);
#6787=LINE('',#16761,#8549);
#6788=LINE('',#16762,#8550);
#6789=LINE('',#16765,#8551);
#6790=LINE('',#16767,#8552);
#6791=LINE('',#16769,#8553);
#6792=LINE('',#16770,#8554);
#6793=LINE('',#16773,#8555);
#6794=LINE('',#16775,#8556);
#6795=LINE('',#16777,#8557);
#6796=LINE('',#16778,#8558);
#6797=LINE('',#16781,#8559);
#6798=LINE('',#16783,#8560);
#6799=LINE('',#16785,#8561);
#6800=LINE('',#16786,#8562);
#6801=LINE('',#16789,#8563);
#6802=LINE('',#16791,#8564);
#6803=LINE('',#16793,#8565);
#6804=LINE('',#16794,#8566);
#6805=LINE('',#16797,#8567);
#6806=LINE('',#16799,#8568);
#6807=LINE('',#16801,#8569);
#6808=LINE('',#16802,#8570);
#6809=LINE('',#16805,#8571);
#6810=LINE('',#16807,#8572);
#6811=LINE('',#16809,#8573);
#6812=LINE('',#16810,#8574);
#6813=LINE('',#16813,#8575);
#6814=LINE('',#16815,#8576);
#6815=LINE('',#16817,#8577);
#6816=LINE('',#16818,#8578);
#6817=LINE('',#16821,#8579);
#6818=LINE('',#16823,#8580);
#6819=LINE('',#16825,#8581);
#6820=LINE('',#16826,#8582);
#6821=LINE('',#16829,#8583);
#6822=LINE('',#16831,#8584);
#6823=LINE('',#16833,#8585);
#6824=LINE('',#16834,#8586);
#6825=LINE('',#16837,#8587);
#6826=LINE('',#16839,#8588);
#6827=LINE('',#16841,#8589);
#6828=LINE('',#16842,#8590);
#6829=LINE('',#16845,#8591);
#6830=LINE('',#16847,#8592);
#6831=LINE('',#16849,#8593);
#6832=LINE('',#16850,#8594);
#6833=LINE('',#16853,#8595);
#6834=LINE('',#16855,#8596);
#6835=LINE('',#16857,#8597);
#6836=LINE('',#16858,#8598);
#6837=LINE('',#16861,#8599);
#6838=LINE('',#16863,#8600);
#6839=LINE('',#16865,#8601);
#6840=LINE('',#16866,#8602);
#6841=LINE('',#16869,#8603);
#6842=LINE('',#16871,#8604);
#6843=LINE('',#16873,#8605);
#6844=LINE('',#16874,#8606);
#6845=LINE('',#16877,#8607);
#6846=LINE('',#16879,#8608);
#6847=LINE('',#16881,#8609);
#6848=LINE('',#16882,#8610);
#6849=LINE('',#16885,#8611);
#6850=LINE('',#16887,#8612);
#6851=LINE('',#16889,#8613);
#6852=LINE('',#16890,#8614);
#6853=LINE('',#16893,#8615);
#6854=LINE('',#16895,#8616);
#6855=LINE('',#16897,#8617);
#6856=LINE('',#16898,#8618);
#6857=LINE('',#16901,#8619);
#6858=LINE('',#16903,#8620);
#6859=LINE('',#16905,#8621);
#6860=LINE('',#16906,#8622);
#6861=LINE('',#16909,#8623);
#6862=LINE('',#16911,#8624);
#6863=LINE('',#16913,#8625);
#6864=LINE('',#16914,#8626);
#6865=LINE('',#16917,#8627);
#6866=LINE('',#16919,#8628);
#6867=LINE('',#16921,#8629);
#6868=LINE('',#16922,#8630);
#6869=LINE('',#16925,#8631);
#6870=LINE('',#16927,#8632);
#6871=LINE('',#16929,#8633);
#6872=LINE('',#16931,#8634);
#6873=LINE('',#16933,#8635);
#6874=LINE('',#16935,#8636);
#6875=LINE('',#16937,#8637);
#6876=LINE('',#16939,#8638);
#6877=LINE('',#16941,#8639);
#6878=LINE('',#16943,#8640);
#6879=LINE('',#16945,#8641);
#6880=LINE('',#16947,#8642);
#6881=LINE('',#16949,#8643);
#6882=LINE('',#16951,#8644);
#6883=LINE('',#16953,#8645);
#6884=LINE('',#16955,#8646);
#6885=LINE('',#16957,#8647);
#6886=LINE('',#16959,#8648);
#6887=LINE('',#16961,#8649);
#6888=LINE('',#16963,#8650);
#6889=LINE('',#16965,#8651);
#6890=LINE('',#16967,#8652);
#6891=LINE('',#16969,#8653);
#6892=LINE('',#16971,#8654);
#6893=LINE('',#16973,#8655);
#6894=LINE('',#16975,#8656);
#6895=LINE('',#16977,#8657);
#6896=LINE('',#16979,#8658);
#6897=LINE('',#16981,#8659);
#6898=LINE('',#16983,#8660);
#6899=LINE('',#16985,#8661);
#6900=LINE('',#16987,#8662);
#6901=LINE('',#16989,#8663);
#6902=LINE('',#16991,#8664);
#6903=LINE('',#16993,#8665);
#6904=LINE('',#16995,#8666);
#6905=LINE('',#16997,#8667);
#6906=LINE('',#16999,#8668);
#6907=LINE('',#17001,#8669);
#6908=LINE('',#17003,#8670);
#6909=LINE('',#17005,#8671);
#6910=LINE('',#17007,#8672);
#6911=LINE('',#17009,#8673);
#6912=LINE('',#17011,#8674);
#6913=LINE('',#17013,#8675);
#6914=LINE('',#17015,#8676);
#6915=LINE('',#17017,#8677);
#6916=LINE('',#17019,#8678);
#6917=LINE('',#17021,#8679);
#6918=LINE('',#17023,#8680);
#6919=LINE('',#17025,#8681);
#6920=LINE('',#17027,#8682);
#6921=LINE('',#17029,#8683);
#6922=LINE('',#17031,#8684);
#6923=LINE('',#17033,#8685);
#6924=LINE('',#17035,#8686);
#6925=LINE('',#17037,#8687);
#6926=LINE('',#17039,#8688);
#6927=LINE('',#17041,#8689);
#6928=LINE('',#17043,#8690);
#6929=LINE('',#17045,#8691);
#6930=LINE('',#17047,#8692);
#6931=LINE('',#17049,#8693);
#6932=LINE('',#17051,#8694);
#6933=LINE('',#17053,#8695);
#6934=LINE('',#17055,#8696);
#6935=LINE('',#17057,#8697);
#6936=LINE('',#17059,#8698);
#6937=LINE('',#17061,#8699);
#6938=LINE('',#17063,#8700);
#6939=LINE('',#17065,#8701);
#6940=LINE('',#17067,#8702);
#6941=LINE('',#17069,#8703);
#6942=LINE('',#17071,#8704);
#6943=LINE('',#17073,#8705);
#6944=LINE('',#17075,#8706);
#6945=LINE('',#17077,#8707);
#6946=LINE('',#17079,#8708);
#6947=LINE('',#17081,#8709);
#6948=LINE('',#17083,#8710);
#6949=LINE('',#17085,#8711);
#6950=LINE('',#17087,#8712);
#6951=LINE('',#17089,#8713);
#6952=LINE('',#17091,#8714);
#6953=LINE('',#17093,#8715);
#6954=LINE('',#17095,#8716);
#6955=LINE('',#17097,#8717);
#6956=LINE('',#17099,#8718);
#6957=LINE('',#17101,#8719);
#6958=LINE('',#17103,#8720);
#6959=LINE('',#17105,#8721);
#6960=LINE('',#17107,#8722);
#6961=LINE('',#17109,#8723);
#6962=LINE('',#17111,#8724);
#6963=LINE('',#17113,#8725);
#6964=LINE('',#17115,#8726);
#6965=LINE('',#17117,#8727);
#6966=LINE('',#17119,#8728);
#6967=LINE('',#17121,#8729);
#6968=LINE('',#17123,#8730);
#6969=LINE('',#17125,#8731);
#6970=LINE('',#17127,#8732);
#6971=LINE('',#17129,#8733);
#6972=LINE('',#17131,#8734);
#6973=LINE('',#17133,#8735);
#6974=LINE('',#17135,#8736);
#6975=LINE('',#17137,#8737);
#6976=LINE('',#17139,#8738);
#6977=LINE('',#17141,#8739);
#6978=LINE('',#17143,#8740);
#6979=LINE('',#17145,#8741);
#6980=LINE('',#17147,#8742);
#6981=LINE('',#17149,#8743);
#6982=LINE('',#17151,#8744);
#6983=LINE('',#17153,#8745);
#6984=LINE('',#17155,#8746);
#6985=LINE('',#17157,#8747);
#6986=LINE('',#17159,#8748);
#6987=LINE('',#17161,#8749);
#6988=LINE('',#17163,#8750);
#6989=LINE('',#17165,#8751);
#6990=LINE('',#17167,#8752);
#6991=LINE('',#17169,#8753);
#6992=LINE('',#17171,#8754);
#6993=LINE('',#17173,#8755);
#6994=LINE('',#17175,#8756);
#6995=LINE('',#17177,#8757);
#6996=LINE('',#17179,#8758);
#6997=LINE('',#17181,#8759);
#6998=LINE('',#17183,#8760);
#6999=LINE('',#17185,#8761);
#7000=LINE('',#17187,#8762);
#7001=LINE('',#17189,#8763);
#7002=LINE('',#17191,#8764);
#7003=LINE('',#17193,#8765);
#7004=LINE('',#17195,#8766);
#7005=LINE('',#17197,#8767);
#7006=LINE('',#17199,#8768);
#7007=LINE('',#17201,#8769);
#7008=LINE('',#17203,#8770);
#7009=LINE('',#17205,#8771);
#7010=LINE('',#17207,#8772);
#7011=LINE('',#17209,#8773);
#7012=LINE('',#17211,#8774);
#7013=LINE('',#17213,#8775);
#7014=LINE('',#17215,#8776);
#7015=LINE('',#17217,#8777);
#7016=LINE('',#17219,#8778);
#7017=LINE('',#17221,#8779);
#7018=LINE('',#17223,#8780);
#7019=LINE('',#17225,#8781);
#7020=LINE('',#17227,#8782);
#7021=LINE('',#17229,#8783);
#7022=LINE('',#17231,#8784);
#7023=LINE('',#17233,#8785);
#7024=LINE('',#17235,#8786);
#7025=LINE('',#17237,#8787);
#7026=LINE('',#17239,#8788);
#7027=LINE('',#17241,#8789);
#7028=LINE('',#17243,#8790);
#7029=LINE('',#17245,#8791);
#7030=LINE('',#17247,#8792);
#7031=LINE('',#17249,#8793);
#7032=LINE('',#17251,#8794);
#7033=LINE('',#17253,#8795);
#7034=LINE('',#17255,#8796);
#7035=LINE('',#17257,#8797);
#7036=LINE('',#17259,#8798);
#7037=LINE('',#17261,#8799);
#7038=LINE('',#17263,#8800);
#7039=LINE('',#17265,#8801);
#7040=LINE('',#17267,#8802);
#7041=LINE('',#17269,#8803);
#7042=LINE('',#17271,#8804);
#7043=LINE('',#17273,#8805);
#7044=LINE('',#17275,#8806);
#7045=LINE('',#17277,#8807);
#7046=LINE('',#17279,#8808);
#7047=LINE('',#17281,#8809);
#7048=LINE('',#17283,#8810);
#7049=LINE('',#17285,#8811);
#7050=LINE('',#17287,#8812);
#7051=LINE('',#17289,#8813);
#7052=LINE('',#17291,#8814);
#7053=LINE('',#17293,#8815);
#7054=LINE('',#17295,#8816);
#7055=LINE('',#17297,#8817);
#7056=LINE('',#17299,#8818);
#7057=LINE('',#17301,#8819);
#7058=LINE('',#17303,#8820);
#7059=LINE('',#17305,#8821);
#7060=LINE('',#17307,#8822);
#7061=LINE('',#17309,#8823);
#7062=LINE('',#17310,#8824);
#7063=LINE('',#17313,#8825);
#7064=LINE('',#17315,#8826);
#7065=LINE('',#17317,#8827);
#7066=LINE('',#17318,#8828);
#7067=LINE('',#17321,#8829);
#7068=LINE('',#17323,#8830);
#7069=LINE('',#17325,#8831);
#7070=LINE('',#17326,#8832);
#7071=LINE('',#17329,#8833);
#7072=LINE('',#17331,#8834);
#7073=LINE('',#17333,#8835);
#7074=LINE('',#17334,#8836);
#7075=LINE('',#17337,#8837);
#7076=LINE('',#17339,#8838);
#7077=LINE('',#17341,#8839);
#7078=LINE('',#17342,#8840);
#7079=LINE('',#17345,#8841);
#7080=LINE('',#17347,#8842);
#7081=LINE('',#17349,#8843);
#7082=LINE('',#17350,#8844);
#7083=LINE('',#17353,#8845);
#7084=LINE('',#17355,#8846);
#7085=LINE('',#17357,#8847);
#7086=LINE('',#17358,#8848);
#7087=LINE('',#17361,#8849);
#7088=LINE('',#17363,#8850);
#7089=LINE('',#17365,#8851);
#7090=LINE('',#17366,#8852);
#7091=LINE('',#17369,#8853);
#7092=LINE('',#17371,#8854);
#7093=LINE('',#17373,#8855);
#7094=LINE('',#17374,#8856);
#7095=LINE('',#17377,#8857);
#7096=LINE('',#17379,#8858);
#7097=LINE('',#17381,#8859);
#7098=LINE('',#17382,#8860);
#7099=LINE('',#17385,#8861);
#7100=LINE('',#17387,#8862);
#7101=LINE('',#17389,#8863);
#7102=LINE('',#17390,#8864);
#7103=LINE('',#17393,#8865);
#7104=LINE('',#17395,#8866);
#7105=LINE('',#17397,#8867);
#7106=LINE('',#17398,#8868);
#7107=LINE('',#17401,#8869);
#7108=LINE('',#17403,#8870);
#7109=LINE('',#17405,#8871);
#7110=LINE('',#17406,#8872);
#7111=LINE('',#17409,#8873);
#7112=LINE('',#17411,#8874);
#7113=LINE('',#17413,#8875);
#7114=LINE('',#17414,#8876);
#7115=LINE('',#17417,#8877);
#7116=LINE('',#17419,#8878);
#7117=LINE('',#17421,#8879);
#7118=LINE('',#17422,#8880);
#7119=LINE('',#17425,#8881);
#7120=LINE('',#17427,#8882);
#7121=LINE('',#17429,#8883);
#7122=LINE('',#17430,#8884);
#7123=LINE('',#17433,#8885);
#7124=LINE('',#17435,#8886);
#7125=LINE('',#17437,#8887);
#7126=LINE('',#17438,#8888);
#7127=LINE('',#17441,#8889);
#7128=LINE('',#17443,#8890);
#7129=LINE('',#17445,#8891);
#7130=LINE('',#17446,#8892);
#7131=LINE('',#17449,#8893);
#7132=LINE('',#17451,#8894);
#7133=LINE('',#17453,#8895);
#7134=LINE('',#17454,#8896);
#7135=LINE('',#17457,#8897);
#7136=LINE('',#17459,#8898);
#7137=LINE('',#17461,#8899);
#7138=LINE('',#17462,#8900);
#7139=LINE('',#17465,#8901);
#7140=LINE('',#17467,#8902);
#7141=LINE('',#17469,#8903);
#7142=LINE('',#17470,#8904);
#7143=LINE('',#17473,#8905);
#7144=LINE('',#17475,#8906);
#7145=LINE('',#17477,#8907);
#7146=LINE('',#17478,#8908);
#7147=LINE('',#17481,#8909);
#7148=LINE('',#17483,#8910);
#7149=LINE('',#17485,#8911);
#7150=LINE('',#17486,#8912);
#7151=LINE('',#17489,#8913);
#7152=LINE('',#17491,#8914);
#7153=LINE('',#17493,#8915);
#7154=LINE('',#17494,#8916);
#7155=LINE('',#17497,#8917);
#7156=LINE('',#17499,#8918);
#7157=LINE('',#17501,#8919);
#7158=LINE('',#17502,#8920);
#7159=LINE('',#17505,#8921);
#7160=LINE('',#17507,#8922);
#7161=LINE('',#17509,#8923);
#7162=LINE('',#17510,#8924);
#7163=LINE('',#17513,#8925);
#7164=LINE('',#17515,#8926);
#7165=LINE('',#17517,#8927);
#7166=LINE('',#17518,#8928);
#7167=LINE('',#17521,#8929);
#7168=LINE('',#17523,#8930);
#7169=LINE('',#17525,#8931);
#7170=LINE('',#17526,#8932);
#7171=LINE('',#17529,#8933);
#7172=LINE('',#17531,#8934);
#7173=LINE('',#17533,#8935);
#7174=LINE('',#17534,#8936);
#7175=LINE('',#17537,#8937);
#7176=LINE('',#17539,#8938);
#7177=LINE('',#17541,#8939);
#7178=LINE('',#17542,#8940);
#7179=LINE('',#17545,#8941);
#7180=LINE('',#17547,#8942);
#7181=LINE('',#17549,#8943);
#7182=LINE('',#17550,#8944);
#7183=LINE('',#17553,#8945);
#7184=LINE('',#17555,#8946);
#7185=LINE('',#17557,#8947);
#7186=LINE('',#17558,#8948);
#7187=LINE('',#17561,#8949);
#7188=LINE('',#17563,#8950);
#7189=LINE('',#17565,#8951);
#7190=LINE('',#17567,#8952);
#7191=LINE('',#17570,#8953);
#7192=LINE('',#17572,#8954);
#7193=LINE('',#17574,#8955);
#7194=LINE('',#17575,#8956);
#7195=LINE('',#17578,#8957);
#7196=LINE('',#17580,#8958);
#7197=LINE('',#17582,#8959);
#7198=LINE('',#17583,#8960);
#7199=LINE('',#17586,#8961);
#7200=LINE('',#17588,#8962);
#7201=LINE('',#17590,#8963);
#7202=LINE('',#17591,#8964);
#7203=LINE('',#17594,#8965);
#7204=LINE('',#17596,#8966);
#7205=LINE('',#17598,#8967);
#7206=LINE('',#17599,#8968);
#7207=LINE('',#17602,#8969);
#7208=LINE('',#17604,#8970);
#7209=LINE('',#17606,#8971);
#7210=LINE('',#17607,#8972);
#7211=LINE('',#17610,#8973);
#7212=LINE('',#17612,#8974);
#7213=LINE('',#17614,#8975);
#7214=LINE('',#17615,#8976);
#7215=LINE('',#17618,#8977);
#7216=LINE('',#17620,#8978);
#7217=LINE('',#17622,#8979);
#7218=LINE('',#17623,#8980);
#7219=LINE('',#17626,#8981);
#7220=LINE('',#17628,#8982);
#7221=LINE('',#17630,#8983);
#7222=LINE('',#17631,#8984);
#7223=LINE('',#17634,#8985);
#7224=LINE('',#17636,#8986);
#7225=LINE('',#17638,#8987);
#7226=LINE('',#17639,#8988);
#7227=LINE('',#17642,#8989);
#7228=LINE('',#17644,#8990);
#7229=LINE('',#17646,#8991);
#7230=LINE('',#17647,#8992);
#7231=LINE('',#17650,#8993);
#7232=LINE('',#17652,#8994);
#7233=LINE('',#17654,#8995);
#7234=LINE('',#17655,#8996);
#7235=LINE('',#17658,#8997);
#7236=LINE('',#17660,#8998);
#7237=LINE('',#17662,#8999);
#7238=LINE('',#17663,#9000);
#7239=LINE('',#17666,#9001);
#7240=LINE('',#17668,#9002);
#7241=LINE('',#17670,#9003);
#7242=LINE('',#17671,#9004);
#7243=LINE('',#17674,#9005);
#7244=LINE('',#17676,#9006);
#7245=LINE('',#17678,#9007);
#7246=LINE('',#17679,#9008);
#7247=LINE('',#17682,#9009);
#7248=LINE('',#17684,#9010);
#7249=LINE('',#17686,#9011);
#7250=LINE('',#17687,#9012);
#7251=LINE('',#17690,#9013);
#7252=LINE('',#17692,#9014);
#7253=LINE('',#17694,#9015);
#7254=LINE('',#17695,#9016);
#7255=LINE('',#17698,#9017);
#7256=LINE('',#17700,#9018);
#7257=LINE('',#17702,#9019);
#7258=LINE('',#17703,#9020);
#7259=LINE('',#17706,#9021);
#7260=LINE('',#17708,#9022);
#7261=LINE('',#17710,#9023);
#7262=LINE('',#17711,#9024);
#7263=LINE('',#17714,#9025);
#7264=LINE('',#17716,#9026);
#7265=LINE('',#17718,#9027);
#7266=LINE('',#17719,#9028);
#7267=LINE('',#17722,#9029);
#7268=LINE('',#17724,#9030);
#7269=LINE('',#17726,#9031);
#7270=LINE('',#17727,#9032);
#7271=LINE('',#17730,#9033);
#7272=LINE('',#17732,#9034);
#7273=LINE('',#17734,#9035);
#7274=LINE('',#17735,#9036);
#7275=LINE('',#17738,#9037);
#7276=LINE('',#17740,#9038);
#7277=LINE('',#17742,#9039);
#7278=LINE('',#17743,#9040);
#7279=LINE('',#17746,#9041);
#7280=LINE('',#17748,#9042);
#7281=LINE('',#17750,#9043);
#7282=LINE('',#17751,#9044);
#7283=LINE('',#17754,#9045);
#7284=LINE('',#17756,#9046);
#7285=LINE('',#17758,#9047);
#7286=LINE('',#17759,#9048);
#7287=LINE('',#17762,#9049);
#7288=LINE('',#17764,#9050);
#7289=LINE('',#17766,#9051);
#7290=LINE('',#17767,#9052);
#7291=LINE('',#17770,#9053);
#7292=LINE('',#17772,#9054);
#7293=LINE('',#17774,#9055);
#7294=LINE('',#17775,#9056);
#7295=LINE('',#17778,#9057);
#7296=LINE('',#17780,#9058);
#7297=LINE('',#17782,#9059);
#7298=LINE('',#17783,#9060);
#7299=LINE('',#17786,#9061);
#7300=LINE('',#17788,#9062);
#7301=LINE('',#17790,#9063);
#7302=LINE('',#17791,#9064);
#7303=LINE('',#17794,#9065);
#7304=LINE('',#17796,#9066);
#7305=LINE('',#17798,#9067);
#7306=LINE('',#17799,#9068);
#7307=LINE('',#17802,#9069);
#7308=LINE('',#17804,#9070);
#7309=LINE('',#17806,#9071);
#7310=LINE('',#17807,#9072);
#7311=LINE('',#17810,#9073);
#7312=LINE('',#17812,#9074);
#7313=LINE('',#17814,#9075);
#7314=LINE('',#17815,#9076);
#7315=LINE('',#17818,#9077);
#7316=LINE('',#17820,#9078);
#7317=LINE('',#17822,#9079);
#7318=LINE('',#17823,#9080);
#7319=LINE('',#17826,#9081);
#7320=LINE('',#17828,#9082);
#7321=LINE('',#17830,#9083);
#7322=LINE('',#17832,#9084);
#7323=LINE('',#17834,#9085);
#7324=LINE('',#17836,#9086);
#7325=LINE('',#17838,#9087);
#7326=LINE('',#17840,#9088);
#7327=LINE('',#17842,#9089);
#7328=LINE('',#17844,#9090);
#7329=LINE('',#17846,#9091);
#7330=LINE('',#17848,#9092);
#7331=LINE('',#17850,#9093);
#7332=LINE('',#17852,#9094);
#7333=LINE('',#17854,#9095);
#7334=LINE('',#17856,#9096);
#7335=LINE('',#17858,#9097);
#7336=LINE('',#17860,#9098);
#7337=LINE('',#17862,#9099);
#7338=LINE('',#17864,#9100);
#7339=LINE('',#17866,#9101);
#7340=LINE('',#17868,#9102);
#7341=LINE('',#17870,#9103);
#7342=LINE('',#17872,#9104);
#7343=LINE('',#17874,#9105);
#7344=LINE('',#17876,#9106);
#7345=LINE('',#17878,#9107);
#7346=LINE('',#17880,#9108);
#7347=LINE('',#17882,#9109);
#7348=LINE('',#17884,#9110);
#7349=LINE('',#17886,#9111);
#7350=LINE('',#17888,#9112);
#7351=LINE('',#17890,#9113);
#7352=LINE('',#17892,#9114);
#7353=LINE('',#17894,#9115);
#7354=LINE('',#17896,#9116);
#7355=LINE('',#17898,#9117);
#7356=LINE('',#17900,#9118);
#7357=LINE('',#17902,#9119);
#7358=LINE('',#17904,#9120);
#7359=LINE('',#17906,#9121);
#7360=LINE('',#17908,#9122);
#7361=LINE('',#17910,#9123);
#7362=LINE('',#17912,#9124);
#7363=LINE('',#17914,#9125);
#7364=LINE('',#17916,#9126);
#7365=LINE('',#17918,#9127);
#7366=LINE('',#17920,#9128);
#7367=LINE('',#17922,#9129);
#7368=LINE('',#17924,#9130);
#7369=LINE('',#17926,#9131);
#7370=LINE('',#17928,#9132);
#7371=LINE('',#17930,#9133);
#7372=LINE('',#17932,#9134);
#7373=LINE('',#17934,#9135);
#7374=LINE('',#17936,#9136);
#7375=LINE('',#17938,#9137);
#7376=LINE('',#17940,#9138);
#7377=LINE('',#17942,#9139);
#7378=LINE('',#17944,#9140);
#7379=LINE('',#17946,#9141);
#7380=LINE('',#17948,#9142);
#7381=LINE('',#17950,#9143);
#7382=LINE('',#17952,#9144);
#7383=LINE('',#17954,#9145);
#7384=LINE('',#17956,#9146);
#7385=LINE('',#17958,#9147);
#7386=LINE('',#17960,#9148);
#7387=LINE('',#17962,#9149);
#7388=LINE('',#17964,#9150);
#7389=LINE('',#17966,#9151);
#7390=LINE('',#17968,#9152);
#7391=LINE('',#17970,#9153);
#7392=LINE('',#17972,#9154);
#7393=LINE('',#17974,#9155);
#7394=LINE('',#17976,#9156);
#7395=LINE('',#17978,#9157);
#7396=LINE('',#17980,#9158);
#7397=LINE('',#17982,#9159);
#7398=LINE('',#17984,#9160);
#7399=LINE('',#17986,#9161);
#7400=LINE('',#17988,#9162);
#7401=LINE('',#17990,#9163);
#7402=LINE('',#17992,#9164);
#7403=LINE('',#17994,#9165);
#7404=LINE('',#17996,#9166);
#7405=LINE('',#17998,#9167);
#7406=LINE('',#18000,#9168);
#7407=LINE('',#18002,#9169);
#7408=LINE('',#18004,#9170);
#7409=LINE('',#18006,#9171);
#7410=LINE('',#18008,#9172);
#7411=LINE('',#18010,#9173);
#7412=LINE('',#18012,#9174);
#7413=LINE('',#18014,#9175);
#7414=LINE('',#18016,#9176);
#7415=LINE('',#18018,#9177);
#7416=LINE('',#18020,#9178);
#7417=LINE('',#18022,#9179);
#7418=LINE('',#18024,#9180);
#7419=LINE('',#18026,#9181);
#7420=LINE('',#18028,#9182);
#7421=LINE('',#18030,#9183);
#7422=LINE('',#18032,#9184);
#7423=LINE('',#18034,#9185);
#7424=LINE('',#18036,#9186);
#7425=LINE('',#18038,#9187);
#7426=LINE('',#18040,#9188);
#7427=LINE('',#18042,#9189);
#7428=LINE('',#18044,#9190);
#7429=LINE('',#18046,#9191);
#7430=LINE('',#18048,#9192);
#7431=LINE('',#18050,#9193);
#7432=LINE('',#18052,#9194);
#7433=LINE('',#18054,#9195);
#7434=LINE('',#18056,#9196);
#7435=LINE('',#18058,#9197);
#7436=LINE('',#18060,#9198);
#7437=LINE('',#18062,#9199);
#7438=LINE('',#18064,#9200);
#7439=LINE('',#18066,#9201);
#7440=LINE('',#18068,#9202);
#7441=LINE('',#18070,#9203);
#7442=LINE('',#18072,#9204);
#7443=LINE('',#18074,#9205);
#7444=LINE('',#18076,#9206);
#7445=LINE('',#18078,#9207);
#7446=LINE('',#18080,#9208);
#7447=LINE('',#18082,#9209);
#7448=LINE('',#18084,#9210);
#7449=LINE('',#18086,#9211);
#7450=LINE('',#18088,#9212);
#7451=LINE('',#18090,#9213);
#7452=LINE('',#18092,#9214);
#7453=LINE('',#18094,#9215);
#7454=LINE('',#18096,#9216);
#7455=LINE('',#18098,#9217);
#7456=LINE('',#18100,#9218);
#7457=LINE('',#18102,#9219);
#7458=LINE('',#18104,#9220);
#7459=LINE('',#18106,#9221);
#7460=LINE('',#18108,#9222);
#7461=LINE('',#18110,#9223);
#7462=LINE('',#18112,#9224);
#7463=LINE('',#18114,#9225);
#7464=LINE('',#18116,#9226);
#7465=LINE('',#18118,#9227);
#7466=LINE('',#18120,#9228);
#7467=LINE('',#18122,#9229);
#7468=LINE('',#18124,#9230);
#7469=LINE('',#18126,#9231);
#7470=LINE('',#18128,#9232);
#7471=LINE('',#18130,#9233);
#7472=LINE('',#18132,#9234);
#7473=LINE('',#18134,#9235);
#7474=LINE('',#18136,#9236);
#7475=LINE('',#18138,#9237);
#7476=LINE('',#18140,#9238);
#7477=LINE('',#18142,#9239);
#7478=LINE('',#18144,#9240);
#7479=LINE('',#18146,#9241);
#7480=LINE('',#18148,#9242);
#7481=LINE('',#18150,#9243);
#7482=LINE('',#18152,#9244);
#7483=LINE('',#18154,#9245);
#7484=LINE('',#18156,#9246);
#7485=LINE('',#18158,#9247);
#7486=LINE('',#18160,#9248);
#7487=LINE('',#18162,#9249);
#7488=LINE('',#18164,#9250);
#7489=LINE('',#18166,#9251);
#7490=LINE('',#18168,#9252);
#7491=LINE('',#18170,#9253);
#7492=LINE('',#18172,#9254);
#7493=LINE('',#18174,#9255);
#7494=LINE('',#18176,#9256);
#7495=LINE('',#18178,#9257);
#7496=LINE('',#18180,#9258);
#7497=LINE('',#18182,#9259);
#7498=LINE('',#18184,#9260);
#7499=LINE('',#18186,#9261);
#7500=LINE('',#18188,#9262);
#7501=LINE('',#18190,#9263);
#7502=LINE('',#18192,#9264);
#7503=LINE('',#18194,#9265);
#7504=LINE('',#18196,#9266);
#7505=LINE('',#18198,#9267);
#7506=LINE('',#18200,#9268);
#7507=LINE('',#18202,#9269);
#7508=LINE('',#18204,#9270);
#7509=LINE('',#18206,#9271);
#7510=LINE('',#18208,#9272);
#7511=LINE('',#18210,#9273);
#7512=LINE('',#18211,#9274);
#7513=LINE('',#18214,#9275);
#7514=LINE('',#18216,#9276);
#7515=LINE('',#18218,#9277);
#7516=LINE('',#18219,#9278);
#7517=LINE('',#18222,#9279);
#7518=LINE('',#18224,#9280);
#7519=LINE('',#18226,#9281);
#7520=LINE('',#18227,#9282);
#7521=LINE('',#18230,#9283);
#7522=LINE('',#18232,#9284);
#7523=LINE('',#18234,#9285);
#7524=LINE('',#18235,#9286);
#7525=LINE('',#18238,#9287);
#7526=LINE('',#18240,#9288);
#7527=LINE('',#18242,#9289);
#7528=LINE('',#18243,#9290);
#7529=LINE('',#18246,#9291);
#7530=LINE('',#18248,#9292);
#7531=LINE('',#18250,#9293);
#7532=LINE('',#18251,#9294);
#7533=LINE('',#18254,#9295);
#7534=LINE('',#18256,#9296);
#7535=LINE('',#18258,#9297);
#7536=LINE('',#18259,#9298);
#7537=LINE('',#18262,#9299);
#7538=LINE('',#18264,#9300);
#7539=LINE('',#18266,#9301);
#7540=LINE('',#18267,#9302);
#7541=LINE('',#18270,#9303);
#7542=LINE('',#18272,#9304);
#7543=LINE('',#18274,#9305);
#7544=LINE('',#18275,#9306);
#7545=LINE('',#18278,#9307);
#7546=LINE('',#18280,#9308);
#7547=LINE('',#18282,#9309);
#7548=LINE('',#18283,#9310);
#7549=LINE('',#18286,#9311);
#7550=LINE('',#18288,#9312);
#7551=LINE('',#18290,#9313);
#7552=LINE('',#18291,#9314);
#7553=LINE('',#18294,#9315);
#7554=LINE('',#18296,#9316);
#7555=LINE('',#18298,#9317);
#7556=LINE('',#18299,#9318);
#7557=LINE('',#18302,#9319);
#7558=LINE('',#18304,#9320);
#7559=LINE('',#18306,#9321);
#7560=LINE('',#18307,#9322);
#7561=LINE('',#18310,#9323);
#7562=LINE('',#18312,#9324);
#7563=LINE('',#18314,#9325);
#7564=LINE('',#18315,#9326);
#7565=LINE('',#18318,#9327);
#7566=LINE('',#18320,#9328);
#7567=LINE('',#18322,#9329);
#7568=LINE('',#18323,#9330);
#7569=LINE('',#18326,#9331);
#7570=LINE('',#18328,#9332);
#7571=LINE('',#18330,#9333);
#7572=LINE('',#18331,#9334);
#7573=LINE('',#18334,#9335);
#7574=LINE('',#18336,#9336);
#7575=LINE('',#18338,#9337);
#7576=LINE('',#18339,#9338);
#7577=LINE('',#18342,#9339);
#7578=LINE('',#18344,#9340);
#7579=LINE('',#18346,#9341);
#7580=LINE('',#18347,#9342);
#7581=LINE('',#18350,#9343);
#7582=LINE('',#18352,#9344);
#7583=LINE('',#18354,#9345);
#7584=LINE('',#18355,#9346);
#7585=LINE('',#18358,#9347);
#7586=LINE('',#18360,#9348);
#7587=LINE('',#18362,#9349);
#7588=LINE('',#18363,#9350);
#7589=LINE('',#18366,#9351);
#7590=LINE('',#18368,#9352);
#7591=LINE('',#18370,#9353);
#7592=LINE('',#18371,#9354);
#7593=LINE('',#18374,#9355);
#7594=LINE('',#18376,#9356);
#7595=LINE('',#18378,#9357);
#7596=LINE('',#18379,#9358);
#7597=LINE('',#18382,#9359);
#7598=LINE('',#18384,#9360);
#7599=LINE('',#18386,#9361);
#7600=LINE('',#18387,#9362);
#7601=LINE('',#18390,#9363);
#7602=LINE('',#18392,#9364);
#7603=LINE('',#18394,#9365);
#7604=LINE('',#18395,#9366);
#7605=LINE('',#18398,#9367);
#7606=LINE('',#18400,#9368);
#7607=LINE('',#18402,#9369);
#7608=LINE('',#18403,#9370);
#7609=LINE('',#18406,#9371);
#7610=LINE('',#18408,#9372);
#7611=LINE('',#18410,#9373);
#7612=LINE('',#18411,#9374);
#7613=LINE('',#18414,#9375);
#7614=LINE('',#18416,#9376);
#7615=LINE('',#18418,#9377);
#7616=LINE('',#18419,#9378);
#7617=LINE('',#18422,#9379);
#7618=LINE('',#18424,#9380);
#7619=LINE('',#18426,#9381);
#7620=LINE('',#18427,#9382);
#7621=LINE('',#18430,#9383);
#7622=LINE('',#18432,#9384);
#7623=LINE('',#18434,#9385);
#7624=LINE('',#18435,#9386);
#7625=LINE('',#18438,#9387);
#7626=LINE('',#18440,#9388);
#7627=LINE('',#18442,#9389);
#7628=LINE('',#18443,#9390);
#7629=LINE('',#18446,#9391);
#7630=LINE('',#18448,#9392);
#7631=LINE('',#18450,#9393);
#7632=LINE('',#18451,#9394);
#7633=LINE('',#18454,#9395);
#7634=LINE('',#18456,#9396);
#7635=LINE('',#18458,#9397);
#7636=LINE('',#18459,#9398);
#7637=LINE('',#18462,#9399);
#7638=LINE('',#18464,#9400);
#7639=LINE('',#18466,#9401);
#7640=LINE('',#18468,#9402);
#7641=LINE('',#18471,#9403);
#7642=LINE('',#18473,#9404);
#7643=LINE('',#18475,#9405);
#7644=LINE('',#18477,#9406);
#7645=LINE('',#18480,#9407);
#7646=LINE('',#18482,#9408);
#7647=LINE('',#18484,#9409);
#7648=LINE('',#18486,#9410);
#7649=LINE('',#18489,#9411);
#7650=LINE('',#18491,#9412);
#7651=LINE('',#18493,#9413);
#7652=LINE('',#18495,#9414);
#7653=LINE('',#18498,#9415);
#7654=LINE('',#18500,#9416);
#7655=LINE('',#18502,#9417);
#7656=LINE('',#18504,#9418);
#7657=LINE('',#18507,#9419);
#7658=LINE('',#18509,#9420);
#7659=LINE('',#18511,#9421);
#7660=LINE('',#18513,#9422);
#7661=LINE('',#18516,#9423);
#7662=LINE('',#18518,#9424);
#7663=LINE('',#18520,#9425);
#7664=LINE('',#18522,#9426);
#7665=LINE('',#18525,#9427);
#7666=LINE('',#18527,#9428);
#7667=LINE('',#18529,#9429);
#7668=LINE('',#18531,#9430);
#7669=LINE('',#18534,#9431);
#7670=LINE('',#18536,#9432);
#7671=LINE('',#18538,#9433);
#7672=LINE('',#18540,#9434);
#7673=LINE('',#18543,#9435);
#7674=LINE('',#18545,#9436);
#7675=LINE('',#18547,#9437);
#7676=LINE('',#18549,#9438);
#7677=LINE('',#18552,#9439);
#7678=LINE('',#18554,#9440);
#7679=LINE('',#18556,#9441);
#7680=LINE('',#18558,#9442);
#7681=LINE('',#18561,#9443);
#7682=LINE('',#18563,#9444);
#7683=LINE('',#18565,#9445);
#7684=LINE('',#18567,#9446);
#7685=LINE('',#18570,#9447);
#7686=LINE('',#18572,#9448);
#7687=LINE('',#18574,#9449);
#7688=LINE('',#18576,#9450);
#7689=LINE('',#18579,#9451);
#7690=LINE('',#18581,#9452);
#7691=LINE('',#18583,#9453);
#7692=LINE('',#18585,#9454);
#7693=LINE('',#18588,#9455);
#7694=LINE('',#18590,#9456);
#7695=LINE('',#18592,#9457);
#7696=LINE('',#18594,#9458);
#7697=LINE('',#18597,#9459);
#7698=LINE('',#18599,#9460);
#7699=LINE('',#18601,#9461);
#7700=LINE('',#18603,#9462);
#7701=LINE('',#18606,#9463);
#7702=LINE('',#18608,#9464);
#7703=LINE('',#18610,#9465);
#7704=LINE('',#18612,#9466);
#7705=LINE('',#18615,#9467);
#7706=LINE('',#18617,#9468);
#7707=LINE('',#18619,#9469);
#7708=LINE('',#18621,#9470);
#7709=LINE('',#18624,#9471);
#7710=LINE('',#18626,#9472);
#7711=LINE('',#18628,#9473);
#7712=LINE('',#18630,#9474);
#7713=LINE('',#18633,#9475);
#7714=LINE('',#18635,#9476);
#7715=LINE('',#18637,#9477);
#7716=LINE('',#18639,#9478);
#7717=LINE('',#18642,#9479);
#7718=LINE('',#18644,#9480);
#7719=LINE('',#18646,#9481);
#7720=LINE('',#18648,#9482);
#7721=LINE('',#18651,#9483);
#7722=LINE('',#18653,#9484);
#7723=LINE('',#18655,#9485);
#7724=LINE('',#18657,#9486);
#7725=LINE('',#18660,#9487);
#7726=LINE('',#18662,#9488);
#7727=LINE('',#18664,#9489);
#7728=LINE('',#18666,#9490);
#7729=LINE('',#18669,#9491);
#7730=LINE('',#18671,#9492);
#7731=LINE('',#18673,#9493);
#7732=LINE('',#18675,#9494);
#7733=LINE('',#18678,#9495);
#7734=LINE('',#18680,#9496);
#7735=LINE('',#18682,#9497);
#7736=LINE('',#18684,#9498);
#7737=LINE('',#18687,#9499);
#7738=LINE('',#18689,#9500);
#7739=LINE('',#18691,#9501);
#7740=LINE('',#18693,#9502);
#7741=LINE('',#18696,#9503);
#7742=LINE('',#18698,#9504);
#7743=LINE('',#18700,#9505);
#7744=LINE('',#18702,#9506);
#7745=LINE('',#18705,#9507);
#7746=LINE('',#18707,#9508);
#7747=LINE('',#18709,#9509);
#7748=LINE('',#18711,#9510);
#7749=LINE('',#18714,#9511);
#7750=LINE('',#18716,#9512);
#7751=LINE('',#18718,#9513);
#7752=LINE('',#18720,#9514);
#7753=LINE('',#18723,#9515);
#7754=LINE('',#18725,#9516);
#7755=LINE('',#18727,#9517);
#7756=LINE('',#18729,#9518);
#7757=LINE('',#18732,#9519);
#7758=LINE('',#18734,#9520);
#7759=LINE('',#18736,#9521);
#7760=LINE('',#18738,#9522);
#7761=LINE('',#18741,#9523);
#7762=LINE('',#18743,#9524);
#7763=LINE('',#18745,#9525);
#7764=LINE('',#18747,#9526);
#7765=LINE('',#18750,#9527);
#7766=LINE('',#18752,#9528);
#7767=LINE('',#18754,#9529);
#7768=LINE('',#18756,#9530);
#7769=LINE('',#18759,#9531);
#7770=LINE('',#18761,#9532);
#7771=LINE('',#18763,#9533);
#7772=LINE('',#18765,#9534);
#7773=LINE('',#18768,#9535);
#7774=LINE('',#18770,#9536);
#7775=LINE('',#18772,#9537);
#7776=LINE('',#18774,#9538);
#7777=LINE('',#18777,#9539);
#7778=LINE('',#18779,#9540);
#7779=LINE('',#18781,#9541);
#7780=LINE('',#18783,#9542);
#7781=LINE('',#18786,#9543);
#7782=LINE('',#18788,#9544);
#7783=LINE('',#18790,#9545);
#7784=LINE('',#18792,#9546);
#7785=LINE('',#18795,#9547);
#7786=LINE('',#18797,#9548);
#7787=LINE('',#18799,#9549);
#7788=LINE('',#18801,#9550);
#7789=LINE('',#18804,#9551);
#7790=LINE('',#18806,#9552);
#7791=LINE('',#18808,#9553);
#7792=LINE('',#18810,#9554);
#7793=LINE('',#18813,#9555);
#7794=LINE('',#18815,#9556);
#7795=LINE('',#18817,#9557);
#7796=LINE('',#18819,#9558);
#7797=LINE('',#18822,#9559);
#7798=LINE('',#18824,#9560);
#7799=LINE('',#18826,#9561);
#7800=LINE('',#18828,#9562);
#7801=LINE('',#18831,#9563);
#7802=LINE('',#18833,#9564);
#7803=LINE('',#18835,#9565);
#7804=LINE('',#18837,#9566);
#7805=LINE('',#18840,#9567);
#7806=LINE('',#18842,#9568);
#7807=LINE('',#18844,#9569);
#7808=LINE('',#18846,#9570);
#7809=LINE('',#18849,#9571);
#7810=LINE('',#18851,#9572);
#7811=LINE('',#18853,#9573);
#7812=LINE('',#18855,#9574);
#7813=LINE('',#18858,#9575);
#7814=LINE('',#18860,#9576);
#7815=LINE('',#18862,#9577);
#7816=LINE('',#18864,#9578);
#7817=LINE('',#18867,#9579);
#7818=LINE('',#18869,#9580);
#7819=LINE('',#18871,#9581);
#7820=LINE('',#18873,#9582);
#7821=LINE('',#18876,#9583);
#7822=LINE('',#18878,#9584);
#7823=LINE('',#18880,#9585);
#7824=LINE('',#18882,#9586);
#7825=LINE('',#18885,#9587);
#7826=LINE('',#18887,#9588);
#7827=LINE('',#18889,#9589);
#7828=LINE('',#18891,#9590);
#7829=LINE('',#18894,#9591);
#7830=LINE('',#18896,#9592);
#7831=LINE('',#18898,#9593);
#7832=LINE('',#18900,#9594);
#7833=LINE('',#18903,#9595);
#7834=LINE('',#18905,#9596);
#7835=LINE('',#18907,#9597);
#7836=LINE('',#18909,#9598);
#7837=LINE('',#18912,#9599);
#7838=LINE('',#18914,#9600);
#7839=LINE('',#18916,#9601);
#7840=LINE('',#18918,#9602);
#7841=LINE('',#18921,#9603);
#7842=LINE('',#18923,#9604);
#7843=LINE('',#18925,#9605);
#7844=LINE('',#18927,#9606);
#7845=LINE('',#18930,#9607);
#7846=LINE('',#18932,#9608);
#7847=LINE('',#18934,#9609);
#7848=LINE('',#18936,#9610);
#7849=LINE('',#18939,#9611);
#7850=LINE('',#18941,#9612);
#7851=LINE('',#18943,#9613);
#7852=LINE('',#18945,#9614);
#7853=LINE('',#18948,#9615);
#7854=LINE('',#18950,#9616);
#7855=LINE('',#18952,#9617);
#7856=LINE('',#18954,#9618);
#7857=LINE('',#18957,#9619);
#7858=LINE('',#18959,#9620);
#7859=LINE('',#18961,#9621);
#7860=LINE('',#18963,#9622);
#7861=LINE('',#18966,#9623);
#7862=LINE('',#18968,#9624);
#7863=LINE('',#18970,#9625);
#7864=LINE('',#18972,#9626);
#7865=LINE('',#18975,#9627);
#7866=LINE('',#18977,#9628);
#7867=LINE('',#18979,#9629);
#7868=LINE('',#18981,#9630);
#7869=LINE('',#18984,#9631);
#7870=LINE('',#18986,#9632);
#7871=LINE('',#18988,#9633);
#7872=LINE('',#18990,#9634);
#7873=LINE('',#18993,#9635);
#7874=LINE('',#18995,#9636);
#7875=LINE('',#18997,#9637);
#7876=LINE('',#18999,#9638);
#7877=LINE('',#19002,#9639);
#7878=LINE('',#19004,#9640);
#7879=LINE('',#19006,#9641);
#7880=LINE('',#19008,#9642);
#7881=LINE('',#19011,#9643);
#7882=LINE('',#19013,#9644);
#7883=LINE('',#19015,#9645);
#7884=LINE('',#19017,#9646);
#7885=LINE('',#19020,#9647);
#7886=LINE('',#19022,#9648);
#7887=LINE('',#19024,#9649);
#7888=LINE('',#19026,#9650);
#7889=LINE('',#19029,#9651);
#7890=LINE('',#19031,#9652);
#7891=LINE('',#19033,#9653);
#7892=LINE('',#19035,#9654);
#7893=LINE('',#19038,#9655);
#7894=LINE('',#19040,#9656);
#7895=LINE('',#19042,#9657);
#7896=LINE('',#19044,#9658);
#7897=LINE('',#19045,#9659);
#7898=LINE('',#19047,#9660);
#7899=LINE('',#19048,#9661);
#7900=LINE('',#19050,#9662);
#7901=LINE('',#19051,#9663);
#7902=LINE('',#19053,#9664);
#7903=LINE('',#19054,#9665);
#7904=LINE('',#19055,#9666);
#7905=LINE('',#19057,#9667);
#7906=LINE('',#19058,#9668);
#7907=LINE('',#19060,#9669);
#7908=LINE('',#19061,#9670);
#7909=LINE('',#19062,#9671);
#7910=LINE('',#19064,#9672);
#7911=LINE('',#19065,#9673);
#7912=LINE('',#19067,#9674);
#7913=LINE('',#19068,#9675);
#7914=LINE('',#19069,#9676);
#7915=LINE('',#19071,#9677);
#7916=LINE('',#19072,#9678);
#7917=LINE('',#19074,#9679);
#7918=LINE('',#19075,#9680);
#7919=LINE('',#19076,#9681);
#7920=LINE('',#19078,#9682);
#7921=LINE('',#19079,#9683);
#7922=LINE('',#19081,#9684);
#7923=LINE('',#19082,#9685);
#7924=LINE('',#19083,#9686);
#7925=LINE('',#19085,#9687);
#7926=LINE('',#19086,#9688);
#7927=LINE('',#19088,#9689);
#7928=LINE('',#19089,#9690);
#7929=LINE('',#19090,#9691);
#7930=LINE('',#19092,#9692);
#7931=LINE('',#19093,#9693);
#7932=LINE('',#19095,#9694);
#7933=LINE('',#19096,#9695);
#7934=LINE('',#19097,#9696);
#7935=LINE('',#19099,#9697);
#7936=LINE('',#19100,#9698);
#7937=LINE('',#19102,#9699);
#7938=LINE('',#19103,#9700);
#7939=LINE('',#19104,#9701);
#7940=LINE('',#19106,#9702);
#7941=LINE('',#19107,#9703);
#7942=LINE('',#19109,#9704);
#7943=LINE('',#19110,#9705);
#7944=LINE('',#19111,#9706);
#7945=LINE('',#19113,#9707);
#7946=LINE('',#19114,#9708);
#7947=LINE('',#19116,#9709);
#7948=LINE('',#19117,#9710);
#7949=LINE('',#19118,#9711);
#7950=LINE('',#19120,#9712);
#7951=LINE('',#19121,#9713);
#7952=LINE('',#19123,#9714);
#7953=LINE('',#19124,#9715);
#7954=LINE('',#19125,#9716);
#7955=LINE('',#19127,#9717);
#7956=LINE('',#19128,#9718);
#7957=LINE('',#19130,#9719);
#7958=LINE('',#19131,#9720);
#7959=LINE('',#19132,#9721);
#7960=LINE('',#19134,#9722);
#7961=LINE('',#19135,#9723);
#7962=LINE('',#19137,#9724);
#7963=LINE('',#19138,#9725);
#7964=LINE('',#19139,#9726);
#7965=LINE('',#19141,#9727);
#7966=LINE('',#19142,#9728);
#7967=LINE('',#19144,#9729);
#7968=LINE('',#19145,#9730);
#7969=LINE('',#19146,#9731);
#7970=LINE('',#19148,#9732);
#7971=LINE('',#19149,#9733);
#7972=LINE('',#19151,#9734);
#7973=LINE('',#19152,#9735);
#7974=LINE('',#19153,#9736);
#7975=LINE('',#19155,#9737);
#7976=LINE('',#19156,#9738);
#7977=LINE('',#19158,#9739);
#7978=LINE('',#19159,#9740);
#7979=LINE('',#19160,#9741);
#7980=LINE('',#19162,#9742);
#7981=LINE('',#19163,#9743);
#7982=LINE('',#19165,#9744);
#7983=LINE('',#19166,#9745);
#7984=LINE('',#19167,#9746);
#7985=LINE('',#19169,#9747);
#7986=LINE('',#19170,#9748);
#7987=LINE('',#19172,#9749);
#7988=LINE('',#19173,#9750);
#7989=LINE('',#19174,#9751);
#7990=LINE('',#19176,#9752);
#7991=LINE('',#19177,#9753);
#7992=LINE('',#19179,#9754);
#7993=LINE('',#19180,#9755);
#7994=LINE('',#19181,#9756);
#7995=LINE('',#19183,#9757);
#7996=LINE('',#19184,#9758);
#7997=LINE('',#19186,#9759);
#7998=LINE('',#19187,#9760);
#7999=LINE('',#19188,#9761);
#8000=LINE('',#19190,#9762);
#8001=LINE('',#19191,#9763);
#8002=LINE('',#19193,#9764);
#8003=LINE('',#19194,#9765);
#8004=LINE('',#19195,#9766);
#8005=LINE('',#19197,#9767);
#8006=LINE('',#19198,#9768);
#8007=LINE('',#19200,#9769);
#8008=LINE('',#19201,#9770);
#8009=LINE('',#19202,#9771);
#8010=LINE('',#19204,#9772);
#8011=LINE('',#19205,#9773);
#8012=LINE('',#19207,#9774);
#8013=LINE('',#19208,#9775);
#8014=LINE('',#19209,#9776);
#8015=LINE('',#19211,#9777);
#8016=LINE('',#19212,#9778);
#8017=LINE('',#19214,#9779);
#8018=LINE('',#19215,#9780);
#8019=LINE('',#19216,#9781);
#8020=LINE('',#19218,#9782);
#8021=LINE('',#19219,#9783);
#8022=LINE('',#19221,#9784);
#8023=LINE('',#19222,#9785);
#8024=LINE('',#19223,#9786);
#8025=LINE('',#19225,#9787);
#8026=LINE('',#19226,#9788);
#8027=LINE('',#19228,#9789);
#8028=LINE('',#19229,#9790);
#8029=LINE('',#19230,#9791);
#8030=LINE('',#19232,#9792);
#8031=LINE('',#19233,#9793);
#8032=LINE('',#19235,#9794);
#8033=LINE('',#19236,#9795);
#8034=LINE('',#19237,#9796);
#8035=LINE('',#19239,#9797);
#8036=LINE('',#19240,#9798);
#8037=LINE('',#19242,#9799);
#8038=LINE('',#19243,#9800);
#8039=LINE('',#19244,#9801);
#8040=LINE('',#19246,#9802);
#8041=LINE('',#19247,#9803);
#8042=LINE('',#19249,#9804);
#8043=LINE('',#19250,#9805);
#8044=LINE('',#19251,#9806);
#8045=LINE('',#19253,#9807);
#8046=LINE('',#19254,#9808);
#8047=LINE('',#19256,#9809);
#8048=LINE('',#19257,#9810);
#8049=LINE('',#19258,#9811);
#8050=LINE('',#19260,#9812);
#8051=LINE('',#19261,#9813);
#8052=LINE('',#19263,#9814);
#8053=LINE('',#19264,#9815);
#8054=LINE('',#19265,#9816);
#8055=LINE('',#19267,#9817);
#8056=LINE('',#19268,#9818);
#8057=LINE('',#19270,#9819);
#8058=LINE('',#19271,#9820);
#8059=LINE('',#19273,#9821);
#8060=LINE('',#19274,#9822);
#8061=LINE('',#19276,#9823);
#8062=LINE('',#19277,#9824);
#8063=LINE('',#19278,#9825);
#8064=LINE('',#19280,#9826);
#8065=LINE('',#19281,#9827);
#8066=LINE('',#19283,#9828);
#8067=LINE('',#19284,#9829);
#8068=LINE('',#19285,#9830);
#8069=LINE('',#19287,#9831);
#8070=LINE('',#19288,#9832);
#8071=LINE('',#19290,#9833);
#8072=LINE('',#19291,#9834);
#8073=LINE('',#19292,#9835);
#8074=LINE('',#19294,#9836);
#8075=LINE('',#19295,#9837);
#8076=LINE('',#19297,#9838);
#8077=LINE('',#19298,#9839);
#8078=LINE('',#19299,#9840);
#8079=LINE('',#19301,#9841);
#8080=LINE('',#19302,#9842);
#8081=LINE('',#19304,#9843);
#8082=LINE('',#19305,#9844);
#8083=LINE('',#19306,#9845);
#8084=LINE('',#19308,#9846);
#8085=LINE('',#19309,#9847);
#8086=LINE('',#19311,#9848);
#8087=LINE('',#19312,#9849);
#8088=LINE('',#19313,#9850);
#8089=LINE('',#19315,#9851);
#8090=LINE('',#19316,#9852);
#8091=LINE('',#19318,#9853);
#8092=LINE('',#19319,#9854);
#8093=LINE('',#19320,#9855);
#8094=LINE('',#19322,#9856);
#8095=LINE('',#19323,#9857);
#8096=LINE('',#19325,#9858);
#8097=LINE('',#19326,#9859);
#8098=LINE('',#19327,#9860);
#8099=LINE('',#19329,#9861);
#8100=LINE('',#19330,#9862);
#8101=LINE('',#19332,#9863);
#8102=LINE('',#19333,#9864);
#8103=LINE('',#19334,#9865);
#8104=LINE('',#19336,#9866);
#8105=LINE('',#19337,#9867);
#8106=LINE('',#19339,#9868);
#8107=LINE('',#19340,#9869);
#8108=LINE('',#19341,#9870);
#8109=LINE('',#19343,#9871);
#8110=LINE('',#19344,#9872);
#8111=LINE('',#19346,#9873);
#8112=LINE('',#19347,#9874);
#8113=LINE('',#19348,#9875);
#8114=LINE('',#19350,#9876);
#8115=LINE('',#19351,#9877);
#8116=LINE('',#19353,#9878);
#8117=LINE('',#19354,#9879);
#8118=LINE('',#19355,#9880);
#8119=LINE('',#19357,#9881);
#8120=LINE('',#19358,#9882);
#8121=LINE('',#19360,#9883);
#8122=LINE('',#19361,#9884);
#8123=LINE('',#19362,#9885);
#8124=LINE('',#19364,#9886);
#8125=LINE('',#19365,#9887);
#8126=LINE('',#19367,#9888);
#8127=LINE('',#19368,#9889);
#8128=LINE('',#19369,#9890);
#8129=LINE('',#19371,#9891);
#8130=LINE('',#19372,#9892);
#8131=LINE('',#19374,#9893);
#8132=LINE('',#19375,#9894);
#8133=LINE('',#19376,#9895);
#8134=LINE('',#19378,#9896);
#8135=LINE('',#19379,#9897);
#8136=LINE('',#19381,#9898);
#8137=LINE('',#19382,#9899);
#8138=LINE('',#19383,#9900);
#8139=LINE('',#19385,#9901);
#8140=LINE('',#19386,#9902);
#8141=LINE('',#19388,#9903);
#8142=LINE('',#19389,#9904);
#8143=LINE('',#19390,#9905);
#8144=LINE('',#19392,#9906);
#8145=LINE('',#19393,#9907);
#8146=LINE('',#19395,#9908);
#8147=LINE('',#19396,#9909);
#8148=LINE('',#19397,#9910);
#8149=LINE('',#19399,#9911);
#8150=LINE('',#19400,#9912);
#8151=LINE('',#19402,#9913);
#8152=LINE('',#19403,#9914);
#8153=LINE('',#19404,#9915);
#8154=LINE('',#19406,#9916);
#8155=LINE('',#19407,#9917);
#8156=LINE('',#19409,#9918);
#8157=LINE('',#19410,#9919);
#8158=LINE('',#19411,#9920);
#8159=LINE('',#19413,#9921);
#8160=LINE('',#19414,#9922);
#8161=LINE('',#19416,#9923);
#8162=LINE('',#19417,#9924);
#8163=LINE('',#19418,#9925);
#8164=LINE('',#19420,#9926);
#8165=LINE('',#19421,#9927);
#8166=LINE('',#19423,#9928);
#8167=LINE('',#19424,#9929);
#8168=LINE('',#19425,#9930);
#8169=LINE('',#19427,#9931);
#8170=LINE('',#19428,#9932);
#8171=LINE('',#19430,#9933);
#8172=LINE('',#19431,#9934);
#8173=LINE('',#19432,#9935);
#8174=LINE('',#19434,#9936);
#8175=LINE('',#19435,#9937);
#8176=LINE('',#19437,#9938);
#8177=LINE('',#19438,#9939);
#8178=LINE('',#19439,#9940);
#8179=LINE('',#19441,#9941);
#8180=LINE('',#19442,#9942);
#8181=LINE('',#19444,#9943);
#8182=LINE('',#19445,#9944);
#8183=LINE('',#19446,#9945);
#8184=LINE('',#19448,#9946);
#8185=LINE('',#19449,#9947);
#8186=LINE('',#19451,#9948);
#8187=LINE('',#19452,#9949);
#8188=LINE('',#19453,#9950);
#8189=LINE('',#19455,#9951);
#8190=LINE('',#19456,#9952);
#8191=LINE('',#19458,#9953);
#8192=LINE('',#19459,#9954);
#8193=LINE('',#19460,#9955);
#8194=LINE('',#19462,#9956);
#8195=LINE('',#19463,#9957);
#8196=LINE('',#19465,#9958);
#8197=LINE('',#19466,#9959);
#8198=LINE('',#19467,#9960);
#8199=LINE('',#19469,#9961);
#8200=LINE('',#19470,#9962);
#8201=LINE('',#19472,#9963);
#8202=LINE('',#19473,#9964);
#8203=LINE('',#19474,#9965);
#8204=LINE('',#19476,#9966);
#8205=LINE('',#19477,#9967);
#8206=LINE('',#19479,#9968);
#8207=LINE('',#19480,#9969);
#8208=LINE('',#19481,#9970);
#8209=LINE('',#19483,#9971);
#8210=LINE('',#19484,#9972);
#8211=LINE('',#19486,#9973);
#8212=LINE('',#19487,#9974);
#8213=LINE('',#19488,#9975);
#8214=LINE('',#19490,#9976);
#8215=LINE('',#19491,#9977);
#8216=LINE('',#19493,#9978);
#8217=LINE('',#19494,#9979);
#8218=LINE('',#19624,#9980);
#8219=LINE('',#19625,#9981);
#8220=LINE('',#19627,#9982);
#8221=LINE('',#19629,#9983);
#8222=LINE('',#19632,#9984);
#8223=LINE('',#19633,#9985);
#8224=LINE('',#19635,#9986);
#8225=LINE('',#19637,#9987);
#8226=LINE('',#19640,#9988);
#8227=LINE('',#19641,#9989);
#8228=LINE('',#19643,#9990);
#8229=LINE('',#19645,#9991);
#8230=LINE('',#19648,#9992);
#8231=LINE('',#19649,#9993);
#8232=LINE('',#19651,#9994);
#8233=LINE('',#19653,#9995);
#8234=LINE('',#19656,#9996);
#8235=LINE('',#19657,#9997);
#8236=LINE('',#19659,#9998);
#8237=LINE('',#19661,#9999);
#8238=LINE('',#19664,#10000);
#8239=LINE('',#19665,#10001);
#8240=LINE('',#19667,#10002);
#8241=LINE('',#19669,#10003);
#8242=LINE('',#19672,#10004);
#8243=LINE('',#19673,#10005);
#8244=LINE('',#19675,#10006);
#8245=LINE('',#19677,#10007);
#8246=LINE('',#19680,#10008);
#8247=LINE('',#19681,#10009);
#8248=LINE('',#19683,#10010);
#8249=LINE('',#19685,#10011);
#8250=LINE('',#19688,#10012);
#8251=LINE('',#19689,#10013);
#8252=LINE('',#19691,#10014);
#8253=LINE('',#19693,#10015);
#8254=LINE('',#19696,#10016);
#8255=LINE('',#19697,#10017);
#8256=LINE('',#19699,#10018);
#8257=LINE('',#19701,#10019);
#8258=LINE('',#19704,#10020);
#8259=LINE('',#19705,#10021);
#8260=LINE('',#19707,#10022);
#8261=LINE('',#19709,#10023);
#8262=LINE('',#19712,#10024);
#8263=LINE('',#19713,#10025);
#8264=LINE('',#19715,#10026);
#8265=LINE('',#19717,#10027);
#8266=LINE('',#19720,#10028);
#8267=LINE('',#19721,#10029);
#8268=LINE('',#19723,#10030);
#8269=LINE('',#19725,#10031);
#8270=LINE('',#19728,#10032);
#8271=LINE('',#19729,#10033);
#8272=LINE('',#19731,#10034);
#8273=LINE('',#19733,#10035);
#8274=LINE('',#19736,#10036);
#8275=LINE('',#19737,#10037);
#8276=LINE('',#19739,#10038);
#8277=LINE('',#19741,#10039);
#8278=LINE('',#19744,#10040);
#8279=LINE('',#19745,#10041);
#8280=LINE('',#19747,#10042);
#8281=LINE('',#19749,#10043);
#8282=LINE('',#19752,#10044);
#8283=LINE('',#19753,#10045);
#8284=LINE('',#19755,#10046);
#8285=LINE('',#19757,#10047);
#8286=LINE('',#19760,#10048);
#8287=LINE('',#19761,#10049);
#8288=LINE('',#19763,#10050);
#8289=LINE('',#19765,#10051);
#8290=LINE('',#19768,#10052);
#8291=LINE('',#19769,#10053);
#8292=LINE('',#19771,#10054);
#8293=LINE('',#19773,#10055);
#8294=LINE('',#19776,#10056);
#8295=LINE('',#19777,#10057);
#8296=LINE('',#19779,#10058);
#8297=LINE('',#19781,#10059);
#8298=LINE('',#19784,#10060);
#8299=LINE('',#19785,#10061);
#8300=LINE('',#19787,#10062);
#8301=LINE('',#19789,#10063);
#8302=LINE('',#19792,#10064);
#8303=LINE('',#19793,#10065);
#8304=LINE('',#19795,#10066);
#8305=LINE('',#19797,#10067);
#8306=LINE('',#19800,#10068);
#8307=LINE('',#19801,#10069);
#8308=LINE('',#19803,#10070);
#8309=LINE('',#19805,#10071);
#8310=LINE('',#19808,#10072);
#8311=LINE('',#19809,#10073);
#8312=LINE('',#19811,#10074);
#8313=LINE('',#19813,#10075);
#8314=LINE('',#19816,#10076);
#8315=LINE('',#19817,#10077);
#8316=LINE('',#19819,#10078);
#8317=LINE('',#19821,#10079);
#8318=LINE('',#19824,#10080);
#8319=LINE('',#19825,#10081);
#8320=LINE('',#19827,#10082);
#8321=LINE('',#19829,#10083);
#8322=LINE('',#19832,#10084);
#8323=LINE('',#19833,#10085);
#8324=LINE('',#19835,#10086);
#8325=LINE('',#19837,#10087);
#8326=LINE('',#19840,#10088);
#8327=LINE('',#19841,#10089);
#8328=LINE('',#19843,#10090);
#8329=LINE('',#19845,#10091);
#8330=LINE('',#19848,#10092);
#8331=LINE('',#19849,#10093);
#8332=LINE('',#19851,#10094);
#8333=LINE('',#19853,#10095);
#8334=LINE('',#19856,#10096);
#8335=LINE('',#19857,#10097);
#8336=LINE('',#19859,#10098);
#8337=LINE('',#19861,#10099);
#8338=LINE('',#19864,#10100);
#8339=LINE('',#19865,#10101);
#8340=LINE('',#19867,#10102);
#8341=LINE('',#19869,#10103);
#8342=LINE('',#19872,#10104);
#8343=LINE('',#19873,#10105);
#8344=LINE('',#19875,#10106);
#8345=LINE('',#19877,#10107);
#8346=LINE('',#19880,#10108);
#8347=LINE('',#19881,#10109);
#8348=LINE('',#19883,#10110);
#8349=LINE('',#19885,#10111);
#8350=LINE('',#19888,#10112);
#8351=LINE('',#19889,#10113);
#8352=LINE('',#19891,#10114);
#8353=LINE('',#19893,#10115);
#8354=LINE('',#19896,#10116);
#8355=LINE('',#19897,#10117);
#8356=LINE('',#19899,#10118);
#8357=LINE('',#19901,#10119);
#8358=LINE('',#19904,#10120);
#8359=LINE('',#19905,#10121);
#8360=LINE('',#19907,#10122);
#8361=LINE('',#19909,#10123);
#8362=LINE('',#19912,#10124);
#8363=LINE('',#19913,#10125);
#8364=LINE('',#19915,#10126);
#8365=LINE('',#19917,#10127);
#8366=LINE('',#19920,#10128);
#8367=LINE('',#19921,#10129);
#8368=LINE('',#19923,#10130);
#8369=LINE('',#19925,#10131);
#8370=LINE('',#19928,#10132);
#8371=LINE('',#19929,#10133);
#8372=LINE('',#19931,#10134);
#8373=LINE('',#19933,#10135);
#8374=LINE('',#19936,#10136);
#8375=LINE('',#19937,#10137);
#8376=LINE('',#19939,#10138);
#8377=LINE('',#19941,#10139);
#8378=LINE('',#19944,#10140);
#8379=LINE('',#19945,#10141);
#8380=LINE('',#19947,#10142);
#8381=LINE('',#19949,#10143);
#8382=LINE('',#19952,#10144);
#8383=LINE('',#19953,#10145);
#8384=LINE('',#19955,#10146);
#8385=LINE('',#19957,#10147);
#8386=LINE('',#19960,#10148);
#8387=LINE('',#19961,#10149);
#8388=LINE('',#19963,#10150);
#8389=LINE('',#19965,#10151);
#8390=LINE('',#19968,#10152);
#8391=LINE('',#19969,#10153);
#8392=LINE('',#19971,#10154);
#8393=LINE('',#19973,#10155);
#8394=LINE('',#19976,#10156);
#8395=LINE('',#19977,#10157);
#8396=LINE('',#19979,#10158);
#8397=LINE('',#19981,#10159);
#8398=LINE('',#19984,#10160);
#8399=LINE('',#19985,#10161);
#8400=LINE('',#19987,#10162);
#8401=LINE('',#19989,#10163);
#8402=LINE('',#19992,#10164);
#8403=LINE('',#19993,#10165);
#8404=LINE('',#19995,#10166);
#8405=LINE('',#19997,#10167);
#8406=LINE('',#20000,#10168);
#8407=LINE('',#20001,#10169);
#8408=LINE('',#20003,#10170);
#8409=LINE('',#20005,#10171);
#8410=LINE('',#20008,#10172);
#8411=LINE('',#20009,#10173);
#8412=LINE('',#20011,#10174);
#8413=LINE('',#20013,#10175);
#8414=LINE('',#20016,#10176);
#8415=LINE('',#20017,#10177);
#8416=LINE('',#20019,#10178);
#8417=LINE('',#20021,#10179);
#8418=LINE('',#20024,#10180);
#8419=LINE('',#20025,#10181);
#8420=LINE('',#20027,#10182);
#8421=LINE('',#20029,#10183);
#8422=LINE('',#20032,#10184);
#8423=LINE('',#20033,#10185);
#8424=LINE('',#20035,#10186);
#8425=LINE('',#20037,#10187);
#8426=LINE('',#20040,#10188);
#8427=LINE('',#20041,#10189);
#8428=LINE('',#20043,#10190);
#8429=LINE('',#20045,#10191);
#8430=LINE('',#20048,#10192);
#8431=LINE('',#20049,#10193);
#8432=LINE('',#20051,#10194);
#8433=LINE('',#20053,#10195);
#8434=LINE('',#20056,#10196);
#8435=LINE('',#20057,#10197);
#8436=LINE('',#20059,#10198);
#8437=LINE('',#20061,#10199);
#8438=LINE('',#20064,#10200);
#8439=LINE('',#20065,#10201);
#8440=LINE('',#20067,#10202);
#8441=LINE('',#20069,#10203);
#8442=LINE('',#20072,#10204);
#8443=LINE('',#20073,#10205);
#8444=LINE('',#20075,#10206);
#8445=LINE('',#20077,#10207);
#8446=LINE('',#20080,#10208);
#8447=LINE('',#20081,#10209);
#8448=LINE('',#20083,#10210);
#8449=LINE('',#20085,#10211);
#8450=LINE('',#20088,#10212);
#8451=LINE('',#20089,#10213);
#8452=LINE('',#20091,#10214);
#8453=LINE('',#20093,#10215);
#8454=LINE('',#20096,#10216);
#8455=LINE('',#20097,#10217);
#8456=LINE('',#20099,#10218);
#8457=LINE('',#20101,#10219);
#8458=LINE('',#20104,#10220);
#8459=LINE('',#20105,#10221);
#8460=LINE('',#20107,#10222);
#8461=LINE('',#20109,#10223);
#8462=LINE('',#20112,#10224);
#8463=LINE('',#20113,#10225);
#8464=LINE('',#20115,#10226);
#8465=LINE('',#20117,#10227);
#8466=LINE('',#20120,#10228);
#8467=LINE('',#20121,#10229);
#8468=LINE('',#20123,#10230);
#8469=LINE('',#20125,#10231);
#8470=LINE('',#20128,#10232);
#8471=LINE('',#20129,#10233);
#8472=LINE('',#20131,#10234);
#8473=LINE('',#20133,#10235);
#8474=LINE('',#20137,#10236);
#8475=LINE('',#20140,#10237);
#8476=LINE('',#20142,#10238);
#8477=LINE('',#20144,#10239);
#8478=LINE('',#20146,#10240);
#8479=LINE('',#20149,#10241);
#8480=LINE('',#20151,#10242);
#8481=LINE('',#20153,#10243);
#8482=LINE('',#20155,#10244);
#8483=LINE('',#20158,#10245);
#8484=LINE('',#20160,#10246);
#8485=LINE('',#20162,#10247);
#8486=LINE('',#20164,#10248);
#8487=LINE('',#20167,#10249);
#8488=LINE('',#20169,#10250);
#8489=LINE('',#20171,#10251);
#8490=LINE('',#20173,#10252);
#8491=LINE('',#20174,#10253);
#8492=LINE('',#20176,#10254);
#8493=LINE('',#20177,#10255);
#8494=LINE('',#20179,#10256);
#8495=LINE('',#20180,#10257);
#8496=LINE('',#20182,#10258);
#8497=LINE('',#20184,#10259);
#8498=LINE('',#20187,#10260);
#8499=LINE('',#20188,#10261);
#8500=LINE('',#20190,#10262);
#8501=LINE('',#20192,#10263);
#8502=VECTOR('',#13586,1000.);
#8503=VECTOR('',#13587,1000.);
#8504=VECTOR('',#13588,1000.);
#8505=VECTOR('',#13589,1000.);
#8506=VECTOR('',#13590,1000.);
#8507=VECTOR('',#13591,1000.);
#8508=VECTOR('',#13592,1000.);
#8509=VECTOR('',#13593,1000.);
#8510=VECTOR('',#13594,1000.);
#8511=VECTOR('',#13595,1000.);
#8512=VECTOR('',#13596,1000.);
#8513=VECTOR('',#13597,1000.);
#8514=VECTOR('',#13598,1000.);
#8515=VECTOR('',#13599,1000.);
#8516=VECTOR('',#13600,1000.);
#8517=VECTOR('',#13601,1000.);
#8518=VECTOR('',#13602,1000.);
#8519=VECTOR('',#13603,1000.);
#8520=VECTOR('',#13604,1000.);
#8521=VECTOR('',#13605,1000.);
#8522=VECTOR('',#13606,1000.);
#8523=VECTOR('',#13607,1000.);
#8524=VECTOR('',#13608,1000.);
#8525=VECTOR('',#13609,1000.);
#8526=VECTOR('',#13610,1000.);
#8527=VECTOR('',#13611,1000.);
#8528=VECTOR('',#13612,1000.);
#8529=VECTOR('',#13613,1000.);
#8530=VECTOR('',#13614,1000.);
#8531=VECTOR('',#13615,1000.);
#8532=VECTOR('',#13616,1000.);
#8533=VECTOR('',#13617,1000.);
#8534=VECTOR('',#13618,1000.);
#8535=VECTOR('',#13619,1000.);
#8536=VECTOR('',#13620,1000.);
#8537=VECTOR('',#13621,1000.);
#8538=VECTOR('',#13622,1000.);
#8539=VECTOR('',#13623,1000.);
#8540=VECTOR('',#13624,1000.);
#8541=VECTOR('',#13625,1000.);
#8542=VECTOR('',#13626,1000.);
#8543=VECTOR('',#13627,1000.);
#8544=VECTOR('',#13628,1000.);
#8545=VECTOR('',#13629,1000.);
#8546=VECTOR('',#13630,1000.);
#8547=VECTOR('',#13631,1000.);
#8548=VECTOR('',#13632,1000.);
#8549=VECTOR('',#13633,1000.);
#8550=VECTOR('',#13634,1000.);
#8551=VECTOR('',#13635,1000.);
#8552=VECTOR('',#13636,1000.);
#8553=VECTOR('',#13637,1000.);
#8554=VECTOR('',#13638,1000.);
#8555=VECTOR('',#13639,1000.);
#8556=VECTOR('',#13640,1000.);
#8557=VECTOR('',#13641,1000.);
#8558=VECTOR('',#13642,1000.);
#8559=VECTOR('',#13643,1000.);
#8560=VECTOR('',#13644,1000.);
#8561=VECTOR('',#13645,1000.);
#8562=VECTOR('',#13646,1000.);
#8563=VECTOR('',#13647,1000.);
#8564=VECTOR('',#13648,1000.);
#8565=VECTOR('',#13649,1000.);
#8566=VECTOR('',#13650,1000.);
#8567=VECTOR('',#13651,1000.);
#8568=VECTOR('',#13652,1000.);
#8569=VECTOR('',#13653,1000.);
#8570=VECTOR('',#13654,1000.);
#8571=VECTOR('',#13655,1000.);
#8572=VECTOR('',#13656,1000.);
#8573=VECTOR('',#13657,1000.);
#8574=VECTOR('',#13658,1000.);
#8575=VECTOR('',#13659,1000.);
#8576=VECTOR('',#13660,1000.);
#8577=VECTOR('',#13661,1000.);
#8578=VECTOR('',#13662,1000.);
#8579=VECTOR('',#13663,1000.);
#8580=VECTOR('',#13664,1000.);
#8581=VECTOR('',#13665,1000.);
#8582=VECTOR('',#13666,1000.);
#8583=VECTOR('',#13667,1000.);
#8584=VECTOR('',#13668,1000.);
#8585=VECTOR('',#13669,1000.);
#8586=VECTOR('',#13670,1000.);
#8587=VECTOR('',#13671,1000.);
#8588=VECTOR('',#13672,1000.);
#8589=VECTOR('',#13673,1000.);
#8590=VECTOR('',#13674,1000.);
#8591=VECTOR('',#13675,1000.);
#8592=VECTOR('',#13676,1000.);
#8593=VECTOR('',#13677,1000.);
#8594=VECTOR('',#13678,1000.);
#8595=VECTOR('',#13679,1000.);
#8596=VECTOR('',#13680,1000.);
#8597=VECTOR('',#13681,1000.);
#8598=VECTOR('',#13682,1000.);
#8599=VECTOR('',#13683,1000.);
#8600=VECTOR('',#13684,1000.);
#8601=VECTOR('',#13685,1000.);
#8602=VECTOR('',#13686,1000.);
#8603=VECTOR('',#13687,1000.);
#8604=VECTOR('',#13688,1000.);
#8605=VECTOR('',#13689,1000.);
#8606=VECTOR('',#13690,1000.);
#8607=VECTOR('',#13691,1000.);
#8608=VECTOR('',#13692,1000.);
#8609=VECTOR('',#13693,1000.);
#8610=VECTOR('',#13694,1000.);
#8611=VECTOR('',#13695,1000.);
#8612=VECTOR('',#13696,1000.);
#8613=VECTOR('',#13697,1000.);
#8614=VECTOR('',#13698,1000.);
#8615=VECTOR('',#13699,1000.);
#8616=VECTOR('',#13700,1000.);
#8617=VECTOR('',#13701,1000.);
#8618=VECTOR('',#13702,1000.);
#8619=VECTOR('',#13703,1000.);
#8620=VECTOR('',#13704,1000.);
#8621=VECTOR('',#13705,1000.);
#8622=VECTOR('',#13706,1000.);
#8623=VECTOR('',#13707,1000.);
#8624=VECTOR('',#13708,1000.);
#8625=VECTOR('',#13709,1000.);
#8626=VECTOR('',#13710,1000.);
#8627=VECTOR('',#13711,1000.);
#8628=VECTOR('',#13712,1000.);
#8629=VECTOR('',#13713,1000.);
#8630=VECTOR('',#13714,1000.);
#8631=VECTOR('',#13715,1000.);
#8632=VECTOR('',#13716,1000.);
#8633=VECTOR('',#13717,1000.);
#8634=VECTOR('',#13718,1000.);
#8635=VECTOR('',#13719,1000.);
#8636=VECTOR('',#13720,1000.);
#8637=VECTOR('',#13721,1000.);
#8638=VECTOR('',#13722,1000.);
#8639=VECTOR('',#13723,1000.);
#8640=VECTOR('',#13724,1000.);
#8641=VECTOR('',#13725,1000.);
#8642=VECTOR('',#13726,1000.);
#8643=VECTOR('',#13727,1000.);
#8644=VECTOR('',#13728,1000.);
#8645=VECTOR('',#13729,1000.);
#8646=VECTOR('',#13730,1000.);
#8647=VECTOR('',#13731,1000.);
#8648=VECTOR('',#13732,1000.);
#8649=VECTOR('',#13733,1000.);
#8650=VECTOR('',#13734,1000.);
#8651=VECTOR('',#13735,1000.);
#8652=VECTOR('',#13736,1000.);
#8653=VECTOR('',#13737,1000.);
#8654=VECTOR('',#13738,1000.);
#8655=VECTOR('',#13739,1000.);
#8656=VECTOR('',#13740,1000.);
#8657=VECTOR('',#13741,1000.);
#8658=VECTOR('',#13742,1000.);
#8659=VECTOR('',#13743,1000.);
#8660=VECTOR('',#13744,1000.);
#8661=VECTOR('',#13745,1000.);
#8662=VECTOR('',#13746,1000.);
#8663=VECTOR('',#13747,1000.);
#8664=VECTOR('',#13748,1000.);
#8665=VECTOR('',#13749,1000.);
#8666=VECTOR('',#13750,1000.);
#8667=VECTOR('',#13751,1000.);
#8668=VECTOR('',#13752,1000.);
#8669=VECTOR('',#13753,1000.);
#8670=VECTOR('',#13754,1000.);
#8671=VECTOR('',#13755,1000.);
#8672=VECTOR('',#13756,1000.);
#8673=VECTOR('',#13757,1000.);
#8674=VECTOR('',#13758,1000.);
#8675=VECTOR('',#13759,1000.);
#8676=VECTOR('',#13760,1000.);
#8677=VECTOR('',#13761,1000.);
#8678=VECTOR('',#13762,1000.);
#8679=VECTOR('',#13763,1000.);
#8680=VECTOR('',#13764,1000.);
#8681=VECTOR('',#13765,1000.);
#8682=VECTOR('',#13766,1000.);
#8683=VECTOR('',#13767,1000.);
#8684=VECTOR('',#13768,1000.);
#8685=VECTOR('',#13769,1000.);
#8686=VECTOR('',#13770,1000.);
#8687=VECTOR('',#13771,1000.);
#8688=VECTOR('',#13772,1000.);
#8689=VECTOR('',#13773,1000.);
#8690=VECTOR('',#13774,1000.);
#8691=VECTOR('',#13775,1000.);
#8692=VECTOR('',#13776,1000.);
#8693=VECTOR('',#13777,1000.);
#8694=VECTOR('',#13778,1000.);
#8695=VECTOR('',#13779,1000.);
#8696=VECTOR('',#13780,1000.);
#8697=VECTOR('',#13781,1000.);
#8698=VECTOR('',#13782,1000.);
#8699=VECTOR('',#13783,1000.);
#8700=VECTOR('',#13784,1000.);
#8701=VECTOR('',#13785,1000.);
#8702=VECTOR('',#13786,1000.);
#8703=VECTOR('',#13787,1000.);
#8704=VECTOR('',#13788,1000.);
#8705=VECTOR('',#13789,1000.);
#8706=VECTOR('',#13790,1000.);
#8707=VECTOR('',#13791,1000.);
#8708=VECTOR('',#13792,1000.);
#8709=VECTOR('',#13793,1000.);
#8710=VECTOR('',#13794,1000.);
#8711=VECTOR('',#13795,1000.);
#8712=VECTOR('',#13796,1000.);
#8713=VECTOR('',#13797,1000.);
#8714=VECTOR('',#13798,1000.);
#8715=VECTOR('',#13799,1000.);
#8716=VECTOR('',#13800,1000.);
#8717=VECTOR('',#13801,1000.);
#8718=VECTOR('',#13802,1000.);
#8719=VECTOR('',#13803,1000.);
#8720=VECTOR('',#13804,1000.);
#8721=VECTOR('',#13805,1000.);
#8722=VECTOR('',#13806,1000.);
#8723=VECTOR('',#13807,1000.);
#8724=VECTOR('',#13808,1000.);
#8725=VECTOR('',#13809,1000.);
#8726=VECTOR('',#13810,1000.);
#8727=VECTOR('',#13811,1000.);
#8728=VECTOR('',#13812,1000.);
#8729=VECTOR('',#13813,1000.);
#8730=VECTOR('',#13814,1000.);
#8731=VECTOR('',#13815,1000.);
#8732=VECTOR('',#13816,1000.);
#8733=VECTOR('',#13817,1000.);
#8734=VECTOR('',#13818,1000.);
#8735=VECTOR('',#13819,1000.);
#8736=VECTOR('',#13820,1000.);
#8737=VECTOR('',#13821,1000.);
#8738=VECTOR('',#13822,1000.);
#8739=VECTOR('',#13823,1000.);
#8740=VECTOR('',#13824,1000.);
#8741=VECTOR('',#13825,1000.);
#8742=VECTOR('',#13826,1000.);
#8743=VECTOR('',#13827,1000.);
#8744=VECTOR('',#13828,1000.);
#8745=VECTOR('',#13829,1000.);
#8746=VECTOR('',#13830,1000.);
#8747=VECTOR('',#13831,1000.);
#8748=VECTOR('',#13832,1000.);
#8749=VECTOR('',#13833,1000.);
#8750=VECTOR('',#13834,1000.);
#8751=VECTOR('',#13835,1000.);
#8752=VECTOR('',#13836,1000.);
#8753=VECTOR('',#13837,1000.);
#8754=VECTOR('',#13838,1000.);
#8755=VECTOR('',#13839,1000.);
#8756=VECTOR('',#13840,1000.);
#8757=VECTOR('',#13841,1000.);
#8758=VECTOR('',#13842,1000.);
#8759=VECTOR('',#13843,1000.);
#8760=VECTOR('',#13844,1000.);
#8761=VECTOR('',#13845,1000.);
#8762=VECTOR('',#13846,1000.);
#8763=VECTOR('',#13847,1000.);
#8764=VECTOR('',#13848,1000.);
#8765=VECTOR('',#13849,1000.);
#8766=VECTOR('',#13850,1000.);
#8767=VECTOR('',#13851,1000.);
#8768=VECTOR('',#13852,1000.);
#8769=VECTOR('',#13853,1000.);
#8770=VECTOR('',#13854,1000.);
#8771=VECTOR('',#13855,1000.);
#8772=VECTOR('',#13856,1000.);
#8773=VECTOR('',#13857,1000.);
#8774=VECTOR('',#13858,1000.);
#8775=VECTOR('',#13859,1000.);
#8776=VECTOR('',#13860,1000.);
#8777=VECTOR('',#13861,1000.);
#8778=VECTOR('',#13862,1000.);
#8779=VECTOR('',#13863,1000.);
#8780=VECTOR('',#13864,1000.);
#8781=VECTOR('',#13865,1000.);
#8782=VECTOR('',#13866,1000.);
#8783=VECTOR('',#13867,1000.);
#8784=VECTOR('',#13868,1000.);
#8785=VECTOR('',#13869,1000.);
#8786=VECTOR('',#13870,1000.);
#8787=VECTOR('',#13871,1000.);
#8788=VECTOR('',#13872,1000.);
#8789=VECTOR('',#13873,1000.);
#8790=VECTOR('',#13874,1000.);
#8791=VECTOR('',#13875,1000.);
#8792=VECTOR('',#13876,1000.);
#8793=VECTOR('',#13877,1000.);
#8794=VECTOR('',#13878,1000.);
#8795=VECTOR('',#13879,1000.);
#8796=VECTOR('',#13880,1000.);
#8797=VECTOR('',#13881,1000.);
#8798=VECTOR('',#13882,1000.);
#8799=VECTOR('',#13883,1000.);
#8800=VECTOR('',#13884,1000.);
#8801=VECTOR('',#13885,1000.);
#8802=VECTOR('',#13886,1000.);
#8803=VECTOR('',#13887,1000.);
#8804=VECTOR('',#13888,1000.);
#8805=VECTOR('',#13889,1000.);
#8806=VECTOR('',#13890,1000.);
#8807=VECTOR('',#13891,1000.);
#8808=VECTOR('',#13892,1000.);
#8809=VECTOR('',#13893,1000.);
#8810=VECTOR('',#13894,1000.);
#8811=VECTOR('',#13895,1000.);
#8812=VECTOR('',#13896,1000.);
#8813=VECTOR('',#13897,1000.);
#8814=VECTOR('',#13898,1000.);
#8815=VECTOR('',#13899,1000.);
#8816=VECTOR('',#13900,1000.);
#8817=VECTOR('',#13901,1000.);
#8818=VECTOR('',#13902,1000.);
#8819=VECTOR('',#13903,1000.);
#8820=VECTOR('',#13904,1000.);
#8821=VECTOR('',#13905,1000.);
#8822=VECTOR('',#13906,1000.);
#8823=VECTOR('',#13907,1000.);
#8824=VECTOR('',#13908,1000.);
#8825=VECTOR('',#13909,1000.);
#8826=VECTOR('',#13910,1000.);
#8827=VECTOR('',#13911,1000.);
#8828=VECTOR('',#13912,1000.);
#8829=VECTOR('',#13913,1000.);
#8830=VECTOR('',#13914,1000.);
#8831=VECTOR('',#13915,1000.);
#8832=VECTOR('',#13916,1000.);
#8833=VECTOR('',#13917,1000.);
#8834=VECTOR('',#13918,1000.);
#8835=VECTOR('',#13919,1000.);
#8836=VECTOR('',#13920,1000.);
#8837=VECTOR('',#13921,1000.);
#8838=VECTOR('',#13922,1000.);
#8839=VECTOR('',#13923,1000.);
#8840=VECTOR('',#13924,1000.);
#8841=VECTOR('',#13925,1000.);
#8842=VECTOR('',#13926,1000.);
#8843=VECTOR('',#13927,1000.);
#8844=VECTOR('',#13928,1000.);
#8845=VECTOR('',#13929,1000.);
#8846=VECTOR('',#13930,1000.);
#8847=VECTOR('',#13931,1000.);
#8848=VECTOR('',#13932,1000.);
#8849=VECTOR('',#13933,1000.);
#8850=VECTOR('',#13934,1000.);
#8851=VECTOR('',#13935,1000.);
#8852=VECTOR('',#13936,1000.);
#8853=VECTOR('',#13937,1000.);
#8854=VECTOR('',#13938,1000.);
#8855=VECTOR('',#13939,1000.);
#8856=VECTOR('',#13940,1000.);
#8857=VECTOR('',#13941,1000.);
#8858=VECTOR('',#13942,1000.);
#8859=VECTOR('',#13943,1000.);
#8860=VECTOR('',#13944,1000.);
#8861=VECTOR('',#13945,1000.);
#8862=VECTOR('',#13946,1000.);
#8863=VECTOR('',#13947,1000.);
#8864=VECTOR('',#13948,1000.);
#8865=VECTOR('',#13949,1000.);
#8866=VECTOR('',#13950,1000.);
#8867=VECTOR('',#13951,1000.);
#8868=VECTOR('',#13952,1000.);
#8869=VECTOR('',#13953,1000.);
#8870=VECTOR('',#13954,1000.);
#8871=VECTOR('',#13955,1000.);
#8872=VECTOR('',#13956,1000.);
#8873=VECTOR('',#13957,1000.);
#8874=VECTOR('',#13958,1000.);
#8875=VECTOR('',#13959,1000.);
#8876=VECTOR('',#13960,1000.);
#8877=VECTOR('',#13961,1000.);
#8878=VECTOR('',#13962,1000.);
#8879=VECTOR('',#13963,1000.);
#8880=VECTOR('',#13964,1000.);
#8881=VECTOR('',#13965,1000.);
#8882=VECTOR('',#13966,1000.);
#8883=VECTOR('',#13967,1000.);
#8884=VECTOR('',#13968,1000.);
#8885=VECTOR('',#13969,1000.);
#8886=VECTOR('',#13970,1000.);
#8887=VECTOR('',#13971,1000.);
#8888=VECTOR('',#13972,1000.);
#8889=VECTOR('',#13973,1000.);
#8890=VECTOR('',#13974,1000.);
#8891=VECTOR('',#13975,1000.);
#8892=VECTOR('',#13976,1000.);
#8893=VECTOR('',#13977,1000.);
#8894=VECTOR('',#13978,1000.);
#8895=VECTOR('',#13979,1000.);
#8896=VECTOR('',#13980,1000.);
#8897=VECTOR('',#13981,1000.);
#8898=VECTOR('',#13982,1000.);
#8899=VECTOR('',#13983,1000.);
#8900=VECTOR('',#13984,1000.);
#8901=VECTOR('',#13985,1000.);
#8902=VECTOR('',#13986,1000.);
#8903=VECTOR('',#13987,1000.);
#8904=VECTOR('',#13988,1000.);
#8905=VECTOR('',#13989,1000.);
#8906=VECTOR('',#13990,1000.);
#8907=VECTOR('',#13991,1000.);
#8908=VECTOR('',#13992,1000.);
#8909=VECTOR('',#13993,1000.);
#8910=VECTOR('',#13994,1000.);
#8911=VECTOR('',#13995,1000.);
#8912=VECTOR('',#13996,1000.);
#8913=VECTOR('',#13997,1000.);
#8914=VECTOR('',#13998,1000.);
#8915=VECTOR('',#13999,1000.);
#8916=VECTOR('',#14000,1000.);
#8917=VECTOR('',#14001,1000.);
#8918=VECTOR('',#14002,1000.);
#8919=VECTOR('',#14003,1000.);
#8920=VECTOR('',#14004,1000.);
#8921=VECTOR('',#14005,1000.);
#8922=VECTOR('',#14006,1000.);
#8923=VECTOR('',#14007,1000.);
#8924=VECTOR('',#14008,1000.);
#8925=VECTOR('',#14009,1000.);
#8926=VECTOR('',#14010,1000.);
#8927=VECTOR('',#14011,1000.);
#8928=VECTOR('',#14012,1000.);
#8929=VECTOR('',#14013,1000.);
#8930=VECTOR('',#14014,1000.);
#8931=VECTOR('',#14015,1000.);
#8932=VECTOR('',#14016,1000.);
#8933=VECTOR('',#14017,1000.);
#8934=VECTOR('',#14018,1000.);
#8935=VECTOR('',#14019,1000.);
#8936=VECTOR('',#14020,1000.);
#8937=VECTOR('',#14021,1000.);
#8938=VECTOR('',#14022,1000.);
#8939=VECTOR('',#14023,1000.);
#8940=VECTOR('',#14024,1000.);
#8941=VECTOR('',#14025,1000.);
#8942=VECTOR('',#14026,1000.);
#8943=VECTOR('',#14027,1000.);
#8944=VECTOR('',#14028,1000.);
#8945=VECTOR('',#14029,1000.);
#8946=VECTOR('',#14030,1000.);
#8947=VECTOR('',#14031,1000.);
#8948=VECTOR('',#14032,1000.);
#8949=VECTOR('',#14033,1000.);
#8950=VECTOR('',#14034,1000.);
#8951=VECTOR('',#14035,1000.);
#8952=VECTOR('',#14038,1000.);
#8953=VECTOR('',#14039,1000.);
#8954=VECTOR('',#14040,1000.);
#8955=VECTOR('',#14041,1000.);
#8956=VECTOR('',#14042,1000.);
#8957=VECTOR('',#14043,1000.);
#8958=VECTOR('',#14044,1000.);
#8959=VECTOR('',#14045,1000.);
#8960=VECTOR('',#14046,1000.);
#8961=VECTOR('',#14047,1000.);
#8962=VECTOR('',#14048,1000.);
#8963=VECTOR('',#14049,1000.);
#8964=VECTOR('',#14050,1000.);
#8965=VECTOR('',#14051,1000.);
#8966=VECTOR('',#14052,1000.);
#8967=VECTOR('',#14053,1000.);
#8968=VECTOR('',#14054,1000.);
#8969=VECTOR('',#14055,1000.);
#8970=VECTOR('',#14056,1000.);
#8971=VECTOR('',#14057,1000.);
#8972=VECTOR('',#14058,1000.);
#8973=VECTOR('',#14059,1000.);
#8974=VECTOR('',#14060,1000.);
#8975=VECTOR('',#14061,1000.);
#8976=VECTOR('',#14062,1000.);
#8977=VECTOR('',#14063,1000.);
#8978=VECTOR('',#14064,1000.);
#8979=VECTOR('',#14065,1000.);
#8980=VECTOR('',#14066,1000.);
#8981=VECTOR('',#14067,1000.);
#8982=VECTOR('',#14068,1000.);
#8983=VECTOR('',#14069,1000.);
#8984=VECTOR('',#14070,1000.);
#8985=VECTOR('',#14071,1000.);
#8986=VECTOR('',#14072,1000.);
#8987=VECTOR('',#14073,1000.);
#8988=VECTOR('',#14074,1000.);
#8989=VECTOR('',#14075,1000.);
#8990=VECTOR('',#14076,1000.);
#8991=VECTOR('',#14077,1000.);
#8992=VECTOR('',#14078,1000.);
#8993=VECTOR('',#14079,1000.);
#8994=VECTOR('',#14080,1000.);
#8995=VECTOR('',#14081,1000.);
#8996=VECTOR('',#14082,1000.);
#8997=VECTOR('',#14083,1000.);
#8998=VECTOR('',#14084,1000.);
#8999=VECTOR('',#14085,1000.);
#9000=VECTOR('',#14086,1000.);
#9001=VECTOR('',#14087,1000.);
#9002=VECTOR('',#14088,1000.);
#9003=VECTOR('',#14089,1000.);
#9004=VECTOR('',#14090,1000.);
#9005=VECTOR('',#14091,1000.);
#9006=VECTOR('',#14092,1000.);
#9007=VECTOR('',#14093,1000.);
#9008=VECTOR('',#14094,1000.);
#9009=VECTOR('',#14095,1000.);
#9010=VECTOR('',#14096,1000.);
#9011=VECTOR('',#14097,1000.);
#9012=VECTOR('',#14098,1000.);
#9013=VECTOR('',#14099,1000.);
#9014=VECTOR('',#14100,1000.);
#9015=VECTOR('',#14101,1000.);
#9016=VECTOR('',#14102,1000.);
#9017=VECTOR('',#14103,1000.);
#9018=VECTOR('',#14104,1000.);
#9019=VECTOR('',#14105,1000.);
#9020=VECTOR('',#14106,1000.);
#9021=VECTOR('',#14107,1000.);
#9022=VECTOR('',#14108,1000.);
#9023=VECTOR('',#14109,1000.);
#9024=VECTOR('',#14110,1000.);
#9025=VECTOR('',#14111,1000.);
#9026=VECTOR('',#14112,1000.);
#9027=VECTOR('',#14113,1000.);
#9028=VECTOR('',#14114,1000.);
#9029=VECTOR('',#14115,1000.);
#9030=VECTOR('',#14116,1000.);
#9031=VECTOR('',#14117,1000.);
#9032=VECTOR('',#14118,1000.);
#9033=VECTOR('',#14119,1000.);
#9034=VECTOR('',#14120,1000.);
#9035=VECTOR('',#14121,1000.);
#9036=VECTOR('',#14122,1000.);
#9037=VECTOR('',#14123,1000.);
#9038=VECTOR('',#14124,1000.);
#9039=VECTOR('',#14125,1000.);
#9040=VECTOR('',#14126,1000.);
#9041=VECTOR('',#14127,1000.);
#9042=VECTOR('',#14128,1000.);
#9043=VECTOR('',#14129,1000.);
#9044=VECTOR('',#14130,1000.);
#9045=VECTOR('',#14131,1000.);
#9046=VECTOR('',#14132,1000.);
#9047=VECTOR('',#14133,1000.);
#9048=VECTOR('',#14134,1000.);
#9049=VECTOR('',#14135,1000.);
#9050=VECTOR('',#14136,1000.);
#9051=VECTOR('',#14137,1000.);
#9052=VECTOR('',#14138,1000.);
#9053=VECTOR('',#14139,1000.);
#9054=VECTOR('',#14140,1000.);
#9055=VECTOR('',#14141,1000.);
#9056=VECTOR('',#14142,1000.);
#9057=VECTOR('',#14143,1000.);
#9058=VECTOR('',#14144,1000.);
#9059=VECTOR('',#14145,1000.);
#9060=VECTOR('',#14146,1000.);
#9061=VECTOR('',#14147,1000.);
#9062=VECTOR('',#14148,1000.);
#9063=VECTOR('',#14149,1000.);
#9064=VECTOR('',#14150,1000.);
#9065=VECTOR('',#14151,1000.);
#9066=VECTOR('',#14152,1000.);
#9067=VECTOR('',#14153,1000.);
#9068=VECTOR('',#14154,1000.);
#9069=VECTOR('',#14155,1000.);
#9070=VECTOR('',#14156,1000.);
#9071=VECTOR('',#14157,1000.);
#9072=VECTOR('',#14158,1000.);
#9073=VECTOR('',#14159,1000.);
#9074=VECTOR('',#14160,1000.);
#9075=VECTOR('',#14161,1000.);
#9076=VECTOR('',#14162,1000.);
#9077=VECTOR('',#14163,1000.);
#9078=VECTOR('',#14164,1000.);
#9079=VECTOR('',#14165,1000.);
#9080=VECTOR('',#14166,1000.);
#9081=VECTOR('',#14167,1000.);
#9082=VECTOR('',#14168,1000.);
#9083=VECTOR('',#14169,1000.);
#9084=VECTOR('',#14170,1000.);
#9085=VECTOR('',#14171,1000.);
#9086=VECTOR('',#14172,1000.);
#9087=VECTOR('',#14173,1000.);
#9088=VECTOR('',#14174,1000.);
#9089=VECTOR('',#14175,1000.);
#9090=VECTOR('',#14176,1000.);
#9091=VECTOR('',#14177,1000.);
#9092=VECTOR('',#14178,1000.);
#9093=VECTOR('',#14179,1000.);
#9094=VECTOR('',#14180,1000.);
#9095=VECTOR('',#14181,1000.);
#9096=VECTOR('',#14182,1000.);
#9097=VECTOR('',#14183,1000.);
#9098=VECTOR('',#14184,1000.);
#9099=VECTOR('',#14185,1000.);
#9100=VECTOR('',#14186,1000.);
#9101=VECTOR('',#14187,1000.);
#9102=VECTOR('',#14188,1000.);
#9103=VECTOR('',#14189,1000.);
#9104=VECTOR('',#14190,1000.);
#9105=VECTOR('',#14191,1000.);
#9106=VECTOR('',#14192,1000.);
#9107=VECTOR('',#14193,1000.);
#9108=VECTOR('',#14194,1000.);
#9109=VECTOR('',#14195,1000.);
#9110=VECTOR('',#14196,1000.);
#9111=VECTOR('',#14197,1000.);
#9112=VECTOR('',#14198,1000.);
#9113=VECTOR('',#14199,1000.);
#9114=VECTOR('',#14200,1000.);
#9115=VECTOR('',#14201,1000.);
#9116=VECTOR('',#14202,1000.);
#9117=VECTOR('',#14203,1000.);
#9118=VECTOR('',#14204,1000.);
#9119=VECTOR('',#14205,1000.);
#9120=VECTOR('',#14206,1000.);
#9121=VECTOR('',#14207,1000.);
#9122=VECTOR('',#14208,1000.);
#9123=VECTOR('',#14209,1000.);
#9124=VECTOR('',#14210,1000.);
#9125=VECTOR('',#14211,1000.);
#9126=VECTOR('',#14212,1000.);
#9127=VECTOR('',#14213,1000.);
#9128=VECTOR('',#14214,1000.);
#9129=VECTOR('',#14215,1000.);
#9130=VECTOR('',#14216,1000.);
#9131=VECTOR('',#14217,1000.);
#9132=VECTOR('',#14218,1000.);
#9133=VECTOR('',#14219,1000.);
#9134=VECTOR('',#14220,1000.);
#9135=VECTOR('',#14221,1000.);
#9136=VECTOR('',#14222,1000.);
#9137=VECTOR('',#14223,1000.);
#9138=VECTOR('',#14224,1000.);
#9139=VECTOR('',#14225,1000.);
#9140=VECTOR('',#14226,1000.);
#9141=VECTOR('',#14227,1000.);
#9142=VECTOR('',#14228,1000.);
#9143=VECTOR('',#14229,1000.);
#9144=VECTOR('',#14230,1000.);
#9145=VECTOR('',#14231,1000.);
#9146=VECTOR('',#14232,1000.);
#9147=VECTOR('',#14233,1000.);
#9148=VECTOR('',#14234,1000.);
#9149=VECTOR('',#14235,1000.);
#9150=VECTOR('',#14236,1000.);
#9151=VECTOR('',#14237,1000.);
#9152=VECTOR('',#14238,1000.);
#9153=VECTOR('',#14239,1000.);
#9154=VECTOR('',#14240,1000.);
#9155=VECTOR('',#14241,1000.);
#9156=VECTOR('',#14242,1000.);
#9157=VECTOR('',#14243,1000.);
#9158=VECTOR('',#14244,1000.);
#9159=VECTOR('',#14245,1000.);
#9160=VECTOR('',#14246,1000.);
#9161=VECTOR('',#14247,1000.);
#9162=VECTOR('',#14248,1000.);
#9163=VECTOR('',#14249,1000.);
#9164=VECTOR('',#14250,1000.);
#9165=VECTOR('',#14251,1000.);
#9166=VECTOR('',#14252,1000.);
#9167=VECTOR('',#14253,1000.);
#9168=VECTOR('',#14254,1000.);
#9169=VECTOR('',#14255,1000.);
#9170=VECTOR('',#14256,1000.);
#9171=VECTOR('',#14257,1000.);
#9172=VECTOR('',#14258,1000.);
#9173=VECTOR('',#14259,1000.);
#9174=VECTOR('',#14260,1000.);
#9175=VECTOR('',#14261,1000.);
#9176=VECTOR('',#14262,1000.);
#9177=VECTOR('',#14263,1000.);
#9178=VECTOR('',#14264,1000.);
#9179=VECTOR('',#14265,1000.);
#9180=VECTOR('',#14266,1000.);
#9181=VECTOR('',#14267,1000.);
#9182=VECTOR('',#14268,1000.);
#9183=VECTOR('',#14269,1000.);
#9184=VECTOR('',#14270,1000.);
#9185=VECTOR('',#14271,1000.);
#9186=VECTOR('',#14272,1000.);
#9187=VECTOR('',#14273,1000.);
#9188=VECTOR('',#14274,1000.);
#9189=VECTOR('',#14275,1000.);
#9190=VECTOR('',#14276,1000.);
#9191=VECTOR('',#14277,1000.);
#9192=VECTOR('',#14278,1000.);
#9193=VECTOR('',#14279,1000.);
#9194=VECTOR('',#14280,1000.);
#9195=VECTOR('',#14281,1000.);
#9196=VECTOR('',#14282,1000.);
#9197=VECTOR('',#14283,1000.);
#9198=VECTOR('',#14284,1000.);
#9199=VECTOR('',#14285,1000.);
#9200=VECTOR('',#14286,1000.);
#9201=VECTOR('',#14287,1000.);
#9202=VECTOR('',#14288,1000.);
#9203=VECTOR('',#14289,1000.);
#9204=VECTOR('',#14290,1000.);
#9205=VECTOR('',#14291,1000.);
#9206=VECTOR('',#14292,1000.);
#9207=VECTOR('',#14293,1000.);
#9208=VECTOR('',#14294,1000.);
#9209=VECTOR('',#14295,1000.);
#9210=VECTOR('',#14296,1000.);
#9211=VECTOR('',#14297,1000.);
#9212=VECTOR('',#14298,1000.);
#9213=VECTOR('',#14299,1000.);
#9214=VECTOR('',#14300,1000.);
#9215=VECTOR('',#14301,1000.);
#9216=VECTOR('',#14302,1000.);
#9217=VECTOR('',#14303,1000.);
#9218=VECTOR('',#14304,1000.);
#9219=VECTOR('',#14305,1000.);
#9220=VECTOR('',#14306,1000.);
#9221=VECTOR('',#14307,1000.);
#9222=VECTOR('',#14308,1000.);
#9223=VECTOR('',#14309,1000.);
#9224=VECTOR('',#14310,1000.);
#9225=VECTOR('',#14311,1000.);
#9226=VECTOR('',#14312,1000.);
#9227=VECTOR('',#14313,1000.);
#9228=VECTOR('',#14314,1000.);
#9229=VECTOR('',#14315,1000.);
#9230=VECTOR('',#14316,1000.);
#9231=VECTOR('',#14317,1000.);
#9232=VECTOR('',#14318,1000.);
#9233=VECTOR('',#14319,1000.);
#9234=VECTOR('',#14320,1000.);
#9235=VECTOR('',#14321,1000.);
#9236=VECTOR('',#14322,1000.);
#9237=VECTOR('',#14323,1000.);
#9238=VECTOR('',#14324,1000.);
#9239=VECTOR('',#14325,1000.);
#9240=VECTOR('',#14326,1000.);
#9241=VECTOR('',#14327,1000.);
#9242=VECTOR('',#14328,1000.);
#9243=VECTOR('',#14329,1000.);
#9244=VECTOR('',#14330,1000.);
#9245=VECTOR('',#14331,1000.);
#9246=VECTOR('',#14332,1000.);
#9247=VECTOR('',#14333,1000.);
#9248=VECTOR('',#14334,1000.);
#9249=VECTOR('',#14335,1000.);
#9250=VECTOR('',#14336,1000.);
#9251=VECTOR('',#14337,1000.);
#9252=VECTOR('',#14338,1000.);
#9253=VECTOR('',#14339,1000.);
#9254=VECTOR('',#14340,1000.);
#9255=VECTOR('',#14341,1000.);
#9256=VECTOR('',#14342,1000.);
#9257=VECTOR('',#14343,1000.);
#9258=VECTOR('',#14344,1000.);
#9259=VECTOR('',#14345,1000.);
#9260=VECTOR('',#14346,1000.);
#9261=VECTOR('',#14347,1000.);
#9262=VECTOR('',#14348,1000.);
#9263=VECTOR('',#14349,1000.);
#9264=VECTOR('',#14350,1000.);
#9265=VECTOR('',#14351,1000.);
#9266=VECTOR('',#14352,1000.);
#9267=VECTOR('',#14353,1000.);
#9268=VECTOR('',#14354,1000.);
#9269=VECTOR('',#14355,1000.);
#9270=VECTOR('',#14356,1000.);
#9271=VECTOR('',#14357,1000.);
#9272=VECTOR('',#14358,1000.);
#9273=VECTOR('',#14359,1000.);
#9274=VECTOR('',#14360,1000.);
#9275=VECTOR('',#14361,1000.);
#9276=VECTOR('',#14362,1000.);
#9277=VECTOR('',#14363,1000.);
#9278=VECTOR('',#14364,1000.);
#9279=VECTOR('',#14365,1000.);
#9280=VECTOR('',#14366,1000.);
#9281=VECTOR('',#14367,1000.);
#9282=VECTOR('',#14368,1000.);
#9283=VECTOR('',#14369,1000.);
#9284=VECTOR('',#14370,1000.);
#9285=VECTOR('',#14371,1000.);
#9286=VECTOR('',#14372,1000.);
#9287=VECTOR('',#14373,1000.);
#9288=VECTOR('',#14374,1000.);
#9289=VECTOR('',#14375,1000.);
#9290=VECTOR('',#14376,1000.);
#9291=VECTOR('',#14377,1000.);
#9292=VECTOR('',#14378,1000.);
#9293=VECTOR('',#14379,1000.);
#9294=VECTOR('',#14380,1000.);
#9295=VECTOR('',#14381,1000.);
#9296=VECTOR('',#14382,1000.);
#9297=VECTOR('',#14383,1000.);
#9298=VECTOR('',#14384,1000.);
#9299=VECTOR('',#14385,1000.);
#9300=VECTOR('',#14386,1000.);
#9301=VECTOR('',#14387,1000.);
#9302=VECTOR('',#14388,1000.);
#9303=VECTOR('',#14389,1000.);
#9304=VECTOR('',#14390,1000.);
#9305=VECTOR('',#14391,1000.);
#9306=VECTOR('',#14392,1000.);
#9307=VECTOR('',#14393,1000.);
#9308=VECTOR('',#14394,1000.);
#9309=VECTOR('',#14395,1000.);
#9310=VECTOR('',#14396,1000.);
#9311=VECTOR('',#14397,1000.);
#9312=VECTOR('',#14398,1000.);
#9313=VECTOR('',#14399,1000.);
#9314=VECTOR('',#14400,1000.);
#9315=VECTOR('',#14401,1000.);
#9316=VECTOR('',#14402,1000.);
#9317=VECTOR('',#14403,1000.);
#9318=VECTOR('',#14404,1000.);
#9319=VECTOR('',#14405,1000.);
#9320=VECTOR('',#14406,1000.);
#9321=VECTOR('',#14407,1000.);
#9322=VECTOR('',#14408,1000.);
#9323=VECTOR('',#14409,1000.);
#9324=VECTOR('',#14410,1000.);
#9325=VECTOR('',#14411,1000.);
#9326=VECTOR('',#14412,1000.);
#9327=VECTOR('',#14413,1000.);
#9328=VECTOR('',#14414,1000.);
#9329=VECTOR('',#14415,1000.);
#9330=VECTOR('',#14416,1000.);
#9331=VECTOR('',#14417,1000.);
#9332=VECTOR('',#14418,1000.);
#9333=VECTOR('',#14419,1000.);
#9334=VECTOR('',#14420,1000.);
#9335=VECTOR('',#14421,1000.);
#9336=VECTOR('',#14422,1000.);
#9337=VECTOR('',#14423,1000.);
#9338=VECTOR('',#14424,1000.);
#9339=VECTOR('',#14425,1000.);
#9340=VECTOR('',#14426,1000.);
#9341=VECTOR('',#14427,1000.);
#9342=VECTOR('',#14428,1000.);
#9343=VECTOR('',#14429,1000.);
#9344=VECTOR('',#14430,1000.);
#9345=VECTOR('',#14431,1000.);
#9346=VECTOR('',#14432,1000.);
#9347=VECTOR('',#14433,1000.);
#9348=VECTOR('',#14434,1000.);
#9349=VECTOR('',#14435,1000.);
#9350=VECTOR('',#14436,1000.);
#9351=VECTOR('',#14437,1000.);
#9352=VECTOR('',#14438,1000.);
#9353=VECTOR('',#14439,1000.);
#9354=VECTOR('',#14440,1000.);
#9355=VECTOR('',#14441,1000.);
#9356=VECTOR('',#14442,1000.);
#9357=VECTOR('',#14443,1000.);
#9358=VECTOR('',#14444,1000.);
#9359=VECTOR('',#14445,1000.);
#9360=VECTOR('',#14446,1000.);
#9361=VECTOR('',#14447,1000.);
#9362=VECTOR('',#14448,1000.);
#9363=VECTOR('',#14449,1000.);
#9364=VECTOR('',#14450,1000.);
#9365=VECTOR('',#14451,1000.);
#9366=VECTOR('',#14452,1000.);
#9367=VECTOR('',#14453,1000.);
#9368=VECTOR('',#14454,1000.);
#9369=VECTOR('',#14455,1000.);
#9370=VECTOR('',#14456,1000.);
#9371=VECTOR('',#14457,1000.);
#9372=VECTOR('',#14458,1000.);
#9373=VECTOR('',#14459,1000.);
#9374=VECTOR('',#14460,1000.);
#9375=VECTOR('',#14461,1000.);
#9376=VECTOR('',#14462,1000.);
#9377=VECTOR('',#14463,1000.);
#9378=VECTOR('',#14464,1000.);
#9379=VECTOR('',#14465,1000.);
#9380=VECTOR('',#14466,1000.);
#9381=VECTOR('',#14467,1000.);
#9382=VECTOR('',#14468,1000.);
#9383=VECTOR('',#14469,1000.);
#9384=VECTOR('',#14470,1000.);
#9385=VECTOR('',#14471,1000.);
#9386=VECTOR('',#14472,1000.);
#9387=VECTOR('',#14473,1000.);
#9388=VECTOR('',#14474,1000.);
#9389=VECTOR('',#14475,1000.);
#9390=VECTOR('',#14476,1000.);
#9391=VECTOR('',#14477,1000.);
#9392=VECTOR('',#14478,1000.);
#9393=VECTOR('',#14479,1000.);
#9394=VECTOR('',#14480,1000.);
#9395=VECTOR('',#14481,1000.);
#9396=VECTOR('',#14482,1000.);
#9397=VECTOR('',#14483,1000.);
#9398=VECTOR('',#14484,1000.);
#9399=VECTOR('',#14485,1000.);
#9400=VECTOR('',#14486,1000.);
#9401=VECTOR('',#14487,1000.);
#9402=VECTOR('',#14490,1000.);
#9403=VECTOR('',#14491,1000.);
#9404=VECTOR('',#14492,1000.);
#9405=VECTOR('',#14493,1000.);
#9406=VECTOR('',#14496,1000.);
#9407=VECTOR('',#14497,1000.);
#9408=VECTOR('',#14498,1000.);
#9409=VECTOR('',#14499,1000.);
#9410=VECTOR('',#14502,1000.);
#9411=VECTOR('',#14503,1000.);
#9412=VECTOR('',#14504,1000.);
#9413=VECTOR('',#14505,1000.);
#9414=VECTOR('',#14508,1000.);
#9415=VECTOR('',#14509,1000.);
#9416=VECTOR('',#14510,1000.);
#9417=VECTOR('',#14511,1000.);
#9418=VECTOR('',#14514,1000.);
#9419=VECTOR('',#14515,1000.);
#9420=VECTOR('',#14516,1000.);
#9421=VECTOR('',#14517,1000.);
#9422=VECTOR('',#14520,1000.);
#9423=VECTOR('',#14521,1000.);
#9424=VECTOR('',#14522,1000.);
#9425=VECTOR('',#14523,1000.);
#9426=VECTOR('',#14526,1000.);
#9427=VECTOR('',#14527,1000.);
#9428=VECTOR('',#14528,1000.);
#9429=VECTOR('',#14529,1000.);
#9430=VECTOR('',#14532,1000.);
#9431=VECTOR('',#14533,1000.);
#9432=VECTOR('',#14534,1000.);
#9433=VECTOR('',#14535,1000.);
#9434=VECTOR('',#14538,1000.);
#9435=VECTOR('',#14539,1000.);
#9436=VECTOR('',#14540,1000.);
#9437=VECTOR('',#14541,1000.);
#9438=VECTOR('',#14544,1000.);
#9439=VECTOR('',#14545,1000.);
#9440=VECTOR('',#14546,1000.);
#9441=VECTOR('',#14547,1000.);
#9442=VECTOR('',#14550,1000.);
#9443=VECTOR('',#14551,1000.);
#9444=VECTOR('',#14552,1000.);
#9445=VECTOR('',#14553,1000.);
#9446=VECTOR('',#14556,1000.);
#9447=VECTOR('',#14557,1000.);
#9448=VECTOR('',#14558,1000.);
#9449=VECTOR('',#14559,1000.);
#9450=VECTOR('',#14562,1000.);
#9451=VECTOR('',#14563,1000.);
#9452=VECTOR('',#14564,1000.);
#9453=VECTOR('',#14565,1000.);
#9454=VECTOR('',#14568,1000.);
#9455=VECTOR('',#14569,1000.);
#9456=VECTOR('',#14570,1000.);
#9457=VECTOR('',#14571,1000.);
#9458=VECTOR('',#14574,1000.);
#9459=VECTOR('',#14575,1000.);
#9460=VECTOR('',#14576,1000.);
#9461=VECTOR('',#14577,1000.);
#9462=VECTOR('',#14580,1000.);
#9463=VECTOR('',#14581,1000.);
#9464=VECTOR('',#14582,1000.);
#9465=VECTOR('',#14583,1000.);
#9466=VECTOR('',#14586,1000.);
#9467=VECTOR('',#14587,1000.);
#9468=VECTOR('',#14588,1000.);
#9469=VECTOR('',#14589,1000.);
#9470=VECTOR('',#14592,1000.);
#9471=VECTOR('',#14593,1000.);
#9472=VECTOR('',#14594,1000.);
#9473=VECTOR('',#14595,1000.);
#9474=VECTOR('',#14598,1000.);
#9475=VECTOR('',#14599,1000.);
#9476=VECTOR('',#14600,1000.);
#9477=VECTOR('',#14601,1000.);
#9478=VECTOR('',#14604,1000.);
#9479=VECTOR('',#14605,1000.);
#9480=VECTOR('',#14606,1000.);
#9481=VECTOR('',#14607,1000.);
#9482=VECTOR('',#14610,1000.);
#9483=VECTOR('',#14611,1000.);
#9484=VECTOR('',#14612,1000.);
#9485=VECTOR('',#14613,1000.);
#9486=VECTOR('',#14616,1000.);
#9487=VECTOR('',#14617,1000.);
#9488=VECTOR('',#14618,1000.);
#9489=VECTOR('',#14619,1000.);
#9490=VECTOR('',#14622,1000.);
#9491=VECTOR('',#14623,1000.);
#9492=VECTOR('',#14624,1000.);
#9493=VECTOR('',#14625,1000.);
#9494=VECTOR('',#14628,1000.);
#9495=VECTOR('',#14629,1000.);
#9496=VECTOR('',#14630,1000.);
#9497=VECTOR('',#14631,1000.);
#9498=VECTOR('',#14634,1000.);
#9499=VECTOR('',#14635,1000.);
#9500=VECTOR('',#14636,1000.);
#9501=VECTOR('',#14637,1000.);
#9502=VECTOR('',#14640,1000.);
#9503=VECTOR('',#14641,1000.);
#9504=VECTOR('',#14642,1000.);
#9505=VECTOR('',#14643,1000.);
#9506=VECTOR('',#14646,1000.);
#9507=VECTOR('',#14647,1000.);
#9508=VECTOR('',#14648,1000.);
#9509=VECTOR('',#14649,1000.);
#9510=VECTOR('',#14652,1000.);
#9511=VECTOR('',#14653,1000.);
#9512=VECTOR('',#14654,1000.);
#9513=VECTOR('',#14655,1000.);
#9514=VECTOR('',#14658,1000.);
#9515=VECTOR('',#14659,1000.);
#9516=VECTOR('',#14660,1000.);
#9517=VECTOR('',#14661,1000.);
#9518=VECTOR('',#14664,1000.);
#9519=VECTOR('',#14665,1000.);
#9520=VECTOR('',#14666,1000.);
#9521=VECTOR('',#14667,1000.);
#9522=VECTOR('',#14670,1000.);
#9523=VECTOR('',#14671,1000.);
#9524=VECTOR('',#14672,1000.);
#9525=VECTOR('',#14673,1000.);
#9526=VECTOR('',#14676,1000.);
#9527=VECTOR('',#14677,1000.);
#9528=VECTOR('',#14678,1000.);
#9529=VECTOR('',#14679,1000.);
#9530=VECTOR('',#14682,1000.);
#9531=VECTOR('',#14683,1000.);
#9532=VECTOR('',#14684,1000.);
#9533=VECTOR('',#14685,1000.);
#9534=VECTOR('',#14688,1000.);
#9535=VECTOR('',#14689,1000.);
#9536=VECTOR('',#14690,1000.);
#9537=VECTOR('',#14691,1000.);
#9538=VECTOR('',#14694,1000.);
#9539=VECTOR('',#14695,1000.);
#9540=VECTOR('',#14696,1000.);
#9541=VECTOR('',#14697,1000.);
#9542=VECTOR('',#14700,1000.);
#9543=VECTOR('',#14701,1000.);
#9544=VECTOR('',#14702,1000.);
#9545=VECTOR('',#14703,1000.);
#9546=VECTOR('',#14706,1000.);
#9547=VECTOR('',#14707,1000.);
#9548=VECTOR('',#14708,1000.);
#9549=VECTOR('',#14709,1000.);
#9550=VECTOR('',#14712,1000.);
#9551=VECTOR('',#14713,1000.);
#9552=VECTOR('',#14714,1000.);
#9553=VECTOR('',#14715,1000.);
#9554=VECTOR('',#14718,1000.);
#9555=VECTOR('',#14719,1000.);
#9556=VECTOR('',#14720,1000.);
#9557=VECTOR('',#14721,1000.);
#9558=VECTOR('',#14724,1000.);
#9559=VECTOR('',#14725,1000.);
#9560=VECTOR('',#14726,1000.);
#9561=VECTOR('',#14727,1000.);
#9562=VECTOR('',#14730,1000.);
#9563=VECTOR('',#14731,1000.);
#9564=VECTOR('',#14732,1000.);
#9565=VECTOR('',#14733,1000.);
#9566=VECTOR('',#14736,1000.);
#9567=VECTOR('',#14737,1000.);
#9568=VECTOR('',#14738,1000.);
#9569=VECTOR('',#14739,1000.);
#9570=VECTOR('',#14742,1000.);
#9571=VECTOR('',#14743,1000.);
#9572=VECTOR('',#14744,1000.);
#9573=VECTOR('',#14745,1000.);
#9574=VECTOR('',#14748,1000.);
#9575=VECTOR('',#14749,1000.);
#9576=VECTOR('',#14750,1000.);
#9577=VECTOR('',#14751,1000.);
#9578=VECTOR('',#14754,1000.);
#9579=VECTOR('',#14755,1000.);
#9580=VECTOR('',#14756,1000.);
#9581=VECTOR('',#14757,1000.);
#9582=VECTOR('',#14760,1000.);
#9583=VECTOR('',#14761,1000.);
#9584=VECTOR('',#14762,1000.);
#9585=VECTOR('',#14763,1000.);
#9586=VECTOR('',#14766,1000.);
#9587=VECTOR('',#14767,1000.);
#9588=VECTOR('',#14768,1000.);
#9589=VECTOR('',#14769,1000.);
#9590=VECTOR('',#14772,1000.);
#9591=VECTOR('',#14773,1000.);
#9592=VECTOR('',#14774,1000.);
#9593=VECTOR('',#14775,1000.);
#9594=VECTOR('',#14778,1000.);
#9595=VECTOR('',#14779,1000.);
#9596=VECTOR('',#14780,1000.);
#9597=VECTOR('',#14781,1000.);
#9598=VECTOR('',#14784,1000.);
#9599=VECTOR('',#14785,1000.);
#9600=VECTOR('',#14786,1000.);
#9601=VECTOR('',#14787,1000.);
#9602=VECTOR('',#14790,1000.);
#9603=VECTOR('',#14791,1000.);
#9604=VECTOR('',#14792,1000.);
#9605=VECTOR('',#14793,1000.);
#9606=VECTOR('',#14796,1000.);
#9607=VECTOR('',#14797,1000.);
#9608=VECTOR('',#14798,1000.);
#9609=VECTOR('',#14799,1000.);
#9610=VECTOR('',#14802,1000.);
#9611=VECTOR('',#14803,1000.);
#9612=VECTOR('',#14804,1000.);
#9613=VECTOR('',#14805,1000.);
#9614=VECTOR('',#14808,1000.);
#9615=VECTOR('',#14809,1000.);
#9616=VECTOR('',#14810,1000.);
#9617=VECTOR('',#14811,1000.);
#9618=VECTOR('',#14814,1000.);
#9619=VECTOR('',#14815,1000.);
#9620=VECTOR('',#14816,1000.);
#9621=VECTOR('',#14817,1000.);
#9622=VECTOR('',#14820,1000.);
#9623=VECTOR('',#14821,1000.);
#9624=VECTOR('',#14822,1000.);
#9625=VECTOR('',#14823,1000.);
#9626=VECTOR('',#14826,1000.);
#9627=VECTOR('',#14827,1000.);
#9628=VECTOR('',#14828,1000.);
#9629=VECTOR('',#14829,1000.);
#9630=VECTOR('',#14832,1000.);
#9631=VECTOR('',#14833,1000.);
#9632=VECTOR('',#14834,1000.);
#9633=VECTOR('',#14835,1000.);
#9634=VECTOR('',#14838,1000.);
#9635=VECTOR('',#14839,1000.);
#9636=VECTOR('',#14840,1000.);
#9637=VECTOR('',#14841,1000.);
#9638=VECTOR('',#14844,1000.);
#9639=VECTOR('',#14845,1000.);
#9640=VECTOR('',#14846,1000.);
#9641=VECTOR('',#14847,1000.);
#9642=VECTOR('',#14850,1000.);
#9643=VECTOR('',#14851,1000.);
#9644=VECTOR('',#14852,1000.);
#9645=VECTOR('',#14853,1000.);
#9646=VECTOR('',#14856,1000.);
#9647=VECTOR('',#14857,1000.);
#9648=VECTOR('',#14858,1000.);
#9649=VECTOR('',#14859,1000.);
#9650=VECTOR('',#14862,1000.);
#9651=VECTOR('',#14863,1000.);
#9652=VECTOR('',#14864,1000.);
#9653=VECTOR('',#14865,1000.);
#9654=VECTOR('',#14868,1000.);
#9655=VECTOR('',#14869,1000.);
#9656=VECTOR('',#14870,1000.);
#9657=VECTOR('',#14871,1000.);
#9658=VECTOR('',#14874,1000.);
#9659=VECTOR('',#14875,1000.);
#9660=VECTOR('',#14878,1000.);
#9661=VECTOR('',#14879,1000.);
#9662=VECTOR('',#14882,1000.);
#9663=VECTOR('',#14883,1000.);
#9664=VECTOR('',#14886,1000.);
#9665=VECTOR('',#14887,1000.);
#9666=VECTOR('',#14888,1000.);
#9667=VECTOR('',#14891,1000.);
#9668=VECTOR('',#14892,1000.);
#9669=VECTOR('',#14895,1000.);
#9670=VECTOR('',#14896,1000.);
#9671=VECTOR('',#14897,1000.);
#9672=VECTOR('',#14900,1000.);
#9673=VECTOR('',#14901,1000.);
#9674=VECTOR('',#14904,1000.);
#9675=VECTOR('',#14905,1000.);
#9676=VECTOR('',#14906,1000.);
#9677=VECTOR('',#14909,1000.);
#9678=VECTOR('',#14910,1000.);
#9679=VECTOR('',#14913,1000.);
#9680=VECTOR('',#14914,1000.);
#9681=VECTOR('',#14915,1000.);
#9682=VECTOR('',#14918,1000.);
#9683=VECTOR('',#14919,1000.);
#9684=VECTOR('',#14922,1000.);
#9685=VECTOR('',#14923,1000.);
#9686=VECTOR('',#14924,1000.);
#9687=VECTOR('',#14927,1000.);
#9688=VECTOR('',#14928,1000.);
#9689=VECTOR('',#14931,1000.);
#9690=VECTOR('',#14932,1000.);
#9691=VECTOR('',#14933,1000.);
#9692=VECTOR('',#14936,1000.);
#9693=VECTOR('',#14937,1000.);
#9694=VECTOR('',#14940,1000.);
#9695=VECTOR('',#14941,1000.);
#9696=VECTOR('',#14942,1000.);
#9697=VECTOR('',#14945,1000.);
#9698=VECTOR('',#14946,1000.);
#9699=VECTOR('',#14949,1000.);
#9700=VECTOR('',#14950,1000.);
#9701=VECTOR('',#14951,1000.);
#9702=VECTOR('',#14954,1000.);
#9703=VECTOR('',#14955,1000.);
#9704=VECTOR('',#14958,1000.);
#9705=VECTOR('',#14959,1000.);
#9706=VECTOR('',#14960,1000.);
#9707=VECTOR('',#14963,1000.);
#9708=VECTOR('',#14964,1000.);
#9709=VECTOR('',#14967,1000.);
#9710=VECTOR('',#14968,1000.);
#9711=VECTOR('',#14969,1000.);
#9712=VECTOR('',#14972,1000.);
#9713=VECTOR('',#14973,1000.);
#9714=VECTOR('',#14976,1000.);
#9715=VECTOR('',#14977,1000.);
#9716=VECTOR('',#14978,1000.);
#9717=VECTOR('',#14981,1000.);
#9718=VECTOR('',#14982,1000.);
#9719=VECTOR('',#14985,1000.);
#9720=VECTOR('',#14986,1000.);
#9721=VECTOR('',#14987,1000.);
#9722=VECTOR('',#14990,1000.);
#9723=VECTOR('',#14991,1000.);
#9724=VECTOR('',#14994,1000.);
#9725=VECTOR('',#14995,1000.);
#9726=VECTOR('',#14996,1000.);
#9727=VECTOR('',#14999,1000.);
#9728=VECTOR('',#15000,1000.);
#9729=VECTOR('',#15003,1000.);
#9730=VECTOR('',#15004,1000.);
#9731=VECTOR('',#15005,1000.);
#9732=VECTOR('',#15008,1000.);
#9733=VECTOR('',#15009,1000.);
#9734=VECTOR('',#15012,1000.);
#9735=VECTOR('',#15013,1000.);
#9736=VECTOR('',#15014,1000.);
#9737=VECTOR('',#15017,1000.);
#9738=VECTOR('',#15018,1000.);
#9739=VECTOR('',#15021,1000.);
#9740=VECTOR('',#15022,1000.);
#9741=VECTOR('',#15023,1000.);
#9742=VECTOR('',#15026,1000.);
#9743=VECTOR('',#15027,1000.);
#9744=VECTOR('',#15030,1000.);
#9745=VECTOR('',#15031,1000.);
#9746=VECTOR('',#15032,1000.);
#9747=VECTOR('',#15035,1000.);
#9748=VECTOR('',#15036,1000.);
#9749=VECTOR('',#15039,1000.);
#9750=VECTOR('',#15040,1000.);
#9751=VECTOR('',#15041,1000.);
#9752=VECTOR('',#15044,1000.);
#9753=VECTOR('',#15045,1000.);
#9754=VECTOR('',#15048,1000.);
#9755=VECTOR('',#15049,1000.);
#9756=VECTOR('',#15050,1000.);
#9757=VECTOR('',#15053,1000.);
#9758=VECTOR('',#15054,1000.);
#9759=VECTOR('',#15057,1000.);
#9760=VECTOR('',#15058,1000.);
#9761=VECTOR('',#15059,1000.);
#9762=VECTOR('',#15062,1000.);
#9763=VECTOR('',#15063,1000.);
#9764=VECTOR('',#15066,1000.);
#9765=VECTOR('',#15067,1000.);
#9766=VECTOR('',#15068,1000.);
#9767=VECTOR('',#15071,1000.);
#9768=VECTOR('',#15072,1000.);
#9769=VECTOR('',#15075,1000.);
#9770=VECTOR('',#15076,1000.);
#9771=VECTOR('',#15077,1000.);
#9772=VECTOR('',#15080,1000.);
#9773=VECTOR('',#15081,1000.);
#9774=VECTOR('',#15084,1000.);
#9775=VECTOR('',#15085,1000.);
#9776=VECTOR('',#15086,1000.);
#9777=VECTOR('',#15089,1000.);
#9778=VECTOR('',#15090,1000.);
#9779=VECTOR('',#15093,1000.);
#9780=VECTOR('',#15094,1000.);
#9781=VECTOR('',#15095,1000.);
#9782=VECTOR('',#15098,1000.);
#9783=VECTOR('',#15099,1000.);
#9784=VECTOR('',#15102,1000.);
#9785=VECTOR('',#15103,1000.);
#9786=VECTOR('',#15104,1000.);
#9787=VECTOR('',#15107,1000.);
#9788=VECTOR('',#15108,1000.);
#9789=VECTOR('',#15111,1000.);
#9790=VECTOR('',#15112,1000.);
#9791=VECTOR('',#15113,1000.);
#9792=VECTOR('',#15116,1000.);
#9793=VECTOR('',#15117,1000.);
#9794=VECTOR('',#15120,1000.);
#9795=VECTOR('',#15121,1000.);
#9796=VECTOR('',#15122,1000.);
#9797=VECTOR('',#15125,1000.);
#9798=VECTOR('',#15126,1000.);
#9799=VECTOR('',#15129,1000.);
#9800=VECTOR('',#15130,1000.);
#9801=VECTOR('',#15131,1000.);
#9802=VECTOR('',#15134,1000.);
#9803=VECTOR('',#15135,1000.);
#9804=VECTOR('',#15138,1000.);
#9805=VECTOR('',#15139,1000.);
#9806=VECTOR('',#15140,1000.);
#9807=VECTOR('',#15143,1000.);
#9808=VECTOR('',#15144,1000.);
#9809=VECTOR('',#15147,1000.);
#9810=VECTOR('',#15148,1000.);
#9811=VECTOR('',#15149,1000.);
#9812=VECTOR('',#15152,1000.);
#9813=VECTOR('',#15153,1000.);
#9814=VECTOR('',#15156,1000.);
#9815=VECTOR('',#15157,1000.);
#9816=VECTOR('',#15158,1000.);
#9817=VECTOR('',#15161,1000.);
#9818=VECTOR('',#15162,1000.);
#9819=VECTOR('',#15165,1000.);
#9820=VECTOR('',#15166,1000.);
#9821=VECTOR('',#15169,1000.);
#9822=VECTOR('',#15170,1000.);
#9823=VECTOR('',#15173,1000.);
#9824=VECTOR('',#15174,1000.);
#9825=VECTOR('',#15175,1000.);
#9826=VECTOR('',#15178,1000.);
#9827=VECTOR('',#15179,1000.);
#9828=VECTOR('',#15182,1000.);
#9829=VECTOR('',#15183,1000.);
#9830=VECTOR('',#15184,1000.);
#9831=VECTOR('',#15187,1000.);
#9832=VECTOR('',#15188,1000.);
#9833=VECTOR('',#15191,1000.);
#9834=VECTOR('',#15192,1000.);
#9835=VECTOR('',#15193,1000.);
#9836=VECTOR('',#15196,1000.);
#9837=VECTOR('',#15197,1000.);
#9838=VECTOR('',#15200,1000.);
#9839=VECTOR('',#15201,1000.);
#9840=VECTOR('',#15202,1000.);
#9841=VECTOR('',#15205,1000.);
#9842=VECTOR('',#15206,1000.);
#9843=VECTOR('',#15209,1000.);
#9844=VECTOR('',#15210,1000.);
#9845=VECTOR('',#15211,1000.);
#9846=VECTOR('',#15214,1000.);
#9847=VECTOR('',#15215,1000.);
#9848=VECTOR('',#15218,1000.);
#9849=VECTOR('',#15219,1000.);
#9850=VECTOR('',#15220,1000.);
#9851=VECTOR('',#15223,1000.);
#9852=VECTOR('',#15224,1000.);
#9853=VECTOR('',#15227,1000.);
#9854=VECTOR('',#15228,1000.);
#9855=VECTOR('',#15229,1000.);
#9856=VECTOR('',#15232,1000.);
#9857=VECTOR('',#15233,1000.);
#9858=VECTOR('',#15236,1000.);
#9859=VECTOR('',#15237,1000.);
#9860=VECTOR('',#15238,1000.);
#9861=VECTOR('',#15241,1000.);
#9862=VECTOR('',#15242,1000.);
#9863=VECTOR('',#15245,1000.);
#9864=VECTOR('',#15246,1000.);
#9865=VECTOR('',#15247,1000.);
#9866=VECTOR('',#15250,1000.);
#9867=VECTOR('',#15251,1000.);
#9868=VECTOR('',#15254,1000.);
#9869=VECTOR('',#15255,1000.);
#9870=VECTOR('',#15256,1000.);
#9871=VECTOR('',#15259,1000.);
#9872=VECTOR('',#15260,1000.);
#9873=VECTOR('',#15263,1000.);
#9874=VECTOR('',#15264,1000.);
#9875=VECTOR('',#15265,1000.);
#9876=VECTOR('',#15268,1000.);
#9877=VECTOR('',#15269,1000.);
#9878=VECTOR('',#15272,1000.);
#9879=VECTOR('',#15273,1000.);
#9880=VECTOR('',#15274,1000.);
#9881=VECTOR('',#15277,1000.);
#9882=VECTOR('',#15278,1000.);
#9883=VECTOR('',#15281,1000.);
#9884=VECTOR('',#15282,1000.);
#9885=VECTOR('',#15283,1000.);
#9886=VECTOR('',#15286,1000.);
#9887=VECTOR('',#15287,1000.);
#9888=VECTOR('',#15290,1000.);
#9889=VECTOR('',#15291,1000.);
#9890=VECTOR('',#15292,1000.);
#9891=VECTOR('',#15295,1000.);
#9892=VECTOR('',#15296,1000.);
#9893=VECTOR('',#15299,1000.);
#9894=VECTOR('',#15300,1000.);
#9895=VECTOR('',#15301,1000.);
#9896=VECTOR('',#15304,1000.);
#9897=VECTOR('',#15305,1000.);
#9898=VECTOR('',#15308,1000.);
#9899=VECTOR('',#15309,1000.);
#9900=VECTOR('',#15310,1000.);
#9901=VECTOR('',#15313,1000.);
#9902=VECTOR('',#15314,1000.);
#9903=VECTOR('',#15317,1000.);
#9904=VECTOR('',#15318,1000.);
#9905=VECTOR('',#15319,1000.);
#9906=VECTOR('',#15322,1000.);
#9907=VECTOR('',#15323,1000.);
#9908=VECTOR('',#15326,1000.);
#9909=VECTOR('',#15327,1000.);
#9910=VECTOR('',#15328,1000.);
#9911=VECTOR('',#15331,1000.);
#9912=VECTOR('',#15332,1000.);
#9913=VECTOR('',#15335,1000.);
#9914=VECTOR('',#15336,1000.);
#9915=VECTOR('',#15337,1000.);
#9916=VECTOR('',#15340,1000.);
#9917=VECTOR('',#15341,1000.);
#9918=VECTOR('',#15344,1000.);
#9919=VECTOR('',#15345,1000.);
#9920=VECTOR('',#15346,1000.);
#9921=VECTOR('',#15349,1000.);
#9922=VECTOR('',#15350,1000.);
#9923=VECTOR('',#15353,1000.);
#9924=VECTOR('',#15354,1000.);
#9925=VECTOR('',#15355,1000.);
#9926=VECTOR('',#15358,1000.);
#9927=VECTOR('',#15359,1000.);
#9928=VECTOR('',#15362,1000.);
#9929=VECTOR('',#15363,1000.);
#9930=VECTOR('',#15364,1000.);
#9931=VECTOR('',#15367,1000.);
#9932=VECTOR('',#15368,1000.);
#9933=VECTOR('',#15371,1000.);
#9934=VECTOR('',#15372,1000.);
#9935=VECTOR('',#15373,1000.);
#9936=VECTOR('',#15376,1000.);
#9937=VECTOR('',#15377,1000.);
#9938=VECTOR('',#15380,1000.);
#9939=VECTOR('',#15381,1000.);
#9940=VECTOR('',#15382,1000.);
#9941=VECTOR('',#15385,1000.);
#9942=VECTOR('',#15386,1000.);
#9943=VECTOR('',#15389,1000.);
#9944=VECTOR('',#15390,1000.);
#9945=VECTOR('',#15391,1000.);
#9946=VECTOR('',#15394,1000.);
#9947=VECTOR('',#15395,1000.);
#9948=VECTOR('',#15398,1000.);
#9949=VECTOR('',#15399,1000.);
#9950=VECTOR('',#15400,1000.);
#9951=VECTOR('',#15403,1000.);
#9952=VECTOR('',#15404,1000.);
#9953=VECTOR('',#15407,1000.);
#9954=VECTOR('',#15408,1000.);
#9955=VECTOR('',#15409,1000.);
#9956=VECTOR('',#15412,1000.);
#9957=VECTOR('',#15413,1000.);
#9958=VECTOR('',#15416,1000.);
#9959=VECTOR('',#15417,1000.);
#9960=VECTOR('',#15418,1000.);
#9961=VECTOR('',#15421,1000.);
#9962=VECTOR('',#15422,1000.);
#9963=VECTOR('',#15425,1000.);
#9964=VECTOR('',#15426,1000.);
#9965=VECTOR('',#15427,1000.);
#9966=VECTOR('',#15430,1000.);
#9967=VECTOR('',#15431,1000.);
#9968=VECTOR('',#15434,1000.);
#9969=VECTOR('',#15435,1000.);
#9970=VECTOR('',#15436,1000.);
#9971=VECTOR('',#15439,1000.);
#9972=VECTOR('',#15440,1000.);
#9973=VECTOR('',#15443,1000.);
#9974=VECTOR('',#15444,1000.);
#9975=VECTOR('',#15445,1000.);
#9976=VECTOR('',#15448,1000.);
#9977=VECTOR('',#15449,1000.);
#9978=VECTOR('',#15452,1000.);
#9979=VECTOR('',#15453,1000.);
#9980=VECTOR('',#15712,1000.);
#9981=VECTOR('',#15713,1000.);
#9982=VECTOR('',#15716,1000.);
#9983=VECTOR('',#15719,1000.);
#9984=VECTOR('',#15724,1000.);
#9985=VECTOR('',#15725,1000.);
#9986=VECTOR('',#15728,1000.);
#9987=VECTOR('',#15731,1000.);
#9988=VECTOR('',#15736,1000.);
#9989=VECTOR('',#15737,1000.);
#9990=VECTOR('',#15740,1000.);
#9991=VECTOR('',#15743,1000.);
#9992=VECTOR('',#15748,1000.);
#9993=VECTOR('',#15749,1000.);
#9994=VECTOR('',#15752,1000.);
#9995=VECTOR('',#15755,1000.);
#9996=VECTOR('',#15760,1000.);
#9997=VECTOR('',#15761,1000.);
#9998=VECTOR('',#15764,1000.);
#9999=VECTOR('',#15767,1000.);
#10000=VECTOR('',#15772,1000.);
#10001=VECTOR('',#15773,1000.);
#10002=VECTOR('',#15776,1000.);
#10003=VECTOR('',#15779,1000.);
#10004=VECTOR('',#15784,1000.);
#10005=VECTOR('',#15785,1000.);
#10006=VECTOR('',#15788,1000.);
#10007=VECTOR('',#15791,1000.);
#10008=VECTOR('',#15796,1000.);
#10009=VECTOR('',#15797,1000.);
#10010=VECTOR('',#15800,1000.);
#10011=VECTOR('',#15803,1000.);
#10012=VECTOR('',#15808,1000.);
#10013=VECTOR('',#15809,1000.);
#10014=VECTOR('',#15812,1000.);
#10015=VECTOR('',#15815,1000.);
#10016=VECTOR('',#15820,1000.);
#10017=VECTOR('',#15821,1000.);
#10018=VECTOR('',#15824,1000.);
#10019=VECTOR('',#15827,1000.);
#10020=VECTOR('',#15832,1000.);
#10021=VECTOR('',#15833,1000.);
#10022=VECTOR('',#15836,1000.);
#10023=VECTOR('',#15839,1000.);
#10024=VECTOR('',#15844,1000.);
#10025=VECTOR('',#15845,1000.);
#10026=VECTOR('',#15848,1000.);
#10027=VECTOR('',#15851,1000.);
#10028=VECTOR('',#15856,1000.);
#10029=VECTOR('',#15857,1000.);
#10030=VECTOR('',#15860,1000.);
#10031=VECTOR('',#15863,1000.);
#10032=VECTOR('',#15868,1000.);
#10033=VECTOR('',#15869,1000.);
#10034=VECTOR('',#15872,1000.);
#10035=VECTOR('',#15875,1000.);
#10036=VECTOR('',#15880,1000.);
#10037=VECTOR('',#15881,1000.);
#10038=VECTOR('',#15884,1000.);
#10039=VECTOR('',#15887,1000.);
#10040=VECTOR('',#15892,1000.);
#10041=VECTOR('',#15893,1000.);
#10042=VECTOR('',#15896,1000.);
#10043=VECTOR('',#15899,1000.);
#10044=VECTOR('',#15904,1000.);
#10045=VECTOR('',#15905,1000.);
#10046=VECTOR('',#15908,1000.);
#10047=VECTOR('',#15911,1000.);
#10048=VECTOR('',#15916,1000.);
#10049=VECTOR('',#15917,1000.);
#10050=VECTOR('',#15920,1000.);
#10051=VECTOR('',#15923,1000.);
#10052=VECTOR('',#15928,1000.);
#10053=VECTOR('',#15929,1000.);
#10054=VECTOR('',#15932,1000.);
#10055=VECTOR('',#15935,1000.);
#10056=VECTOR('',#15940,1000.);
#10057=VECTOR('',#15941,1000.);
#10058=VECTOR('',#15944,1000.);
#10059=VECTOR('',#15947,1000.);
#10060=VECTOR('',#15952,1000.);
#10061=VECTOR('',#15953,1000.);
#10062=VECTOR('',#15956,1000.);
#10063=VECTOR('',#15959,1000.);
#10064=VECTOR('',#15964,1000.);
#10065=VECTOR('',#15965,1000.);
#10066=VECTOR('',#15968,1000.);
#10067=VECTOR('',#15971,1000.);
#10068=VECTOR('',#15976,1000.);
#10069=VECTOR('',#15977,1000.);
#10070=VECTOR('',#15980,1000.);
#10071=VECTOR('',#15983,1000.);
#10072=VECTOR('',#15988,1000.);
#10073=VECTOR('',#15989,1000.);
#10074=VECTOR('',#15992,1000.);
#10075=VECTOR('',#15995,1000.);
#10076=VECTOR('',#16000,1000.);
#10077=VECTOR('',#16001,1000.);
#10078=VECTOR('',#16004,1000.);
#10079=VECTOR('',#16007,1000.);
#10080=VECTOR('',#16012,1000.);
#10081=VECTOR('',#16013,1000.);
#10082=VECTOR('',#16016,1000.);
#10083=VECTOR('',#16019,1000.);
#10084=VECTOR('',#16024,1000.);
#10085=VECTOR('',#16025,1000.);
#10086=VECTOR('',#16028,1000.);
#10087=VECTOR('',#16031,1000.);
#10088=VECTOR('',#16036,1000.);
#10089=VECTOR('',#16037,1000.);
#10090=VECTOR('',#16040,1000.);
#10091=VECTOR('',#16043,1000.);
#10092=VECTOR('',#16048,1000.);
#10093=VECTOR('',#16049,1000.);
#10094=VECTOR('',#16052,1000.);
#10095=VECTOR('',#16055,1000.);
#10096=VECTOR('',#16060,1000.);
#10097=VECTOR('',#16061,1000.);
#10098=VECTOR('',#16064,1000.);
#10099=VECTOR('',#16067,1000.);
#10100=VECTOR('',#16072,1000.);
#10101=VECTOR('',#16073,1000.);
#10102=VECTOR('',#16076,1000.);
#10103=VECTOR('',#16079,1000.);
#10104=VECTOR('',#16084,1000.);
#10105=VECTOR('',#16085,1000.);
#10106=VECTOR('',#16088,1000.);
#10107=VECTOR('',#16091,1000.);
#10108=VECTOR('',#16096,1000.);
#10109=VECTOR('',#16097,1000.);
#10110=VECTOR('',#16100,1000.);
#10111=VECTOR('',#16103,1000.);
#10112=VECTOR('',#16108,1000.);
#10113=VECTOR('',#16109,1000.);
#10114=VECTOR('',#16112,1000.);
#10115=VECTOR('',#16115,1000.);
#10116=VECTOR('',#16120,1000.);
#10117=VECTOR('',#16121,1000.);
#10118=VECTOR('',#16124,1000.);
#10119=VECTOR('',#16127,1000.);
#10120=VECTOR('',#16132,1000.);
#10121=VECTOR('',#16133,1000.);
#10122=VECTOR('',#16136,1000.);
#10123=VECTOR('',#16139,1000.);
#10124=VECTOR('',#16144,1000.);
#10125=VECTOR('',#16145,1000.);
#10126=VECTOR('',#16148,1000.);
#10127=VECTOR('',#16151,1000.);
#10128=VECTOR('',#16156,1000.);
#10129=VECTOR('',#16157,1000.);
#10130=VECTOR('',#16160,1000.);
#10131=VECTOR('',#16163,1000.);
#10132=VECTOR('',#16168,1000.);
#10133=VECTOR('',#16169,1000.);
#10134=VECTOR('',#16172,1000.);
#10135=VECTOR('',#16175,1000.);
#10136=VECTOR('',#16180,1000.);
#10137=VECTOR('',#16181,1000.);
#10138=VECTOR('',#16184,1000.);
#10139=VECTOR('',#16187,1000.);
#10140=VECTOR('',#16192,1000.);
#10141=VECTOR('',#16193,1000.);
#10142=VECTOR('',#16196,1000.);
#10143=VECTOR('',#16199,1000.);
#10144=VECTOR('',#16204,1000.);
#10145=VECTOR('',#16205,1000.);
#10146=VECTOR('',#16208,1000.);
#10147=VECTOR('',#16211,1000.);
#10148=VECTOR('',#16216,1000.);
#10149=VECTOR('',#16217,1000.);
#10150=VECTOR('',#16220,1000.);
#10151=VECTOR('',#16223,1000.);
#10152=VECTOR('',#16228,1000.);
#10153=VECTOR('',#16229,1000.);
#10154=VECTOR('',#16232,1000.);
#10155=VECTOR('',#16235,1000.);
#10156=VECTOR('',#16240,1000.);
#10157=VECTOR('',#16241,1000.);
#10158=VECTOR('',#16244,1000.);
#10159=VECTOR('',#16247,1000.);
#10160=VECTOR('',#16252,1000.);
#10161=VECTOR('',#16253,1000.);
#10162=VECTOR('',#16256,1000.);
#10163=VECTOR('',#16259,1000.);
#10164=VECTOR('',#16264,1000.);
#10165=VECTOR('',#16265,1000.);
#10166=VECTOR('',#16268,1000.);
#10167=VECTOR('',#16271,1000.);
#10168=VECTOR('',#16276,1000.);
#10169=VECTOR('',#16277,1000.);
#10170=VECTOR('',#16280,1000.);
#10171=VECTOR('',#16283,1000.);
#10172=VECTOR('',#16288,1000.);
#10173=VECTOR('',#16289,1000.);
#10174=VECTOR('',#16292,1000.);
#10175=VECTOR('',#16295,1000.);
#10176=VECTOR('',#16300,1000.);
#10177=VECTOR('',#16301,1000.);
#10178=VECTOR('',#16304,1000.);
#10179=VECTOR('',#16307,1000.);
#10180=VECTOR('',#16312,1000.);
#10181=VECTOR('',#16313,1000.);
#10182=VECTOR('',#16316,1000.);
#10183=VECTOR('',#16319,1000.);
#10184=VECTOR('',#16324,1000.);
#10185=VECTOR('',#16325,1000.);
#10186=VECTOR('',#16328,1000.);
#10187=VECTOR('',#16331,1000.);
#10188=VECTOR('',#16336,1000.);
#10189=VECTOR('',#16337,1000.);
#10190=VECTOR('',#16340,1000.);
#10191=VECTOR('',#16343,1000.);
#10192=VECTOR('',#16348,1000.);
#10193=VECTOR('',#16349,1000.);
#10194=VECTOR('',#16352,1000.);
#10195=VECTOR('',#16355,1000.);
#10196=VECTOR('',#16360,1000.);
#10197=VECTOR('',#16361,1000.);
#10198=VECTOR('',#16364,1000.);
#10199=VECTOR('',#16367,1000.);
#10200=VECTOR('',#16372,1000.);
#10201=VECTOR('',#16373,1000.);
#10202=VECTOR('',#16376,1000.);
#10203=VECTOR('',#16379,1000.);
#10204=VECTOR('',#16384,1000.);
#10205=VECTOR('',#16385,1000.);
#10206=VECTOR('',#16388,1000.);
#10207=VECTOR('',#16391,1000.);
#10208=VECTOR('',#16396,1000.);
#10209=VECTOR('',#16397,1000.);
#10210=VECTOR('',#16400,1000.);
#10211=VECTOR('',#16403,1000.);
#10212=VECTOR('',#16408,1000.);
#10213=VECTOR('',#16409,1000.);
#10214=VECTOR('',#16412,1000.);
#10215=VECTOR('',#16415,1000.);
#10216=VECTOR('',#16420,1000.);
#10217=VECTOR('',#16421,1000.);
#10218=VECTOR('',#16424,1000.);
#10219=VECTOR('',#16427,1000.);
#10220=VECTOR('',#16432,1000.);
#10221=VECTOR('',#16433,1000.);
#10222=VECTOR('',#16436,1000.);
#10223=VECTOR('',#16439,1000.);
#10224=VECTOR('',#16444,1000.);
#10225=VECTOR('',#16445,1000.);
#10226=VECTOR('',#16448,1000.);
#10227=VECTOR('',#16451,1000.);
#10228=VECTOR('',#16456,1000.);
#10229=VECTOR('',#16457,1000.);
#10230=VECTOR('',#16460,1000.);
#10231=VECTOR('',#16463,1000.);
#10232=VECTOR('',#16468,1000.);
#10233=VECTOR('',#16469,1000.);
#10234=VECTOR('',#16472,1000.);
#10235=VECTOR('',#16475,1000.);
#10236=VECTOR('',#16482,1000.);
#10237=VECTOR('',#16483,1000.);
#10238=VECTOR('',#16484,1000.);
#10239=VECTOR('',#16485,1000.);
#10240=VECTOR('',#16488,1000.);
#10241=VECTOR('',#16489,1000.);
#10242=VECTOR('',#16490,1000.);
#10243=VECTOR('',#16491,1000.);
#10244=VECTOR('',#16494,1000.);
#10245=VECTOR('',#16495,1000.);
#10246=VECTOR('',#16496,1000.);
#10247=VECTOR('',#16497,1000.);
#10248=VECTOR('',#16500,1000.);
#10249=VECTOR('',#16501,1000.);
#10250=VECTOR('',#16502,1000.);
#10251=VECTOR('',#16503,1000.);
#10252=VECTOR('',#16506,1000.);
#10253=VECTOR('',#16507,1000.);
#10254=VECTOR('',#16510,1000.);
#10255=VECTOR('',#16511,1000.);
#10256=VECTOR('',#16514,1000.);
#10257=VECTOR('',#16515,1000.);
#10258=VECTOR('',#16518,1000.);
#10259=VECTOR('',#16521,1000.);
#10260=VECTOR('',#16526,1000.);
#10261=VECTOR('',#16527,1000.);
#10262=VECTOR('',#16530,1000.);
#10263=VECTOR('',#16533,1000.);
#10264=EDGE_LOOP('',(#282,#283,#284,#285));
#10265=EDGE_LOOP('',(#286,#287,#288,#289));
#10266=EDGE_LOOP('',(#290,#291,#292,#293));
#10267=EDGE_LOOP('',(#294,#295,#296,#297));
#10268=EDGE_LOOP('',(#298,#299,#300,#301));
#10269=EDGE_LOOP('',(#302,#303,#304,#305));
#10270=EDGE_LOOP('',(#306,#307,#308,#309));
#10271=EDGE_LOOP('',(#310,#311,#312,#313));
#10272=EDGE_LOOP('',(#314,#315,#316,#317));
#10273=EDGE_LOOP('',(#318,#319,#320,#321));
#10274=EDGE_LOOP('',(#322,#323,#324,#325));
#10275=EDGE_LOOP('',(#326,#327,#328,#329));
#10276=EDGE_LOOP('',(#330,#331,#332,#333));
#10277=EDGE_LOOP('',(#334,#335,#336,#337));
#10278=EDGE_LOOP('',(#338,#339,#340,#341));
#10279=EDGE_LOOP('',(#342,#343,#344,#345));
#10280=EDGE_LOOP('',(#346,#347,#348,#349));
#10281=EDGE_LOOP('',(#350,#351,#352,#353));
#10282=EDGE_LOOP('',(#354,#355,#356,#357));
#10283=EDGE_LOOP('',(#358,#359,#360,#361));
#10284=EDGE_LOOP('',(#362,#363,#364,#365));
#10285=EDGE_LOOP('',(#366,#367,#368,#369));
#10286=EDGE_LOOP('',(#370,#371,#372,#373));
#10287=EDGE_LOOP('',(#374,#375,#376,#377));
#10288=EDGE_LOOP('',(#378,#379,#380,#381));
#10289=EDGE_LOOP('',(#382,#383,#384,#385));
#10290=EDGE_LOOP('',(#386,#387,#388,#389));
#10291=EDGE_LOOP('',(#390,#391,#392,#393));
#10292=EDGE_LOOP('',(#394,#395,#396,#397));
#10293=EDGE_LOOP('',(#398,#399,#400,#401));
#10294=EDGE_LOOP('',(#402,#403,#404,#405));
#10295=EDGE_LOOP('',(#406,#407,#408,#409));
#10296=EDGE_LOOP('',(#410,#411,#412,#413,#414,#415,#416,#417,#418,#419,
#420,#421,#422,#423,#424,#425,#426,#427,#428,#429,#430,#431,#432,#433,#434,
#435,#436,#437,#438,#439,#440,#441,#442,#443,#444,#445,#446,#447,#448,#449,
#450,#451,#452,#453,#454,#455,#456,#457,#458,#459,#460,#461,#462,#463,#464,
#465,#466,#467,#468,#469,#470,#471,#472,#473,#474,#475,#476,#477,#478,#479,
#480,#481,#482,#483,#484,#485,#486,#487,#488,#489,#490,#491,#492,#493,#494,
#495,#496,#497,#498,#499,#500,#501,#502,#503,#504,#505,#506,#507,#508,#509,
#510,#511,#512,#513,#514,#515,#516,#517,#518,#519,#520,#521,#522,#523,#524,
#525,#526,#527,#528,#529,#530,#531,#532,#533,#534,#535,#536,#537,#538,#539,
#540,#541,#542,#543,#544,#545,#546,#547,#548,#549,#550,#551,#552,#553,#554,
#555,#556,#557,#558,#559,#560,#561,#562,#563,#564,#565,#566,#567,#568,#569,
#570,#571,#572,#573,#574,#575,#576,#577,#578,#579,#580,#581,#582,#583,#584,
#585,#586,#587,#588,#589,#590,#591,#592,#593,#594,#595,#596,#597,#598,#599,
#600,#601,#602,#603));
#10297=EDGE_LOOP('',(#604,#605,#606,#607));
#10298=EDGE_LOOP('',(#608,#609,#610,#611));
#10299=EDGE_LOOP('',(#612,#613,#614,#615));
#10300=EDGE_LOOP('',(#616,#617,#618,#619));
#10301=EDGE_LOOP('',(#620,#621,#622,#623));
#10302=EDGE_LOOP('',(#624,#625,#626,#627));
#10303=EDGE_LOOP('',(#628,#629,#630,#631));
#10304=EDGE_LOOP('',(#632,#633,#634,#635));
#10305=EDGE_LOOP('',(#636,#637,#638,#639));
#10306=EDGE_LOOP('',(#640,#641,#642,#643));
#10307=EDGE_LOOP('',(#644,#645,#646,#647));
#10308=EDGE_LOOP('',(#648,#649,#650,#651));
#10309=EDGE_LOOP('',(#652,#653,#654,#655));
#10310=EDGE_LOOP('',(#656,#657,#658,#659));
#10311=EDGE_LOOP('',(#660,#661,#662,#663));
#10312=EDGE_LOOP('',(#664,#665,#666,#667));
#10313=EDGE_LOOP('',(#668,#669,#670,#671));
#10314=EDGE_LOOP('',(#672,#673,#674,#675));
#10315=EDGE_LOOP('',(#676,#677,#678,#679));
#10316=EDGE_LOOP('',(#680,#681,#682,#683));
#10317=EDGE_LOOP('',(#684,#685,#686,#687));
#10318=EDGE_LOOP('',(#688,#689,#690,#691));
#10319=EDGE_LOOP('',(#692,#693,#694,#695));
#10320=EDGE_LOOP('',(#696,#697,#698,#699));
#10321=EDGE_LOOP('',(#700,#701,#702,#703));
#10322=EDGE_LOOP('',(#704,#705,#706,#707));
#10323=EDGE_LOOP('',(#708,#709,#710,#711));
#10324=EDGE_LOOP('',(#712,#713,#714,#715));
#10325=EDGE_LOOP('',(#716,#717,#718,#719));
#10326=EDGE_LOOP('',(#720,#721,#722,#723));
#10327=EDGE_LOOP('',(#724,#725,#726,#727));
#10328=EDGE_LOOP('',(#728,#729,#730,#731));
#10329=EDGE_LOOP('',(#732,#733,#734,#735));
#10330=EDGE_LOOP('',(#736,#737,#738,#739));
#10331=EDGE_LOOP('',(#740,#741,#742,#743));
#10332=EDGE_LOOP('',(#744,#745,#746,#747));
#10333=EDGE_LOOP('',(#748,#749,#750,#751));
#10334=EDGE_LOOP('',(#752,#753,#754,#755));
#10335=EDGE_LOOP('',(#756,#757,#758,#759));
#10336=EDGE_LOOP('',(#760,#761,#762,#763));
#10337=EDGE_LOOP('',(#764,#765,#766,#767));
#10338=EDGE_LOOP('',(#768,#769,#770,#771));
#10339=EDGE_LOOP('',(#772,#773,#774,#775));
#10340=EDGE_LOOP('',(#776,#777,#778,#779));
#10341=EDGE_LOOP('',(#780,#781,#782,#783));
#10342=EDGE_LOOP('',(#784,#785,#786,#787));
#10343=EDGE_LOOP('',(#788,#789,#790,#791));
#10344=EDGE_LOOP('',(#792,#793,#794,#795));
#10345=EDGE_LOOP('',(#796,#797,#798,#799));
#10346=EDGE_LOOP('',(#800,#801,#802,#803));
#10347=EDGE_LOOP('',(#804,#805,#806,#807));
#10348=EDGE_LOOP('',(#808,#809,#810,#811));
#10349=EDGE_LOOP('',(#812,#813,#814,#815));
#10350=EDGE_LOOP('',(#816,#817,#818,#819));
#10351=EDGE_LOOP('',(#820,#821,#822,#823));
#10352=EDGE_LOOP('',(#824,#825,#826,#827));
#10353=EDGE_LOOP('',(#828,#829,#830,#831));
#10354=EDGE_LOOP('',(#832,#833,#834,#835));
#10355=EDGE_LOOP('',(#836,#837,#838,#839));
#10356=EDGE_LOOP('',(#840,#841,#842,#843));
#10357=EDGE_LOOP('',(#844,#845,#846,#847));
#10358=EDGE_LOOP('',(#848,#849,#850,#851));
#10359=EDGE_LOOP('',(#852,#853,#854,#855));
#10360=EDGE_LOOP('',(#856,#857,#858,#859));
#10361=EDGE_LOOP('',(#860,#861,#862,#863,#864,#865,#866,#867,#868,#869,
#870,#871,#872,#873,#874,#875,#876,#877,#878,#879,#880,#881,#882,#883,#884,
#885,#886,#887,#888,#889,#890,#891,#892,#893,#894,#895,#896,#897,#898,#899,
#900,#901,#902,#903,#904,#905,#906,#907,#908,#909,#910,#911,#912,#913,#914,
#915,#916,#917,#918,#919,#920,#921,#922,#923,#924,#925,#926,#927,#928,#929,
#930,#931,#932,#933,#934,#935,#936,#937,#938,#939,#940,#941,#942,#943,#944,
#945,#946,#947,#948,#949,#950,#951,#952,#953,#954,#955,#956,#957,#958,#959,
#960,#961,#962,#963,#964,#965,#966,#967,#968,#969,#970,#971,#972,#973,#974,
#975,#976,#977,#978,#979,#980,#981,#982,#983,#984,#985,#986,#987,#988,#989,
#990,#991,#992,#993,#994,#995,#996,#997,#998,#999,#1000,#1001,#1002,#1003,
#1004,#1005,#1006,#1007,#1008,#1009,#1010,#1011,#1012,#1013,#1014,#1015,
#1016,#1017,#1018,#1019,#1020,#1021,#1022,#1023,#1024,#1025,#1026,#1027,
#1028,#1029,#1030,#1031,#1032,#1033,#1034,#1035,#1036,#1037,#1038,#1039,
#1040,#1041,#1042,#1043,#1044,#1045,#1046,#1047,#1048,#1049,#1050,#1051,
#1052,#1053));
#10362=EDGE_LOOP('',(#1054,#1055,#1056,#1057));
#10363=EDGE_LOOP('',(#1058,#1059,#1060,#1061));
#10364=EDGE_LOOP('',(#1062,#1063,#1064,#1065));
#10365=EDGE_LOOP('',(#1066,#1067,#1068,#1069));
#10366=EDGE_LOOP('',(#1070,#1071,#1072,#1073));
#10367=EDGE_LOOP('',(#1074,#1075,#1076,#1077));
#10368=EDGE_LOOP('',(#1078,#1079,#1080,#1081));
#10369=EDGE_LOOP('',(#1082,#1083,#1084,#1085));
#10370=EDGE_LOOP('',(#1086,#1087,#1088,#1089));
#10371=EDGE_LOOP('',(#1090,#1091,#1092,#1093));
#10372=EDGE_LOOP('',(#1094,#1095,#1096,#1097));
#10373=EDGE_LOOP('',(#1098,#1099,#1100,#1101));
#10374=EDGE_LOOP('',(#1102,#1103,#1104,#1105));
#10375=EDGE_LOOP('',(#1106,#1107,#1108,#1109));
#10376=EDGE_LOOP('',(#1110,#1111,#1112,#1113));
#10377=EDGE_LOOP('',(#1114,#1115,#1116,#1117));
#10378=EDGE_LOOP('',(#1118,#1119,#1120,#1121));
#10379=EDGE_LOOP('',(#1122,#1123,#1124,#1125));
#10380=EDGE_LOOP('',(#1126,#1127,#1128,#1129));
#10381=EDGE_LOOP('',(#1130,#1131,#1132,#1133));
#10382=EDGE_LOOP('',(#1134,#1135,#1136,#1137));
#10383=EDGE_LOOP('',(#1138,#1139,#1140,#1141));
#10384=EDGE_LOOP('',(#1142,#1143,#1144,#1145));
#10385=EDGE_LOOP('',(#1146,#1147,#1148,#1149));
#10386=EDGE_LOOP('',(#1150,#1151,#1152,#1153));
#10387=EDGE_LOOP('',(#1154,#1155,#1156,#1157));
#10388=EDGE_LOOP('',(#1158,#1159,#1160,#1161));
#10389=EDGE_LOOP('',(#1162,#1163,#1164,#1165));
#10390=EDGE_LOOP('',(#1166,#1167,#1168,#1169));
#10391=EDGE_LOOP('',(#1170,#1171,#1172,#1173));
#10392=EDGE_LOOP('',(#1174,#1175,#1176,#1177));
#10393=EDGE_LOOP('',(#1178,#1179,#1180,#1181));
#10394=EDGE_LOOP('',(#1182,#1183,#1184,#1185));
#10395=EDGE_LOOP('',(#1186,#1187,#1188,#1189));
#10396=EDGE_LOOP('',(#1190,#1191,#1192,#1193));
#10397=EDGE_LOOP('',(#1194,#1195,#1196,#1197));
#10398=EDGE_LOOP('',(#1198,#1199,#1200,#1201));
#10399=EDGE_LOOP('',(#1202,#1203,#1204,#1205));
#10400=EDGE_LOOP('',(#1206,#1207,#1208,#1209));
#10401=EDGE_LOOP('',(#1210,#1211,#1212,#1213));
#10402=EDGE_LOOP('',(#1214,#1215,#1216,#1217));
#10403=EDGE_LOOP('',(#1218,#1219,#1220,#1221));
#10404=EDGE_LOOP('',(#1222,#1223,#1224,#1225));
#10405=EDGE_LOOP('',(#1226,#1227,#1228,#1229));
#10406=EDGE_LOOP('',(#1230,#1231,#1232,#1233));
#10407=EDGE_LOOP('',(#1234,#1235,#1236,#1237));
#10408=EDGE_LOOP('',(#1238,#1239,#1240,#1241));
#10409=EDGE_LOOP('',(#1242,#1243,#1244,#1245));
#10410=EDGE_LOOP('',(#1246,#1247,#1248,#1249));
#10411=EDGE_LOOP('',(#1250,#1251,#1252,#1253));
#10412=EDGE_LOOP('',(#1254,#1255,#1256,#1257));
#10413=EDGE_LOOP('',(#1258,#1259,#1260,#1261));
#10414=EDGE_LOOP('',(#1262,#1263,#1264,#1265));
#10415=EDGE_LOOP('',(#1266,#1267,#1268,#1269));
#10416=EDGE_LOOP('',(#1270,#1271,#1272,#1273));
#10417=EDGE_LOOP('',(#1274,#1275,#1276,#1277));
#10418=EDGE_LOOP('',(#1278,#1279,#1280,#1281));
#10419=EDGE_LOOP('',(#1282,#1283,#1284,#1285));
#10420=EDGE_LOOP('',(#1286,#1287,#1288,#1289));
#10421=EDGE_LOOP('',(#1290,#1291,#1292,#1293));
#10422=EDGE_LOOP('',(#1294,#1295,#1296,#1297));
#10423=EDGE_LOOP('',(#1298,#1299,#1300,#1301));
#10424=EDGE_LOOP('',(#1302,#1303,#1304,#1305));
#10425=EDGE_LOOP('',(#1306,#1307,#1308,#1309));
#10426=EDGE_LOOP('',(#1310,#1311,#1312,#1313));
#10427=EDGE_LOOP('',(#1314,#1315,#1316,#1317));
#10428=EDGE_LOOP('',(#1318,#1319,#1320,#1321));
#10429=EDGE_LOOP('',(#1322,#1323,#1324,#1325));
#10430=EDGE_LOOP('',(#1326,#1327,#1328,#1329));
#10431=EDGE_LOOP('',(#1330,#1331,#1332,#1333));
#10432=EDGE_LOOP('',(#1334,#1335,#1336,#1337));
#10433=EDGE_LOOP('',(#1338,#1339,#1340,#1341));
#10434=EDGE_LOOP('',(#1342,#1343,#1344,#1345));
#10435=EDGE_LOOP('',(#1346,#1347,#1348,#1349));
#10436=EDGE_LOOP('',(#1350,#1351,#1352,#1353));
#10437=EDGE_LOOP('',(#1354,#1355,#1356,#1357));
#10438=EDGE_LOOP('',(#1358,#1359,#1360,#1361));
#10439=EDGE_LOOP('',(#1362,#1363,#1364,#1365));
#10440=EDGE_LOOP('',(#1366,#1367,#1368,#1369));
#10441=EDGE_LOOP('',(#1370,#1371,#1372,#1373));
#10442=EDGE_LOOP('',(#1374,#1375,#1376,#1377));
#10443=EDGE_LOOP('',(#1378,#1379,#1380,#1381));
#10444=EDGE_LOOP('',(#1382,#1383,#1384,#1385));
#10445=EDGE_LOOP('',(#1386,#1387,#1388,#1389));
#10446=EDGE_LOOP('',(#1390,#1391,#1392,#1393));
#10447=EDGE_LOOP('',(#1394,#1395,#1396,#1397));
#10448=EDGE_LOOP('',(#1398,#1399,#1400,#1401));
#10449=EDGE_LOOP('',(#1402,#1403,#1404,#1405));
#10450=EDGE_LOOP('',(#1406,#1407,#1408,#1409));
#10451=EDGE_LOOP('',(#1410,#1411,#1412,#1413));
#10452=EDGE_LOOP('',(#1414,#1415,#1416,#1417));
#10453=EDGE_LOOP('',(#1418,#1419,#1420,#1421));
#10454=EDGE_LOOP('',(#1422,#1423,#1424,#1425));
#10455=EDGE_LOOP('',(#1426,#1427,#1428,#1429));
#10456=EDGE_LOOP('',(#1430,#1431,#1432,#1433));
#10457=EDGE_LOOP('',(#1434,#1435,#1436,#1437));
#10458=EDGE_LOOP('',(#1438,#1439,#1440,#1441));
#10459=EDGE_LOOP('',(#1442,#1443,#1444,#1445));
#10460=EDGE_LOOP('',(#1446,#1447,#1448,#1449,#1450,#1451));
#10461=EDGE_LOOP('',(#1452,#1453,#1454,#1455,#1456,#1457));
#10462=EDGE_LOOP('',(#1458,#1459,#1460,#1461,#1462,#1463));
#10463=EDGE_LOOP('',(#1464,#1465,#1466,#1467,#1468,#1469));
#10464=EDGE_LOOP('',(#1470,#1471,#1472,#1473,#1474,#1475));
#10465=EDGE_LOOP('',(#1476,#1477,#1478,#1479,#1480,#1481));
#10466=EDGE_LOOP('',(#1482,#1483,#1484,#1485,#1486,#1487));
#10467=EDGE_LOOP('',(#1488,#1489,#1490,#1491,#1492,#1493));
#10468=EDGE_LOOP('',(#1494,#1495,#1496,#1497,#1498,#1499));
#10469=EDGE_LOOP('',(#1500,#1501,#1502,#1503,#1504,#1505));
#10470=EDGE_LOOP('',(#1506,#1507,#1508,#1509,#1510,#1511));
#10471=EDGE_LOOP('',(#1512,#1513,#1514,#1515,#1516,#1517));
#10472=EDGE_LOOP('',(#1518,#1519,#1520,#1521,#1522,#1523));
#10473=EDGE_LOOP('',(#1524,#1525,#1526,#1527,#1528,#1529));
#10474=EDGE_LOOP('',(#1530,#1531,#1532,#1533,#1534,#1535));
#10475=EDGE_LOOP('',(#1536,#1537,#1538,#1539,#1540,#1541));
#10476=EDGE_LOOP('',(#1542,#1543,#1544,#1545,#1546,#1547));
#10477=EDGE_LOOP('',(#1548,#1549,#1550,#1551,#1552,#1553));
#10478=EDGE_LOOP('',(#1554,#1555,#1556,#1557,#1558,#1559));
#10479=EDGE_LOOP('',(#1560,#1561,#1562,#1563,#1564,#1565));
#10480=EDGE_LOOP('',(#1566,#1567,#1568,#1569,#1570,#1571));
#10481=EDGE_LOOP('',(#1572,#1573,#1574,#1575,#1576,#1577));
#10482=EDGE_LOOP('',(#1578,#1579,#1580,#1581,#1582,#1583));
#10483=EDGE_LOOP('',(#1584,#1585,#1586,#1587,#1588,#1589));
#10484=EDGE_LOOP('',(#1590,#1591,#1592,#1593,#1594,#1595));
#10485=EDGE_LOOP('',(#1596,#1597,#1598,#1599,#1600,#1601));
#10486=EDGE_LOOP('',(#1602,#1603,#1604,#1605,#1606,#1607));
#10487=EDGE_LOOP('',(#1608,#1609,#1610,#1611,#1612,#1613));
#10488=EDGE_LOOP('',(#1614,#1615,#1616,#1617,#1618,#1619));
#10489=EDGE_LOOP('',(#1620,#1621,#1622,#1623,#1624,#1625));
#10490=EDGE_LOOP('',(#1626,#1627,#1628,#1629,#1630,#1631));
#10491=EDGE_LOOP('',(#1632,#1633,#1634,#1635,#1636,#1637));
#10492=EDGE_LOOP('',(#1638,#1639,#1640,#1641,#1642,#1643));
#10493=EDGE_LOOP('',(#1644,#1645,#1646,#1647,#1648,#1649));
#10494=EDGE_LOOP('',(#1650,#1651,#1652,#1653,#1654,#1655));
#10495=EDGE_LOOP('',(#1656,#1657,#1658,#1659,#1660,#1661));
#10496=EDGE_LOOP('',(#1662,#1663,#1664,#1665,#1666,#1667));
#10497=EDGE_LOOP('',(#1668,#1669,#1670,#1671,#1672,#1673));
#10498=EDGE_LOOP('',(#1674,#1675,#1676,#1677,#1678,#1679));
#10499=EDGE_LOOP('',(#1680,#1681,#1682,#1683,#1684,#1685));
#10500=EDGE_LOOP('',(#1686,#1687,#1688,#1689,#1690,#1691));
#10501=EDGE_LOOP('',(#1692,#1693,#1694,#1695,#1696,#1697));
#10502=EDGE_LOOP('',(#1698,#1699,#1700,#1701,#1702,#1703));
#10503=EDGE_LOOP('',(#1704,#1705,#1706,#1707,#1708,#1709));
#10504=EDGE_LOOP('',(#1710,#1711,#1712,#1713,#1714,#1715));
#10505=EDGE_LOOP('',(#1716,#1717,#1718,#1719,#1720,#1721));
#10506=EDGE_LOOP('',(#1722,#1723,#1724,#1725,#1726,#1727));
#10507=EDGE_LOOP('',(#1728,#1729,#1730,#1731,#1732,#1733));
#10508=EDGE_LOOP('',(#1734,#1735,#1736,#1737,#1738,#1739));
#10509=EDGE_LOOP('',(#1740,#1741,#1742,#1743,#1744,#1745));
#10510=EDGE_LOOP('',(#1746,#1747,#1748,#1749,#1750,#1751));
#10511=EDGE_LOOP('',(#1752,#1753,#1754,#1755,#1756,#1757));
#10512=EDGE_LOOP('',(#1758,#1759,#1760,#1761,#1762,#1763));
#10513=EDGE_LOOP('',(#1764,#1765,#1766,#1767,#1768,#1769));
#10514=EDGE_LOOP('',(#1770,#1771,#1772,#1773,#1774,#1775));
#10515=EDGE_LOOP('',(#1776,#1777,#1778,#1779,#1780,#1781));
#10516=EDGE_LOOP('',(#1782,#1783,#1784,#1785,#1786,#1787));
#10517=EDGE_LOOP('',(#1788,#1789,#1790,#1791,#1792,#1793));
#10518=EDGE_LOOP('',(#1794,#1795,#1796,#1797,#1798,#1799));
#10519=EDGE_LOOP('',(#1800,#1801,#1802,#1803,#1804,#1805));
#10520=EDGE_LOOP('',(#1806,#1807,#1808,#1809,#1810,#1811));
#10521=EDGE_LOOP('',(#1812,#1813,#1814,#1815,#1816,#1817));
#10522=EDGE_LOOP('',(#1818,#1819,#1820,#1821,#1822,#1823));
#10523=EDGE_LOOP('',(#1824,#1825,#1826,#1827,#1828,#1829));
#10524=EDGE_LOOP('',(#1830,#1831,#1832,#1833,#1834,#1835));
#10525=EDGE_LOOP('',(#1836,#1837,#1838,#1839,#1840,#1841));
#10526=EDGE_LOOP('',(#1842,#1843,#1844,#1845,#1846,#1847));
#10527=EDGE_LOOP('',(#1848,#1849,#1850,#1851,#1852,#1853));
#10528=EDGE_LOOP('',(#1854,#1855,#1856,#1857,#1858,#1859));
#10529=EDGE_LOOP('',(#1860,#1861,#1862,#1863,#1864,#1865));
#10530=EDGE_LOOP('',(#1866,#1867,#1868,#1869,#1870,#1871));
#10531=EDGE_LOOP('',(#1872,#1873,#1874,#1875,#1876,#1877));
#10532=EDGE_LOOP('',(#1878,#1879,#1880,#1881,#1882,#1883));
#10533=EDGE_LOOP('',(#1884,#1885,#1886,#1887,#1888,#1889));
#10534=EDGE_LOOP('',(#1890,#1891,#1892,#1893,#1894,#1895));
#10535=EDGE_LOOP('',(#1896,#1897,#1898,#1899,#1900,#1901));
#10536=EDGE_LOOP('',(#1902,#1903,#1904,#1905,#1906,#1907));
#10537=EDGE_LOOP('',(#1908,#1909,#1910,#1911,#1912,#1913));
#10538=EDGE_LOOP('',(#1914,#1915,#1916,#1917,#1918,#1919));
#10539=EDGE_LOOP('',(#1920,#1921,#1922,#1923,#1924,#1925));
#10540=EDGE_LOOP('',(#1926,#1927,#1928,#1929,#1930,#1931));
#10541=EDGE_LOOP('',(#1932,#1933,#1934,#1935,#1936,#1937));
#10542=EDGE_LOOP('',(#1938,#1939,#1940,#1941,#1942,#1943));
#10543=EDGE_LOOP('',(#1944,#1945,#1946,#1947,#1948,#1949));
#10544=EDGE_LOOP('',(#1950,#1951,#1952,#1953,#1954,#1955));
#10545=EDGE_LOOP('',(#1956,#1957,#1958,#1959,#1960,#1961));
#10546=EDGE_LOOP('',(#1962,#1963,#1964,#1965,#1966,#1967));
#10547=EDGE_LOOP('',(#1968,#1969,#1970,#1971,#1972,#1973));
#10548=EDGE_LOOP('',(#1974,#1975,#1976,#1977,#1978,#1979));
#10549=EDGE_LOOP('',(#1980,#1981,#1982,#1983,#1984,#1985));
#10550=EDGE_LOOP('',(#1986,#1987,#1988,#1989,#1990,#1991));
#10551=EDGE_LOOP('',(#1992,#1993,#1994,#1995,#1996,#1997));
#10552=EDGE_LOOP('',(#1998,#1999,#2000,#2001,#2002,#2003));
#10553=EDGE_LOOP('',(#2004,#2005,#2006,#2007,#2008,#2009));
#10554=EDGE_LOOP('',(#2010,#2011,#2012,#2013,#2014,#2015));
#10555=EDGE_LOOP('',(#2016,#2017,#2018,#2019,#2020,#2021));
#10556=EDGE_LOOP('',(#2022,#2023,#2024,#2025,#2026,#2027));
#10557=EDGE_LOOP('',(#2028,#2029,#2030,#2031,#2032,#2033));
#10558=EDGE_LOOP('',(#2034,#2035,#2036,#2037,#2038,#2039));
#10559=EDGE_LOOP('',(#2040,#2041,#2042,#2043,#2044,#2045));
#10560=EDGE_LOOP('',(#2046,#2047,#2048,#2049,#2050,#2051));
#10561=EDGE_LOOP('',(#2052,#2053,#2054,#2055,#2056,#2057));
#10562=EDGE_LOOP('',(#2058,#2059,#2060,#2061,#2062,#2063));
#10563=EDGE_LOOP('',(#2064,#2065,#2066,#2067,#2068,#2069));
#10564=EDGE_LOOP('',(#2070,#2071,#2072,#2073,#2074,#2075));
#10565=EDGE_LOOP('',(#2076,#2077,#2078,#2079,#2080,#2081));
#10566=EDGE_LOOP('',(#2082,#2083,#2084,#2085,#2086,#2087));
#10567=EDGE_LOOP('',(#2088,#2089,#2090,#2091,#2092,#2093));
#10568=EDGE_LOOP('',(#2094,#2095,#2096,#2097,#2098,#2099));
#10569=EDGE_LOOP('',(#2100,#2101,#2102,#2103,#2104,#2105));
#10570=EDGE_LOOP('',(#2106,#2107,#2108,#2109,#2110,#2111));
#10571=EDGE_LOOP('',(#2112,#2113,#2114,#2115,#2116,#2117));
#10572=EDGE_LOOP('',(#2118,#2119,#2120,#2121,#2122,#2123));
#10573=EDGE_LOOP('',(#2124,#2125,#2126,#2127,#2128,#2129));
#10574=EDGE_LOOP('',(#2130,#2131,#2132,#2133,#2134,#2135));
#10575=EDGE_LOOP('',(#2136,#2137,#2138,#2139,#2140,#2141));
#10576=EDGE_LOOP('',(#2142,#2143,#2144,#2145,#2146,#2147));
#10577=EDGE_LOOP('',(#2148,#2149,#2150,#2151,#2152,#2153));
#10578=EDGE_LOOP('',(#2154,#2155,#2156,#2157,#2158,#2159));
#10579=EDGE_LOOP('',(#2160,#2161,#2162,#2163,#2164,#2165));
#10580=EDGE_LOOP('',(#2166,#2167,#2168,#2169,#2170,#2171));
#10581=EDGE_LOOP('',(#2172,#2173,#2174,#2175,#2176,#2177));
#10582=EDGE_LOOP('',(#2178,#2179,#2180,#2181,#2182,#2183));
#10583=EDGE_LOOP('',(#2184,#2185,#2186,#2187,#2188,#2189));
#10584=EDGE_LOOP('',(#2190,#2191,#2192,#2193,#2194,#2195));
#10585=EDGE_LOOP('',(#2196,#2197,#2198,#2199,#2200,#2201));
#10586=EDGE_LOOP('',(#2202,#2203,#2204,#2205,#2206,#2207));
#10587=EDGE_LOOP('',(#2208,#2209,#2210,#2211,#2212,#2213));
#10588=EDGE_LOOP('',(#2214,#2215,#2216,#2217));
#10589=EDGE_LOOP('',(#2218,#2219,#2220,#2221));
#10590=EDGE_LOOP('',(#2222,#2223,#2224,#2225));
#10591=EDGE_LOOP('',(#2226,#2227,#2228,#2229));
#10592=EDGE_LOOP('',(#2230,#2231,#2232,#2233));
#10593=EDGE_LOOP('',(#2234,#2235,#2236,#2237));
#10594=EDGE_LOOP('',(#2238,#2239,#2240,#2241));
#10595=EDGE_LOOP('',(#2242,#2243,#2244,#2245));
#10596=EDGE_LOOP('',(#2246,#2247,#2248,#2249));
#10597=EDGE_LOOP('',(#2250,#2251,#2252,#2253));
#10598=EDGE_LOOP('',(#2254,#2255,#2256,#2257));
#10599=EDGE_LOOP('',(#2258,#2259,#2260,#2261));
#10600=EDGE_LOOP('',(#2262,#2263,#2264,#2265));
#10601=EDGE_LOOP('',(#2266,#2267,#2268,#2269));
#10602=EDGE_LOOP('',(#2270,#2271,#2272,#2273));
#10603=EDGE_LOOP('',(#2274,#2275,#2276,#2277));
#10604=EDGE_LOOP('',(#2278,#2279,#2280,#2281));
#10605=EDGE_LOOP('',(#2282,#2283,#2284,#2285));
#10606=EDGE_LOOP('',(#2286,#2287,#2288,#2289));
#10607=EDGE_LOOP('',(#2290,#2291,#2292,#2293));
#10608=EDGE_LOOP('',(#2294,#2295,#2296,#2297));
#10609=EDGE_LOOP('',(#2298,#2299,#2300,#2301));
#10610=EDGE_LOOP('',(#2302,#2303,#2304,#2305));
#10611=EDGE_LOOP('',(#2306,#2307,#2308,#2309));
#10612=EDGE_LOOP('',(#2310,#2311,#2312,#2313));
#10613=EDGE_LOOP('',(#2314,#2315,#2316,#2317));
#10614=EDGE_LOOP('',(#2318,#2319,#2320,#2321));
#10615=EDGE_LOOP('',(#2322,#2323,#2324,#2325));
#10616=EDGE_LOOP('',(#2326,#2327,#2328,#2329));
#10617=EDGE_LOOP('',(#2330,#2331,#2332,#2333));
#10618=EDGE_LOOP('',(#2334,#2335,#2336,#2337));
#10619=EDGE_LOOP('',(#2338,#2339,#2340,#2341));
#10620=EDGE_LOOP('',(#2342,#2343,#2344,#2345));
#10621=EDGE_LOOP('',(#2346,#2347,#2348,#2349));
#10622=EDGE_LOOP('',(#2350,#2351,#2352,#2353));
#10623=EDGE_LOOP('',(#2354,#2355,#2356,#2357));
#10624=EDGE_LOOP('',(#2358,#2359,#2360,#2361));
#10625=EDGE_LOOP('',(#2362,#2363,#2364,#2365));
#10626=EDGE_LOOP('',(#2366,#2367,#2368,#2369));
#10627=EDGE_LOOP('',(#2370,#2371,#2372,#2373));
#10628=EDGE_LOOP('',(#2374,#2375,#2376,#2377));
#10629=EDGE_LOOP('',(#2378,#2379,#2380,#2381));
#10630=EDGE_LOOP('',(#2382,#2383,#2384,#2385));
#10631=EDGE_LOOP('',(#2386,#2387,#2388,#2389));
#10632=EDGE_LOOP('',(#2390,#2391,#2392,#2393));
#10633=EDGE_LOOP('',(#2394,#2395,#2396,#2397));
#10634=EDGE_LOOP('',(#2398,#2399,#2400,#2401));
#10635=EDGE_LOOP('',(#2402,#2403,#2404,#2405));
#10636=EDGE_LOOP('',(#2406,#2407,#2408,#2409));
#10637=EDGE_LOOP('',(#2410,#2411,#2412,#2413));
#10638=EDGE_LOOP('',(#2414,#2415,#2416,#2417));
#10639=EDGE_LOOP('',(#2418,#2419,#2420,#2421));
#10640=EDGE_LOOP('',(#2422,#2423,#2424,#2425));
#10641=EDGE_LOOP('',(#2426,#2427,#2428,#2429));
#10642=EDGE_LOOP('',(#2430,#2431,#2432,#2433));
#10643=EDGE_LOOP('',(#2434,#2435,#2436,#2437));
#10644=EDGE_LOOP('',(#2438,#2439,#2440,#2441));
#10645=EDGE_LOOP('',(#2442,#2443,#2444,#2445));
#10646=EDGE_LOOP('',(#2446,#2447,#2448,#2449));
#10647=EDGE_LOOP('',(#2450,#2451,#2452,#2453));
#10648=EDGE_LOOP('',(#2454,#2455,#2456,#2457));
#10649=EDGE_LOOP('',(#2458,#2459,#2460,#2461));
#10650=EDGE_LOOP('',(#2462,#2463,#2464,#2465));
#10651=EDGE_LOOP('',(#2466,#2467,#2468,#2469));
#10652=EDGE_LOOP('',(#2470,#2471,#2472,#2473));
#10653=EDGE_LOOP('',(#2474,#2475,#2476,#2477));
#10654=EDGE_LOOP('',(#2478,#2479,#2480,#2481));
#10655=EDGE_LOOP('',(#2482,#2483,#2484,#2485));
#10656=EDGE_LOOP('',(#2486,#2487,#2488,#2489));
#10657=EDGE_LOOP('',(#2490,#2491,#2492,#2493));
#10658=EDGE_LOOP('',(#2494,#2495,#2496,#2497));
#10659=EDGE_LOOP('',(#2498,#2499,#2500,#2501));
#10660=EDGE_LOOP('',(#2502,#2503,#2504,#2505));
#10661=EDGE_LOOP('',(#2506,#2507,#2508,#2509));
#10662=EDGE_LOOP('',(#2510,#2511,#2512,#2513));
#10663=EDGE_LOOP('',(#2514,#2515,#2516,#2517));
#10664=EDGE_LOOP('',(#2518,#2519,#2520,#2521));
#10665=EDGE_LOOP('',(#2522,#2523,#2524,#2525));
#10666=EDGE_LOOP('',(#2526,#2527,#2528,#2529));
#10667=EDGE_LOOP('',(#2530,#2531,#2532,#2533));
#10668=EDGE_LOOP('',(#2534,#2535,#2536,#2537));
#10669=EDGE_LOOP('',(#2538,#2539,#2540,#2541));
#10670=EDGE_LOOP('',(#2542,#2543,#2544,#2545));
#10671=EDGE_LOOP('',(#2546,#2547,#2548,#2549));
#10672=EDGE_LOOP('',(#2550,#2551,#2552,#2553));
#10673=EDGE_LOOP('',(#2554,#2555,#2556,#2557));
#10674=EDGE_LOOP('',(#2558,#2559,#2560,#2561));
#10675=EDGE_LOOP('',(#2562,#2563,#2564,#2565));
#10676=EDGE_LOOP('',(#2566,#2567,#2568,#2569));
#10677=EDGE_LOOP('',(#2570,#2571,#2572,#2573));
#10678=EDGE_LOOP('',(#2574,#2575,#2576,#2577));
#10679=EDGE_LOOP('',(#2578,#2579,#2580,#2581));
#10680=EDGE_LOOP('',(#2582,#2583,#2584,#2585));
#10681=EDGE_LOOP('',(#2586,#2587,#2588,#2589));
#10682=EDGE_LOOP('',(#2590,#2591,#2592,#2593));
#10683=EDGE_LOOP('',(#2594,#2595,#2596,#2597));
#10684=EDGE_LOOP('',(#2598,#2599,#2600,#2601));
#10685=EDGE_LOOP('',(#2602,#2603,#2604,#2605));
#10686=EDGE_LOOP('',(#2606,#2607,#2608,#2609));
#10687=EDGE_LOOP('',(#2610,#2611,#2612,#2613));
#10688=EDGE_LOOP('',(#2614,#2615,#2616,#2617));
#10689=EDGE_LOOP('',(#2618,#2619,#2620,#2621));
#10690=EDGE_LOOP('',(#2622,#2623,#2624,#2625));
#10691=EDGE_LOOP('',(#2626,#2627,#2628,#2629));
#10692=EDGE_LOOP('',(#2630,#2631,#2632,#2633));
#10693=EDGE_LOOP('',(#2634,#2635,#2636,#2637));
#10694=EDGE_LOOP('',(#2638,#2639,#2640,#2641));
#10695=EDGE_LOOP('',(#2642,#2643,#2644,#2645));
#10696=EDGE_LOOP('',(#2646,#2647,#2648,#2649));
#10697=EDGE_LOOP('',(#2650,#2651,#2652,#2653));
#10698=EDGE_LOOP('',(#2654,#2655,#2656,#2657));
#10699=EDGE_LOOP('',(#2658,#2659,#2660,#2661));
#10700=EDGE_LOOP('',(#2662,#2663,#2664,#2665));
#10701=EDGE_LOOP('',(#2666,#2667,#2668,#2669));
#10702=EDGE_LOOP('',(#2670,#2671,#2672,#2673));
#10703=EDGE_LOOP('',(#2674,#2675,#2676,#2677));
#10704=EDGE_LOOP('',(#2678,#2679,#2680,#2681));
#10705=EDGE_LOOP('',(#2682,#2683,#2684,#2685));
#10706=EDGE_LOOP('',(#2686,#2687,#2688,#2689));
#10707=EDGE_LOOP('',(#2690,#2691,#2692,#2693));
#10708=EDGE_LOOP('',(#2694,#2695,#2696,#2697));
#10709=EDGE_LOOP('',(#2698,#2699,#2700,#2701));
#10710=EDGE_LOOP('',(#2702,#2703,#2704,#2705));
#10711=EDGE_LOOP('',(#2706,#2707,#2708,#2709));
#10712=EDGE_LOOP('',(#2710,#2711,#2712,#2713));
#10713=EDGE_LOOP('',(#2714,#2715,#2716,#2717));
#10714=EDGE_LOOP('',(#2718,#2719,#2720,#2721));
#10715=EDGE_LOOP('',(#2722,#2723,#2724,#2725));
#10716=EDGE_LOOP('',(#2726,#2727,#2728,#2729));
#10717=EDGE_LOOP('',(#2730,#2731,#2732,#2733));
#10718=EDGE_LOOP('',(#2734,#2735,#2736,#2737));
#10719=EDGE_LOOP('',(#2738,#2739,#2740,#2741));
#10720=EDGE_LOOP('',(#2742,#2743,#2744,#2745));
#10721=EDGE_LOOP('',(#2746,#2747,#2748,#2749));
#10722=EDGE_LOOP('',(#2750,#2751,#2752,#2753));
#10723=EDGE_LOOP('',(#2754,#2755,#2756,#2757));
#10724=EDGE_LOOP('',(#2758,#2759,#2760,#2761));
#10725=EDGE_LOOP('',(#2762,#2763,#2764,#2765));
#10726=EDGE_LOOP('',(#2766,#2767,#2768,#2769));
#10727=EDGE_LOOP('',(#2770,#2771,#2772,#2773));
#10728=EDGE_LOOP('',(#2774,#2775,#2776,#2777));
#10729=EDGE_LOOP('',(#2778,#2779,#2780,#2781));
#10730=EDGE_LOOP('',(#2782,#2783,#2784,#2785));
#10731=EDGE_LOOP('',(#2786,#2787,#2788,#2789));
#10732=EDGE_LOOP('',(#2790,#2791,#2792,#2793));
#10733=EDGE_LOOP('',(#2794,#2795,#2796,#2797));
#10734=EDGE_LOOP('',(#2798,#2799,#2800,#2801));
#10735=EDGE_LOOP('',(#2802,#2803,#2804,#2805));
#10736=EDGE_LOOP('',(#2806,#2807,#2808,#2809));
#10737=EDGE_LOOP('',(#2810,#2811,#2812,#2813));
#10738=EDGE_LOOP('',(#2814,#2815,#2816,#2817));
#10739=EDGE_LOOP('',(#2818,#2819,#2820,#2821));
#10740=EDGE_LOOP('',(#2822,#2823,#2824,#2825));
#10741=EDGE_LOOP('',(#2826,#2827,#2828,#2829));
#10742=EDGE_LOOP('',(#2830,#2831,#2832,#2833));
#10743=EDGE_LOOP('',(#2834,#2835,#2836,#2837));
#10744=EDGE_LOOP('',(#2838,#2839,#2840,#2841));
#10745=EDGE_LOOP('',(#2842,#2843,#2844,#2845));
#10746=EDGE_LOOP('',(#2846,#2847,#2848,#2849));
#10747=EDGE_LOOP('',(#2850,#2851,#2852,#2853));
#10748=EDGE_LOOP('',(#2854,#2855,#2856,#2857));
#10749=EDGE_LOOP('',(#2858,#2859,#2860,#2861));
#10750=EDGE_LOOP('',(#2862,#2863,#2864,#2865));
#10751=EDGE_LOOP('',(#2866,#2867,#2868,#2869));
#10752=EDGE_LOOP('',(#2870,#2871,#2872,#2873));
#10753=EDGE_LOOP('',(#2874,#2875,#2876,#2877));
#10754=EDGE_LOOP('',(#2878,#2879,#2880,#2881));
#10755=EDGE_LOOP('',(#2882,#2883,#2884,#2885));
#10756=EDGE_LOOP('',(#2886,#2887,#2888,#2889));
#10757=EDGE_LOOP('',(#2890,#2891,#2892,#2893));
#10758=EDGE_LOOP('',(#2894,#2895,#2896,#2897));
#10759=EDGE_LOOP('',(#2898,#2899,#2900,#2901));
#10760=EDGE_LOOP('',(#2902,#2903,#2904,#2905));
#10761=EDGE_LOOP('',(#2906,#2907,#2908,#2909));
#10762=EDGE_LOOP('',(#2910,#2911,#2912,#2913));
#10763=EDGE_LOOP('',(#2914,#2915,#2916,#2917));
#10764=EDGE_LOOP('',(#2918,#2919,#2920,#2921));
#10765=EDGE_LOOP('',(#2922,#2923,#2924,#2925));
#10766=EDGE_LOOP('',(#2926,#2927,#2928,#2929));
#10767=EDGE_LOOP('',(#2930,#2931,#2932,#2933));
#10768=EDGE_LOOP('',(#2934,#2935,#2936,#2937));
#10769=EDGE_LOOP('',(#2938,#2939,#2940,#2941));
#10770=EDGE_LOOP('',(#2942,#2943,#2944,#2945));
#10771=EDGE_LOOP('',(#2946,#2947,#2948,#2949));
#10772=EDGE_LOOP('',(#2950,#2951,#2952,#2953));
#10773=EDGE_LOOP('',(#2954,#2955,#2956,#2957));
#10774=EDGE_LOOP('',(#2958,#2959,#2960,#2961));
#10775=EDGE_LOOP('',(#2962,#2963,#2964,#2965));
#10776=EDGE_LOOP('',(#2966,#2967,#2968,#2969));
#10777=EDGE_LOOP('',(#2970,#2971,#2972,#2973));
#10778=EDGE_LOOP('',(#2974,#2975,#2976,#2977));
#10779=EDGE_LOOP('',(#2978,#2979,#2980,#2981));
#10780=EDGE_LOOP('',(#2982,#2983,#2984,#2985));
#10781=EDGE_LOOP('',(#2986,#2987,#2988,#2989));
#10782=EDGE_LOOP('',(#2990,#2991,#2992,#2993));
#10783=EDGE_LOOP('',(#2994,#2995,#2996,#2997));
#10784=EDGE_LOOP('',(#2998,#2999,#3000,#3001));
#10785=EDGE_LOOP('',(#3002,#3003,#3004,#3005));
#10786=EDGE_LOOP('',(#3006,#3007,#3008,#3009));
#10787=EDGE_LOOP('',(#3010,#3011,#3012,#3013));
#10788=EDGE_LOOP('',(#3014,#3015,#3016,#3017));
#10789=EDGE_LOOP('',(#3018,#3019,#3020,#3021));
#10790=EDGE_LOOP('',(#3022,#3023,#3024,#3025));
#10791=EDGE_LOOP('',(#3026,#3027,#3028,#3029));
#10792=EDGE_LOOP('',(#3030,#3031,#3032,#3033));
#10793=EDGE_LOOP('',(#3034,#3035,#3036,#3037));
#10794=EDGE_LOOP('',(#3038,#3039,#3040,#3041));
#10795=EDGE_LOOP('',(#3042,#3043,#3044,#3045));
#10796=EDGE_LOOP('',(#3046,#3047,#3048,#3049));
#10797=EDGE_LOOP('',(#3050,#3051,#3052,#3053));
#10798=EDGE_LOOP('',(#3054,#3055,#3056,#3057));
#10799=EDGE_LOOP('',(#3058,#3059,#3060,#3061));
#10800=EDGE_LOOP('',(#3062,#3063,#3064,#3065));
#10801=EDGE_LOOP('',(#3066,#3067,#3068,#3069));
#10802=EDGE_LOOP('',(#3070,#3071,#3072,#3073));
#10803=EDGE_LOOP('',(#3074,#3075,#3076,#3077));
#10804=EDGE_LOOP('',(#3078,#3079,#3080,#3081));
#10805=EDGE_LOOP('',(#3082,#3083,#3084,#3085));
#10806=EDGE_LOOP('',(#3086,#3087,#3088,#3089));
#10807=EDGE_LOOP('',(#3090,#3091,#3092,#3093));
#10808=EDGE_LOOP('',(#3094,#3095,#3096,#3097));
#10809=EDGE_LOOP('',(#3098,#3099,#3100,#3101));
#10810=EDGE_LOOP('',(#3102,#3103,#3104,#3105));
#10811=EDGE_LOOP('',(#3106,#3107,#3108,#3109));
#10812=EDGE_LOOP('',(#3110,#3111,#3112,#3113));
#10813=EDGE_LOOP('',(#3114,#3115,#3116,#3117));
#10814=EDGE_LOOP('',(#3118,#3119,#3120,#3121));
#10815=EDGE_LOOP('',(#3122,#3123,#3124,#3125));
#10816=EDGE_LOOP('',(#3126,#3127,#3128,#3129));
#10817=EDGE_LOOP('',(#3130,#3131,#3132,#3133));
#10818=EDGE_LOOP('',(#3134,#3135,#3136,#3137));
#10819=EDGE_LOOP('',(#3138,#3139,#3140,#3141));
#10820=EDGE_LOOP('',(#3142,#3143,#3144,#3145));
#10821=EDGE_LOOP('',(#3146,#3147,#3148,#3149));
#10822=EDGE_LOOP('',(#3150,#3151,#3152,#3153));
#10823=EDGE_LOOP('',(#3154,#3155,#3156,#3157));
#10824=EDGE_LOOP('',(#3158,#3159,#3160,#3161));
#10825=EDGE_LOOP('',(#3162,#3163,#3164,#3165));
#10826=EDGE_LOOP('',(#3166,#3167,#3168,#3169));
#10827=EDGE_LOOP('',(#3170,#3171,#3172,#3173));
#10828=EDGE_LOOP('',(#3174,#3175,#3176,#3177));
#10829=EDGE_LOOP('',(#3178,#3179,#3180,#3181));
#10830=EDGE_LOOP('',(#3182,#3183,#3184,#3185));
#10831=EDGE_LOOP('',(#3186,#3187,#3188,#3189));
#10832=EDGE_LOOP('',(#3190,#3191,#3192,#3193));
#10833=EDGE_LOOP('',(#3194,#3195,#3196,#3197));
#10834=EDGE_LOOP('',(#3198,#3199,#3200,#3201));
#10835=EDGE_LOOP('',(#3202,#3203,#3204,#3205));
#10836=EDGE_LOOP('',(#3206,#3207,#3208,#3209));
#10837=EDGE_LOOP('',(#3210,#3211,#3212,#3213));
#10838=EDGE_LOOP('',(#3214,#3215,#3216,#3217));
#10839=EDGE_LOOP('',(#3218,#3219,#3220,#3221));
#10840=EDGE_LOOP('',(#3222,#3223,#3224,#3225));
#10841=EDGE_LOOP('',(#3226,#3227,#3228,#3229));
#10842=EDGE_LOOP('',(#3230,#3231,#3232,#3233));
#10843=EDGE_LOOP('',(#3234,#3235,#3236,#3237));
#10844=EDGE_LOOP('',(#3238,#3239,#3240,#3241));
#10845=EDGE_LOOP('',(#3242,#3243,#3244,#3245));
#10846=EDGE_LOOP('',(#3246,#3247,#3248,#3249));
#10847=EDGE_LOOP('',(#3250,#3251,#3252,#3253));
#10848=EDGE_LOOP('',(#3254,#3255,#3256,#3257));
#10849=EDGE_LOOP('',(#3258,#3259,#3260,#3261));
#10850=EDGE_LOOP('',(#3262,#3263,#3264,#3265));
#10851=EDGE_LOOP('',(#3266,#3267,#3268,#3269));
#10852=EDGE_LOOP('',(#3270,#3271,#3272,#3273));
#10853=EDGE_LOOP('',(#3274,#3275,#3276,#3277));
#10854=EDGE_LOOP('',(#3278,#3279,#3280,#3281));
#10855=EDGE_LOOP('',(#3282,#3283,#3284,#3285));
#10856=EDGE_LOOP('',(#3286,#3287,#3288,#3289));
#10857=EDGE_LOOP('',(#3290,#3291,#3292,#3293));
#10858=EDGE_LOOP('',(#3294,#3295,#3296,#3297));
#10859=EDGE_LOOP('',(#3298,#3299,#3300,#3301));
#10860=EDGE_LOOP('',(#3302,#3303,#3304,#3305));
#10861=EDGE_LOOP('',(#3306,#3307,#3308,#3309));
#10862=EDGE_LOOP('',(#3310,#3311,#3312,#3313));
#10863=EDGE_LOOP('',(#3314,#3315,#3316,#3317));
#10864=EDGE_LOOP('',(#3318,#3319,#3320,#3321));
#10865=EDGE_LOOP('',(#3322,#3323,#3324,#3325));
#10866=EDGE_LOOP('',(#3326,#3327,#3328,#3329));
#10867=EDGE_LOOP('',(#3330,#3331,#3332,#3333));
#10868=EDGE_LOOP('',(#3334,#3335,#3336,#3337));
#10869=EDGE_LOOP('',(#3338,#3339,#3340,#3341));
#10870=EDGE_LOOP('',(#3342,#3343,#3344,#3345));
#10871=EDGE_LOOP('',(#3346,#3347,#3348,#3349));
#10872=EDGE_LOOP('',(#3350,#3351,#3352,#3353));
#10873=EDGE_LOOP('',(#3354,#3355,#3356,#3357));
#10874=EDGE_LOOP('',(#3358,#3359,#3360,#3361));
#10875=EDGE_LOOP('',(#3362,#3363,#3364,#3365));
#10876=EDGE_LOOP('',(#3366,#3367,#3368,#3369));
#10877=EDGE_LOOP('',(#3370,#3371,#3372,#3373));
#10878=EDGE_LOOP('',(#3374,#3375,#3376,#3377));
#10879=EDGE_LOOP('',(#3378,#3379,#3380,#3381));
#10880=EDGE_LOOP('',(#3382,#3383,#3384,#3385));
#10881=EDGE_LOOP('',(#3386,#3387,#3388,#3389));
#10882=EDGE_LOOP('',(#3390,#3391,#3392,#3393));
#10883=EDGE_LOOP('',(#3394,#3395,#3396,#3397));
#10884=EDGE_LOOP('',(#3398,#3399,#3400,#3401));
#10885=EDGE_LOOP('',(#3402,#3403,#3404,#3405));
#10886=EDGE_LOOP('',(#3406,#3407,#3408,#3409));
#10887=EDGE_LOOP('',(#3410,#3411,#3412,#3413));
#10888=EDGE_LOOP('',(#3414,#3415,#3416,#3417));
#10889=EDGE_LOOP('',(#3418,#3419,#3420,#3421));
#10890=EDGE_LOOP('',(#3422,#3423,#3424,#3425));
#10891=EDGE_LOOP('',(#3426,#3427,#3428,#3429));
#10892=EDGE_LOOP('',(#3430,#3431,#3432,#3433));
#10893=EDGE_LOOP('',(#3434,#3435,#3436,#3437));
#10894=EDGE_LOOP('',(#3438,#3439,#3440,#3441));
#10895=EDGE_LOOP('',(#3442,#3443,#3444,#3445));
#10896=EDGE_LOOP('',(#3446,#3447,#3448,#3449));
#10897=EDGE_LOOP('',(#3450,#3451,#3452,#3453));
#10898=EDGE_LOOP('',(#3454,#3455,#3456,#3457));
#10899=EDGE_LOOP('',(#3458,#3459,#3460,#3461));
#10900=EDGE_LOOP('',(#3462,#3463,#3464,#3465));
#10901=EDGE_LOOP('',(#3466,#3467,#3468,#3469));
#10902=EDGE_LOOP('',(#3470,#3471,#3472,#3473));
#10903=EDGE_LOOP('',(#3474,#3475,#3476,#3477));
#10904=EDGE_LOOP('',(#3478,#3479,#3480,#3481));
#10905=EDGE_LOOP('',(#3482,#3483,#3484,#3485));
#10906=EDGE_LOOP('',(#3486,#3487,#3488,#3489));
#10907=EDGE_LOOP('',(#3490,#3491,#3492,#3493));
#10908=EDGE_LOOP('',(#3494,#3495,#3496,#3497));
#10909=EDGE_LOOP('',(#3498,#3499,#3500,#3501));
#10910=EDGE_LOOP('',(#3502,#3503,#3504,#3505));
#10911=EDGE_LOOP('',(#3506,#3507,#3508,#3509));
#10912=EDGE_LOOP('',(#3510,#3511,#3512,#3513));
#10913=EDGE_LOOP('',(#3514,#3515,#3516,#3517));
#10914=EDGE_LOOP('',(#3518,#3519,#3520,#3521));
#10915=EDGE_LOOP('',(#3522,#3523,#3524,#3525));
#10916=EDGE_LOOP('',(#3526,#3527,#3528,#3529));
#10917=EDGE_LOOP('',(#3530,#3531,#3532,#3533));
#10918=EDGE_LOOP('',(#3534,#3535,#3536,#3537));
#10919=EDGE_LOOP('',(#3538,#3539,#3540,#3541));
#10920=EDGE_LOOP('',(#3542,#3543,#3544,#3545));
#10921=EDGE_LOOP('',(#3546,#3547,#3548,#3549));
#10922=EDGE_LOOP('',(#3550,#3551,#3552,#3553));
#10923=EDGE_LOOP('',(#3554,#3555,#3556,#3557));
#10924=EDGE_LOOP('',(#3558,#3559,#3560,#3561));
#10925=EDGE_LOOP('',(#3562,#3563,#3564,#3565));
#10926=EDGE_LOOP('',(#3566,#3567,#3568,#3569));
#10927=EDGE_LOOP('',(#3570,#3571,#3572,#3573));
#10928=EDGE_LOOP('',(#3574,#3575,#3576,#3577));
#10929=EDGE_LOOP('',(#3578,#3579,#3580,#3581));
#10930=EDGE_LOOP('',(#3582,#3583,#3584,#3585));
#10931=EDGE_LOOP('',(#3586,#3587,#3588,#3589));
#10932=EDGE_LOOP('',(#3590,#3591,#3592,#3593));
#10933=EDGE_LOOP('',(#3594,#3595,#3596,#3597));
#10934=EDGE_LOOP('',(#3598,#3599,#3600,#3601));
#10935=EDGE_LOOP('',(#3602,#3603,#3604,#3605));
#10936=EDGE_LOOP('',(#3606,#3607,#3608,#3609));
#10937=EDGE_LOOP('',(#3610,#3611,#3612,#3613));
#10938=EDGE_LOOP('',(#3614,#3615,#3616,#3617));
#10939=EDGE_LOOP('',(#3618,#3619,#3620,#3621));
#10940=EDGE_LOOP('',(#3622,#3623,#3624,#3625));
#10941=EDGE_LOOP('',(#3626,#3627,#3628,#3629));
#10942=EDGE_LOOP('',(#3630,#3631,#3632,#3633));
#10943=EDGE_LOOP('',(#3634,#3635,#3636,#3637));
#10944=EDGE_LOOP('',(#3638,#3639,#3640,#3641));
#10945=EDGE_LOOP('',(#3642,#3643,#3644,#3645));
#10946=EDGE_LOOP('',(#3646,#3647,#3648,#3649));
#10947=EDGE_LOOP('',(#3650,#3651,#3652,#3653));
#10948=EDGE_LOOP('',(#3654,#3655,#3656,#3657));
#10949=EDGE_LOOP('',(#3658,#3659,#3660,#3661));
#10950=EDGE_LOOP('',(#3662,#3663,#3664,#3665));
#10951=EDGE_LOOP('',(#3666,#3667,#3668,#3669));
#10952=EDGE_LOOP('',(#3670,#3671,#3672,#3673));
#10953=EDGE_LOOP('',(#3674,#3675,#3676,#3677));
#10954=EDGE_LOOP('',(#3678,#3679,#3680,#3681));
#10955=EDGE_LOOP('',(#3682,#3683,#3684,#3685));
#10956=EDGE_LOOP('',(#3686,#3687,#3688,#3689));
#10957=EDGE_LOOP('',(#3690,#3691,#3692,#3693));
#10958=EDGE_LOOP('',(#3694,#3695,#3696,#3697));
#10959=EDGE_LOOP('',(#3698,#3699,#3700,#3701));
#10960=EDGE_LOOP('',(#3702,#3703,#3704,#3705));
#10961=EDGE_LOOP('',(#3706,#3707,#3708,#3709));
#10962=EDGE_LOOP('',(#3710,#3711,#3712,#3713));
#10963=EDGE_LOOP('',(#3714,#3715,#3716,#3717));
#10964=EDGE_LOOP('',(#3718,#3719,#3720,#3721));
#10965=EDGE_LOOP('',(#3722,#3723,#3724,#3725));
#10966=EDGE_LOOP('',(#3726,#3727,#3728,#3729));
#10967=EDGE_LOOP('',(#3730,#3731,#3732,#3733));
#10968=EDGE_LOOP('',(#3734,#3735,#3736,#3737));
#10969=EDGE_LOOP('',(#3738,#3739,#3740,#3741));
#10970=EDGE_LOOP('',(#3742,#3743,#3744,#3745));
#10971=EDGE_LOOP('',(#3746,#3747,#3748,#3749));
#10972=EDGE_LOOP('',(#3750,#3751,#3752,#3753));
#10973=EDGE_LOOP('',(#3754,#3755,#3756,#3757));
#10974=EDGE_LOOP('',(#3758,#3759,#3760,#3761));
#10975=EDGE_LOOP('',(#3762,#3763,#3764,#3765));
#10976=EDGE_LOOP('',(#3766,#3767,#3768,#3769));
#10977=EDGE_LOOP('',(#3770,#3771,#3772,#3773));
#10978=EDGE_LOOP('',(#3774,#3775,#3776,#3777));
#10979=EDGE_LOOP('',(#3778,#3779,#3780,#3781));
#10980=EDGE_LOOP('',(#3782,#3783,#3784,#3785));
#10981=EDGE_LOOP('',(#3786,#3787,#3788,#3789));
#10982=EDGE_LOOP('',(#3790,#3791,#3792,#3793));
#10983=EDGE_LOOP('',(#3794,#3795,#3796,#3797));
#10984=EDGE_LOOP('',(#3798,#3799,#3800,#3801));
#10985=EDGE_LOOP('',(#3802,#3803,#3804,#3805));
#10986=FACE_BOUND('',#10264,.T.);
#10987=FACE_BOUND('',#10265,.T.);
#10988=FACE_BOUND('',#10266,.T.);
#10989=FACE_BOUND('',#10267,.T.);
#10990=FACE_BOUND('',#10268,.T.);
#10991=FACE_BOUND('',#10269,.T.);
#10992=FACE_BOUND('',#10270,.T.);
#10993=FACE_BOUND('',#10271,.T.);
#10994=FACE_BOUND('',#10272,.T.);
#10995=FACE_BOUND('',#10273,.T.);
#10996=FACE_BOUND('',#10274,.T.);
#10997=FACE_BOUND('',#10275,.T.);
#10998=FACE_BOUND('',#10276,.T.);
#10999=FACE_BOUND('',#10277,.T.);
#11000=FACE_BOUND('',#10278,.T.);
#11001=FACE_BOUND('',#10279,.T.);
#11002=FACE_BOUND('',#10280,.T.);
#11003=FACE_BOUND('',#10281,.T.);
#11004=FACE_BOUND('',#10282,.T.);
#11005=FACE_BOUND('',#10283,.T.);
#11006=FACE_BOUND('',#10284,.T.);
#11007=FACE_BOUND('',#10285,.T.);
#11008=FACE_BOUND('',#10286,.T.);
#11009=FACE_BOUND('',#10287,.T.);
#11010=FACE_BOUND('',#10288,.T.);
#11011=FACE_BOUND('',#10289,.T.);
#11012=FACE_BOUND('',#10290,.T.);
#11013=FACE_BOUND('',#10291,.T.);
#11014=FACE_BOUND('',#10292,.T.);
#11015=FACE_BOUND('',#10293,.T.);
#11016=FACE_BOUND('',#10294,.T.);
#11017=FACE_BOUND('',#10295,.T.);
#11018=FACE_BOUND('',#10296,.T.);
#11019=FACE_BOUND('',#10297,.T.);
#11020=FACE_BOUND('',#10298,.T.);
#11021=FACE_BOUND('',#10299,.T.);
#11022=FACE_BOUND('',#10300,.T.);
#11023=FACE_BOUND('',#10301,.T.);
#11024=FACE_BOUND('',#10302,.T.);
#11025=FACE_BOUND('',#10303,.T.);
#11026=FACE_BOUND('',#10304,.T.);
#11027=FACE_BOUND('',#10305,.T.);
#11028=FACE_BOUND('',#10306,.T.);
#11029=FACE_BOUND('',#10307,.T.);
#11030=FACE_BOUND('',#10308,.T.);
#11031=FACE_BOUND('',#10309,.T.);
#11032=FACE_BOUND('',#10310,.T.);
#11033=FACE_BOUND('',#10311,.T.);
#11034=FACE_BOUND('',#10312,.T.);
#11035=FACE_BOUND('',#10313,.T.);
#11036=FACE_BOUND('',#10314,.T.);
#11037=FACE_BOUND('',#10315,.T.);
#11038=FACE_BOUND('',#10316,.T.);
#11039=FACE_BOUND('',#10317,.T.);
#11040=FACE_BOUND('',#10318,.T.);
#11041=FACE_BOUND('',#10319,.T.);
#11042=FACE_BOUND('',#10320,.T.);
#11043=FACE_BOUND('',#10321,.T.);
#11044=FACE_BOUND('',#10322,.T.);
#11045=FACE_BOUND('',#10323,.T.);
#11046=FACE_BOUND('',#10324,.T.);
#11047=FACE_BOUND('',#10325,.T.);
#11048=FACE_BOUND('',#10326,.T.);
#11049=FACE_BOUND('',#10327,.T.);
#11050=FACE_BOUND('',#10328,.T.);
#11051=FACE_BOUND('',#10329,.T.);
#11052=FACE_BOUND('',#10330,.T.);
#11053=FACE_BOUND('',#10331,.T.);
#11054=FACE_BOUND('',#10332,.T.);
#11055=FACE_BOUND('',#10333,.T.);
#11056=FACE_BOUND('',#10334,.T.);
#11057=FACE_BOUND('',#10335,.T.);
#11058=FACE_BOUND('',#10336,.T.);
#11059=FACE_BOUND('',#10337,.T.);
#11060=FACE_BOUND('',#10338,.T.);
#11061=FACE_BOUND('',#10339,.T.);
#11062=FACE_BOUND('',#10340,.T.);
#11063=FACE_BOUND('',#10341,.T.);
#11064=FACE_BOUND('',#10342,.T.);
#11065=FACE_BOUND('',#10343,.T.);
#11066=FACE_BOUND('',#10344,.T.);
#11067=FACE_BOUND('',#10345,.T.);
#11068=FACE_BOUND('',#10346,.T.);
#11069=FACE_BOUND('',#10347,.T.);
#11070=FACE_BOUND('',#10348,.T.);
#11071=FACE_BOUND('',#10349,.T.);
#11072=FACE_BOUND('',#10350,.T.);
#11073=FACE_BOUND('',#10351,.T.);
#11074=FACE_BOUND('',#10352,.T.);
#11075=FACE_BOUND('',#10353,.T.);
#11076=FACE_BOUND('',#10354,.T.);
#11077=FACE_BOUND('',#10355,.T.);
#11078=FACE_BOUND('',#10356,.T.);
#11079=FACE_BOUND('',#10357,.T.);
#11080=FACE_BOUND('',#10358,.T.);
#11081=FACE_BOUND('',#10359,.T.);
#11082=FACE_BOUND('',#10360,.T.);
#11083=FACE_BOUND('',#10361,.T.);
#11084=FACE_BOUND('',#10362,.T.);
#11085=FACE_BOUND('',#10363,.T.);
#11086=FACE_BOUND('',#10364,.T.);
#11087=FACE_BOUND('',#10365,.T.);
#11088=FACE_BOUND('',#10366,.T.);
#11089=FACE_BOUND('',#10367,.T.);
#11090=FACE_BOUND('',#10368,.T.);
#11091=FACE_BOUND('',#10369,.T.);
#11092=FACE_BOUND('',#10370,.T.);
#11093=FACE_BOUND('',#10371,.T.);
#11094=FACE_BOUND('',#10372,.T.);
#11095=FACE_BOUND('',#10373,.T.);
#11096=FACE_BOUND('',#10374,.T.);
#11097=FACE_BOUND('',#10375,.T.);
#11098=FACE_BOUND('',#10376,.T.);
#11099=FACE_BOUND('',#10377,.T.);
#11100=FACE_BOUND('',#10378,.T.);
#11101=FACE_BOUND('',#10379,.T.);
#11102=FACE_BOUND('',#10380,.T.);
#11103=FACE_BOUND('',#10381,.T.);
#11104=FACE_BOUND('',#10382,.T.);
#11105=FACE_BOUND('',#10383,.T.);
#11106=FACE_BOUND('',#10384,.T.);
#11107=FACE_BOUND('',#10385,.T.);
#11108=FACE_BOUND('',#10386,.T.);
#11109=FACE_BOUND('',#10387,.T.);
#11110=FACE_BOUND('',#10388,.T.);
#11111=FACE_BOUND('',#10389,.T.);
#11112=FACE_BOUND('',#10390,.T.);
#11113=FACE_BOUND('',#10391,.T.);
#11114=FACE_BOUND('',#10392,.T.);
#11115=FACE_BOUND('',#10393,.T.);
#11116=FACE_BOUND('',#10394,.T.);
#11117=FACE_BOUND('',#10395,.T.);
#11118=FACE_BOUND('',#10396,.T.);
#11119=FACE_BOUND('',#10397,.T.);
#11120=FACE_BOUND('',#10398,.T.);
#11121=FACE_BOUND('',#10399,.T.);
#11122=FACE_BOUND('',#10400,.T.);
#11123=FACE_BOUND('',#10401,.T.);
#11124=FACE_BOUND('',#10402,.T.);
#11125=FACE_BOUND('',#10403,.T.);
#11126=FACE_BOUND('',#10404,.T.);
#11127=FACE_BOUND('',#10405,.T.);
#11128=FACE_BOUND('',#10406,.T.);
#11129=FACE_BOUND('',#10407,.T.);
#11130=FACE_BOUND('',#10408,.T.);
#11131=FACE_BOUND('',#10409,.T.);
#11132=FACE_BOUND('',#10410,.T.);
#11133=FACE_BOUND('',#10411,.T.);
#11134=FACE_BOUND('',#10412,.T.);
#11135=FACE_BOUND('',#10413,.T.);
#11136=FACE_BOUND('',#10414,.T.);
#11137=FACE_BOUND('',#10415,.T.);
#11138=FACE_BOUND('',#10416,.T.);
#11139=FACE_BOUND('',#10417,.T.);
#11140=FACE_BOUND('',#10418,.T.);
#11141=FACE_BOUND('',#10419,.T.);
#11142=FACE_BOUND('',#10420,.T.);
#11143=FACE_BOUND('',#10421,.T.);
#11144=FACE_BOUND('',#10422,.T.);
#11145=FACE_BOUND('',#10423,.T.);
#11146=FACE_BOUND('',#10424,.T.);
#11147=FACE_BOUND('',#10425,.T.);
#11148=FACE_BOUND('',#10426,.T.);
#11149=FACE_BOUND('',#10427,.T.);
#11150=FACE_BOUND('',#10428,.T.);
#11151=FACE_BOUND('',#10429,.T.);
#11152=FACE_BOUND('',#10430,.T.);
#11153=FACE_BOUND('',#10431,.T.);
#11154=FACE_BOUND('',#10432,.T.);
#11155=FACE_BOUND('',#10433,.T.);
#11156=FACE_BOUND('',#10434,.T.);
#11157=FACE_BOUND('',#10435,.T.);
#11158=FACE_BOUND('',#10436,.T.);
#11159=FACE_BOUND('',#10437,.T.);
#11160=FACE_BOUND('',#10438,.T.);
#11161=FACE_BOUND('',#10439,.T.);
#11162=FACE_BOUND('',#10440,.T.);
#11163=FACE_BOUND('',#10441,.T.);
#11164=FACE_BOUND('',#10442,.T.);
#11165=FACE_BOUND('',#10443,.T.);
#11166=FACE_BOUND('',#10444,.T.);
#11167=FACE_BOUND('',#10445,.T.);
#11168=FACE_BOUND('',#10446,.T.);
#11169=FACE_BOUND('',#10447,.T.);
#11170=FACE_BOUND('',#10448,.T.);
#11171=FACE_BOUND('',#10449,.T.);
#11172=FACE_BOUND('',#10450,.T.);
#11173=FACE_BOUND('',#10451,.T.);
#11174=FACE_BOUND('',#10452,.T.);
#11175=FACE_BOUND('',#10453,.T.);
#11176=FACE_BOUND('',#10454,.T.);
#11177=FACE_BOUND('',#10455,.T.);
#11178=FACE_BOUND('',#10456,.T.);
#11179=FACE_BOUND('',#10457,.T.);
#11180=FACE_BOUND('',#10458,.T.);
#11181=FACE_BOUND('',#10459,.T.);
#11182=FACE_BOUND('',#10460,.T.);
#11183=FACE_BOUND('',#10461,.T.);
#11184=FACE_BOUND('',#10462,.T.);
#11185=FACE_BOUND('',#10463,.T.);
#11186=FACE_BOUND('',#10464,.T.);
#11187=FACE_BOUND('',#10465,.T.);
#11188=FACE_BOUND('',#10466,.T.);
#11189=FACE_BOUND('',#10467,.T.);
#11190=FACE_BOUND('',#10468,.T.);
#11191=FACE_BOUND('',#10469,.T.);
#11192=FACE_BOUND('',#10470,.T.);
#11193=FACE_BOUND('',#10471,.T.);
#11194=FACE_BOUND('',#10472,.T.);
#11195=FACE_BOUND('',#10473,.T.);
#11196=FACE_BOUND('',#10474,.T.);
#11197=FACE_BOUND('',#10475,.T.);
#11198=FACE_BOUND('',#10476,.T.);
#11199=FACE_BOUND('',#10477,.T.);
#11200=FACE_BOUND('',#10478,.T.);
#11201=FACE_BOUND('',#10479,.T.);
#11202=FACE_BOUND('',#10480,.T.);
#11203=FACE_BOUND('',#10481,.T.);
#11204=FACE_BOUND('',#10482,.T.);
#11205=FACE_BOUND('',#10483,.T.);
#11206=FACE_BOUND('',#10484,.T.);
#11207=FACE_BOUND('',#10485,.T.);
#11208=FACE_BOUND('',#10486,.T.);
#11209=FACE_BOUND('',#10487,.T.);
#11210=FACE_BOUND('',#10488,.T.);
#11211=FACE_BOUND('',#10489,.T.);
#11212=FACE_BOUND('',#10490,.T.);
#11213=FACE_BOUND('',#10491,.T.);
#11214=FACE_BOUND('',#10492,.T.);
#11215=FACE_BOUND('',#10493,.T.);
#11216=FACE_BOUND('',#10494,.T.);
#11217=FACE_BOUND('',#10495,.T.);
#11218=FACE_BOUND('',#10496,.T.);
#11219=FACE_BOUND('',#10497,.T.);
#11220=FACE_BOUND('',#10498,.T.);
#11221=FACE_BOUND('',#10499,.T.);
#11222=FACE_BOUND('',#10500,.T.);
#11223=FACE_BOUND('',#10501,.T.);
#11224=FACE_BOUND('',#10502,.T.);
#11225=FACE_BOUND('',#10503,.T.);
#11226=FACE_BOUND('',#10504,.T.);
#11227=FACE_BOUND('',#10505,.T.);
#11228=FACE_BOUND('',#10506,.T.);
#11229=FACE_BOUND('',#10507,.T.);
#11230=FACE_BOUND('',#10508,.T.);
#11231=FACE_BOUND('',#10509,.T.);
#11232=FACE_BOUND('',#10510,.T.);
#11233=FACE_BOUND('',#10511,.T.);
#11234=FACE_BOUND('',#10512,.T.);
#11235=FACE_BOUND('',#10513,.T.);
#11236=FACE_BOUND('',#10514,.T.);
#11237=FACE_BOUND('',#10515,.T.);
#11238=FACE_BOUND('',#10516,.T.);
#11239=FACE_BOUND('',#10517,.T.);
#11240=FACE_BOUND('',#10518,.T.);
#11241=FACE_BOUND('',#10519,.T.);
#11242=FACE_BOUND('',#10520,.T.);
#11243=FACE_BOUND('',#10521,.T.);
#11244=FACE_BOUND('',#10522,.T.);
#11245=FACE_BOUND('',#10523,.T.);
#11246=FACE_BOUND('',#10524,.T.);
#11247=FACE_BOUND('',#10525,.T.);
#11248=FACE_BOUND('',#10526,.T.);
#11249=FACE_BOUND('',#10527,.T.);
#11250=FACE_BOUND('',#10528,.T.);
#11251=FACE_BOUND('',#10529,.T.);
#11252=FACE_BOUND('',#10530,.T.);
#11253=FACE_BOUND('',#10531,.T.);
#11254=FACE_BOUND('',#10532,.T.);
#11255=FACE_BOUND('',#10533,.T.);
#11256=FACE_BOUND('',#10534,.T.);
#11257=FACE_BOUND('',#10535,.T.);
#11258=FACE_BOUND('',#10536,.T.);
#11259=FACE_BOUND('',#10537,.T.);
#11260=FACE_BOUND('',#10538,.T.);
#11261=FACE_BOUND('',#10539,.T.);
#11262=FACE_BOUND('',#10540,.T.);
#11263=FACE_BOUND('',#10541,.T.);
#11264=FACE_BOUND('',#10542,.T.);
#11265=FACE_BOUND('',#10543,.T.);
#11266=FACE_BOUND('',#10544,.T.);
#11267=FACE_BOUND('',#10545,.T.);
#11268=FACE_BOUND('',#10546,.T.);
#11269=FACE_BOUND('',#10547,.T.);
#11270=FACE_BOUND('',#10548,.T.);
#11271=FACE_BOUND('',#10549,.T.);
#11272=FACE_BOUND('',#10550,.T.);
#11273=FACE_BOUND('',#10551,.T.);
#11274=FACE_BOUND('',#10552,.T.);
#11275=FACE_BOUND('',#10553,.T.);
#11276=FACE_BOUND('',#10554,.T.);
#11277=FACE_BOUND('',#10555,.T.);
#11278=FACE_BOUND('',#10556,.T.);
#11279=FACE_BOUND('',#10557,.T.);
#11280=FACE_BOUND('',#10558,.T.);
#11281=FACE_BOUND('',#10559,.T.);
#11282=FACE_BOUND('',#10560,.T.);
#11283=FACE_BOUND('',#10561,.T.);
#11284=FACE_BOUND('',#10562,.T.);
#11285=FACE_BOUND('',#10563,.T.);
#11286=FACE_BOUND('',#10564,.T.);
#11287=FACE_BOUND('',#10565,.T.);
#11288=FACE_BOUND('',#10566,.T.);
#11289=FACE_BOUND('',#10567,.T.);
#11290=FACE_BOUND('',#10568,.T.);
#11291=FACE_BOUND('',#10569,.T.);
#11292=FACE_BOUND('',#10570,.T.);
#11293=FACE_BOUND('',#10571,.T.);
#11294=FACE_BOUND('',#10572,.T.);
#11295=FACE_BOUND('',#10573,.T.);
#11296=FACE_BOUND('',#10574,.T.);
#11297=FACE_BOUND('',#10575,.T.);
#11298=FACE_BOUND('',#10576,.T.);
#11299=FACE_BOUND('',#10577,.T.);
#11300=FACE_BOUND('',#10578,.T.);
#11301=FACE_BOUND('',#10579,.T.);
#11302=FACE_BOUND('',#10580,.T.);
#11303=FACE_BOUND('',#10581,.T.);
#11304=FACE_BOUND('',#10582,.T.);
#11305=FACE_BOUND('',#10583,.T.);
#11306=FACE_BOUND('',#10584,.T.);
#11307=FACE_BOUND('',#10585,.T.);
#11308=FACE_BOUND('',#10586,.T.);
#11309=FACE_BOUND('',#10587,.T.);
#11310=FACE_BOUND('',#10588,.T.);
#11311=FACE_BOUND('',#10589,.T.);
#11312=FACE_BOUND('',#10590,.T.);
#11313=FACE_BOUND('',#10591,.T.);
#11314=FACE_BOUND('',#10592,.T.);
#11315=FACE_BOUND('',#10593,.T.);
#11316=FACE_BOUND('',#10594,.T.);
#11317=FACE_BOUND('',#10595,.T.);
#11318=FACE_BOUND('',#10596,.T.);
#11319=FACE_BOUND('',#10597,.T.);
#11320=FACE_BOUND('',#10598,.T.);
#11321=FACE_BOUND('',#10599,.T.);
#11322=FACE_BOUND('',#10600,.T.);
#11323=FACE_BOUND('',#10601,.T.);
#11324=FACE_BOUND('',#10602,.T.);
#11325=FACE_BOUND('',#10603,.T.);
#11326=FACE_BOUND('',#10604,.T.);
#11327=FACE_BOUND('',#10605,.T.);
#11328=FACE_BOUND('',#10606,.T.);
#11329=FACE_BOUND('',#10607,.T.);
#11330=FACE_BOUND('',#10608,.T.);
#11331=FACE_BOUND('',#10609,.T.);
#11332=FACE_BOUND('',#10610,.T.);
#11333=FACE_BOUND('',#10611,.T.);
#11334=FACE_BOUND('',#10612,.T.);
#11335=FACE_BOUND('',#10613,.T.);
#11336=FACE_BOUND('',#10614,.T.);
#11337=FACE_BOUND('',#10615,.T.);
#11338=FACE_BOUND('',#10616,.T.);
#11339=FACE_BOUND('',#10617,.T.);
#11340=FACE_BOUND('',#10618,.T.);
#11341=FACE_BOUND('',#10619,.T.);
#11342=FACE_BOUND('',#10620,.T.);
#11343=FACE_BOUND('',#10621,.T.);
#11344=FACE_BOUND('',#10622,.T.);
#11345=FACE_BOUND('',#10623,.T.);
#11346=FACE_BOUND('',#10624,.T.);
#11347=FACE_BOUND('',#10625,.T.);
#11348=FACE_BOUND('',#10626,.T.);
#11349=FACE_BOUND('',#10627,.T.);
#11350=FACE_BOUND('',#10628,.T.);
#11351=FACE_BOUND('',#10629,.T.);
#11352=FACE_BOUND('',#10630,.T.);
#11353=FACE_BOUND('',#10631,.T.);
#11354=FACE_BOUND('',#10632,.T.);
#11355=FACE_BOUND('',#10633,.T.);
#11356=FACE_BOUND('',#10634,.T.);
#11357=FACE_BOUND('',#10635,.T.);
#11358=FACE_BOUND('',#10636,.T.);
#11359=FACE_BOUND('',#10637,.T.);
#11360=FACE_BOUND('',#10638,.T.);
#11361=FACE_BOUND('',#10639,.T.);
#11362=FACE_BOUND('',#10640,.T.);
#11363=FACE_BOUND('',#10641,.T.);
#11364=FACE_BOUND('',#10642,.T.);
#11365=FACE_BOUND('',#10643,.T.);
#11366=FACE_BOUND('',#10644,.T.);
#11367=FACE_BOUND('',#10645,.T.);
#11368=FACE_BOUND('',#10646,.T.);
#11369=FACE_BOUND('',#10647,.T.);
#11370=FACE_BOUND('',#10648,.T.);
#11371=FACE_BOUND('',#10649,.T.);
#11372=FACE_BOUND('',#10650,.T.);
#11373=FACE_BOUND('',#10651,.T.);
#11374=FACE_BOUND('',#10652,.T.);
#11375=FACE_BOUND('',#10653,.T.);
#11376=FACE_BOUND('',#10654,.T.);
#11377=FACE_BOUND('',#10655,.T.);
#11378=FACE_BOUND('',#10656,.T.);
#11379=FACE_BOUND('',#10657,.T.);
#11380=FACE_BOUND('',#10658,.T.);
#11381=FACE_BOUND('',#10659,.T.);
#11382=FACE_BOUND('',#10660,.T.);
#11383=FACE_BOUND('',#10661,.T.);
#11384=FACE_BOUND('',#10662,.T.);
#11385=FACE_BOUND('',#10663,.T.);
#11386=FACE_BOUND('',#10664,.T.);
#11387=FACE_BOUND('',#10665,.T.);
#11388=FACE_BOUND('',#10666,.T.);
#11389=FACE_BOUND('',#10667,.T.);
#11390=FACE_BOUND('',#10668,.T.);
#11391=FACE_BOUND('',#10669,.T.);
#11392=FACE_BOUND('',#10670,.T.);
#11393=FACE_BOUND('',#10671,.T.);
#11394=FACE_BOUND('',#10672,.T.);
#11395=FACE_BOUND('',#10673,.T.);
#11396=FACE_BOUND('',#10674,.T.);
#11397=FACE_BOUND('',#10675,.T.);
#11398=FACE_BOUND('',#10676,.T.);
#11399=FACE_BOUND('',#10677,.T.);
#11400=FACE_BOUND('',#10678,.T.);
#11401=FACE_BOUND('',#10679,.T.);
#11402=FACE_BOUND('',#10680,.T.);
#11403=FACE_BOUND('',#10681,.T.);
#11404=FACE_BOUND('',#10682,.T.);
#11405=FACE_BOUND('',#10683,.T.);
#11406=FACE_BOUND('',#10684,.T.);
#11407=FACE_BOUND('',#10685,.T.);
#11408=FACE_BOUND('',#10686,.T.);
#11409=FACE_BOUND('',#10687,.T.);
#11410=FACE_BOUND('',#10688,.T.);
#11411=FACE_BOUND('',#10689,.T.);
#11412=FACE_BOUND('',#10690,.T.);
#11413=FACE_BOUND('',#10691,.T.);
#11414=FACE_BOUND('',#10692,.T.);
#11415=FACE_BOUND('',#10693,.T.);
#11416=FACE_BOUND('',#10694,.T.);
#11417=FACE_BOUND('',#10695,.T.);
#11418=FACE_BOUND('',#10696,.T.);
#11419=FACE_BOUND('',#10697,.T.);
#11420=FACE_BOUND('',#10698,.T.);
#11421=FACE_BOUND('',#10699,.T.);
#11422=FACE_BOUND('',#10700,.T.);
#11423=FACE_BOUND('',#10701,.T.);
#11424=FACE_BOUND('',#10702,.T.);
#11425=FACE_BOUND('',#10703,.T.);
#11426=FACE_BOUND('',#10704,.T.);
#11427=FACE_BOUND('',#10705,.T.);
#11428=FACE_BOUND('',#10706,.T.);
#11429=FACE_BOUND('',#10707,.T.);
#11430=FACE_BOUND('',#10708,.T.);
#11431=FACE_BOUND('',#10709,.T.);
#11432=FACE_BOUND('',#10710,.T.);
#11433=FACE_BOUND('',#10711,.T.);
#11434=FACE_BOUND('',#10712,.T.);
#11435=FACE_BOUND('',#10713,.T.);
#11436=FACE_BOUND('',#10714,.T.);
#11437=FACE_BOUND('',#10715,.T.);
#11438=FACE_BOUND('',#10716,.T.);
#11439=FACE_BOUND('',#10717,.T.);
#11440=FACE_BOUND('',#10718,.T.);
#11441=FACE_BOUND('',#10719,.T.);
#11442=FACE_BOUND('',#10720,.T.);
#11443=FACE_BOUND('',#10721,.T.);
#11444=FACE_BOUND('',#10722,.T.);
#11445=FACE_BOUND('',#10723,.T.);
#11446=FACE_BOUND('',#10724,.T.);
#11447=FACE_BOUND('',#10725,.T.);
#11448=FACE_BOUND('',#10726,.T.);
#11449=FACE_BOUND('',#10727,.T.);
#11450=FACE_BOUND('',#10728,.T.);
#11451=FACE_BOUND('',#10729,.T.);
#11452=FACE_BOUND('',#10730,.T.);
#11453=FACE_BOUND('',#10731,.T.);
#11454=FACE_BOUND('',#10732,.T.);
#11455=FACE_BOUND('',#10733,.T.);
#11456=FACE_BOUND('',#10734,.T.);
#11457=FACE_BOUND('',#10735,.T.);
#11458=FACE_BOUND('',#10736,.T.);
#11459=FACE_BOUND('',#10737,.T.);
#11460=FACE_BOUND('',#10738,.T.);
#11461=FACE_BOUND('',#10739,.T.);
#11462=FACE_BOUND('',#10740,.T.);
#11463=FACE_BOUND('',#10741,.T.);
#11464=FACE_BOUND('',#10742,.T.);
#11465=FACE_BOUND('',#10743,.T.);
#11466=FACE_BOUND('',#10744,.T.);
#11467=FACE_BOUND('',#10745,.T.);
#11468=FACE_BOUND('',#10746,.T.);
#11469=FACE_BOUND('',#10747,.T.);
#11470=FACE_BOUND('',#10748,.T.);
#11471=FACE_BOUND('',#10749,.T.);
#11472=FACE_BOUND('',#10750,.T.);
#11473=FACE_BOUND('',#10751,.T.);
#11474=FACE_BOUND('',#10752,.T.);
#11475=FACE_BOUND('',#10753,.T.);
#11476=FACE_BOUND('',#10754,.T.);
#11477=FACE_BOUND('',#10755,.T.);
#11478=FACE_BOUND('',#10756,.T.);
#11479=FACE_BOUND('',#10757,.T.);
#11480=FACE_BOUND('',#10758,.T.);
#11481=FACE_BOUND('',#10759,.T.);
#11482=FACE_BOUND('',#10760,.T.);
#11483=FACE_BOUND('',#10761,.T.);
#11484=FACE_BOUND('',#10762,.T.);
#11485=FACE_BOUND('',#10763,.T.);
#11486=FACE_BOUND('',#10764,.T.);
#11487=FACE_BOUND('',#10765,.T.);
#11488=FACE_BOUND('',#10766,.T.);
#11489=FACE_BOUND('',#10767,.T.);
#11490=FACE_BOUND('',#10768,.T.);
#11491=FACE_BOUND('',#10769,.T.);
#11492=FACE_BOUND('',#10770,.T.);
#11493=FACE_BOUND('',#10771,.T.);
#11494=FACE_BOUND('',#10772,.T.);
#11495=FACE_BOUND('',#10773,.T.);
#11496=FACE_BOUND('',#10774,.T.);
#11497=FACE_BOUND('',#10775,.T.);
#11498=FACE_BOUND('',#10776,.T.);
#11499=FACE_BOUND('',#10777,.T.);
#11500=FACE_BOUND('',#10778,.T.);
#11501=FACE_BOUND('',#10779,.T.);
#11502=FACE_BOUND('',#10780,.T.);
#11503=FACE_BOUND('',#10781,.T.);
#11504=FACE_BOUND('',#10782,.T.);
#11505=FACE_BOUND('',#10783,.T.);
#11506=FACE_BOUND('',#10784,.T.);
#11507=FACE_BOUND('',#10785,.T.);
#11508=FACE_BOUND('',#10786,.T.);
#11509=FACE_BOUND('',#10787,.T.);
#11510=FACE_BOUND('',#10788,.T.);
#11511=FACE_BOUND('',#10789,.T.);
#11512=FACE_BOUND('',#10790,.T.);
#11513=FACE_BOUND('',#10791,.T.);
#11514=FACE_BOUND('',#10792,.T.);
#11515=FACE_BOUND('',#10793,.T.);
#11516=FACE_BOUND('',#10794,.T.);
#11517=FACE_BOUND('',#10795,.T.);
#11518=FACE_BOUND('',#10796,.T.);
#11519=FACE_BOUND('',#10797,.T.);
#11520=FACE_BOUND('',#10798,.T.);
#11521=FACE_BOUND('',#10799,.T.);
#11522=FACE_BOUND('',#10800,.T.);
#11523=FACE_BOUND('',#10801,.T.);
#11524=FACE_BOUND('',#10802,.T.);
#11525=FACE_BOUND('',#10803,.T.);
#11526=FACE_BOUND('',#10804,.T.);
#11527=FACE_BOUND('',#10805,.T.);
#11528=FACE_BOUND('',#10806,.T.);
#11529=FACE_BOUND('',#10807,.T.);
#11530=FACE_BOUND('',#10808,.T.);
#11531=FACE_BOUND('',#10809,.T.);
#11532=FACE_BOUND('',#10810,.T.);
#11533=FACE_BOUND('',#10811,.T.);
#11534=FACE_BOUND('',#10812,.T.);
#11535=FACE_BOUND('',#10813,.T.);
#11536=FACE_BOUND('',#10814,.T.);
#11537=FACE_BOUND('',#10815,.T.);
#11538=FACE_BOUND('',#10816,.T.);
#11539=FACE_BOUND('',#10817,.T.);
#11540=FACE_BOUND('',#10818,.T.);
#11541=FACE_BOUND('',#10819,.T.);
#11542=FACE_BOUND('',#10820,.T.);
#11543=FACE_BOUND('',#10821,.T.);
#11544=FACE_BOUND('',#10822,.T.);
#11545=FACE_BOUND('',#10823,.T.);
#11546=FACE_BOUND('',#10824,.T.);
#11547=FACE_BOUND('',#10825,.T.);
#11548=FACE_BOUND('',#10826,.T.);
#11549=FACE_BOUND('',#10827,.T.);
#11550=FACE_BOUND('',#10828,.T.);
#11551=FACE_BOUND('',#10829,.T.);
#11552=FACE_BOUND('',#10830,.T.);
#11553=FACE_BOUND('',#10831,.T.);
#11554=FACE_BOUND('',#10832,.T.);
#11555=FACE_BOUND('',#10833,.T.);
#11556=FACE_BOUND('',#10834,.T.);
#11557=FACE_BOUND('',#10835,.T.);
#11558=FACE_BOUND('',#10836,.T.);
#11559=FACE_BOUND('',#10837,.T.);
#11560=FACE_BOUND('',#10838,.T.);
#11561=FACE_BOUND('',#10839,.T.);
#11562=FACE_BOUND('',#10840,.T.);
#11563=FACE_BOUND('',#10841,.T.);
#11564=FACE_BOUND('',#10842,.T.);
#11565=FACE_BOUND('',#10843,.T.);
#11566=FACE_BOUND('',#10844,.T.);
#11567=FACE_BOUND('',#10845,.T.);
#11568=FACE_BOUND('',#10846,.T.);
#11569=FACE_BOUND('',#10847,.T.);
#11570=FACE_BOUND('',#10848,.T.);
#11571=FACE_BOUND('',#10849,.T.);
#11572=FACE_BOUND('',#10850,.T.);
#11573=FACE_BOUND('',#10851,.T.);
#11574=FACE_BOUND('',#10852,.T.);
#11575=FACE_BOUND('',#10853,.T.);
#11576=FACE_BOUND('',#10854,.T.);
#11577=FACE_BOUND('',#10855,.T.);
#11578=FACE_BOUND('',#10856,.T.);
#11579=FACE_BOUND('',#10857,.T.);
#11580=FACE_BOUND('',#10858,.T.);
#11581=FACE_BOUND('',#10859,.T.);
#11582=FACE_BOUND('',#10860,.T.);
#11583=FACE_BOUND('',#10861,.T.);
#11584=FACE_BOUND('',#10862,.T.);
#11585=FACE_BOUND('',#10863,.T.);
#11586=FACE_BOUND('',#10864,.T.);
#11587=FACE_BOUND('',#10865,.T.);
#11588=FACE_BOUND('',#10866,.T.);
#11589=FACE_BOUND('',#10867,.T.);
#11590=FACE_BOUND('',#10868,.T.);
#11591=FACE_BOUND('',#10869,.T.);
#11592=FACE_BOUND('',#10870,.T.);
#11593=FACE_BOUND('',#10871,.T.);
#11594=FACE_BOUND('',#10872,.T.);
#11595=FACE_BOUND('',#10873,.T.);
#11596=FACE_BOUND('',#10874,.T.);
#11597=FACE_BOUND('',#10875,.T.);
#11598=FACE_BOUND('',#10876,.T.);
#11599=FACE_BOUND('',#10877,.T.);
#11600=FACE_BOUND('',#10878,.T.);
#11601=FACE_BOUND('',#10879,.T.);
#11602=FACE_BOUND('',#10880,.T.);
#11603=FACE_BOUND('',#10881,.T.);
#11604=FACE_BOUND('',#10882,.T.);
#11605=FACE_BOUND('',#10883,.T.);
#11606=FACE_BOUND('',#10884,.T.);
#11607=FACE_BOUND('',#10885,.T.);
#11608=FACE_BOUND('',#10886,.T.);
#11609=FACE_BOUND('',#10887,.T.);
#11610=FACE_BOUND('',#10888,.T.);
#11611=FACE_BOUND('',#10889,.T.);
#11612=FACE_BOUND('',#10890,.T.);
#11613=FACE_BOUND('',#10891,.T.);
#11614=FACE_BOUND('',#10892,.T.);
#11615=FACE_BOUND('',#10893,.T.);
#11616=FACE_BOUND('',#10894,.T.);
#11617=FACE_BOUND('',#10895,.T.);
#11618=FACE_BOUND('',#10896,.T.);
#11619=FACE_BOUND('',#10897,.T.);
#11620=FACE_BOUND('',#10898,.T.);
#11621=FACE_BOUND('',#10899,.T.);
#11622=FACE_BOUND('',#10900,.T.);
#11623=FACE_BOUND('',#10901,.T.);
#11624=FACE_BOUND('',#10902,.T.);
#11625=FACE_BOUND('',#10903,.T.);
#11626=FACE_BOUND('',#10904,.T.);
#11627=FACE_BOUND('',#10905,.T.);
#11628=FACE_BOUND('',#10906,.T.);
#11629=FACE_BOUND('',#10907,.T.);
#11630=FACE_BOUND('',#10908,.T.);
#11631=FACE_BOUND('',#10909,.T.);
#11632=FACE_BOUND('',#10910,.T.);
#11633=FACE_BOUND('',#10911,.T.);
#11634=FACE_BOUND('',#10912,.T.);
#11635=FACE_BOUND('',#10913,.T.);
#11636=FACE_BOUND('',#10914,.T.);
#11637=FACE_BOUND('',#10915,.T.);
#11638=FACE_BOUND('',#10916,.T.);
#11639=FACE_BOUND('',#10917,.T.);
#11640=FACE_BOUND('',#10918,.T.);
#11641=FACE_BOUND('',#10919,.T.);
#11642=FACE_BOUND('',#10920,.T.);
#11643=FACE_BOUND('',#10921,.T.);
#11644=FACE_BOUND('',#10922,.T.);
#11645=FACE_BOUND('',#10923,.T.);
#11646=FACE_BOUND('',#10924,.T.);
#11647=FACE_BOUND('',#10925,.T.);
#11648=FACE_BOUND('',#10926,.T.);
#11649=FACE_BOUND('',#10927,.T.);
#11650=FACE_BOUND('',#10928,.T.);
#11651=FACE_BOUND('',#10929,.T.);
#11652=FACE_BOUND('',#10930,.T.);
#11653=FACE_BOUND('',#10931,.T.);
#11654=FACE_BOUND('',#10932,.T.);
#11655=FACE_BOUND('',#10933,.T.);
#11656=FACE_BOUND('',#10934,.T.);
#11657=FACE_BOUND('',#10935,.T.);
#11658=FACE_BOUND('',#10936,.T.);
#11659=FACE_BOUND('',#10937,.T.);
#11660=FACE_BOUND('',#10938,.T.);
#11661=FACE_BOUND('',#10939,.T.);
#11662=FACE_BOUND('',#10940,.T.);
#11663=FACE_BOUND('',#10941,.T.);
#11664=FACE_BOUND('',#10942,.T.);
#11665=FACE_BOUND('',#10943,.T.);
#11666=FACE_BOUND('',#10944,.T.);
#11667=FACE_BOUND('',#10945,.T.);
#11668=FACE_BOUND('',#10946,.T.);
#11669=FACE_BOUND('',#10947,.T.);
#11670=FACE_BOUND('',#10948,.T.);
#11671=FACE_BOUND('',#10949,.T.);
#11672=FACE_BOUND('',#10950,.T.);
#11673=FACE_BOUND('',#10951,.T.);
#11674=FACE_BOUND('',#10952,.T.);
#11675=FACE_BOUND('',#10953,.T.);
#11676=FACE_BOUND('',#10954,.T.);
#11677=FACE_BOUND('',#10955,.T.);
#11678=FACE_BOUND('',#10956,.T.);
#11679=FACE_BOUND('',#10957,.T.);
#11680=FACE_BOUND('',#10958,.T.);
#11681=FACE_BOUND('',#10959,.T.);
#11682=FACE_BOUND('',#10960,.T.);
#11683=FACE_BOUND('',#10961,.T.);
#11684=FACE_BOUND('',#10962,.T.);
#11685=FACE_BOUND('',#10963,.T.);
#11686=FACE_BOUND('',#10964,.T.);
#11687=FACE_BOUND('',#10965,.T.);
#11688=FACE_BOUND('',#10966,.T.);
#11689=FACE_BOUND('',#10967,.T.);
#11690=FACE_BOUND('',#10968,.T.);
#11691=FACE_BOUND('',#10969,.T.);
#11692=FACE_BOUND('',#10970,.T.);
#11693=FACE_BOUND('',#10971,.T.);
#11694=FACE_BOUND('',#10972,.T.);
#11695=FACE_BOUND('',#10973,.T.);
#11696=FACE_BOUND('',#10974,.T.);
#11697=FACE_BOUND('',#10975,.T.);
#11698=FACE_BOUND('',#10976,.T.);
#11699=FACE_BOUND('',#10977,.T.);
#11700=FACE_BOUND('',#10978,.T.);
#11701=FACE_BOUND('',#10979,.T.);
#11702=FACE_BOUND('',#10980,.T.);
#11703=FACE_BOUND('',#10981,.T.);
#11704=FACE_BOUND('',#10982,.T.);
#11705=FACE_BOUND('',#10983,.T.);
#11706=FACE_BOUND('',#10984,.T.);
#11707=FACE_BOUND('',#10985,.T.);
#11708=PLANE('',#12923);
#11709=PLANE('',#12924);
#11710=PLANE('',#12925);
#11711=PLANE('',#12926);
#11712=PLANE('',#12927);
#11713=PLANE('',#12928);
#11714=PLANE('',#12929);
#11715=PLANE('',#12930);
#11716=PLANE('',#12931);
#11717=PLANE('',#12932);
#11718=PLANE('',#12933);
#11719=PLANE('',#12934);
#11720=PLANE('',#12935);
#11721=PLANE('',#12936);
#11722=PLANE('',#12937);
#11723=PLANE('',#12938);
#11724=PLANE('',#12939);
#11725=PLANE('',#12940);
#11726=PLANE('',#12941);
#11727=PLANE('',#12942);
#11728=PLANE('',#12943);
#11729=PLANE('',#12944);
#11730=PLANE('',#12945);
#11731=PLANE('',#12946);
#11732=PLANE('',#12947);
#11733=PLANE('',#12948);
#11734=PLANE('',#12949);
#11735=PLANE('',#12950);
#11736=PLANE('',#12951);
#11737=PLANE('',#12952);
#11738=PLANE('',#12953);
#11739=PLANE('',#12954);
#11740=PLANE('',#12955);
#11741=PLANE('',#12956);
#11742=PLANE('',#12957);
#11743=PLANE('',#12958);
#11744=PLANE('',#12959);
#11745=PLANE('',#12960);
#11746=PLANE('',#12961);
#11747=PLANE('',#12962);
#11748=PLANE('',#12963);
#11749=PLANE('',#12964);
#11750=PLANE('',#12965);
#11751=PLANE('',#12966);
#11752=PLANE('',#12967);
#11753=PLANE('',#12968);
#11754=PLANE('',#12969);
#11755=PLANE('',#12970);
#11756=PLANE('',#12971);
#11757=PLANE('',#12972);
#11758=PLANE('',#12973);
#11759=PLANE('',#12974);
#11760=PLANE('',#12975);
#11761=PLANE('',#12976);
#11762=PLANE('',#12977);
#11763=PLANE('',#12978);
#11764=PLANE('',#12979);
#11765=PLANE('',#12980);
#11766=PLANE('',#12981);
#11767=PLANE('',#12982);
#11768=PLANE('',#12983);
#11769=PLANE('',#12984);
#11770=PLANE('',#12985);
#11771=PLANE('',#12986);
#11772=PLANE('',#12987);
#11773=PLANE('',#12988);
#11774=PLANE('',#12989);
#11775=PLANE('',#12990);
#11776=PLANE('',#12991);
#11777=PLANE('',#12992);
#11778=PLANE('',#12993);
#11779=PLANE('',#12994);
#11780=PLANE('',#12995);
#11781=PLANE('',#12996);
#11782=PLANE('',#12997);
#11783=PLANE('',#12998);
#11784=PLANE('',#12999);
#11785=PLANE('',#13000);
#11786=PLANE('',#13001);
#11787=PLANE('',#13002);
#11788=PLANE('',#13003);
#11789=PLANE('',#13004);
#11790=PLANE('',#13005);
#11791=PLANE('',#13006);
#11792=PLANE('',#13007);
#11793=PLANE('',#13008);
#11794=PLANE('',#13009);
#11795=PLANE('',#13010);
#11796=PLANE('',#13011);
#11797=PLANE('',#13012);
#11798=PLANE('',#13013);
#11799=PLANE('',#13014);
#11800=PLANE('',#13015);
#11801=PLANE('',#13016);
#11802=PLANE('',#13017);
#11803=PLANE('',#13018);
#11804=PLANE('',#13019);
#11805=PLANE('',#13020);
#11806=PLANE('',#13021);
#11807=PLANE('',#13022);
#11808=PLANE('',#13023);
#11809=PLANE('',#13024);
#11810=PLANE('',#13025);
#11811=PLANE('',#13026);
#11812=PLANE('',#13027);
#11813=PLANE('',#13028);
#11814=PLANE('',#13029);
#11815=PLANE('',#13030);
#11816=PLANE('',#13031);
#11817=PLANE('',#13032);
#11818=PLANE('',#13033);
#11819=PLANE('',#13034);
#11820=PLANE('',#13035);
#11821=PLANE('',#13036);
#11822=PLANE('',#13037);
#11823=PLANE('',#13038);
#11824=PLANE('',#13039);
#11825=PLANE('',#13040);
#11826=PLANE('',#13041);
#11827=PLANE('',#13042);
#11828=PLANE('',#13043);
#11829=PLANE('',#13044);
#11830=PLANE('',#13045);
#11831=PLANE('',#13046);
#11832=PLANE('',#13047);
#11833=PLANE('',#13048);
#11834=PLANE('',#13049);
#11835=PLANE('',#13050);
#11836=PLANE('',#13051);
#11837=PLANE('',#13052);
#11838=PLANE('',#13053);
#11839=PLANE('',#13054);
#11840=PLANE('',#13055);
#11841=PLANE('',#13056);
#11842=PLANE('',#13057);
#11843=PLANE('',#13058);
#11844=PLANE('',#13059);
#11845=PLANE('',#13060);
#11846=PLANE('',#13061);
#11847=PLANE('',#13062);
#11848=PLANE('',#13063);
#11849=PLANE('',#13064);
#11850=PLANE('',#13065);
#11851=PLANE('',#13066);
#11852=PLANE('',#13067);
#11853=PLANE('',#13068);
#11854=PLANE('',#13069);
#11855=PLANE('',#13070);
#11856=PLANE('',#13071);
#11857=PLANE('',#13072);
#11858=PLANE('',#13073);
#11859=PLANE('',#13074);
#11860=PLANE('',#13075);
#11861=PLANE('',#13076);
#11862=PLANE('',#13077);
#11863=PLANE('',#13078);
#11864=PLANE('',#13079);
#11865=PLANE('',#13080);
#11866=PLANE('',#13081);
#11867=PLANE('',#13082);
#11868=PLANE('',#13083);
#11869=PLANE('',#13084);
#11870=PLANE('',#13085);
#11871=PLANE('',#13086);
#11872=PLANE('',#13087);
#11873=PLANE('',#13088);
#11874=PLANE('',#13089);
#11875=PLANE('',#13090);
#11876=PLANE('',#13091);
#11877=PLANE('',#13092);
#11878=PLANE('',#13093);
#11879=PLANE('',#13094);
#11880=PLANE('',#13095);
#11881=PLANE('',#13096);
#11882=PLANE('',#13097);
#11883=PLANE('',#13098);
#11884=PLANE('',#13099);
#11885=PLANE('',#13100);
#11886=PLANE('',#13101);
#11887=PLANE('',#13102);
#11888=PLANE('',#13103);
#11889=PLANE('',#13104);
#11890=PLANE('',#13105);
#11891=PLANE('',#13106);
#11892=PLANE('',#13107);
#11893=PLANE('',#13108);
#11894=PLANE('',#13109);
#11895=PLANE('',#13110);
#11896=PLANE('',#13111);
#11897=PLANE('',#13112);
#11898=PLANE('',#13113);
#11899=PLANE('',#13114);
#11900=PLANE('',#13115);
#11901=PLANE('',#13116);
#11902=PLANE('',#13117);
#11903=PLANE('',#13118);
#11904=PLANE('',#13119);
#11905=PLANE('',#13120);
#11906=PLANE('',#13121);
#11907=PLANE('',#13122);
#11908=PLANE('',#13123);
#11909=PLANE('',#13124);
#11910=PLANE('',#13125);
#11911=PLANE('',#13126);
#11912=PLANE('',#13127);
#11913=PLANE('',#13128);
#11914=PLANE('',#13129);
#11915=PLANE('',#13130);
#11916=PLANE('',#13131);
#11917=PLANE('',#13132);
#11918=PLANE('',#13133);
#11919=PLANE('',#13134);
#11920=PLANE('',#13135);
#11921=PLANE('',#13136);
#11922=PLANE('',#13137);
#11923=PLANE('',#13138);
#11924=PLANE('',#13139);
#11925=PLANE('',#13140);
#11926=PLANE('',#13141);
#11927=PLANE('',#13142);
#11928=PLANE('',#13143);
#11929=PLANE('',#13144);
#11930=PLANE('',#13145);
#11931=PLANE('',#13146);
#11932=PLANE('',#13147);
#11933=PLANE('',#13148);
#11934=PLANE('',#13149);
#11935=PLANE('',#13150);
#11936=PLANE('',#13151);
#11937=PLANE('',#13152);
#11938=PLANE('',#13153);
#11939=PLANE('',#13154);
#11940=PLANE('',#13155);
#11941=PLANE('',#13156);
#11942=PLANE('',#13157);
#11943=PLANE('',#13158);
#11944=PLANE('',#13159);
#11945=PLANE('',#13160);
#11946=PLANE('',#13161);
#11947=PLANE('',#13162);
#11948=PLANE('',#13163);
#11949=PLANE('',#13164);
#11950=PLANE('',#13165);
#11951=PLANE('',#13166);
#11952=PLANE('',#13167);
#11953=PLANE('',#13168);
#11954=PLANE('',#13169);
#11955=PLANE('',#13170);
#11956=PLANE('',#13171);
#11957=PLANE('',#13172);
#11958=PLANE('',#13173);
#11959=PLANE('',#13174);
#11960=PLANE('',#13175);
#11961=PLANE('',#13176);
#11962=PLANE('',#13177);
#11963=PLANE('',#13178);
#11964=PLANE('',#13179);
#11965=PLANE('',#13180);
#11966=PLANE('',#13181);
#11967=PLANE('',#13182);
#11968=PLANE('',#13183);
#11969=PLANE('',#13184);
#11970=PLANE('',#13185);
#11971=PLANE('',#13186);
#11972=PLANE('',#13187);
#11973=PLANE('',#13188);
#11974=PLANE('',#13189);
#11975=PLANE('',#13190);
#11976=PLANE('',#13191);
#11977=PLANE('',#13192);
#11978=PLANE('',#13193);
#11979=PLANE('',#13194);
#11980=PLANE('',#13195);
#11981=PLANE('',#13196);
#11982=PLANE('',#13197);
#11983=PLANE('',#13198);
#11984=PLANE('',#13199);
#11985=PLANE('',#13200);
#11986=PLANE('',#13201);
#11987=PLANE('',#13202);
#11988=PLANE('',#13203);
#11989=PLANE('',#13204);
#11990=PLANE('',#13205);
#11991=PLANE('',#13206);
#11992=PLANE('',#13207);
#11993=PLANE('',#13208);
#11994=PLANE('',#13209);
#11995=PLANE('',#13210);
#11996=PLANE('',#13211);
#11997=PLANE('',#13212);
#11998=PLANE('',#13213);
#11999=PLANE('',#13214);
#12000=PLANE('',#13215);
#12001=PLANE('',#13216);
#12002=PLANE('',#13217);
#12003=PLANE('',#13218);
#12004=PLANE('',#13219);
#12005=PLANE('',#13220);
#12006=PLANE('',#13221);
#12007=PLANE('',#13222);
#12008=PLANE('',#13223);
#12009=PLANE('',#13224);
#12010=PLANE('',#13225);
#12011=PLANE('',#13226);
#12012=PLANE('',#13227);
#12013=PLANE('',#13228);
#12014=PLANE('',#13229);
#12015=PLANE('',#13230);
#12016=PLANE('',#13231);
#12017=PLANE('',#13232);
#12018=PLANE('',#13233);
#12019=PLANE('',#13234);
#12020=PLANE('',#13235);
#12021=PLANE('',#13236);
#12022=PLANE('',#13237);
#12023=PLANE('',#13238);
#12024=PLANE('',#13239);
#12025=PLANE('',#13240);
#12026=PLANE('',#13241);
#12027=PLANE('',#13242);
#12028=PLANE('',#13243);
#12029=PLANE('',#13244);
#12030=PLANE('',#13245);
#12031=PLANE('',#13246);
#12032=PLANE('',#13247);
#12033=PLANE('',#13248);
#12034=PLANE('',#13249);
#12035=PLANE('',#13250);
#12036=PLANE('',#13251);
#12037=PLANE('',#13252);
#12038=PLANE('',#13253);
#12039=PLANE('',#13254);
#12040=PLANE('',#13255);
#12041=PLANE('',#13256);
#12042=PLANE('',#13257);
#12043=PLANE('',#13258);
#12044=PLANE('',#13259);
#12045=PLANE('',#13260);
#12046=PLANE('',#13261);
#12047=PLANE('',#13262);
#12048=PLANE('',#13263);
#12049=PLANE('',#13264);
#12050=PLANE('',#13265);
#12051=PLANE('',#13266);
#12052=PLANE('',#13267);
#12053=PLANE('',#13268);
#12054=PLANE('',#13269);
#12055=PLANE('',#13270);
#12056=PLANE('',#13271);
#12057=PLANE('',#13272);
#12058=PLANE('',#13273);
#12059=PLANE('',#13274);
#12060=PLANE('',#13275);
#12061=PLANE('',#13276);
#12062=PLANE('',#13277);
#12063=PLANE('',#13278);
#12064=PLANE('',#13279);
#12065=PLANE('',#13280);
#12066=PLANE('',#13281);
#12067=PLANE('',#13282);
#12068=PLANE('',#13283);
#12069=PLANE('',#13284);
#12070=PLANE('',#13285);
#12071=PLANE('',#13286);
#12072=PLANE('',#13287);
#12073=PLANE('',#13288);
#12074=PLANE('',#13289);
#12075=PLANE('',#13290);
#12076=PLANE('',#13291);
#12077=PLANE('',#13292);
#12078=PLANE('',#13293);
#12079=PLANE('',#13294);
#12080=PLANE('',#13295);
#12081=PLANE('',#13296);
#12082=PLANE('',#13297);
#12083=PLANE('',#13298);
#12084=PLANE('',#13299);
#12085=PLANE('',#13300);
#12086=PLANE('',#13301);
#12087=PLANE('',#13302);
#12088=PLANE('',#13303);
#12089=PLANE('',#13304);
#12090=PLANE('',#13305);
#12091=PLANE('',#13306);
#12092=PLANE('',#13307);
#12093=PLANE('',#13308);
#12094=PLANE('',#13309);
#12095=PLANE('',#13310);
#12096=PLANE('',#13311);
#12097=PLANE('',#13312);
#12098=PLANE('',#13313);
#12099=PLANE('',#13314);
#12100=PLANE('',#13315);
#12101=PLANE('',#13316);
#12102=PLANE('',#13317);
#12103=PLANE('',#13318);
#12104=PLANE('',#13319);
#12105=PLANE('',#13320);
#12106=PLANE('',#13321);
#12107=PLANE('',#13322);
#12108=PLANE('',#13323);
#12109=PLANE('',#13324);
#12110=PLANE('',#13325);
#12111=PLANE('',#13326);
#12112=PLANE('',#13327);
#12113=PLANE('',#13328);
#12114=PLANE('',#13329);
#12115=PLANE('',#13330);
#12116=PLANE('',#13331);
#12117=PLANE('',#13332);
#12118=PLANE('',#13333);
#12119=PLANE('',#13334);
#12120=PLANE('',#13335);
#12121=PLANE('',#13336);
#12122=PLANE('',#13337);
#12123=PLANE('',#13338);
#12124=PLANE('',#13339);
#12125=PLANE('',#13340);
#12126=PLANE('',#13341);
#12127=PLANE('',#13342);
#12128=PLANE('',#13343);
#12129=PLANE('',#13344);
#12130=PLANE('',#13345);
#12131=PLANE('',#13346);
#12132=PLANE('',#13347);
#12133=PLANE('',#13348);
#12134=PLANE('',#13349);
#12135=PLANE('',#13350);
#12136=PLANE('',#13351);
#12137=PLANE('',#13352);
#12138=PLANE('',#13353);
#12139=PLANE('',#13354);
#12140=PLANE('',#13355);
#12141=PLANE('',#13356);
#12142=PLANE('',#13357);
#12143=PLANE('',#13358);
#12144=PLANE('',#13359);
#12145=PLANE('',#13360);
#12146=PLANE('',#13361);
#12147=PLANE('',#13362);
#12148=PLANE('',#13363);
#12149=PLANE('',#13364);
#12150=PLANE('',#13365);
#12151=PLANE('',#13366);
#12152=PLANE('',#13367);
#12153=PLANE('',#13368);
#12154=PLANE('',#13369);
#12155=PLANE('',#13370);
#12156=PLANE('',#13371);
#12157=PLANE('',#13372);
#12158=PLANE('',#13373);
#12159=PLANE('',#13374);
#12160=PLANE('',#13375);
#12161=PLANE('',#13376);
#12162=PLANE('',#13377);
#12163=PLANE('',#13378);
#12164=PLANE('',#13379);
#12165=PLANE('',#13380);
#12166=PLANE('',#13381);
#12167=PLANE('',#13382);
#12168=PLANE('',#13383);
#12169=PLANE('',#13384);
#12170=PLANE('',#13385);
#12171=PLANE('',#13386);
#12172=PLANE('',#13387);
#12173=PLANE('',#13388);
#12174=PLANE('',#13389);
#12175=PLANE('',#13390);
#12176=PLANE('',#13391);
#12177=PLANE('',#13392);
#12178=PLANE('',#13393);
#12179=PLANE('',#13394);
#12180=PLANE('',#13395);
#12181=PLANE('',#13396);
#12182=PLANE('',#13397);
#12183=PLANE('',#13398);
#12184=PLANE('',#13399);
#12185=PLANE('',#13400);
#12186=PLANE('',#13401);
#12187=PLANE('',#13402);
#12188=PLANE('',#13403);
#12189=PLANE('',#13404);
#12190=PLANE('',#13405);
#12191=PLANE('',#13406);
#12192=PLANE('',#13407);
#12193=PLANE('',#13408);
#12194=PLANE('',#13409);
#12195=PLANE('',#13410);
#12196=PLANE('',#13411);
#12197=PLANE('',#13412);
#12198=PLANE('',#13413);
#12199=PLANE('',#13414);
#12200=PLANE('',#13415);
#12201=PLANE('',#13416);
#12202=PLANE('',#13417);
#12203=PLANE('',#13418);
#12204=PLANE('',#13419);
#12205=PLANE('',#13420);
#12206=PLANE('',#13421);
#12207=PLANE('',#13422);
#12208=PLANE('',#13423);
#12209=PLANE('',#13424);
#12210=PLANE('',#13425);
#12211=PLANE('',#13426);
#12212=PLANE('',#13427);
#12213=PLANE('',#13428);
#12214=PLANE('',#13429);
#12215=PLANE('',#13430);
#12216=PLANE('',#13431);
#12217=PLANE('',#13432);
#12218=PLANE('',#13433);
#12219=PLANE('',#13434);
#12220=PLANE('',#13435);
#12221=PLANE('',#13436);
#12222=PLANE('',#13437);
#12223=PLANE('',#13438);
#12224=PLANE('',#13439);
#12225=PLANE('',#13440);
#12226=PLANE('',#13441);
#12227=PLANE('',#13442);
#12228=PLANE('',#13443);
#12229=PLANE('',#13444);
#12230=PLANE('',#13445);
#12231=PLANE('',#13446);
#12232=PLANE('',#13447);
#12233=PLANE('',#13448);
#12234=PLANE('',#13449);
#12235=PLANE('',#13450);
#12236=PLANE('',#13451);
#12237=PLANE('',#13452);
#12238=PLANE('',#13453);
#12239=PLANE('',#13454);
#12240=PLANE('',#13455);
#12241=PLANE('',#13456);
#12242=PLANE('',#13457);
#12243=PLANE('',#13458);
#12244=PLANE('',#13459);
#12245=PLANE('',#13460);
#12246=PLANE('',#13461);
#12247=PLANE('',#13462);
#12248=PLANE('',#13463);
#12249=PLANE('',#13464);
#12250=PLANE('',#13465);
#12251=PLANE('',#13466);
#12252=PLANE('',#13467);
#12253=PLANE('',#13468);
#12254=PLANE('',#13469);
#12255=PLANE('',#13470);
#12256=PLANE('',#13471);
#12257=PLANE('',#13472);
#12258=PLANE('',#13473);
#12259=PLANE('',#13474);
#12260=PLANE('',#13475);
#12261=PLANE('',#13476);
#12262=PLANE('',#13477);
#12263=PLANE('',#13478);
#12264=PLANE('',#13479);
#12265=PLANE('',#13480);
#12266=PLANE('',#13481);
#12267=PLANE('',#13482);
#12268=PLANE('',#13483);
#12269=PLANE('',#13484);
#12270=PLANE('',#13485);
#12271=PLANE('',#13486);
#12272=PLANE('',#13487);
#12273=PLANE('',#13488);
#12274=PLANE('',#13489);
#12275=PLANE('',#13490);
#12276=PLANE('',#13491);
#12277=PLANE('',#13492);
#12278=PLANE('',#13493);
#12279=PLANE('',#13494);
#12280=PLANE('',#13495);
#12281=PLANE('',#13496);
#12282=PLANE('',#13497);
#12283=PLANE('',#13498);
#12284=PLANE('',#13499);
#12285=PLANE('',#13500);
#12286=PLANE('',#13501);
#12287=PLANE('',#13502);
#12288=PLANE('',#13504);
#12289=PLANE('',#13505);
#12290=PLANE('',#13506);
#12291=PLANE('',#13507);
#12292=PLANE('',#13508);
#12293=PLANE('',#13509);
#12294=PLANE('',#13510);
#12295=PLANE('',#13511);
#12296=PLANE('',#13512);
#12297=PLANE('',#13513);
#12298=PLANE('',#13514);
#12299=PLANE('',#13515);
#12300=PLANE('',#13516);
#12301=PLANE('',#13517);
#12302=ADVANCED_FACE('',(#10986,#10987,#10988,#10989,#10990,#10991,#10992,
#10993,#10994,#10995,#10996,#10997,#10998,#10999,#11000,#11001,#11002,#11003,
#11004,#11005,#11006,#11007,#11008,#11009,#11010,#11011,#11012,#11013,#11014,
#11015,#11016,#11017,#11018,#11019,#11020,#11021,#11022,#11023,#11024,#11025,
#11026,#11027,#11028,#11029,#11030,#11031,#11032,#11033,#11034,#11035,#11036,
#11037,#11038,#11039,#11040,#11041,#11042,#11043,#11044,#11045,#11046,#11047,
#11048,#11049,#11050),#11708,.T.);
#12303=ADVANCED_FACE('',(#11051,#11052,#11053,#11054,#11055,#11056,#11057,
#11058,#11059,#11060,#11061,#11062,#11063,#11064,#11065,#11066,#11067,#11068,
#11069,#11070,#11071,#11072,#11073,#11074,#11075,#11076,#11077,#11078,#11079,
#11080,#11081,#11082,#11083,#11084,#11085,#11086,#11087,#11088,#11089,#11090,
#11091,#11092,#11093,#11094,#11095,#11096,#11097,#11098,#11099,#11100,#11101,
#11102,#11103,#11104,#11105,#11106,#11107,#11108,#11109,#11110,#11111,#11112,
#11113,#11114,#11115),#11709,.T.);
#12304=ADVANCED_FACE('',(#11116),#11710,.T.);
#12305=ADVANCED_FACE('',(#11117),#11711,.T.);
#12306=ADVANCED_FACE('',(#11118),#11712,.T.);
#12307=ADVANCED_FACE('',(#11119),#11713,.T.);
#12308=ADVANCED_FACE('',(#11120),#11714,.T.);
#12309=ADVANCED_FACE('',(#11121),#11715,.T.);
#12310=ADVANCED_FACE('',(#11122),#11716,.T.);
#12311=ADVANCED_FACE('',(#11123),#11717,.T.);
#12312=ADVANCED_FACE('',(#11124),#11718,.T.);
#12313=ADVANCED_FACE('',(#11125),#11719,.T.);
#12314=ADVANCED_FACE('',(#11126),#11720,.T.);
#12315=ADVANCED_FACE('',(#11127),#11721,.T.);
#12316=ADVANCED_FACE('',(#11128),#11722,.T.);
#12317=ADVANCED_FACE('',(#11129),#11723,.T.);
#12318=ADVANCED_FACE('',(#11130),#11724,.T.);
#12319=ADVANCED_FACE('',(#11131),#11725,.T.);
#12320=ADVANCED_FACE('',(#11132),#11726,.T.);
#12321=ADVANCED_FACE('',(#11133),#11727,.T.);
#12322=ADVANCED_FACE('',(#11134),#11728,.T.);
#12323=ADVANCED_FACE('',(#11135),#11729,.T.);
#12324=ADVANCED_FACE('',(#11136),#11730,.T.);
#12325=ADVANCED_FACE('',(#11137),#11731,.T.);
#12326=ADVANCED_FACE('',(#11138),#11732,.T.);
#12327=ADVANCED_FACE('',(#11139),#11733,.T.);
#12328=ADVANCED_FACE('',(#11140),#11734,.T.);
#12329=ADVANCED_FACE('',(#11141),#11735,.T.);
#12330=ADVANCED_FACE('',(#11142),#11736,.T.);
#12331=ADVANCED_FACE('',(#11143),#11737,.T.);
#12332=ADVANCED_FACE('',(#11144),#11738,.T.);
#12333=ADVANCED_FACE('',(#11145),#11739,.T.);
#12334=ADVANCED_FACE('',(#11146),#11740,.T.);
#12335=ADVANCED_FACE('',(#11147),#11741,.T.);
#12336=ADVANCED_FACE('',(#11148),#11742,.T.);
#12337=ADVANCED_FACE('',(#11149),#11743,.T.);
#12338=ADVANCED_FACE('',(#11150),#11744,.T.);
#12339=ADVANCED_FACE('',(#11151),#11745,.T.);
#12340=ADVANCED_FACE('',(#11152),#11746,.T.);
#12341=ADVANCED_FACE('',(#11153),#11747,.T.);
#12342=ADVANCED_FACE('',(#11154),#11748,.T.);
#12343=ADVANCED_FACE('',(#11155),#11749,.T.);
#12344=ADVANCED_FACE('',(#11156),#11750,.T.);
#12345=ADVANCED_FACE('',(#11157),#11751,.T.);
#12346=ADVANCED_FACE('',(#11158),#11752,.T.);
#12347=ADVANCED_FACE('',(#11159),#11753,.T.);
#12348=ADVANCED_FACE('',(#11160),#11754,.T.);
#12349=ADVANCED_FACE('',(#11161),#11755,.T.);
#12350=ADVANCED_FACE('',(#11162),#11756,.T.);
#12351=ADVANCED_FACE('',(#11163),#11757,.T.);
#12352=ADVANCED_FACE('',(#11164),#11758,.T.);
#12353=ADVANCED_FACE('',(#11165),#11759,.T.);
#12354=ADVANCED_FACE('',(#11166),#11760,.T.);
#12355=ADVANCED_FACE('',(#11167),#11761,.T.);
#12356=ADVANCED_FACE('',(#11168),#11762,.T.);
#12357=ADVANCED_FACE('',(#11169),#11763,.T.);
#12358=ADVANCED_FACE('',(#11170),#11764,.T.);
#12359=ADVANCED_FACE('',(#11171),#11765,.T.);
#12360=ADVANCED_FACE('',(#11172),#11766,.T.);
#12361=ADVANCED_FACE('',(#11173),#11767,.T.);
#12362=ADVANCED_FACE('',(#11174),#11768,.T.);
#12363=ADVANCED_FACE('',(#11175),#11769,.T.);
#12364=ADVANCED_FACE('',(#11176),#11770,.T.);
#12365=ADVANCED_FACE('',(#11177),#11771,.T.);
#12366=ADVANCED_FACE('',(#11178),#11772,.T.);
#12367=ADVANCED_FACE('',(#11179),#11773,.T.);
#12368=ADVANCED_FACE('',(#11180),#11774,.F.);
#12369=ADVANCED_FACE('',(#11181),#11775,.T.);
#12370=ADVANCED_FACE('',(#11182),#11776,.T.);
#12371=ADVANCED_FACE('',(#11183),#11777,.T.);
#12372=ADVANCED_FACE('',(#11184),#11778,.T.);
#12373=ADVANCED_FACE('',(#11185),#11779,.T.);
#12374=ADVANCED_FACE('',(#11186),#11780,.T.);
#12375=ADVANCED_FACE('',(#11187),#11781,.T.);
#12376=ADVANCED_FACE('',(#11188),#11782,.T.);
#12377=ADVANCED_FACE('',(#11189),#11783,.T.);
#12378=ADVANCED_FACE('',(#11190),#11784,.T.);
#12379=ADVANCED_FACE('',(#11191),#11785,.T.);
#12380=ADVANCED_FACE('',(#11192),#11786,.T.);
#12381=ADVANCED_FACE('',(#11193),#11787,.T.);
#12382=ADVANCED_FACE('',(#11194),#11788,.T.);
#12383=ADVANCED_FACE('',(#11195),#11789,.T.);
#12384=ADVANCED_FACE('',(#11196),#11790,.T.);
#12385=ADVANCED_FACE('',(#11197),#11791,.T.);
#12386=ADVANCED_FACE('',(#11198),#11792,.T.);
#12387=ADVANCED_FACE('',(#11199),#11793,.T.);
#12388=ADVANCED_FACE('',(#11200),#11794,.T.);
#12389=ADVANCED_FACE('',(#11201),#11795,.T.);
#12390=ADVANCED_FACE('',(#11202),#11796,.T.);
#12391=ADVANCED_FACE('',(#11203),#11797,.T.);
#12392=ADVANCED_FACE('',(#11204),#11798,.T.);
#12393=ADVANCED_FACE('',(#11205),#11799,.T.);
#12394=ADVANCED_FACE('',(#11206),#11800,.T.);
#12395=ADVANCED_FACE('',(#11207),#11801,.T.);
#12396=ADVANCED_FACE('',(#11208),#11802,.T.);
#12397=ADVANCED_FACE('',(#11209),#11803,.T.);
#12398=ADVANCED_FACE('',(#11210),#11804,.T.);
#12399=ADVANCED_FACE('',(#11211),#11805,.T.);
#12400=ADVANCED_FACE('',(#11212),#11806,.T.);
#12401=ADVANCED_FACE('',(#11213),#11807,.T.);
#12402=ADVANCED_FACE('',(#11214),#11808,.T.);
#12403=ADVANCED_FACE('',(#11215),#11809,.T.);
#12404=ADVANCED_FACE('',(#11216),#11810,.T.);
#12405=ADVANCED_FACE('',(#11217),#11811,.T.);
#12406=ADVANCED_FACE('',(#11218),#11812,.T.);
#12407=ADVANCED_FACE('',(#11219),#11813,.T.);
#12408=ADVANCED_FACE('',(#11220),#11814,.T.);
#12409=ADVANCED_FACE('',(#11221),#11815,.T.);
#12410=ADVANCED_FACE('',(#11222),#11816,.T.);
#12411=ADVANCED_FACE('',(#11223),#11817,.T.);
#12412=ADVANCED_FACE('',(#11224),#11818,.T.);
#12413=ADVANCED_FACE('',(#11225),#11819,.T.);
#12414=ADVANCED_FACE('',(#11226),#11820,.T.);
#12415=ADVANCED_FACE('',(#11227),#11821,.T.);
#12416=ADVANCED_FACE('',(#11228),#11822,.T.);
#12417=ADVANCED_FACE('',(#11229),#11823,.T.);
#12418=ADVANCED_FACE('',(#11230),#11824,.T.);
#12419=ADVANCED_FACE('',(#11231),#11825,.T.);
#12420=ADVANCED_FACE('',(#11232),#11826,.T.);
#12421=ADVANCED_FACE('',(#11233),#11827,.T.);
#12422=ADVANCED_FACE('',(#11234),#11828,.T.);
#12423=ADVANCED_FACE('',(#11235),#11829,.T.);
#12424=ADVANCED_FACE('',(#11236),#11830,.T.);
#12425=ADVANCED_FACE('',(#11237),#11831,.T.);
#12426=ADVANCED_FACE('',(#11238),#11832,.T.);
#12427=ADVANCED_FACE('',(#11239),#11833,.T.);
#12428=ADVANCED_FACE('',(#11240),#11834,.T.);
#12429=ADVANCED_FACE('',(#11241),#11835,.T.);
#12430=ADVANCED_FACE('',(#11242),#11836,.T.);
#12431=ADVANCED_FACE('',(#11243),#11837,.T.);
#12432=ADVANCED_FACE('',(#11244),#11838,.T.);
#12433=ADVANCED_FACE('',(#11245),#11839,.T.);
#12434=ADVANCED_FACE('',(#11246),#11840,.T.);
#12435=ADVANCED_FACE('',(#11247),#11841,.T.);
#12436=ADVANCED_FACE('',(#11248),#11842,.T.);
#12437=ADVANCED_FACE('',(#11249),#11843,.T.);
#12438=ADVANCED_FACE('',(#11250),#11844,.T.);
#12439=ADVANCED_FACE('',(#11251),#11845,.T.);
#12440=ADVANCED_FACE('',(#11252),#11846,.T.);
#12441=ADVANCED_FACE('',(#11253),#11847,.T.);
#12442=ADVANCED_FACE('',(#11254),#11848,.T.);
#12443=ADVANCED_FACE('',(#11255),#11849,.T.);
#12444=ADVANCED_FACE('',(#11256),#11850,.T.);
#12445=ADVANCED_FACE('',(#11257),#11851,.T.);
#12446=ADVANCED_FACE('',(#11258),#11852,.T.);
#12447=ADVANCED_FACE('',(#11259),#11853,.T.);
#12448=ADVANCED_FACE('',(#11260),#11854,.T.);
#12449=ADVANCED_FACE('',(#11261),#11855,.T.);
#12450=ADVANCED_FACE('',(#11262),#11856,.T.);
#12451=ADVANCED_FACE('',(#11263),#11857,.T.);
#12452=ADVANCED_FACE('',(#11264),#11858,.T.);
#12453=ADVANCED_FACE('',(#11265),#11859,.T.);
#12454=ADVANCED_FACE('',(#11266),#11860,.T.);
#12455=ADVANCED_FACE('',(#11267),#11861,.T.);
#12456=ADVANCED_FACE('',(#11268),#11862,.T.);
#12457=ADVANCED_FACE('',(#11269),#11863,.T.);
#12458=ADVANCED_FACE('',(#11270),#11864,.T.);
#12459=ADVANCED_FACE('',(#11271),#11865,.T.);
#12460=ADVANCED_FACE('',(#11272),#11866,.T.);
#12461=ADVANCED_FACE('',(#11273),#11867,.T.);
#12462=ADVANCED_FACE('',(#11274),#11868,.T.);
#12463=ADVANCED_FACE('',(#11275),#11869,.T.);
#12464=ADVANCED_FACE('',(#11276),#11870,.T.);
#12465=ADVANCED_FACE('',(#11277),#11871,.T.);
#12466=ADVANCED_FACE('',(#11278),#11872,.T.);
#12467=ADVANCED_FACE('',(#11279),#11873,.T.);
#12468=ADVANCED_FACE('',(#11280),#11874,.T.);
#12469=ADVANCED_FACE('',(#11281),#11875,.T.);
#12470=ADVANCED_FACE('',(#11282),#11876,.T.);
#12471=ADVANCED_FACE('',(#11283),#11877,.T.);
#12472=ADVANCED_FACE('',(#11284),#11878,.T.);
#12473=ADVANCED_FACE('',(#11285),#11879,.T.);
#12474=ADVANCED_FACE('',(#11286),#11880,.T.);
#12475=ADVANCED_FACE('',(#11287),#11881,.T.);
#12476=ADVANCED_FACE('',(#11288),#11882,.T.);
#12477=ADVANCED_FACE('',(#11289),#11883,.T.);
#12478=ADVANCED_FACE('',(#11290),#11884,.T.);
#12479=ADVANCED_FACE('',(#11291),#11885,.T.);
#12480=ADVANCED_FACE('',(#11292),#11886,.T.);
#12481=ADVANCED_FACE('',(#11293),#11887,.T.);
#12482=ADVANCED_FACE('',(#11294),#11888,.T.);
#12483=ADVANCED_FACE('',(#11295),#11889,.T.);
#12484=ADVANCED_FACE('',(#11296),#11890,.T.);
#12485=ADVANCED_FACE('',(#11297),#11891,.T.);
#12486=ADVANCED_FACE('',(#11298),#11892,.T.);
#12487=ADVANCED_FACE('',(#11299),#11893,.T.);
#12488=ADVANCED_FACE('',(#11300),#11894,.T.);
#12489=ADVANCED_FACE('',(#11301),#11895,.T.);
#12490=ADVANCED_FACE('',(#11302),#11896,.T.);
#12491=ADVANCED_FACE('',(#11303),#11897,.T.);
#12492=ADVANCED_FACE('',(#11304),#11898,.T.);
#12493=ADVANCED_FACE('',(#11305),#11899,.T.);
#12494=ADVANCED_FACE('',(#11306),#11900,.T.);
#12495=ADVANCED_FACE('',(#11307),#11901,.T.);
#12496=ADVANCED_FACE('',(#11308),#11902,.T.);
#12497=ADVANCED_FACE('',(#11309),#11903,.T.);
#12498=ADVANCED_FACE('',(#11310),#11904,.T.);
#12499=ADVANCED_FACE('',(#11311),#11905,.T.);
#12500=ADVANCED_FACE('',(#11312),#11906,.T.);
#12501=ADVANCED_FACE('',(#11313),#11907,.T.);
#12502=ADVANCED_FACE('',(#11314),#11908,.T.);
#12503=ADVANCED_FACE('',(#11315),#11909,.T.);
#12504=ADVANCED_FACE('',(#11316),#11910,.T.);
#12505=ADVANCED_FACE('',(#11317),#11911,.T.);
#12506=ADVANCED_FACE('',(#11318),#11912,.T.);
#12507=ADVANCED_FACE('',(#11319),#11913,.T.);
#12508=ADVANCED_FACE('',(#11320),#11914,.T.);
#12509=ADVANCED_FACE('',(#11321),#11915,.T.);
#12510=ADVANCED_FACE('',(#11322),#11916,.T.);
#12511=ADVANCED_FACE('',(#11323),#11917,.T.);
#12512=ADVANCED_FACE('',(#11324),#11918,.T.);
#12513=ADVANCED_FACE('',(#11325),#11919,.T.);
#12514=ADVANCED_FACE('',(#11326),#11920,.T.);
#12515=ADVANCED_FACE('',(#11327),#11921,.T.);
#12516=ADVANCED_FACE('',(#11328),#11922,.T.);
#12517=ADVANCED_FACE('',(#11329),#11923,.T.);
#12518=ADVANCED_FACE('',(#11330),#11924,.T.);
#12519=ADVANCED_FACE('',(#11331),#11925,.T.);
#12520=ADVANCED_FACE('',(#11332),#11926,.T.);
#12521=ADVANCED_FACE('',(#11333),#11927,.T.);
#12522=ADVANCED_FACE('',(#11334),#11928,.T.);
#12523=ADVANCED_FACE('',(#11335),#11929,.T.);
#12524=ADVANCED_FACE('',(#11336),#11930,.T.);
#12525=ADVANCED_FACE('',(#11337),#11931,.T.);
#12526=ADVANCED_FACE('',(#11338),#11932,.T.);
#12527=ADVANCED_FACE('',(#11339),#11933,.T.);
#12528=ADVANCED_FACE('',(#11340),#11934,.T.);
#12529=ADVANCED_FACE('',(#11341),#11935,.T.);
#12530=ADVANCED_FACE('',(#11342),#11936,.T.);
#12531=ADVANCED_FACE('',(#11343),#11937,.T.);
#12532=ADVANCED_FACE('',(#11344),#11938,.T.);
#12533=ADVANCED_FACE('',(#11345),#11939,.T.);
#12534=ADVANCED_FACE('',(#11346),#11940,.T.);
#12535=ADVANCED_FACE('',(#11347),#11941,.T.);
#12536=ADVANCED_FACE('',(#11348),#11942,.T.);
#12537=ADVANCED_FACE('',(#11349),#11943,.T.);
#12538=ADVANCED_FACE('',(#11350),#11944,.T.);
#12539=ADVANCED_FACE('',(#11351),#11945,.T.);
#12540=ADVANCED_FACE('',(#11352),#11946,.T.);
#12541=ADVANCED_FACE('',(#11353),#11947,.T.);
#12542=ADVANCED_FACE('',(#11354),#11948,.T.);
#12543=ADVANCED_FACE('',(#11355),#11949,.T.);
#12544=ADVANCED_FACE('',(#11356),#11950,.T.);
#12545=ADVANCED_FACE('',(#11357),#11951,.T.);
#12546=ADVANCED_FACE('',(#11358),#11952,.T.);
#12547=ADVANCED_FACE('',(#11359),#11953,.T.);
#12548=ADVANCED_FACE('',(#11360),#11954,.T.);
#12549=ADVANCED_FACE('',(#11361),#11955,.T.);
#12550=ADVANCED_FACE('',(#11362),#11956,.T.);
#12551=ADVANCED_FACE('',(#11363),#11957,.T.);
#12552=ADVANCED_FACE('',(#11364),#11958,.T.);
#12553=ADVANCED_FACE('',(#11365),#11959,.T.);
#12554=ADVANCED_FACE('',(#11366),#11960,.T.);
#12555=ADVANCED_FACE('',(#11367),#11961,.T.);
#12556=ADVANCED_FACE('',(#11368),#11962,.T.);
#12557=ADVANCED_FACE('',(#11369),#11963,.T.);
#12558=ADVANCED_FACE('',(#11370),#11964,.T.);
#12559=ADVANCED_FACE('',(#11371),#11965,.T.);
#12560=ADVANCED_FACE('',(#11372),#11966,.T.);
#12561=ADVANCED_FACE('',(#11373),#11967,.T.);
#12562=ADVANCED_FACE('',(#11374),#11968,.T.);
#12563=ADVANCED_FACE('',(#11375),#11969,.T.);
#12564=ADVANCED_FACE('',(#11376),#11970,.T.);
#12565=ADVANCED_FACE('',(#11377),#11971,.T.);
#12566=ADVANCED_FACE('',(#11378),#11972,.T.);
#12567=ADVANCED_FACE('',(#11379),#11973,.T.);
#12568=ADVANCED_FACE('',(#11380),#11974,.T.);
#12569=ADVANCED_FACE('',(#11381),#11975,.T.);
#12570=ADVANCED_FACE('',(#11382),#11976,.T.);
#12571=ADVANCED_FACE('',(#11383),#11977,.T.);
#12572=ADVANCED_FACE('',(#11384),#11978,.T.);
#12573=ADVANCED_FACE('',(#11385),#11979,.T.);
#12574=ADVANCED_FACE('',(#11386),#11980,.T.);
#12575=ADVANCED_FACE('',(#11387),#11981,.T.);
#12576=ADVANCED_FACE('',(#11388),#11982,.T.);
#12577=ADVANCED_FACE('',(#11389),#11983,.T.);
#12578=ADVANCED_FACE('',(#11390),#11984,.T.);
#12579=ADVANCED_FACE('',(#11391),#11985,.T.);
#12580=ADVANCED_FACE('',(#11392),#11986,.T.);
#12581=ADVANCED_FACE('',(#11393),#11987,.T.);
#12582=ADVANCED_FACE('',(#11394),#11988,.T.);
#12583=ADVANCED_FACE('',(#11395),#11989,.T.);
#12584=ADVANCED_FACE('',(#11396),#11990,.T.);
#12585=ADVANCED_FACE('',(#11397),#11991,.T.);
#12586=ADVANCED_FACE('',(#11398),#11992,.T.);
#12587=ADVANCED_FACE('',(#11399),#11993,.T.);
#12588=ADVANCED_FACE('',(#11400),#11994,.T.);
#12589=ADVANCED_FACE('',(#11401),#11995,.T.);
#12590=ADVANCED_FACE('',(#11402),#11996,.T.);
#12591=ADVANCED_FACE('',(#11403),#11997,.T.);
#12592=ADVANCED_FACE('',(#11404),#11998,.T.);
#12593=ADVANCED_FACE('',(#11405),#11999,.T.);
#12594=ADVANCED_FACE('',(#11406),#12000,.T.);
#12595=ADVANCED_FACE('',(#11407),#12001,.T.);
#12596=ADVANCED_FACE('',(#11408),#12002,.T.);
#12597=ADVANCED_FACE('',(#11409),#12003,.T.);
#12598=ADVANCED_FACE('',(#11410),#12004,.T.);
#12599=ADVANCED_FACE('',(#11411),#12005,.T.);
#12600=ADVANCED_FACE('',(#11412),#12006,.T.);
#12601=ADVANCED_FACE('',(#11413),#12007,.T.);
#12602=ADVANCED_FACE('',(#11414),#12008,.T.);
#12603=ADVANCED_FACE('',(#11415),#12009,.T.);
#12604=ADVANCED_FACE('',(#11416),#12010,.T.);
#12605=ADVANCED_FACE('',(#11417),#12011,.T.);
#12606=ADVANCED_FACE('',(#11418),#12012,.T.);
#12607=ADVANCED_FACE('',(#11419),#12013,.T.);
#12608=ADVANCED_FACE('',(#11420),#12014,.T.);
#12609=ADVANCED_FACE('',(#11421),#12015,.T.);
#12610=ADVANCED_FACE('',(#11422),#12016,.T.);
#12611=ADVANCED_FACE('',(#11423),#12017,.T.);
#12612=ADVANCED_FACE('',(#11424),#12018,.T.);
#12613=ADVANCED_FACE('',(#11425),#12019,.T.);
#12614=ADVANCED_FACE('',(#11426),#12020,.T.);
#12615=ADVANCED_FACE('',(#11427),#12021,.T.);
#12616=ADVANCED_FACE('',(#11428),#12022,.T.);
#12617=ADVANCED_FACE('',(#11429),#12023,.T.);
#12618=ADVANCED_FACE('',(#11430),#12024,.T.);
#12619=ADVANCED_FACE('',(#11431),#12025,.T.);
#12620=ADVANCED_FACE('',(#11432),#12026,.T.);
#12621=ADVANCED_FACE('',(#11433),#12027,.T.);
#12622=ADVANCED_FACE('',(#11434),#12028,.T.);
#12623=ADVANCED_FACE('',(#11435),#12029,.T.);
#12624=ADVANCED_FACE('',(#11436),#12030,.T.);
#12625=ADVANCED_FACE('',(#11437),#12031,.T.);
#12626=ADVANCED_FACE('',(#11438),#12032,.T.);
#12627=ADVANCED_FACE('',(#11439),#12033,.T.);
#12628=ADVANCED_FACE('',(#11440),#12034,.T.);
#12629=ADVANCED_FACE('',(#11441),#12035,.T.);
#12630=ADVANCED_FACE('',(#11442),#12036,.T.);
#12631=ADVANCED_FACE('',(#11443),#12037,.T.);
#12632=ADVANCED_FACE('',(#11444),#12038,.T.);
#12633=ADVANCED_FACE('',(#11445),#12039,.T.);
#12634=ADVANCED_FACE('',(#11446),#12040,.T.);
#12635=ADVANCED_FACE('',(#11447),#12041,.T.);
#12636=ADVANCED_FACE('',(#11448),#12042,.T.);
#12637=ADVANCED_FACE('',(#11449),#12043,.T.);
#12638=ADVANCED_FACE('',(#11450),#12044,.T.);
#12639=ADVANCED_FACE('',(#11451),#12045,.T.);
#12640=ADVANCED_FACE('',(#11452),#12046,.T.);
#12641=ADVANCED_FACE('',(#11453),#12047,.T.);
#12642=ADVANCED_FACE('',(#11454),#12048,.T.);
#12643=ADVANCED_FACE('',(#11455),#12049,.T.);
#12644=ADVANCED_FACE('',(#11456),#12050,.T.);
#12645=ADVANCED_FACE('',(#11457),#12051,.T.);
#12646=ADVANCED_FACE('',(#11458),#12052,.T.);
#12647=ADVANCED_FACE('',(#11459),#12053,.T.);
#12648=ADVANCED_FACE('',(#11460),#12054,.T.);
#12649=ADVANCED_FACE('',(#11461),#12055,.T.);
#12650=ADVANCED_FACE('',(#11462),#12056,.T.);
#12651=ADVANCED_FACE('',(#11463),#12057,.T.);
#12652=ADVANCED_FACE('',(#11464),#12058,.T.);
#12653=ADVANCED_FACE('',(#11465),#12059,.T.);
#12654=ADVANCED_FACE('',(#11466),#12060,.T.);
#12655=ADVANCED_FACE('',(#11467),#12061,.T.);
#12656=ADVANCED_FACE('',(#11468),#12062,.T.);
#12657=ADVANCED_FACE('',(#11469),#12063,.T.);
#12658=ADVANCED_FACE('',(#11470),#12064,.T.);
#12659=ADVANCED_FACE('',(#11471),#12065,.T.);
#12660=ADVANCED_FACE('',(#11472),#12066,.T.);
#12661=ADVANCED_FACE('',(#11473),#12067,.T.);
#12662=ADVANCED_FACE('',(#11474),#12068,.T.);
#12663=ADVANCED_FACE('',(#11475),#12069,.T.);
#12664=ADVANCED_FACE('',(#11476),#12070,.T.);
#12665=ADVANCED_FACE('',(#11477),#12071,.T.);
#12666=ADVANCED_FACE('',(#11478),#12072,.T.);
#12667=ADVANCED_FACE('',(#11479),#12073,.T.);
#12668=ADVANCED_FACE('',(#11480),#12074,.T.);
#12669=ADVANCED_FACE('',(#11481),#12075,.T.);
#12670=ADVANCED_FACE('',(#11482),#12076,.T.);
#12671=ADVANCED_FACE('',(#11483),#12077,.T.);
#12672=ADVANCED_FACE('',(#11484),#12078,.T.);
#12673=ADVANCED_FACE('',(#11485),#12079,.T.);
#12674=ADVANCED_FACE('',(#11486),#12080,.T.);
#12675=ADVANCED_FACE('',(#11487),#12081,.T.);
#12676=ADVANCED_FACE('',(#11488),#12082,.T.);
#12677=ADVANCED_FACE('',(#11489),#12083,.T.);
#12678=ADVANCED_FACE('',(#11490),#12084,.T.);
#12679=ADVANCED_FACE('',(#11491),#12085,.T.);
#12680=ADVANCED_FACE('',(#11492),#12086,.T.);
#12681=ADVANCED_FACE('',(#11493),#12087,.T.);
#12682=ADVANCED_FACE('',(#11494),#12088,.T.);
#12683=ADVANCED_FACE('',(#11495),#12089,.T.);
#12684=ADVANCED_FACE('',(#11496),#12090,.T.);
#12685=ADVANCED_FACE('',(#11497),#12091,.T.);
#12686=ADVANCED_FACE('',(#11498),#12092,.T.);
#12687=ADVANCED_FACE('',(#11499),#12093,.T.);
#12688=ADVANCED_FACE('',(#11500),#12094,.T.);
#12689=ADVANCED_FACE('',(#11501),#12095,.T.);
#12690=ADVANCED_FACE('',(#11502),#12096,.T.);
#12691=ADVANCED_FACE('',(#11503),#12097,.T.);
#12692=ADVANCED_FACE('',(#11504),#12098,.T.);
#12693=ADVANCED_FACE('',(#11505),#12099,.T.);
#12694=ADVANCED_FACE('',(#11506),#12100,.T.);
#12695=ADVANCED_FACE('',(#11507),#12101,.T.);
#12696=ADVANCED_FACE('',(#11508),#12102,.T.);
#12697=ADVANCED_FACE('',(#11509),#12103,.T.);
#12698=ADVANCED_FACE('',(#11510),#12104,.T.);
#12699=ADVANCED_FACE('',(#11511),#12105,.T.);
#12700=ADVANCED_FACE('',(#11512),#12106,.T.);
#12701=ADVANCED_FACE('',(#11513),#12107,.T.);
#12702=ADVANCED_FACE('',(#11514),#12108,.T.);
#12703=ADVANCED_FACE('',(#11515),#12109,.T.);
#12704=ADVANCED_FACE('',(#11516),#12110,.T.);
#12705=ADVANCED_FACE('',(#11517),#12111,.T.);
#12706=ADVANCED_FACE('',(#11518),#12112,.T.);
#12707=ADVANCED_FACE('',(#11519),#12113,.T.);
#12708=ADVANCED_FACE('',(#11520),#12114,.T.);
#12709=ADVANCED_FACE('',(#11521),#12115,.T.);
#12710=ADVANCED_FACE('',(#11522),#12116,.T.);
#12711=ADVANCED_FACE('',(#11523),#12117,.T.);
#12712=ADVANCED_FACE('',(#11524),#12118,.T.);
#12713=ADVANCED_FACE('',(#11525),#12119,.T.);
#12714=ADVANCED_FACE('',(#11526),#12120,.T.);
#12715=ADVANCED_FACE('',(#11527),#12121,.T.);
#12716=ADVANCED_FACE('',(#11528),#12122,.T.);
#12717=ADVANCED_FACE('',(#11529),#12123,.T.);
#12718=ADVANCED_FACE('',(#11530),#12124,.T.);
#12719=ADVANCED_FACE('',(#11531),#12125,.T.);
#12720=ADVANCED_FACE('',(#11532),#12126,.T.);
#12721=ADVANCED_FACE('',(#11533),#12127,.T.);
#12722=ADVANCED_FACE('',(#11534),#12128,.T.);
#12723=ADVANCED_FACE('',(#11535),#12129,.T.);
#12724=ADVANCED_FACE('',(#11536),#12130,.T.);
#12725=ADVANCED_FACE('',(#11537),#12131,.T.);
#12726=ADVANCED_FACE('',(#11538),#12132,.T.);
#12727=ADVANCED_FACE('',(#11539),#12133,.T.);
#12728=ADVANCED_FACE('',(#11540),#12134,.T.);
#12729=ADVANCED_FACE('',(#11541),#12135,.T.);
#12730=ADVANCED_FACE('',(#11542),#12136,.T.);
#12731=ADVANCED_FACE('',(#11543),#12137,.T.);
#12732=ADVANCED_FACE('',(#11544),#12138,.T.);
#12733=ADVANCED_FACE('',(#11545),#12139,.T.);
#12734=ADVANCED_FACE('',(#11546),#12140,.T.);
#12735=ADVANCED_FACE('',(#11547),#12141,.T.);
#12736=ADVANCED_FACE('',(#11548),#12142,.T.);
#12737=ADVANCED_FACE('',(#11549),#12143,.T.);
#12738=ADVANCED_FACE('',(#11550),#12144,.T.);
#12739=ADVANCED_FACE('',(#11551),#12145,.T.);
#12740=ADVANCED_FACE('',(#11552),#12146,.T.);
#12741=ADVANCED_FACE('',(#11553),#12147,.T.);
#12742=ADVANCED_FACE('',(#11554),#12148,.T.);
#12743=ADVANCED_FACE('',(#11555),#12149,.T.);
#12744=ADVANCED_FACE('',(#11556),#12150,.T.);
#12745=ADVANCED_FACE('',(#11557),#12151,.T.);
#12746=ADVANCED_FACE('',(#11558),#12152,.T.);
#12747=ADVANCED_FACE('',(#11559),#12153,.T.);
#12748=ADVANCED_FACE('',(#11560),#12154,.T.);
#12749=ADVANCED_FACE('',(#11561),#12155,.T.);
#12750=ADVANCED_FACE('',(#11562),#12156,.T.);
#12751=ADVANCED_FACE('',(#11563),#12157,.T.);
#12752=ADVANCED_FACE('',(#11564),#12158,.T.);
#12753=ADVANCED_FACE('',(#11565),#12159,.T.);
#12754=ADVANCED_FACE('',(#11566),#12160,.T.);
#12755=ADVANCED_FACE('',(#11567),#12161,.T.);
#12756=ADVANCED_FACE('',(#11568),#12162,.T.);
#12757=ADVANCED_FACE('',(#11569),#12163,.T.);
#12758=ADVANCED_FACE('',(#11570),#12164,.T.);
#12759=ADVANCED_FACE('',(#11571),#12165,.T.);
#12760=ADVANCED_FACE('',(#11572),#12166,.T.);
#12761=ADVANCED_FACE('',(#11573),#12167,.T.);
#12762=ADVANCED_FACE('',(#11574),#12168,.T.);
#12763=ADVANCED_FACE('',(#11575),#12169,.T.);
#12764=ADVANCED_FACE('',(#11576),#12170,.T.);
#12765=ADVANCED_FACE('',(#11577),#12171,.T.);
#12766=ADVANCED_FACE('',(#11578),#12172,.T.);
#12767=ADVANCED_FACE('',(#11579),#12173,.T.);
#12768=ADVANCED_FACE('',(#11580),#12174,.T.);
#12769=ADVANCED_FACE('',(#11581),#12175,.T.);
#12770=ADVANCED_FACE('',(#11582),#12176,.T.);
#12771=ADVANCED_FACE('',(#11583),#12177,.T.);
#12772=ADVANCED_FACE('',(#11584),#12178,.T.);
#12773=ADVANCED_FACE('',(#11585),#12179,.T.);
#12774=ADVANCED_FACE('',(#11586),#12180,.T.);
#12775=ADVANCED_FACE('',(#11587),#12181,.T.);
#12776=ADVANCED_FACE('',(#11588),#12182,.T.);
#12777=ADVANCED_FACE('',(#11589),#12183,.T.);
#12778=ADVANCED_FACE('',(#11590),#12184,.T.);
#12779=ADVANCED_FACE('',(#11591),#12185,.T.);
#12780=ADVANCED_FACE('',(#11592),#12186,.T.);
#12781=ADVANCED_FACE('',(#11593),#12187,.T.);
#12782=ADVANCED_FACE('',(#11594),#12188,.T.);
#12783=ADVANCED_FACE('',(#11595),#12189,.T.);
#12784=ADVANCED_FACE('',(#11596),#12190,.T.);
#12785=ADVANCED_FACE('',(#11597),#12191,.T.);
#12786=ADVANCED_FACE('',(#11598),#12192,.T.);
#12787=ADVANCED_FACE('',(#11599),#12193,.T.);
#12788=ADVANCED_FACE('',(#11600),#12194,.T.);
#12789=ADVANCED_FACE('',(#11601),#12195,.T.);
#12790=ADVANCED_FACE('',(#11602),#12196,.T.);
#12791=ADVANCED_FACE('',(#11603),#12197,.T.);
#12792=ADVANCED_FACE('',(#11604),#12198,.T.);
#12793=ADVANCED_FACE('',(#11605),#12199,.T.);
#12794=ADVANCED_FACE('',(#11606),#12200,.T.);
#12795=ADVANCED_FACE('',(#11607),#12201,.T.);
#12796=ADVANCED_FACE('',(#11608),#12202,.T.);
#12797=ADVANCED_FACE('',(#11609),#12203,.T.);
#12798=ADVANCED_FACE('',(#11610),#12204,.T.);
#12799=ADVANCED_FACE('',(#11611),#12205,.T.);
#12800=ADVANCED_FACE('',(#11612),#12206,.T.);
#12801=ADVANCED_FACE('',(#11613),#12207,.T.);
#12802=ADVANCED_FACE('',(#11614),#12208,.T.);
#12803=ADVANCED_FACE('',(#11615),#12209,.T.);
#12804=ADVANCED_FACE('',(#11616),#12210,.T.);
#12805=ADVANCED_FACE('',(#11617),#12211,.T.);
#12806=ADVANCED_FACE('',(#11618),#12212,.T.);
#12807=ADVANCED_FACE('',(#11619),#12213,.T.);
#12808=ADVANCED_FACE('',(#11620),#12214,.T.);
#12809=ADVANCED_FACE('',(#11621),#12215,.T.);
#12810=ADVANCED_FACE('',(#11622),#12216,.T.);
#12811=ADVANCED_FACE('',(#11623),#12217,.T.);
#12812=ADVANCED_FACE('',(#11624),#12218,.T.);
#12813=ADVANCED_FACE('',(#11625),#12219,.T.);
#12814=ADVANCED_FACE('',(#11626),#12220,.T.);
#12815=ADVANCED_FACE('',(#11627),#12221,.T.);
#12816=ADVANCED_FACE('',(#11628),#12222,.T.);
#12817=ADVANCED_FACE('',(#11629),#12223,.T.);
#12818=ADVANCED_FACE('',(#11630),#12224,.T.);
#12819=ADVANCED_FACE('',(#11631),#12225,.T.);
#12820=ADVANCED_FACE('',(#11632),#12226,.T.);
#12821=ADVANCED_FACE('',(#11633),#12227,.T.);
#12822=ADVANCED_FACE('',(#11634),#12228,.T.);
#12823=ADVANCED_FACE('',(#11635),#12229,.T.);
#12824=ADVANCED_FACE('',(#11636),#12230,.T.);
#12825=ADVANCED_FACE('',(#11637),#12231,.T.);
#12826=ADVANCED_FACE('',(#11638),#12232,.T.);
#12827=ADVANCED_FACE('',(#11639),#12233,.T.);
#12828=ADVANCED_FACE('',(#11640),#12234,.T.);
#12829=ADVANCED_FACE('',(#11641),#12235,.T.);
#12830=ADVANCED_FACE('',(#11642),#12236,.T.);
#12831=ADVANCED_FACE('',(#11643),#12237,.T.);
#12832=ADVANCED_FACE('',(#11644),#12238,.T.);
#12833=ADVANCED_FACE('',(#11645),#12239,.T.);
#12834=ADVANCED_FACE('',(#11646),#12240,.T.);
#12835=ADVANCED_FACE('',(#11647),#12241,.T.);
#12836=ADVANCED_FACE('',(#11648),#12242,.T.);
#12837=ADVANCED_FACE('',(#11649),#12243,.T.);
#12838=ADVANCED_FACE('',(#11650),#12244,.T.);
#12839=ADVANCED_FACE('',(#11651),#12245,.T.);
#12840=ADVANCED_FACE('',(#11652),#12246,.T.);
#12841=ADVANCED_FACE('',(#11653),#12247,.T.);
#12842=ADVANCED_FACE('',(#11654),#12248,.T.);
#12843=ADVANCED_FACE('',(#11655),#12249,.T.);
#12844=ADVANCED_FACE('',(#11656),#12250,.T.);
#12845=ADVANCED_FACE('',(#11657),#12251,.T.);
#12846=ADVANCED_FACE('',(#11658),#12252,.T.);
#12847=ADVANCED_FACE('',(#11659),#12253,.T.);
#12848=ADVANCED_FACE('',(#11660),#12254,.T.);
#12849=ADVANCED_FACE('',(#11661),#12255,.T.);
#12850=ADVANCED_FACE('',(#11662),#12256,.T.);
#12851=ADVANCED_FACE('',(#11663),#12257,.T.);
#12852=ADVANCED_FACE('',(#11664),#12258,.T.);
#12853=ADVANCED_FACE('',(#11665),#12259,.T.);
#12854=ADVANCED_FACE('',(#11666),#12260,.T.);
#12855=ADVANCED_FACE('',(#11667),#12261,.T.);
#12856=ADVANCED_FACE('',(#11668),#12262,.T.);
#12857=ADVANCED_FACE('',(#11669),#12263,.T.);
#12858=ADVANCED_FACE('',(#11670),#12264,.T.);
#12859=ADVANCED_FACE('',(#11671),#12265,.T.);
#12860=ADVANCED_FACE('',(#11672),#12266,.T.);
#12861=ADVANCED_FACE('',(#11673),#12267,.T.);
#12862=ADVANCED_FACE('',(#11674),#12268,.T.);
#12863=ADVANCED_FACE('',(#11675),#12269,.T.);
#12864=ADVANCED_FACE('',(#11676),#12270,.T.);
#12865=ADVANCED_FACE('',(#11677),#12271,.T.);
#12866=ADVANCED_FACE('',(#11678),#12272,.T.);
#12867=ADVANCED_FACE('',(#11679),#12273,.T.);
#12868=ADVANCED_FACE('',(#11680),#12274,.T.);
#12869=ADVANCED_FACE('',(#11681),#12275,.T.);
#12870=ADVANCED_FACE('',(#11682),#12276,.T.);
#12871=ADVANCED_FACE('',(#11683),#12277,.T.);
#12872=ADVANCED_FACE('',(#11684),#12278,.T.);
#12873=ADVANCED_FACE('',(#11685),#12279,.T.);
#12874=ADVANCED_FACE('',(#11686),#12280,.T.);
#12875=ADVANCED_FACE('',(#11687),#12281,.T.);
#12876=ADVANCED_FACE('',(#11688),#12282,.T.);
#12877=ADVANCED_FACE('',(#11689),#12283,.T.);
#12878=ADVANCED_FACE('',(#11690),#12284,.T.);
#12879=ADVANCED_FACE('',(#11691),#12285,.T.);
#12880=ADVANCED_FACE('',(#11692),#12286,.T.);
#12881=ADVANCED_FACE('',(#11693),#12287,.T.);
#12882=ADVANCED_FACE('',(#11694),#12288,.F.);
#12883=ADVANCED_FACE('',(#11695),#12289,.F.);
#12884=ADVANCED_FACE('',(#11696),#12290,.F.);
#12885=ADVANCED_FACE('',(#11697),#12291,.F.);
#12886=ADVANCED_FACE('',(#11698),#12292,.T.);
#12887=ADVANCED_FACE('',(#11699),#12293,.F.);
#12888=ADVANCED_FACE('',(#11700),#12294,.F.);
#12889=ADVANCED_FACE('',(#11701),#12295,.F.);
#12890=ADVANCED_FACE('',(#11702),#12296,.F.);
#12891=ADVANCED_FACE('',(#11703),#12297,.T.);
#12892=ADVANCED_FACE('',(#11704),#12298,.T.);
#12893=ADVANCED_FACE('',(#11705),#12299,.F.);
#12894=ADVANCED_FACE('',(#11706),#12300,.F.);
#12895=ADVANCED_FACE('',(#11707),#12301,.F.);
#12896=CLOSED_SHELL('',(#12302,#12303,#12304,#12305,#12306,#12307,#12308,
#12309,#12310,#12311,#12312,#12313,#12314,#12315,#12316,#12317,#12318,#12319,
#12320,#12321,#12322,#12323,#12324,#12325,#12326,#12327,#12328,#12329,#12330,
#12331,#12332,#12333,#12334,#12335,#12336,#12337,#12338,#12339,#12340,#12341,
#12342,#12343,#12344,#12345,#12346,#12347,#12348,#12349,#12350,#12351,#12352,
#12353,#12354,#12355,#12356,#12357,#12358,#12359,#12360,#12361,#12362,#12363,
#12364,#12365,#12366,#12367,#12368,#12369,#12370,#12371,#12372,#12373,#12374,
#12375,#12376,#12377,#12378,#12379,#12380,#12381,#12382,#12383,#12384,#12385,
#12386,#12387,#12388,#12389,#12390,#12391,#12392,#12393,#12394,#12395,#12396,
#12397,#12398,#12399,#12400,#12401,#12402,#12403,#12404,#12405,#12406,#12407,
#12408,#12409,#12410,#12411,#12412,#12413,#12414,#12415,#12416,#12417,#12418,
#12419,#12420,#12421,#12422,#12423,#12424,#12425,#12426,#12427,#12428,#12429,
#12430,#12431,#12432,#12433,#12434,#12435,#12436,#12437,#12438,#12439,#12440,
#12441,#12442,#12443,#12444,#12445,#12446,#12447,#12448,#12449,#12450,#12451,
#12452,#12453,#12454,#12455,#12456,#12457,#12458,#12459,#12460,#12461,#12462,
#12463,#12464,#12465,#12466,#12467,#12468,#12469,#12470,#12471,#12472,#12473,
#12474,#12475,#12476,#12477,#12478,#12479,#12480,#12481,#12482,#12483,#12484,
#12485,#12486,#12487,#12488,#12489,#12490,#12491,#12492,#12493,#12494,#12495,
#12496,#12497,#12498,#12499,#12500,#12501,#12502,#12503,#12504,#12505,#12506,
#12507,#12508,#12509,#12510,#12511,#12512,#12513,#12514,#12515,#12516,#12517,
#12518,#12519,#12520,#12521,#12522,#12523,#12524,#12525,#12526,#12527,#12528,
#12529,#12530,#12531,#12532,#12533,#12534,#12535,#12536,#12537,#12538,#12539,
#12540,#12541,#12542,#12543,#12544,#12545,#12546,#12547,#12548,#12549,#12550,
#12551,#12552,#12553,#12554,#12555,#12556,#12557,#12558,#12559,#12560,#12561,
#12562,#12563,#12564,#12565,#12566,#12567,#12568,#12569,#12570,#12571,#12572,
#12573,#12574,#12575,#12576,#12577,#12578,#12579,#12580,#12581,#12582,#12583,
#12584,#12585,#12586,#12587,#12588,#12589,#12590,#12591,#12592,#12593,#12594,
#12595,#12596,#12597,#12598,#12599,#12600,#12601,#12602,#12603,#12604,#12605,
#12606,#12607,#12608,#12609,#12610,#12611,#12612,#12613,#12614,#12615,#12616,
#12617,#12618,#12619,#12620,#12621,#12622,#12623,#12624,#12625,#12626,#12627,
#12628,#12629,#12630,#12631,#12632,#12633,#12634,#12635,#12636,#12637,#12638,
#12639,#12640,#12641,#12642,#12643,#12644,#12645,#12646,#12647,#12648,#12649,
#12650,#12651,#12652,#12653,#12654,#12655,#12656,#12657,#12658,#12659,#12660,
#12661,#12662,#12663,#12664,#12665,#12666,#12667,#12668,#12669,#12670,#12671,
#12672,#12673,#12674,#12675,#12676,#12677,#12678,#12679,#12680,#12681,#12682,
#12683,#12684,#12685,#12686,#12687,#12688,#12689,#12690,#12691,#12692,#12693,
#12694,#12695,#12696,#12697,#12698,#12699,#12700,#12701,#12702,#12703,#12704,
#12705,#12706,#12707,#12708,#12709,#12710,#12711,#12712,#12713,#12714,#12715,
#12716,#12717,#12718,#12719,#12720,#12721,#12722,#12723,#12724,#12725,#12726,
#12727,#12728,#12729,#12730,#12731,#12732,#12733,#12734,#12735,#12736,#12737,
#12738,#12739,#12740,#12741,#12742,#12743,#12744,#12745,#12746,#12747,#12748,
#12749,#12750,#12751,#12752,#12753,#12754,#12755,#12756,#12757,#12758,#12759,
#12760,#12761,#12762,#12763,#12764,#12765,#12766,#12767,#12768,#12769,#12770,
#12771,#12772,#12773,#12774,#12775,#12776,#12777,#12778,#12779,#12780,#12781,
#12782,#12783,#12784,#12785,#12786,#12787,#12788,#12789,#12790,#12791,#12792,
#12793,#12794,#12795,#12796,#12797,#12798,#12799,#12800,#12801,#12802,#12803,
#12804,#12805,#12806,#12807,#12808,#12809,#12810,#12811,#12812,#12813,#12814,
#12815,#12816,#12817,#12818,#12819,#12820,#12821,#12822,#12823,#12824,#12825,
#12826,#12827,#12828,#12829,#12830,#12831,#12832,#12833,#12834,#12835,#12836,
#12837,#12838,#12839,#12840,#12841,#12842,#12843,#12844,#12845,#12846,#12847,
#12848,#12849,#12850,#12851,#12852,#12853,#12854,#12855,#12856,#12857,#12858,
#12859,#12860,#12861,#12862,#12863,#12864,#12865,#12866,#12867,#12868,#12869,
#12870,#12871,#12872,#12873,#12874,#12875,#12876,#12877,#12878,#12879,#12880,
#12881));
#12897=CLOSED_SHELL('',(#12882,#12883,#12884,#12885,#12886,#12887,#12888,
#12889,#12890,#12891,#12892,#12893,#12894,#12895));
#12898=STYLED_ITEM('',(#12900),#12914);
#12899=STYLED_ITEM('',(#12901),#12915);
#12900=PRESENTATION_STYLE_ASSIGNMENT((#12902));
#12901=PRESENTATION_STYLE_ASSIGNMENT((#12903));
#12902=SURFACE_STYLE_USAGE(.BOTH.,#12904);
#12903=SURFACE_STYLE_USAGE(.BOTH.,#12905);
#12904=SURFACE_SIDE_STYLE('',(#12906));
#12905=SURFACE_SIDE_STYLE('',(#12907));
#12906=SURFACE_STYLE_FILL_AREA(#12908);
#12907=SURFACE_STYLE_FILL_AREA(#12909);
#12908=FILL_AREA_STYLE('',(#12910));
#12909=FILL_AREA_STYLE('',(#12911));
#12910=FILL_AREA_STYLE_COLOUR('',#12912);
#12911=FILL_AREA_STYLE_COLOUR('',#12913);
#12912=COLOUR_RGB('',0.18823529779911,0.18823529779911,0.18823529779911);
#12913=COLOUR_RGB('',0.75,0.569999992847443,0.409999996423721);
#12914=MANIFOLD_SOLID_BREP('',#12896);
#12915=MANIFOLD_SOLID_BREP('',#12897);
#12916=SHAPE_DEFINITION_REPRESENTATION(#20269,#12919);
#12917=SHAPE_DEFINITION_REPRESENTATION(#20268,#12920);
#12918=SHAPE_DEFINITION_REPRESENTATION(#20271,#12921);
#12919=SHAPE_REPRESENTATION('61306421121',(#12922),#20260);
#12920=SHAPE_REPRESENTATION('6130xx21121',(#12922,#13503,#13518,#13519,
#13520,#13521,#13522,#13523,#13524,#13525,#13526,#13527,#13528,#13529,#13530,
#13531,#13532,#13533,#13534,#13535,#13536,#13537,#13538,#13539,#13540,#13541,
#13542,#13543,#13544,#13545,#13546,#13547,#13548,#13549,#13550,#13551,#13552,
#13553,#13554,#13555,#13556,#13557,#13558,#13559,#13560,#13561,#13562,#13563,
#13564,#13565,#13566,#13567,#13568,#13569,#13570,#13571,#13572,#13573,#13574,
#13575,#13576,#13577,#13578,#13579,#13580,#13581),#20259);
#12921=SHAPE_REPRESENTATION('6130xx21121_PIN',(#12922),#20261);
#12922=AXIS2_PLACEMENT_3D('',#16664,#13582,#13583);
#12923=AXIS2_PLACEMENT_3D('',#16665,#13584,#13585);
#12924=AXIS2_PLACEMENT_3D('',#17566,#14036,#14037);
#12925=AXIS2_PLACEMENT_3D('',#18467,#14488,#14489);
#12926=AXIS2_PLACEMENT_3D('',#18476,#14494,#14495);
#12927=AXIS2_PLACEMENT_3D('',#18485,#14500,#14501);
#12928=AXIS2_PLACEMENT_3D('',#18494,#14506,#14507);
#12929=AXIS2_PLACEMENT_3D('',#18503,#14512,#14513);
#12930=AXIS2_PLACEMENT_3D('',#18512,#14518,#14519);
#12931=AXIS2_PLACEMENT_3D('',#18521,#14524,#14525);
#12932=AXIS2_PLACEMENT_3D('',#18530,#14530,#14531);
#12933=AXIS2_PLACEMENT_3D('',#18539,#14536,#14537);
#12934=AXIS2_PLACEMENT_3D('',#18548,#14542,#14543);
#12935=AXIS2_PLACEMENT_3D('',#18557,#14548,#14549);
#12936=AXIS2_PLACEMENT_3D('',#18566,#14554,#14555);
#12937=AXIS2_PLACEMENT_3D('',#18575,#14560,#14561);
#12938=AXIS2_PLACEMENT_3D('',#18584,#14566,#14567);
#12939=AXIS2_PLACEMENT_3D('',#18593,#14572,#14573);
#12940=AXIS2_PLACEMENT_3D('',#18602,#14578,#14579);
#12941=AXIS2_PLACEMENT_3D('',#18611,#14584,#14585);
#12942=AXIS2_PLACEMENT_3D('',#18620,#14590,#14591);
#12943=AXIS2_PLACEMENT_3D('',#18629,#14596,#14597);
#12944=AXIS2_PLACEMENT_3D('',#18638,#14602,#14603);
#12945=AXIS2_PLACEMENT_3D('',#18647,#14608,#14609);
#12946=AXIS2_PLACEMENT_3D('',#18656,#14614,#14615);
#12947=AXIS2_PLACEMENT_3D('',#18665,#14620,#14621);
#12948=AXIS2_PLACEMENT_3D('',#18674,#14626,#14627);
#12949=AXIS2_PLACEMENT_3D('',#18683,#14632,#14633);
#12950=AXIS2_PLACEMENT_3D('',#18692,#14638,#14639);
#12951=AXIS2_PLACEMENT_3D('',#18701,#14644,#14645);
#12952=AXIS2_PLACEMENT_3D('',#18710,#14650,#14651);
#12953=AXIS2_PLACEMENT_3D('',#18719,#14656,#14657);
#12954=AXIS2_PLACEMENT_3D('',#18728,#14662,#14663);
#12955=AXIS2_PLACEMENT_3D('',#18737,#14668,#14669);
#12956=AXIS2_PLACEMENT_3D('',#18746,#14674,#14675);
#12957=AXIS2_PLACEMENT_3D('',#18755,#14680,#14681);
#12958=AXIS2_PLACEMENT_3D('',#18764,#14686,#14687);
#12959=AXIS2_PLACEMENT_3D('',#18773,#14692,#14693);
#12960=AXIS2_PLACEMENT_3D('',#18782,#14698,#14699);
#12961=AXIS2_PLACEMENT_3D('',#18791,#14704,#14705);
#12962=AXIS2_PLACEMENT_3D('',#18800,#14710,#14711);
#12963=AXIS2_PLACEMENT_3D('',#18809,#14716,#14717);
#12964=AXIS2_PLACEMENT_3D('',#18818,#14722,#14723);
#12965=AXIS2_PLACEMENT_3D('',#18827,#14728,#14729);
#12966=AXIS2_PLACEMENT_3D('',#18836,#14734,#14735);
#12967=AXIS2_PLACEMENT_3D('',#18845,#14740,#14741);
#12968=AXIS2_PLACEMENT_3D('',#18854,#14746,#14747);
#12969=AXIS2_PLACEMENT_3D('',#18863,#14752,#14753);
#12970=AXIS2_PLACEMENT_3D('',#18872,#14758,#14759);
#12971=AXIS2_PLACEMENT_3D('',#18881,#14764,#14765);
#12972=AXIS2_PLACEMENT_3D('',#18890,#14770,#14771);
#12973=AXIS2_PLACEMENT_3D('',#18899,#14776,#14777);
#12974=AXIS2_PLACEMENT_3D('',#18908,#14782,#14783);
#12975=AXIS2_PLACEMENT_3D('',#18917,#14788,#14789);
#12976=AXIS2_PLACEMENT_3D('',#18926,#14794,#14795);
#12977=AXIS2_PLACEMENT_3D('',#18935,#14800,#14801);
#12978=AXIS2_PLACEMENT_3D('',#18944,#14806,#14807);
#12979=AXIS2_PLACEMENT_3D('',#18953,#14812,#14813);
#12980=AXIS2_PLACEMENT_3D('',#18962,#14818,#14819);
#12981=AXIS2_PLACEMENT_3D('',#18971,#14824,#14825);
#12982=AXIS2_PLACEMENT_3D('',#18980,#14830,#14831);
#12983=AXIS2_PLACEMENT_3D('',#18989,#14836,#14837);
#12984=AXIS2_PLACEMENT_3D('',#18998,#14842,#14843);
#12985=AXIS2_PLACEMENT_3D('',#19007,#14848,#14849);
#12986=AXIS2_PLACEMENT_3D('',#19016,#14854,#14855);
#12987=AXIS2_PLACEMENT_3D('',#19025,#14860,#14861);
#12988=AXIS2_PLACEMENT_3D('',#19034,#14866,#14867);
#12989=AXIS2_PLACEMENT_3D('',#19043,#14872,#14873);
#12990=AXIS2_PLACEMENT_3D('',#19046,#14876,#14877);
#12991=AXIS2_PLACEMENT_3D('',#19049,#14880,#14881);
#12992=AXIS2_PLACEMENT_3D('',#19052,#14884,#14885);
#12993=AXIS2_PLACEMENT_3D('',#19056,#14889,#14890);
#12994=AXIS2_PLACEMENT_3D('',#19059,#14893,#14894);
#12995=AXIS2_PLACEMENT_3D('',#19063,#14898,#14899);
#12996=AXIS2_PLACEMENT_3D('',#19066,#14902,#14903);
#12997=AXIS2_PLACEMENT_3D('',#19070,#14907,#14908);
#12998=AXIS2_PLACEMENT_3D('',#19073,#14911,#14912);
#12999=AXIS2_PLACEMENT_3D('',#19077,#14916,#14917);
#13000=AXIS2_PLACEMENT_3D('',#19080,#14920,#14921);
#13001=AXIS2_PLACEMENT_3D('',#19084,#14925,#14926);
#13002=AXIS2_PLACEMENT_3D('',#19087,#14929,#14930);
#13003=AXIS2_PLACEMENT_3D('',#19091,#14934,#14935);
#13004=AXIS2_PLACEMENT_3D('',#19094,#14938,#14939);
#13005=AXIS2_PLACEMENT_3D('',#19098,#14943,#14944);
#13006=AXIS2_PLACEMENT_3D('',#19101,#14947,#14948);
#13007=AXIS2_PLACEMENT_3D('',#19105,#14952,#14953);
#13008=AXIS2_PLACEMENT_3D('',#19108,#14956,#14957);
#13009=AXIS2_PLACEMENT_3D('',#19112,#14961,#14962);
#13010=AXIS2_PLACEMENT_3D('',#19115,#14965,#14966);
#13011=AXIS2_PLACEMENT_3D('',#19119,#14970,#14971);
#13012=AXIS2_PLACEMENT_3D('',#19122,#14974,#14975);
#13013=AXIS2_PLACEMENT_3D('',#19126,#14979,#14980);
#13014=AXIS2_PLACEMENT_3D('',#19129,#14983,#14984);
#13015=AXIS2_PLACEMENT_3D('',#19133,#14988,#14989);
#13016=AXIS2_PLACEMENT_3D('',#19136,#14992,#14993);
#13017=AXIS2_PLACEMENT_3D('',#19140,#14997,#14998);
#13018=AXIS2_PLACEMENT_3D('',#19143,#15001,#15002);
#13019=AXIS2_PLACEMENT_3D('',#19147,#15006,#15007);
#13020=AXIS2_PLACEMENT_3D('',#19150,#15010,#15011);
#13021=AXIS2_PLACEMENT_3D('',#19154,#15015,#15016);
#13022=AXIS2_PLACEMENT_3D('',#19157,#15019,#15020);
#13023=AXIS2_PLACEMENT_3D('',#19161,#15024,#15025);
#13024=AXIS2_PLACEMENT_3D('',#19164,#15028,#15029);
#13025=AXIS2_PLACEMENT_3D('',#19168,#15033,#15034);
#13026=AXIS2_PLACEMENT_3D('',#19171,#15037,#15038);
#13027=AXIS2_PLACEMENT_3D('',#19175,#15042,#15043);
#13028=AXIS2_PLACEMENT_3D('',#19178,#15046,#15047);
#13029=AXIS2_PLACEMENT_3D('',#19182,#15051,#15052);
#13030=AXIS2_PLACEMENT_3D('',#19185,#15055,#15056);
#13031=AXIS2_PLACEMENT_3D('',#19189,#15060,#15061);
#13032=AXIS2_PLACEMENT_3D('',#19192,#15064,#15065);
#13033=AXIS2_PLACEMENT_3D('',#19196,#15069,#15070);
#13034=AXIS2_PLACEMENT_3D('',#19199,#15073,#15074);
#13035=AXIS2_PLACEMENT_3D('',#19203,#15078,#15079);
#13036=AXIS2_PLACEMENT_3D('',#19206,#15082,#15083);
#13037=AXIS2_PLACEMENT_3D('',#19210,#15087,#15088);
#13038=AXIS2_PLACEMENT_3D('',#19213,#15091,#15092);
#13039=AXIS2_PLACEMENT_3D('',#19217,#15096,#15097);
#13040=AXIS2_PLACEMENT_3D('',#19220,#15100,#15101);
#13041=AXIS2_PLACEMENT_3D('',#19224,#15105,#15106);
#13042=AXIS2_PLACEMENT_3D('',#19227,#15109,#15110);
#13043=AXIS2_PLACEMENT_3D('',#19231,#15114,#15115);
#13044=AXIS2_PLACEMENT_3D('',#19234,#15118,#15119);
#13045=AXIS2_PLACEMENT_3D('',#19238,#15123,#15124);
#13046=AXIS2_PLACEMENT_3D('',#19241,#15127,#15128);
#13047=AXIS2_PLACEMENT_3D('',#19245,#15132,#15133);
#13048=AXIS2_PLACEMENT_3D('',#19248,#15136,#15137);
#13049=AXIS2_PLACEMENT_3D('',#19252,#15141,#15142);
#13050=AXIS2_PLACEMENT_3D('',#19255,#15145,#15146);
#13051=AXIS2_PLACEMENT_3D('',#19259,#15150,#15151);
#13052=AXIS2_PLACEMENT_3D('',#19262,#15154,#15155);
#13053=AXIS2_PLACEMENT_3D('',#19266,#15159,#15160);
#13054=AXIS2_PLACEMENT_3D('',#19269,#15163,#15164);
#13055=AXIS2_PLACEMENT_3D('',#19272,#15167,#15168);
#13056=AXIS2_PLACEMENT_3D('',#19275,#15171,#15172);
#13057=AXIS2_PLACEMENT_3D('',#19279,#15176,#15177);
#13058=AXIS2_PLACEMENT_3D('',#19282,#15180,#15181);
#13059=AXIS2_PLACEMENT_3D('',#19286,#15185,#15186);
#13060=AXIS2_PLACEMENT_3D('',#19289,#15189,#15190);
#13061=AXIS2_PLACEMENT_3D('',#19293,#15194,#15195);
#13062=AXIS2_PLACEMENT_3D('',#19296,#15198,#15199);
#13063=AXIS2_PLACEMENT_3D('',#19300,#15203,#15204);
#13064=AXIS2_PLACEMENT_3D('',#19303,#15207,#15208);
#13065=AXIS2_PLACEMENT_3D('',#19307,#15212,#15213);
#13066=AXIS2_PLACEMENT_3D('',#19310,#15216,#15217);
#13067=AXIS2_PLACEMENT_3D('',#19314,#15221,#15222);
#13068=AXIS2_PLACEMENT_3D('',#19317,#15225,#15226);
#13069=AXIS2_PLACEMENT_3D('',#19321,#15230,#15231);
#13070=AXIS2_PLACEMENT_3D('',#19324,#15234,#15235);
#13071=AXIS2_PLACEMENT_3D('',#19328,#15239,#15240);
#13072=AXIS2_PLACEMENT_3D('',#19331,#15243,#15244);
#13073=AXIS2_PLACEMENT_3D('',#19335,#15248,#15249);
#13074=AXIS2_PLACEMENT_3D('',#19338,#15252,#15253);
#13075=AXIS2_PLACEMENT_3D('',#19342,#15257,#15258);
#13076=AXIS2_PLACEMENT_3D('',#19345,#15261,#15262);
#13077=AXIS2_PLACEMENT_3D('',#19349,#15266,#15267);
#13078=AXIS2_PLACEMENT_3D('',#19352,#15270,#15271);
#13079=AXIS2_PLACEMENT_3D('',#19356,#15275,#15276);
#13080=AXIS2_PLACEMENT_3D('',#19359,#15279,#15280);
#13081=AXIS2_PLACEMENT_3D('',#19363,#15284,#15285);
#13082=AXIS2_PLACEMENT_3D('',#19366,#15288,#15289);
#13083=AXIS2_PLACEMENT_3D('',#19370,#15293,#15294);
#13084=AXIS2_PLACEMENT_3D('',#19373,#15297,#15298);
#13085=AXIS2_PLACEMENT_3D('',#19377,#15302,#15303);
#13086=AXIS2_PLACEMENT_3D('',#19380,#15306,#15307);
#13087=AXIS2_PLACEMENT_3D('',#19384,#15311,#15312);
#13088=AXIS2_PLACEMENT_3D('',#19387,#15315,#15316);
#13089=AXIS2_PLACEMENT_3D('',#19391,#15320,#15321);
#13090=AXIS2_PLACEMENT_3D('',#19394,#15324,#15325);
#13091=AXIS2_PLACEMENT_3D('',#19398,#15329,#15330);
#13092=AXIS2_PLACEMENT_3D('',#19401,#15333,#15334);
#13093=AXIS2_PLACEMENT_3D('',#19405,#15338,#15339);
#13094=AXIS2_PLACEMENT_3D('',#19408,#15342,#15343);
#13095=AXIS2_PLACEMENT_3D('',#19412,#15347,#15348);
#13096=AXIS2_PLACEMENT_3D('',#19415,#15351,#15352);
#13097=AXIS2_PLACEMENT_3D('',#19419,#15356,#15357);
#13098=AXIS2_PLACEMENT_3D('',#19422,#15360,#15361);
#13099=AXIS2_PLACEMENT_3D('',#19426,#15365,#15366);
#13100=AXIS2_PLACEMENT_3D('',#19429,#15369,#15370);
#13101=AXIS2_PLACEMENT_3D('',#19433,#15374,#15375);
#13102=AXIS2_PLACEMENT_3D('',#19436,#15378,#15379);
#13103=AXIS2_PLACEMENT_3D('',#19440,#15383,#15384);
#13104=AXIS2_PLACEMENT_3D('',#19443,#15387,#15388);
#13105=AXIS2_PLACEMENT_3D('',#19447,#15392,#15393);
#13106=AXIS2_PLACEMENT_3D('',#19450,#15396,#15397);
#13107=AXIS2_PLACEMENT_3D('',#19454,#15401,#15402);
#13108=AXIS2_PLACEMENT_3D('',#19457,#15405,#15406);
#13109=AXIS2_PLACEMENT_3D('',#19461,#15410,#15411);
#13110=AXIS2_PLACEMENT_3D('',#19464,#15414,#15415);
#13111=AXIS2_PLACEMENT_3D('',#19468,#15419,#15420);
#13112=AXIS2_PLACEMENT_3D('',#19471,#15423,#15424);
#13113=AXIS2_PLACEMENT_3D('',#19475,#15428,#15429);
#13114=AXIS2_PLACEMENT_3D('',#19478,#15432,#15433);
#13115=AXIS2_PLACEMENT_3D('',#19482,#15437,#15438);
#13116=AXIS2_PLACEMENT_3D('',#19485,#15441,#15442);
#13117=AXIS2_PLACEMENT_3D('',#19489,#15446,#15447);
#13118=AXIS2_PLACEMENT_3D('',#19492,#15450,#15451);
#13119=AXIS2_PLACEMENT_3D('',#19495,#15454,#15455);
#13120=AXIS2_PLACEMENT_3D('',#19496,#15456,#15457);
#13121=AXIS2_PLACEMENT_3D('',#19497,#15458,#15459);
#13122=AXIS2_PLACEMENT_3D('',#19498,#15460,#15461);
#13123=AXIS2_PLACEMENT_3D('',#19499,#15462,#15463);
#13124=AXIS2_PLACEMENT_3D('',#19500,#15464,#15465);
#13125=AXIS2_PLACEMENT_3D('',#19501,#15466,#15467);
#13126=AXIS2_PLACEMENT_3D('',#19502,#15468,#15469);
#13127=AXIS2_PLACEMENT_3D('',#19503,#15470,#15471);
#13128=AXIS2_PLACEMENT_3D('',#19504,#15472,#15473);
#13129=AXIS2_PLACEMENT_3D('',#19505,#15474,#15475);
#13130=AXIS2_PLACEMENT_3D('',#19506,#15476,#15477);
#13131=AXIS2_PLACEMENT_3D('',#19507,#15478,#15479);
#13132=AXIS2_PLACEMENT_3D('',#19508,#15480,#15481);
#13133=AXIS2_PLACEMENT_3D('',#19509,#15482,#15483);
#13134=AXIS2_PLACEMENT_3D('',#19510,#15484,#15485);
#13135=AXIS2_PLACEMENT_3D('',#19511,#15486,#15487);
#13136=AXIS2_PLACEMENT_3D('',#19512,#15488,#15489);
#13137=AXIS2_PLACEMENT_3D('',#19513,#15490,#15491);
#13138=AXIS2_PLACEMENT_3D('',#19514,#15492,#15493);
#13139=AXIS2_PLACEMENT_3D('',#19515,#15494,#15495);
#13140=AXIS2_PLACEMENT_3D('',#19516,#15496,#15497);
#13141=AXIS2_PLACEMENT_3D('',#19517,#15498,#15499);
#13142=AXIS2_PLACEMENT_3D('',#19518,#15500,#15501);
#13143=AXIS2_PLACEMENT_3D('',#19519,#15502,#15503);
#13144=AXIS2_PLACEMENT_3D('',#19520,#15504,#15505);
#13145=AXIS2_PLACEMENT_3D('',#19521,#15506,#15507);
#13146=AXIS2_PLACEMENT_3D('',#19522,#15508,#15509);
#13147=AXIS2_PLACEMENT_3D('',#19523,#15510,#15511);
#13148=AXIS2_PLACEMENT_3D('',#19524,#15512,#15513);
#13149=AXIS2_PLACEMENT_3D('',#19525,#15514,#15515);
#13150=AXIS2_PLACEMENT_3D('',#19526,#15516,#15517);
#13151=AXIS2_PLACEMENT_3D('',#19527,#15518,#15519);
#13152=AXIS2_PLACEMENT_3D('',#19528,#15520,#15521);
#13153=AXIS2_PLACEMENT_3D('',#19529,#15522,#15523);
#13154=AXIS2_PLACEMENT_3D('',#19530,#15524,#15525);
#13155=AXIS2_PLACEMENT_3D('',#19531,#15526,#15527);
#13156=AXIS2_PLACEMENT_3D('',#19532,#15528,#15529);
#13157=AXIS2_PLACEMENT_3D('',#19533,#15530,#15531);
#13158=AXIS2_PLACEMENT_3D('',#19534,#15532,#15533);
#13159=AXIS2_PLACEMENT_3D('',#19535,#15534,#15535);
#13160=AXIS2_PLACEMENT_3D('',#19536,#15536,#15537);
#13161=AXIS2_PLACEMENT_3D('',#19537,#15538,#15539);
#13162=AXIS2_PLACEMENT_3D('',#19538,#15540,#15541);
#13163=AXIS2_PLACEMENT_3D('',#19539,#15542,#15543);
#13164=AXIS2_PLACEMENT_3D('',#19540,#15544,#15545);
#13165=AXIS2_PLACEMENT_3D('',#19541,#15546,#15547);
#13166=AXIS2_PLACEMENT_3D('',#19542,#15548,#15549);
#13167=AXIS2_PLACEMENT_3D('',#19543,#15550,#15551);
#13168=AXIS2_PLACEMENT_3D('',#19544,#15552,#15553);
#13169=AXIS2_PLACEMENT_3D('',#19545,#15554,#15555);
#13170=AXIS2_PLACEMENT_3D('',#19546,#15556,#15557);
#13171=AXIS2_PLACEMENT_3D('',#19547,#15558,#15559);
#13172=AXIS2_PLACEMENT_3D('',#19548,#15560,#15561);
#13173=AXIS2_PLACEMENT_3D('',#19549,#15562,#15563);
#13174=AXIS2_PLACEMENT_3D('',#19550,#15564,#15565);
#13175=AXIS2_PLACEMENT_3D('',#19551,#15566,#15567);
#13176=AXIS2_PLACEMENT_3D('',#19552,#15568,#15569);
#13177=AXIS2_PLACEMENT_3D('',#19553,#15570,#15571);
#13178=AXIS2_PLACEMENT_3D('',#19554,#15572,#15573);
#13179=AXIS2_PLACEMENT_3D('',#19555,#15574,#15575);
#13180=AXIS2_PLACEMENT_3D('',#19556,#15576,#15577);
#13181=AXIS2_PLACEMENT_3D('',#19557,#15578,#15579);
#13182=AXIS2_PLACEMENT_3D('',#19558,#15580,#15581);
#13183=AXIS2_PLACEMENT_3D('',#19559,#15582,#15583);
#13184=AXIS2_PLACEMENT_3D('',#19560,#15584,#15585);
#13185=AXIS2_PLACEMENT_3D('',#19561,#15586,#15587);
#13186=AXIS2_PLACEMENT_3D('',#19562,#15588,#15589);
#13187=AXIS2_PLACEMENT_3D('',#19563,#15590,#15591);
#13188=AXIS2_PLACEMENT_3D('',#19564,#15592,#15593);
#13189=AXIS2_PLACEMENT_3D('',#19565,#15594,#15595);
#13190=AXIS2_PLACEMENT_3D('',#19566,#15596,#15597);
#13191=AXIS2_PLACEMENT_3D('',#19567,#15598,#15599);
#13192=AXIS2_PLACEMENT_3D('',#19568,#15600,#15601);
#13193=AXIS2_PLACEMENT_3D('',#19569,#15602,#15603);
#13194=AXIS2_PLACEMENT_3D('',#19570,#15604,#15605);
#13195=AXIS2_PLACEMENT_3D('',#19571,#15606,#15607);
#13196=AXIS2_PLACEMENT_3D('',#19572,#15608,#15609);
#13197=AXIS2_PLACEMENT_3D('',#19573,#15610,#15611);
#13198=AXIS2_PLACEMENT_3D('',#19574,#15612,#15613);
#13199=AXIS2_PLACEMENT_3D('',#19575,#15614,#15615);
#13200=AXIS2_PLACEMENT_3D('',#19576,#15616,#15617);
#13201=AXIS2_PLACEMENT_3D('',#19577,#15618,#15619);
#13202=AXIS2_PLACEMENT_3D('',#19578,#15620,#15621);
#13203=AXIS2_PLACEMENT_3D('',#19579,#15622,#15623);
#13204=AXIS2_PLACEMENT_3D('',#19580,#15624,#15625);
#13205=AXIS2_PLACEMENT_3D('',#19581,#15626,#15627);
#13206=AXIS2_PLACEMENT_3D('',#19582,#15628,#15629);
#13207=AXIS2_PLACEMENT_3D('',#19583,#15630,#15631);
#13208=AXIS2_PLACEMENT_3D('',#19584,#15632,#15633);
#13209=AXIS2_PLACEMENT_3D('',#19585,#15634,#15635);
#13210=AXIS2_PLACEMENT_3D('',#19586,#15636,#15637);
#13211=AXIS2_PLACEMENT_3D('',#19587,#15638,#15639);
#13212=AXIS2_PLACEMENT_3D('',#19588,#15640,#15641);
#13213=AXIS2_PLACEMENT_3D('',#19589,#15642,#15643);
#13214=AXIS2_PLACEMENT_3D('',#19590,#15644,#15645);
#13215=AXIS2_PLACEMENT_3D('',#19591,#15646,#15647);
#13216=AXIS2_PLACEMENT_3D('',#19592,#15648,#15649);
#13217=AXIS2_PLACEMENT_3D('',#19593,#15650,#15651);
#13218=AXIS2_PLACEMENT_3D('',#19594,#15652,#15653);
#13219=AXIS2_PLACEMENT_3D('',#19595,#15654,#15655);
#13220=AXIS2_PLACEMENT_3D('',#19596,#15656,#15657);
#13221=AXIS2_PLACEMENT_3D('',#19597,#15658,#15659);
#13222=AXIS2_PLACEMENT_3D('',#19598,#15660,#15661);
#13223=AXIS2_PLACEMENT_3D('',#19599,#15662,#15663);
#13224=AXIS2_PLACEMENT_3D('',#19600,#15664,#15665);
#13225=AXIS2_PLACEMENT_3D('',#19601,#15666,#15667);
#13226=AXIS2_PLACEMENT_3D('',#19602,#15668,#15669);
#13227=AXIS2_PLACEMENT_3D('',#19603,#15670,#15671);
#13228=AXIS2_PLACEMENT_3D('',#19604,#15672,#15673);
#13229=AXIS2_PLACEMENT_3D('',#19605,#15674,#15675);
#13230=AXIS2_PLACEMENT_3D('',#19606,#15676,#15677);
#13231=AXIS2_PLACEMENT_3D('',#19607,#15678,#15679);
#13232=AXIS2_PLACEMENT_3D('',#19608,#15680,#15681);
#13233=AXIS2_PLACEMENT_3D('',#19609,#15682,#15683);
#13234=AXIS2_PLACEMENT_3D('',#19610,#15684,#15685);
#13235=AXIS2_PLACEMENT_3D('',#19611,#15686,#15687);
#13236=AXIS2_PLACEMENT_3D('',#19612,#15688,#15689);
#13237=AXIS2_PLACEMENT_3D('',#19613,#15690,#15691);
#13238=AXIS2_PLACEMENT_3D('',#19614,#15692,#15693);
#13239=AXIS2_PLACEMENT_3D('',#19615,#15694,#15695);
#13240=AXIS2_PLACEMENT_3D('',#19616,#15696,#15697);
#13241=AXIS2_PLACEMENT_3D('',#19617,#15698,#15699);
#13242=AXIS2_PLACEMENT_3D('',#19618,#15700,#15701);
#13243=AXIS2_PLACEMENT_3D('',#19619,#15702,#15703);
#13244=AXIS2_PLACEMENT_3D('',#19620,#15704,#15705);
#13245=AXIS2_PLACEMENT_3D('',#19621,#15706,#15707);
#13246=AXIS2_PLACEMENT_3D('',#19622,#15708,#15709);
#13247=AXIS2_PLACEMENT_3D('',#19623,#15710,#15711);
#13248=AXIS2_PLACEMENT_3D('',#19626,#15714,#15715);
#13249=AXIS2_PLACEMENT_3D('',#19628,#15717,#15718);
#13250=AXIS2_PLACEMENT_3D('',#19630,#15720,#15721);
#13251=AXIS2_PLACEMENT_3D('',#19631,#15722,#15723);
#13252=AXIS2_PLACEMENT_3D('',#19634,#15726,#15727);
#13253=AXIS2_PLACEMENT_3D('',#19636,#15729,#15730);
#13254=AXIS2_PLACEMENT_3D('',#19638,#15732,#15733);
#13255=AXIS2_PLACEMENT_3D('',#19639,#15734,#15735);
#13256=AXIS2_PLACEMENT_3D('',#19642,#15738,#15739);
#13257=AXIS2_PLACEMENT_3D('',#19644,#15741,#15742);
#13258=AXIS2_PLACEMENT_3D('',#19646,#15744,#15745);
#13259=AXIS2_PLACEMENT_3D('',#19647,#15746,#15747);
#13260=AXIS2_PLACEMENT_3D('',#19650,#15750,#15751);
#13261=AXIS2_PLACEMENT_3D('',#19652,#15753,#15754);
#13262=AXIS2_PLACEMENT_3D('',#19654,#15756,#15757);
#13263=AXIS2_PLACEMENT_3D('',#19655,#15758,#15759);
#13264=AXIS2_PLACEMENT_3D('',#19658,#15762,#15763);
#13265=AXIS2_PLACEMENT_3D('',#19660,#15765,#15766);
#13266=AXIS2_PLACEMENT_3D('',#19662,#15768,#15769);
#13267=AXIS2_PLACEMENT_3D('',#19663,#15770,#15771);
#13268=AXIS2_PLACEMENT_3D('',#19666,#15774,#15775);
#13269=AXIS2_PLACEMENT_3D('',#19668,#15777,#15778);
#13270=AXIS2_PLACEMENT_3D('',#19670,#15780,#15781);
#13271=AXIS2_PLACEMENT_3D('',#19671,#15782,#15783);
#13272=AXIS2_PLACEMENT_3D('',#19674,#15786,#15787);
#13273=AXIS2_PLACEMENT_3D('',#19676,#15789,#15790);
#13274=AXIS2_PLACEMENT_3D('',#19678,#15792,#15793);
#13275=AXIS2_PLACEMENT_3D('',#19679,#15794,#15795);
#13276=AXIS2_PLACEMENT_3D('',#19682,#15798,#15799);
#13277=AXIS2_PLACEMENT_3D('',#19684,#15801,#15802);
#13278=AXIS2_PLACEMENT_3D('',#19686,#15804,#15805);
#13279=AXIS2_PLACEMENT_3D('',#19687,#15806,#15807);
#13280=AXIS2_PLACEMENT_3D('',#19690,#15810,#15811);
#13281=AXIS2_PLACEMENT_3D('',#19692,#15813,#15814);
#13282=AXIS2_PLACEMENT_3D('',#19694,#15816,#15817);
#13283=AXIS2_PLACEMENT_3D('',#19695,#15818,#15819);
#13284=AXIS2_PLACEMENT_3D('',#19698,#15822,#15823);
#13285=AXIS2_PLACEMENT_3D('',#19700,#15825,#15826);
#13286=AXIS2_PLACEMENT_3D('',#19702,#15828,#15829);
#13287=AXIS2_PLACEMENT_3D('',#19703,#15830,#15831);
#13288=AXIS2_PLACEMENT_3D('',#19706,#15834,#15835);
#13289=AXIS2_PLACEMENT_3D('',#19708,#15837,#15838);
#13290=AXIS2_PLACEMENT_3D('',#19710,#15840,#15841);
#13291=AXIS2_PLACEMENT_3D('',#19711,#15842,#15843);
#13292=AXIS2_PLACEMENT_3D('',#19714,#15846,#15847);
#13293=AXIS2_PLACEMENT_3D('',#19716,#15849,#15850);
#13294=AXIS2_PLACEMENT_3D('',#19718,#15852,#15853);
#13295=AXIS2_PLACEMENT_3D('',#19719,#15854,#15855);
#13296=AXIS2_PLACEMENT_3D('',#19722,#15858,#15859);
#13297=AXIS2_PLACEMENT_3D('',#19724,#15861,#15862);
#13298=AXIS2_PLACEMENT_3D('',#19726,#15864,#15865);
#13299=AXIS2_PLACEMENT_3D('',#19727,#15866,#15867);
#13300=AXIS2_PLACEMENT_3D('',#19730,#15870,#15871);
#13301=AXIS2_PLACEMENT_3D('',#19732,#15873,#15874);
#13302=AXIS2_PLACEMENT_3D('',#19734,#15876,#15877);
#13303=AXIS2_PLACEMENT_3D('',#19735,#15878,#15879);
#13304=AXIS2_PLACEMENT_3D('',#19738,#15882,#15883);
#13305=AXIS2_PLACEMENT_3D('',#19740,#15885,#15886);
#13306=AXIS2_PLACEMENT_3D('',#19742,#15888,#15889);
#13307=AXIS2_PLACEMENT_3D('',#19743,#15890,#15891);
#13308=AXIS2_PLACEMENT_3D('',#19746,#15894,#15895);
#13309=AXIS2_PLACEMENT_3D('',#19748,#15897,#15898);
#13310=AXIS2_PLACEMENT_3D('',#19750,#15900,#15901);
#13311=AXIS2_PLACEMENT_3D('',#19751,#15902,#15903);
#13312=AXIS2_PLACEMENT_3D('',#19754,#15906,#15907);
#13313=AXIS2_PLACEMENT_3D('',#19756,#15909,#15910);
#13314=AXIS2_PLACEMENT_3D('',#19758,#15912,#15913);
#13315=AXIS2_PLACEMENT_3D('',#19759,#15914,#15915);
#13316=AXIS2_PLACEMENT_3D('',#19762,#15918,#15919);
#13317=AXIS2_PLACEMENT_3D('',#19764,#15921,#15922);
#13318=AXIS2_PLACEMENT_3D('',#19766,#15924,#15925);
#13319=AXIS2_PLACEMENT_3D('',#19767,#15926,#15927);
#13320=AXIS2_PLACEMENT_3D('',#19770,#15930,#15931);
#13321=AXIS2_PLACEMENT_3D('',#19772,#15933,#15934);
#13322=AXIS2_PLACEMENT_3D('',#19774,#15936,#15937);
#13323=AXIS2_PLACEMENT_3D('',#19775,#15938,#15939);
#13324=AXIS2_PLACEMENT_3D('',#19778,#15942,#15943);
#13325=AXIS2_PLACEMENT_3D('',#19780,#15945,#15946);
#13326=AXIS2_PLACEMENT_3D('',#19782,#15948,#15949);
#13327=AXIS2_PLACEMENT_3D('',#19783,#15950,#15951);
#13328=AXIS2_PLACEMENT_3D('',#19786,#15954,#15955);
#13329=AXIS2_PLACEMENT_3D('',#19788,#15957,#15958);
#13330=AXIS2_PLACEMENT_3D('',#19790,#15960,#15961);
#13331=AXIS2_PLACEMENT_3D('',#19791,#15962,#15963);
#13332=AXIS2_PLACEMENT_3D('',#19794,#15966,#15967);
#13333=AXIS2_PLACEMENT_3D('',#19796,#15969,#15970);
#13334=AXIS2_PLACEMENT_3D('',#19798,#15972,#15973);
#13335=AXIS2_PLACEMENT_3D('',#19799,#15974,#15975);
#13336=AXIS2_PLACEMENT_3D('',#19802,#15978,#15979);
#13337=AXIS2_PLACEMENT_3D('',#19804,#15981,#15982);
#13338=AXIS2_PLACEMENT_3D('',#19806,#15984,#15985);
#13339=AXIS2_PLACEMENT_3D('',#19807,#15986,#15987);
#13340=AXIS2_PLACEMENT_3D('',#19810,#15990,#15991);
#13341=AXIS2_PLACEMENT_3D('',#19812,#15993,#15994);
#13342=AXIS2_PLACEMENT_3D('',#19814,#15996,#15997);
#13343=AXIS2_PLACEMENT_3D('',#19815,#15998,#15999);
#13344=AXIS2_PLACEMENT_3D('',#19818,#16002,#16003);
#13345=AXIS2_PLACEMENT_3D('',#19820,#16005,#16006);
#13346=AXIS2_PLACEMENT_3D('',#19822,#16008,#16009);
#13347=AXIS2_PLACEMENT_3D('',#19823,#16010,#16011);
#13348=AXIS2_PLACEMENT_3D('',#19826,#16014,#16015);
#13349=AXIS2_PLACEMENT_3D('',#19828,#16017,#16018);
#13350=AXIS2_PLACEMENT_3D('',#19830,#16020,#16021);
#13351=AXIS2_PLACEMENT_3D('',#19831,#16022,#16023);
#13352=AXIS2_PLACEMENT_3D('',#19834,#16026,#16027);
#13353=AXIS2_PLACEMENT_3D('',#19836,#16029,#16030);
#13354=AXIS2_PLACEMENT_3D('',#19838,#16032,#16033);
#13355=AXIS2_PLACEMENT_3D('',#19839,#16034,#16035);
#13356=AXIS2_PLACEMENT_3D('',#19842,#16038,#16039);
#13357=AXIS2_PLACEMENT_3D('',#19844,#16041,#16042);
#13358=AXIS2_PLACEMENT_3D('',#19846,#16044,#16045);
#13359=AXIS2_PLACEMENT_3D('',#19847,#16046,#16047);
#13360=AXIS2_PLACEMENT_3D('',#19850,#16050,#16051);
#13361=AXIS2_PLACEMENT_3D('',#19852,#16053,#16054);
#13362=AXIS2_PLACEMENT_3D('',#19854,#16056,#16057);
#13363=AXIS2_PLACEMENT_3D('',#19855,#16058,#16059);
#13364=AXIS2_PLACEMENT_3D('',#19858,#16062,#16063);
#13365=AXIS2_PLACEMENT_3D('',#19860,#16065,#16066);
#13366=AXIS2_PLACEMENT_3D('',#19862,#16068,#16069);
#13367=AXIS2_PLACEMENT_3D('',#19863,#16070,#16071);
#13368=AXIS2_PLACEMENT_3D('',#19866,#16074,#16075);
#13369=AXIS2_PLACEMENT_3D('',#19868,#16077,#16078);
#13370=AXIS2_PLACEMENT_3D('',#19870,#16080,#16081);
#13371=AXIS2_PLACEMENT_3D('',#19871,#16082,#16083);
#13372=AXIS2_PLACEMENT_3D('',#19874,#16086,#16087);
#13373=AXIS2_PLACEMENT_3D('',#19876,#16089,#16090);
#13374=AXIS2_PLACEMENT_3D('',#19878,#16092,#16093);
#13375=AXIS2_PLACEMENT_3D('',#19879,#16094,#16095);
#13376=AXIS2_PLACEMENT_3D('',#19882,#16098,#16099);
#13377=AXIS2_PLACEMENT_3D('',#19884,#16101,#16102);
#13378=AXIS2_PLACEMENT_3D('',#19886,#16104,#16105);
#13379=AXIS2_PLACEMENT_3D('',#19887,#16106,#16107);
#13380=AXIS2_PLACEMENT_3D('',#19890,#16110,#16111);
#13381=AXIS2_PLACEMENT_3D('',#19892,#16113,#16114);
#13382=AXIS2_PLACEMENT_3D('',#19894,#16116,#16117);
#13383=AXIS2_PLACEMENT_3D('',#19895,#16118,#16119);
#13384=AXIS2_PLACEMENT_3D('',#19898,#16122,#16123);
#13385=AXIS2_PLACEMENT_3D('',#19900,#16125,#16126);
#13386=AXIS2_PLACEMENT_3D('',#19902,#16128,#16129);
#13387=AXIS2_PLACEMENT_3D('',#19903,#16130,#16131);
#13388=AXIS2_PLACEMENT_3D('',#19906,#16134,#16135);
#13389=AXIS2_PLACEMENT_3D('',#19908,#16137,#16138);
#13390=AXIS2_PLACEMENT_3D('',#19910,#16140,#16141);
#13391=AXIS2_PLACEMENT_3D('',#19911,#16142,#16143);
#13392=AXIS2_PLACEMENT_3D('',#19914,#16146,#16147);
#13393=AXIS2_PLACEMENT_3D('',#19916,#16149,#16150);
#13394=AXIS2_PLACEMENT_3D('',#19918,#16152,#16153);
#13395=AXIS2_PLACEMENT_3D('',#19919,#16154,#16155);
#13396=AXIS2_PLACEMENT_3D('',#19922,#16158,#16159);
#13397=AXIS2_PLACEMENT_3D('',#19924,#16161,#16162);
#13398=AXIS2_PLACEMENT_3D('',#19926,#16164,#16165);
#13399=AXIS2_PLACEMENT_3D('',#19927,#16166,#16167);
#13400=AXIS2_PLACEMENT_3D('',#19930,#16170,#16171);
#13401=AXIS2_PLACEMENT_3D('',#19932,#16173,#16174);
#13402=AXIS2_PLACEMENT_3D('',#19934,#16176,#16177);
#13403=AXIS2_PLACEMENT_3D('',#19935,#16178,#16179);
#13404=AXIS2_PLACEMENT_3D('',#19938,#16182,#16183);
#13405=AXIS2_PLACEMENT_3D('',#19940,#16185,#16186);
#13406=AXIS2_PLACEMENT_3D('',#19942,#16188,#16189);
#13407=AXIS2_PLACEMENT_3D('',#19943,#16190,#16191);
#13408=AXIS2_PLACEMENT_3D('',#19946,#16194,#16195);
#13409=AXIS2_PLACEMENT_3D('',#19948,#16197,#16198);
#13410=AXIS2_PLACEMENT_3D('',#19950,#16200,#16201);
#13411=AXIS2_PLACEMENT_3D('',#19951,#16202,#16203);
#13412=AXIS2_PLACEMENT_3D('',#19954,#16206,#16207);
#13413=AXIS2_PLACEMENT_3D('',#19956,#16209,#16210);
#13414=AXIS2_PLACEMENT_3D('',#19958,#16212,#16213);
#13415=AXIS2_PLACEMENT_3D('',#19959,#16214,#16215);
#13416=AXIS2_PLACEMENT_3D('',#19962,#16218,#16219);
#13417=AXIS2_PLACEMENT_3D('',#19964,#16221,#16222);
#13418=AXIS2_PLACEMENT_3D('',#19966,#16224,#16225);
#13419=AXIS2_PLACEMENT_3D('',#19967,#16226,#16227);
#13420=AXIS2_PLACEMENT_3D('',#19970,#16230,#16231);
#13421=AXIS2_PLACEMENT_3D('',#19972,#16233,#16234);
#13422=AXIS2_PLACEMENT_3D('',#19974,#16236,#16237);
#13423=AXIS2_PLACEMENT_3D('',#19975,#16238,#16239);
#13424=AXIS2_PLACEMENT_3D('',#19978,#16242,#16243);
#13425=AXIS2_PLACEMENT_3D('',#19980,#16245,#16246);
#13426=AXIS2_PLACEMENT_3D('',#19982,#16248,#16249);
#13427=AXIS2_PLACEMENT_3D('',#19983,#16250,#16251);
#13428=AXIS2_PLACEMENT_3D('',#19986,#16254,#16255);
#13429=AXIS2_PLACEMENT_3D('',#19988,#16257,#16258);
#13430=AXIS2_PLACEMENT_3D('',#19990,#16260,#16261);
#13431=AXIS2_PLACEMENT_3D('',#19991,#16262,#16263);
#13432=AXIS2_PLACEMENT_3D('',#19994,#16266,#16267);
#13433=AXIS2_PLACEMENT_3D('',#19996,#16269,#16270);
#13434=AXIS2_PLACEMENT_3D('',#19998,#16272,#16273);
#13435=AXIS2_PLACEMENT_3D('',#19999,#16274,#16275);
#13436=AXIS2_PLACEMENT_3D('',#20002,#16278,#16279);
#13437=AXIS2_PLACEMENT_3D('',#20004,#16281,#16282);
#13438=AXIS2_PLACEMENT_3D('',#20006,#16284,#16285);
#13439=AXIS2_PLACEMENT_3D('',#20007,#16286,#16287);
#13440=AXIS2_PLACEMENT_3D('',#20010,#16290,#16291);
#13441=AXIS2_PLACEMENT_3D('',#20012,#16293,#16294);
#13442=AXIS2_PLACEMENT_3D('',#20014,#16296,#16297);
#13443=AXIS2_PLACEMENT_3D('',#20015,#16298,#16299);
#13444=AXIS2_PLACEMENT_3D('',#20018,#16302,#16303);
#13445=AXIS2_PLACEMENT_3D('',#20020,#16305,#16306);
#13446=AXIS2_PLACEMENT_3D('',#20022,#16308,#16309);
#13447=AXIS2_PLACEMENT_3D('',#20023,#16310,#16311);
#13448=AXIS2_PLACEMENT_3D('',#20026,#16314,#16315);
#13449=AXIS2_PLACEMENT_3D('',#20028,#16317,#16318);
#13450=AXIS2_PLACEMENT_3D('',#20030,#16320,#16321);
#13451=AXIS2_PLACEMENT_3D('',#20031,#16322,#16323);
#13452=AXIS2_PLACEMENT_3D('',#20034,#16326,#16327);
#13453=AXIS2_PLACEMENT_3D('',#20036,#16329,#16330);
#13454=AXIS2_PLACEMENT_3D('',#20038,#16332,#16333);
#13455=AXIS2_PLACEMENT_3D('',#20039,#16334,#16335);
#13456=AXIS2_PLACEMENT_3D('',#20042,#16338,#16339);
#13457=AXIS2_PLACEMENT_3D('',#20044,#16341,#16342);
#13458=AXIS2_PLACEMENT_3D('',#20046,#16344,#16345);
#13459=AXIS2_PLACEMENT_3D('',#20047,#16346,#16347);
#13460=AXIS2_PLACEMENT_3D('',#20050,#16350,#16351);
#13461=AXIS2_PLACEMENT_3D('',#20052,#16353,#16354);
#13462=AXIS2_PLACEMENT_3D('',#20054,#16356,#16357);
#13463=AXIS2_PLACEMENT_3D('',#20055,#16358,#16359);
#13464=AXIS2_PLACEMENT_3D('',#20058,#16362,#16363);
#13465=AXIS2_PLACEMENT_3D('',#20060,#16365,#16366);
#13466=AXIS2_PLACEMENT_3D('',#20062,#16368,#16369);
#13467=AXIS2_PLACEMENT_3D('',#20063,#16370,#16371);
#13468=AXIS2_PLACEMENT_3D('',#20066,#16374,#16375);
#13469=AXIS2_PLACEMENT_3D('',#20068,#16377,#16378);
#13470=AXIS2_PLACEMENT_3D('',#20070,#16380,#16381);
#13471=AXIS2_PLACEMENT_3D('',#20071,#16382,#16383);
#13472=AXIS2_PLACEMENT_3D('',#20074,#16386,#16387);
#13473=AXIS2_PLACEMENT_3D('',#20076,#16389,#16390);
#13474=AXIS2_PLACEMENT_3D('',#20078,#16392,#16393);
#13475=AXIS2_PLACEMENT_3D('',#20079,#16394,#16395);
#13476=AXIS2_PLACEMENT_3D('',#20082,#16398,#16399);
#13477=AXIS2_PLACEMENT_3D('',#20084,#16401,#16402);
#13478=AXIS2_PLACEMENT_3D('',#20086,#16404,#16405);
#13479=AXIS2_PLACEMENT_3D('',#20087,#16406,#16407);
#13480=AXIS2_PLACEMENT_3D('',#20090,#16410,#16411);
#13481=AXIS2_PLACEMENT_3D('',#20092,#16413,#16414);
#13482=AXIS2_PLACEMENT_3D('',#20094,#16416,#16417);
#13483=AXIS2_PLACEMENT_3D('',#20095,#16418,#16419);
#13484=AXIS2_PLACEMENT_3D('',#20098,#16422,#16423);
#13485=AXIS2_PLACEMENT_3D('',#20100,#16425,#16426);
#13486=AXIS2_PLACEMENT_3D('',#20102,#16428,#16429);
#13487=AXIS2_PLACEMENT_3D('',#20103,#16430,#16431);
#13488=AXIS2_PLACEMENT_3D('',#20106,#16434,#16435);
#13489=AXIS2_PLACEMENT_3D('',#20108,#16437,#16438);
#13490=AXIS2_PLACEMENT_3D('',#20110,#16440,#16441);
#13491=AXIS2_PLACEMENT_3D('',#20111,#16442,#16443);
#13492=AXIS2_PLACEMENT_3D('',#20114,#16446,#16447);
#13493=AXIS2_PLACEMENT_3D('',#20116,#16449,#16450);
#13494=AXIS2_PLACEMENT_3D('',#20118,#16452,#16453);
#13495=AXIS2_PLACEMENT_3D('',#20119,#16454,#16455);
#13496=AXIS2_PLACEMENT_3D('',#20122,#16458,#16459);
#13497=AXIS2_PLACEMENT_3D('',#20124,#16461,#16462);
#13498=AXIS2_PLACEMENT_3D('',#20126,#16464,#16465);
#13499=AXIS2_PLACEMENT_3D('',#20127,#16466,#16467);
#13500=AXIS2_PLACEMENT_3D('',#20130,#16470,#16471);
#13501=AXIS2_PLACEMENT_3D('',#20132,#16473,#16474);
#13502=AXIS2_PLACEMENT_3D('',#20134,#16476,#16477);
#13503=AXIS2_PLACEMENT_3D('',#20135,#16478,#16479);
#13504=AXIS2_PLACEMENT_3D('',#20136,#16480,#16481);
#13505=AXIS2_PLACEMENT_3D('',#20145,#16486,#16487);
#13506=AXIS2_PLACEMENT_3D('',#20154,#16492,#16493);
#13507=AXIS2_PLACEMENT_3D('',#20163,#16498,#16499);
#13508=AXIS2_PLACEMENT_3D('',#20172,#16504,#16505);
#13509=AXIS2_PLACEMENT_3D('',#20175,#16508,#16509);
#13510=AXIS2_PLACEMENT_3D('',#20178,#16512,#16513);
#13511=AXIS2_PLACEMENT_3D('',#20181,#16516,#16517);
#13512=AXIS2_PLACEMENT_3D('',#20183,#16519,#16520);
#13513=AXIS2_PLACEMENT_3D('',#20185,#16522,#16523);
#13514=AXIS2_PLACEMENT_3D('',#20186,#16524,#16525);
#13515=AXIS2_PLACEMENT_3D('',#20189,#16528,#16529);
#13516=AXIS2_PLACEMENT_3D('',#20191,#16531,#16532);
#13517=AXIS2_PLACEMENT_3D('',#20193,#16534,#16535);
#13518=AXIS2_PLACEMENT_3D('',#20194,#16536,#16537);
#13519=AXIS2_PLACEMENT_3D('',#20195,#16538,#16539);
#13520=AXIS2_PLACEMENT_3D('',#20196,#16540,#16541);
#13521=AXIS2_PLACEMENT_3D('',#20197,#16542,#16543);
#13522=AXIS2_PLACEMENT_3D('',#20198,#16544,#16545);
#13523=AXIS2_PLACEMENT_3D('',#20199,#16546,#16547);
#13524=AXIS2_PLACEMENT_3D('',#20200,#16548,#16549);
#13525=AXIS2_PLACEMENT_3D('',#20201,#16550,#16551);
#13526=AXIS2_PLACEMENT_3D('',#20202,#16552,#16553);
#13527=AXIS2_PLACEMENT_3D('',#20203,#16554,#16555);
#13528=AXIS2_PLACEMENT_3D('',#20204,#16556,#16557);
#13529=AXIS2_PLACEMENT_3D('',#20205,#16558,#16559);
#13530=AXIS2_PLACEMENT_3D('',#20206,#16560,#16561);
#13531=AXIS2_PLACEMENT_3D('',#20207,#16562,#16563);
#13532=AXIS2_PLACEMENT_3D('',#20208,#16564,#16565);
#13533=AXIS2_PLACEMENT_3D('',#20209,#16566,#16567);
#13534=AXIS2_PLACEMENT_3D('',#20210,#16568,#16569);
#13535=AXIS2_PLACEMENT_3D('',#20211,#16570,#16571);
#13536=AXIS2_PLACEMENT_3D('',#20212,#16572,#16573);
#13537=AXIS2_PLACEMENT_3D('',#20213,#16574,#16575);
#13538=AXIS2_PLACEMENT_3D('',#20214,#16576,#16577);
#13539=AXIS2_PLACEMENT_3D('',#20215,#16578,#16579);
#13540=AXIS2_PLACEMENT_3D('',#20216,#16580,#16581);
#13541=AXIS2_PLACEMENT_3D('',#20217,#16582,#16583);
#13542=AXIS2_PLACEMENT_3D('',#20218,#16584,#16585);
#13543=AXIS2_PLACEMENT_3D('',#20219,#16586,#16587);
#13544=AXIS2_PLACEMENT_3D('',#20220,#16588,#16589);
#13545=AXIS2_PLACEMENT_3D('',#20221,#16590,#16591);
#13546=AXIS2_PLACEMENT_3D('',#20222,#16592,#16593);
#13547=AXIS2_PLACEMENT_3D('',#20223,#16594,#16595);
#13548=AXIS2_PLACEMENT_3D('',#20224,#16596,#16597);
#13549=AXIS2_PLACEMENT_3D('',#20225,#16598,#16599);
#13550=AXIS2_PLACEMENT_3D('',#20226,#16600,#16601);
#13551=AXIS2_PLACEMENT_3D('',#20227,#16602,#16603);
#13552=AXIS2_PLACEMENT_3D('',#20228,#16604,#16605);
#13553=AXIS2_PLACEMENT_3D('',#20229,#16606,#16607);
#13554=AXIS2_PLACEMENT_3D('',#20230,#16608,#16609);
#13555=AXIS2_PLACEMENT_3D('',#20231,#16610,#16611);
#13556=AXIS2_PLACEMENT_3D('',#20232,#16612,#16613);
#13557=AXIS2_PLACEMENT_3D('',#20233,#16614,#16615);
#13558=AXIS2_PLACEMENT_3D('',#20234,#16616,#16617);
#13559=AXIS2_PLACEMENT_3D('',#20235,#16618,#16619);
#13560=AXIS2_PLACEMENT_3D('',#20236,#16620,#16621);
#13561=AXIS2_PLACEMENT_3D('',#20237,#16622,#16623);
#13562=AXIS2_PLACEMENT_3D('',#20238,#16624,#16625);
#13563=AXIS2_PLACEMENT_3D('',#20239,#16626,#16627);
#13564=AXIS2_PLACEMENT_3D('',#20240,#16628,#16629);
#13565=AXIS2_PLACEMENT_3D('',#20241,#16630,#16631);
#13566=AXIS2_PLACEMENT_3D('',#20242,#16632,#16633);
#13567=AXIS2_PLACEMENT_3D('',#20243,#16634,#16635);
#13568=AXIS2_PLACEMENT_3D('',#20244,#16636,#16637);
#13569=AXIS2_PLACEMENT_3D('',#20245,#16638,#16639);
#13570=AXIS2_PLACEMENT_3D('',#20246,#16640,#16641);
#13571=AXIS2_PLACEMENT_3D('',#20247,#16642,#16643);
#13572=AXIS2_PLACEMENT_3D('',#20248,#16644,#16645);
#13573=AXIS2_PLACEMENT_3D('',#20249,#16646,#16647);
#13574=AXIS2_PLACEMENT_3D('',#20250,#16648,#16649);
#13575=AXIS2_PLACEMENT_3D('',#20251,#16650,#16651);
#13576=AXIS2_PLACEMENT_3D('',#20252,#16652,#16653);
#13577=AXIS2_PLACEMENT_3D('',#20253,#16654,#16655);
#13578=AXIS2_PLACEMENT_3D('',#20254,#16656,#16657);
#13579=AXIS2_PLACEMENT_3D('',#20255,#16658,#16659);
#13580=AXIS2_PLACEMENT_3D('',#20256,#16660,#16661);
#13581=AXIS2_PLACEMENT_3D('',#20257,#16662,#16663);
#13582=DIRECTION('',(0.,0.,1.));
#13583=DIRECTION('',(1.,0.,0.));
#13584=DIRECTION('',(0.,1.,8.53702498020082E-17));
#13585=DIRECTION('',(0.,-8.53702498020082E-17,1.));
#13586=DIRECTION('',(1.,0.,0.));
#13587=DIRECTION('',(0.,-8.53702498020082E-17,1.));
#13588=DIRECTION('',(-1.,0.,0.));
#13589=DIRECTION('',(0.,8.53702498020082E-17,-1.));
#13590=DIRECTION('',(1.,0.,0.));
#13591=DIRECTION('',(0.,-8.53702498020082E-17,1.));
#13592=DIRECTION('',(-1.,0.,0.));
#13593=DIRECTION('',(0.,8.53702498020082E-17,-1.));
#13594=DIRECTION('',(1.,0.,0.));
#13595=DIRECTION('',(0.,-8.53702498020082E-17,1.));
#13596=DIRECTION('',(-1.,0.,0.));
#13597=DIRECTION('',(0.,8.53702498020082E-17,-1.));
#13598=DIRECTION('',(1.,0.,0.));
#13599=DIRECTION('',(0.,-8.53702498020082E-17,1.));
#13600=DIRECTION('',(-1.,0.,0.));
#13601=DIRECTION('',(0.,8.53702498020082E-17,-1.));
#13602=DIRECTION('',(1.,0.,0.));
#13603=DIRECTION('',(0.,-8.53702498020082E-17,1.));
#13604=DIRECTION('',(-1.,0.,0.));
#13605=DIRECTION('',(0.,8.53702498020082E-17,-1.));
#13606=DIRECTION('',(1.,0.,0.));
#13607=DIRECTION('',(0.,-8.53702498020082E-17,1.));
#13608=DIRECTION('',(-1.,0.,0.));
#13609=DIRECTION('',(0.,8.53702498020082E-17,-1.));
#13610=DIRECTION('',(1.,0.,0.));
#13611=DIRECTION('',(0.,-8.53702498020082E-17,1.));
#13612=DIRECTION('',(-1.,0.,0.));
#13613=DIRECTION('',(0.,8.53702498020082E-17,-1.));
#13614=DIRECTION('',(1.,0.,0.));
#13615=DIRECTION('',(0.,-8.53702498020082E-17,1.));
#13616=DIRECTION('',(-1.,0.,0.));
#13617=DIRECTION('',(0.,8.53702498020082E-17,-1.));
#13618=DIRECTION('',(1.,0.,0.));
#13619=DIRECTION('',(0.,-8.53702498020082E-17,1.));
#13620=DIRECTION('',(-1.,0.,0.));
#13621=DIRECTION('',(0.,8.53702498020082E-17,-1.));
#13622=DIRECTION('',(1.,0.,0.));
#13623=DIRECTION('',(0.,-8.53702498020082E-17,1.));
#13624=DIRECTION('',(-1.,0.,0.));
#13625=DIRECTION('',(0.,8.53702498020082E-17,-1.));
#13626=DIRECTION('',(1.,0.,0.));
#13627=DIRECTION('',(0.,-8.53702498020082E-17,1.));
#13628=DIRECTION('',(-1.,0.,0.));
#13629=DIRECTION('',(0.,8.53702498020082E-17,-1.));
#13630=DIRECTION('',(1.,0.,0.));
#13631=DIRECTION('',(0.,-8.53702498020082E-17,1.));
#13632=DIRECTION('',(-1.,0.,0.));
#13633=DIRECTION('',(0.,8.53702498020082E-17,-1.));
#13634=DIRECTION('',(1.,0.,0.));
#13635=DIRECTION('',(0.,-8.53702498020082E-17,1.));
#13636=DIRECTION('',(-1.,0.,0.));
#13637=DIRECTION('',(0.,8.53702498020082E-17,-1.));
#13638=DIRECTION('',(1.,0.,0.));
#13639=DIRECTION('',(0.,-8.53702498020082E-17,1.));
#13640=DIRECTION('',(-1.,0.,0.));
#13641=DIRECTION('',(0.,8.53702498020082E-17,-1.));
#13642=DIRECTION('',(1.,0.,0.));
#13643=DIRECTION('',(0.,-8.53702498020082E-17,1.));
#13644=DIRECTION('',(-1.,0.,0.));
#13645=DIRECTION('',(0.,8.53702498020082E-17,-1.));
#13646=DIRECTION('',(1.,0.,0.));
#13647=DIRECTION('',(0.,-8.53702498020082E-17,1.));
#13648=DIRECTION('',(-1.,0.,0.));
#13649=DIRECTION('',(0.,8.53702498020082E-17,-1.));
#13650=DIRECTION('',(1.,0.,0.));
#13651=DIRECTION('',(0.,-8.53702498020082E-17,1.));
#13652=DIRECTION('',(-1.,0.,0.));
#13653=DIRECTION('',(0.,8.53702498020082E-17,-1.));
#13654=DIRECTION('',(1.,0.,0.));
#13655=DIRECTION('',(0.,-8.53702498020082E-17,1.));
#13656=DIRECTION('',(-1.,0.,0.));
#13657=DIRECTION('',(0.,8.53702498020082E-17,-1.));
#13658=DIRECTION('',(1.,0.,0.));
#13659=DIRECTION('',(0.,-8.53702498020082E-17,1.));
#13660=DIRECTION('',(-1.,0.,0.));
#13661=DIRECTION('',(0.,8.53702498020082E-17,-1.));
#13662=DIRECTION('',(1.,0.,0.));
#13663=DIRECTION('',(0.,-8.53702498020082E-17,1.));
#13664=DIRECTION('',(-1.,0.,0.));
#13665=DIRECTION('',(0.,8.53702498020082E-17,-1.));
#13666=DIRECTION('',(1.,0.,0.));
#13667=DIRECTION('',(0.,-8.53702498020082E-17,1.));
#13668=DIRECTION('',(-1.,0.,0.));
#13669=DIRECTION('',(0.,8.53702498020082E-17,-1.));
#13670=DIRECTION('',(1.,0.,0.));
#13671=DIRECTION('',(0.,-8.53702498020082E-17,1.));
#13672=DIRECTION('',(-1.,0.,0.));
#13673=DIRECTION('',(0.,8.53702498020082E-17,-1.));
#13674=DIRECTION('',(1.,0.,0.));
#13675=DIRECTION('',(0.,-8.53702498020082E-17,1.));
#13676=DIRECTION('',(-1.,0.,0.));
#13677=DIRECTION('',(0.,8.53702498020082E-17,-1.));
#13678=DIRECTION('',(1.,0.,0.));
#13679=DIRECTION('',(0.,-8.53702498020082E-17,1.));
#13680=DIRECTION('',(-1.,0.,0.));
#13681=DIRECTION('',(0.,8.53702498020082E-17,-1.));
#13682=DIRECTION('',(1.,0.,0.));
#13683=DIRECTION('',(0.,-8.53702498020082E-17,1.));
#13684=DIRECTION('',(-1.,0.,0.));
#13685=DIRECTION('',(0.,8.53702498020082E-17,-1.));
#13686=DIRECTION('',(1.,0.,0.));
#13687=DIRECTION('',(0.,-8.53702498020082E-17,1.));
#13688=DIRECTION('',(-1.,0.,0.));
#13689=DIRECTION('',(0.,8.53702498020082E-17,-1.));
#13690=DIRECTION('',(1.,0.,0.));
#13691=DIRECTION('',(0.,-8.53702498020082E-17,1.));
#13692=DIRECTION('',(-1.,0.,0.));
#13693=DIRECTION('',(0.,8.53702498020082E-17,-1.));
#13694=DIRECTION('',(1.,0.,0.));
#13695=DIRECTION('',(0.,-8.53702498020082E-17,1.));
#13696=DIRECTION('',(-1.,0.,0.));
#13697=DIRECTION('',(0.,8.53702498020082E-17,-1.));
#13698=DIRECTION('',(1.,0.,0.));
#13699=DIRECTION('',(0.,-8.53702498020082E-17,1.));
#13700=DIRECTION('',(-1.,0.,0.));
#13701=DIRECTION('',(0.,8.53702498020082E-17,-1.));
#13702=DIRECTION('',(1.,0.,0.));
#13703=DIRECTION('',(0.,-8.53702498020082E-17,1.));
#13704=DIRECTION('',(-1.,0.,0.));
#13705=DIRECTION('',(0.,8.53702498020082E-17,-1.));
#13706=DIRECTION('',(1.,0.,0.));
#13707=DIRECTION('',(0.,-8.53702498020082E-17,1.));
#13708=DIRECTION('',(-1.,0.,0.));
#13709=DIRECTION('',(0.,8.53702498020082E-17,-1.));
#13710=DIRECTION('',(1.,0.,0.));
#13711=DIRECTION('',(0.,-8.53702498020082E-17,1.));
#13712=DIRECTION('',(-1.,0.,0.));
#13713=DIRECTION('',(0.,8.53702498020082E-17,-1.));
#13714=DIRECTION('',(-1.,0.,0.));
#13715=DIRECTION('',(0.447213595499955,7.63574727253714E-17,-0.894427190999918));
#13716=DIRECTION('',(0.,8.53702498020082E-17,-1.));
#13717=DIRECTION('',(0.447213595499955,7.63574727253714E-17,0.894427190999918));
#13718=DIRECTION('',(-1.,0.,0.));
#13719=DIRECTION('',(0.447213595499955,-7.63574727253714E-17,-0.894427190999918));
#13720=DIRECTION('',(0.447213595499955,7.63574727253714E-17,0.894427190999918));
#13721=DIRECTION('',(-1.,0.,0.));
#13722=DIRECTION('',(0.447213595499955,-7.63574727253714E-17,-0.894427190999918));
#13723=DIRECTION('',(0.447213595499955,7.63574727253714E-17,0.894427190999918));
#13724=DIRECTION('',(-1.,0.,0.));
#13725=DIRECTION('',(0.447213595499955,-7.63574727253714E-17,-0.894427190999918));
#13726=DIRECTION('',(0.447213595499955,7.63574727253714E-17,0.894427190999918));
#13727=DIRECTION('',(-1.,0.,0.));
#13728=DIRECTION('',(0.447213595499955,-7.63574727253714E-17,-0.894427190999918));
#13729=DIRECTION('',(0.447213595499955,7.63574727253714E-17,0.894427190999918));
#13730=DIRECTION('',(-1.,0.,0.));
#13731=DIRECTION('',(0.447213595499955,-7.63574727253714E-17,-0.894427190999918));
#13732=DIRECTION('',(0.447213595499955,7.63574727253714E-17,0.894427190999918));
#13733=DIRECTION('',(-1.,0.,0.));
#13734=DIRECTION('',(0.447213595499955,-7.63574727253714E-17,-0.894427190999918));
#13735=DIRECTION('',(0.447213595499955,7.63574727253714E-17,0.894427190999918));
#13736=DIRECTION('',(-1.,0.,0.));
#13737=DIRECTION('',(0.447213595499955,-7.63574727253714E-17,-0.894427190999918));
#13738=DIRECTION('',(0.447213595499955,7.63574727253714E-17,0.894427190999918));
#13739=DIRECTION('',(-1.,0.,0.));
#13740=DIRECTION('',(0.447213595499955,-7.63574727253714E-17,-0.894427190999918));
#13741=DIRECTION('',(0.447213595499955,7.63574727253714E-17,0.894427190999918));
#13742=DIRECTION('',(-1.,0.,0.));
#13743=DIRECTION('',(0.447213595499955,-7.63574727253714E-17,-0.894427190999918));
#13744=DIRECTION('',(0.447213595499955,7.63574727253714E-17,0.894427190999918));
#13745=DIRECTION('',(-1.,0.,0.));
#13746=DIRECTION('',(0.447213595499955,-7.63574727253714E-17,-0.894427190999918));
#13747=DIRECTION('',(0.447213595499955,7.63574727253714E-17,0.894427190999918));
#13748=DIRECTION('',(-1.,0.,0.));
#13749=DIRECTION('',(0.447213595499955,-7.63574727253714E-17,-0.894427190999918));
#13750=DIRECTION('',(0.447213595499955,7.63574727253714E-17,0.894427190999918));
#13751=DIRECTION('',(-1.,0.,0.));
#13752=DIRECTION('',(0.447213595499955,-7.63574727253714E-17,-0.894427190999918));
#13753=DIRECTION('',(0.447213595499955,7.63574727253714E-17,0.894427190999918));
#13754=DIRECTION('',(-1.,0.,0.));
#13755=DIRECTION('',(0.447213595499955,-7.63574727253714E-17,-0.894427190999918));
#13756=DIRECTION('',(0.447213595499955,7.63574727253714E-17,0.894427190999918));
#13757=DIRECTION('',(-1.,0.,0.));
#13758=DIRECTION('',(0.447213595499955,-7.63574727253714E-17,-0.894427190999918));
#13759=DIRECTION('',(0.447213595499955,7.63574727253714E-17,0.894427190999918));
#13760=DIRECTION('',(-1.,0.,0.));
#13761=DIRECTION('',(0.447213595499955,-7.63574727253714E-17,-0.894427190999918));
#13762=DIRECTION('',(0.447213595499955,7.63574727253714E-17,0.894427190999918));
#13763=DIRECTION('',(-1.,0.,0.));
#13764=DIRECTION('',(0.447213595499955,-7.63574727253714E-17,-0.894427190999918));
#13765=DIRECTION('',(0.447213595499955,7.63574727253714E-17,0.894427190999918));
#13766=DIRECTION('',(-1.,0.,0.));
#13767=DIRECTION('',(0.447213595499955,-7.63574727253714E-17,-0.894427190999918));
#13768=DIRECTION('',(0.447213595499955,7.63574727253714E-17,0.894427190999918));
#13769=DIRECTION('',(-1.,0.,0.));
#13770=DIRECTION('',(0.447213595499955,-7.63574727253714E-17,-0.894427190999918));
#13771=DIRECTION('',(0.447213595499955,7.63574727253714E-17,0.894427190999918));
#13772=DIRECTION('',(-1.,0.,0.));
#13773=DIRECTION('',(0.447213595499955,-7.63574727253714E-17,-0.894427190999918));
#13774=DIRECTION('',(0.447213595499955,7.63574727253714E-17,0.894427190999918));
#13775=DIRECTION('',(-1.,0.,0.));
#13776=DIRECTION('',(0.447213595499955,-7.63574727253714E-17,-0.894427190999918));
#13777=DIRECTION('',(0.447213595499955,7.63574727253714E-17,0.894427190999918));
#13778=DIRECTION('',(-1.,0.,0.));
#13779=DIRECTION('',(0.447213595499955,-7.63574727253714E-17,-0.894427190999918));
#13780=DIRECTION('',(0.447213595499955,7.63574727253714E-17,0.894427190999918));
#13781=DIRECTION('',(-1.,0.,0.));
#13782=DIRECTION('',(0.447213595499955,-7.63574727253714E-17,-0.894427190999918));
#13783=DIRECTION('',(0.447213595499955,7.63574727253714E-17,0.894427190999918));
#13784=DIRECTION('',(-1.,0.,0.));
#13785=DIRECTION('',(0.447213595499955,-7.63574727253714E-17,-0.894427190999918));
#13786=DIRECTION('',(0.447213595499955,7.63574727253714E-17,0.894427190999918));
#13787=DIRECTION('',(-1.,0.,0.));
#13788=DIRECTION('',(0.447213595499955,-7.63574727253714E-17,-0.894427190999918));
#13789=DIRECTION('',(0.447213595499955,7.63574727253714E-17,0.894427190999918));
#13790=DIRECTION('',(-1.,0.,0.));
#13791=DIRECTION('',(0.447213595499955,-7.63574727253714E-17,-0.894427190999918));
#13792=DIRECTION('',(0.447213595499955,7.63574727253714E-17,0.894427190999918));
#13793=DIRECTION('',(-1.,0.,0.));
#13794=DIRECTION('',(0.447213595499955,-7.63574727253714E-17,-0.894427190999918));
#13795=DIRECTION('',(0.447213595499955,7.63574727253714E-17,0.894427190999918));
#13796=DIRECTION('',(-1.,0.,0.));
#13797=DIRECTION('',(0.447213595499955,-7.63574727253714E-17,-0.894427190999918));
#13798=DIRECTION('',(0.447213595499955,7.63574727253714E-17,0.894427190999918));
#13799=DIRECTION('',(-1.,0.,0.));
#13800=DIRECTION('',(0.447213595499955,-7.63574727253714E-17,-0.894427190999918));
#13801=DIRECTION('',(0.447213595499955,7.63574727253714E-17,0.894427190999918));
#13802=DIRECTION('',(-1.,0.,0.));
#13803=DIRECTION('',(0.447213595499955,-7.63574727253714E-17,-0.894427190999918));
#13804=DIRECTION('',(0.447213595499955,7.63574727253714E-17,0.894427190999918));
#13805=DIRECTION('',(-1.,0.,0.));
#13806=DIRECTION('',(0.447213595499955,-7.63574727253714E-17,-0.894427190999918));
#13807=DIRECTION('',(0.447213595499955,7.63574727253714E-17,0.894427190999918));
#13808=DIRECTION('',(-1.,0.,0.));
#13809=DIRECTION('',(0.447213595499955,-7.63574727253714E-17,-0.894427190999918));
#13810=DIRECTION('',(0.447213595499955,7.63574727253714E-17,0.894427190999918));
#13811=DIRECTION('',(-1.,0.,0.));
#13812=DIRECTION('',(0.447213595499955,-7.63574727253714E-17,-0.894427190999918));
#13813=DIRECTION('',(0.,8.53702498020082E-17,-1.));
#13814=DIRECTION('',(0.447213595499955,-7.63574727253714E-17,0.894427190999918));
#13815=DIRECTION('',(-1.,0.,0.));
#13816=DIRECTION('',(0.447213595499955,7.63574727253714E-17,-0.894427190999918));
#13817=DIRECTION('',(0.447213595499955,-7.63574727253714E-17,0.894427190999918));
#13818=DIRECTION('',(-1.,0.,0.));
#13819=DIRECTION('',(0.447213595499955,7.63574727253714E-17,-0.894427190999918));
#13820=DIRECTION('',(0.447213595499955,-7.63574727253714E-17,0.894427190999918));
#13821=DIRECTION('',(-1.,0.,0.));
#13822=DIRECTION('',(0.447213595499955,7.63574727253714E-17,-0.894427190999918));
#13823=DIRECTION('',(0.447213595499955,-7.63574727253714E-17,0.894427190999918));
#13824=DIRECTION('',(-1.,0.,0.));
#13825=DIRECTION('',(0.447213595499955,7.63574727253714E-17,-0.894427190999918));
#13826=DIRECTION('',(0.447213595499955,-7.63574727253714E-17,0.894427190999918));
#13827=DIRECTION('',(-1.,0.,0.));
#13828=DIRECTION('',(0.447213595499955,7.63574727253714E-17,-0.894427190999918));
#13829=DIRECTION('',(0.447213595499955,-7.63574727253714E-17,0.894427190999918));
#13830=DIRECTION('',(-1.,0.,0.));
#13831=DIRECTION('',(0.447213595499955,7.63574727253714E-17,-0.894427190999918));
#13832=DIRECTION('',(0.447213595499955,-7.63574727253714E-17,0.894427190999918));
#13833=DIRECTION('',(-1.,0.,0.));
#13834=DIRECTION('',(0.447213595499955,7.63574727253714E-17,-0.894427190999918));
#13835=DIRECTION('',(0.447213595499955,-7.63574727253714E-17,0.894427190999918));
#13836=DIRECTION('',(-1.,0.,0.));
#13837=DIRECTION('',(0.447213595499955,7.63574727253714E-17,-0.894427190999918));
#13838=DIRECTION('',(0.447213595499955,-7.63574727253714E-17,0.894427190999918));
#13839=DIRECTION('',(-1.,0.,0.));
#13840=DIRECTION('',(0.447213595499955,7.63574727253714E-17,-0.894427190999918));
#13841=DIRECTION('',(0.447213595499955,-7.63574727253714E-17,0.894427190999918));
#13842=DIRECTION('',(-1.,0.,0.));
#13843=DIRECTION('',(0.447213595499955,7.63574727253714E-17,-0.894427190999918));
#13844=DIRECTION('',(0.447213595499955,-7.63574727253714E-17,0.894427190999918));
#13845=DIRECTION('',(-1.,0.,0.));
#13846=DIRECTION('',(0.447213595499955,7.63574727253714E-17,-0.894427190999918));
#13847=DIRECTION('',(0.447213595499955,-7.63574727253714E-17,0.894427190999918));
#13848=DIRECTION('',(-1.,0.,0.));
#13849=DIRECTION('',(0.447213595499955,7.63574727253714E-17,-0.894427190999918));
#13850=DIRECTION('',(0.447213595499955,-7.63574727253714E-17,0.894427190999918));
#13851=DIRECTION('',(-1.,0.,0.));
#13852=DIRECTION('',(0.447213595499955,7.63574727253714E-17,-0.894427190999918));
#13853=DIRECTION('',(0.447213595499955,-7.63574727253714E-17,0.894427190999918));
#13854=DIRECTION('',(-1.,0.,0.));
#13855=DIRECTION('',(0.447213595499955,7.63574727253714E-17,-0.894427190999918));
#13856=DIRECTION('',(0.447213595499955,-7.63574727253714E-17,0.894427190999918));
#13857=DIRECTION('',(-1.,0.,0.));
#13858=DIRECTION('',(0.447213595499955,7.63574727253714E-17,-0.894427190999918));
#13859=DIRECTION('',(0.447213595499955,-7.63574727253714E-17,0.894427190999918));
#13860=DIRECTION('',(-1.,0.,0.));
#13861=DIRECTION('',(0.447213595499955,7.63574727253714E-17,-0.894427190999918));
#13862=DIRECTION('',(0.447213595499955,-7.63574727253714E-17,0.894427190999918));
#13863=DIRECTION('',(-1.,0.,0.));
#13864=DIRECTION('',(0.447213595499955,7.63574727253714E-17,-0.894427190999918));
#13865=DIRECTION('',(0.447213595499955,-7.63574727253714E-17,0.894427190999918));
#13866=DIRECTION('',(-1.,0.,0.));
#13867=DIRECTION('',(0.447213595499955,7.63574727253714E-17,-0.894427190999918));
#13868=DIRECTION('',(0.447213595499955,-7.63574727253714E-17,0.894427190999918));
#13869=DIRECTION('',(-1.,0.,0.));
#13870=DIRECTION('',(0.447213595499955,7.63574727253714E-17,-0.894427190999918));
#13871=DIRECTION('',(0.447213595499955,-7.63574727253714E-17,0.894427190999918));
#13872=DIRECTION('',(-1.,0.,0.));
#13873=DIRECTION('',(0.447213595499955,7.63574727253714E-17,-0.894427190999918));
#13874=DIRECTION('',(0.447213595499955,-7.63574727253714E-17,0.894427190999918));
#13875=DIRECTION('',(-1.,0.,0.));
#13876=DIRECTION('',(0.447213595499955,7.63574727253714E-17,-0.894427190999918));
#13877=DIRECTION('',(0.447213595499955,-7.63574727253714E-17,0.894427190999918));
#13878=DIRECTION('',(-1.,0.,0.));
#13879=DIRECTION('',(0.447213595499955,7.63574727253714E-17,-0.894427190999918));
#13880=DIRECTION('',(0.447213595499955,-7.63574727253714E-17,0.894427190999918));
#13881=DIRECTION('',(-1.,0.,0.));
#13882=DIRECTION('',(0.447213595499955,7.63574727253714E-17,-0.894427190999918));
#13883=DIRECTION('',(0.447213595499955,-7.63574727253714E-17,0.894427190999918));
#13884=DIRECTION('',(-1.,0.,0.));
#13885=DIRECTION('',(0.447213595499955,7.63574727253714E-17,-0.894427190999918));
#13886=DIRECTION('',(0.447213595499955,-7.63574727253714E-17,0.894427190999918));
#13887=DIRECTION('',(-1.,0.,0.));
#13888=DIRECTION('',(0.447213595499955,7.63574727253714E-17,-0.894427190999918));
#13889=DIRECTION('',(0.447213595499955,-7.63574727253714E-17,0.894427190999918));
#13890=DIRECTION('',(-1.,0.,0.));
#13891=DIRECTION('',(0.447213595499955,7.63574727253714E-17,-0.894427190999918));
#13892=DIRECTION('',(0.447213595499955,-7.63574727253714E-17,0.894427190999918));
#13893=DIRECTION('',(-1.,0.,0.));
#13894=DIRECTION('',(0.447213595499955,7.63574727253714E-17,-0.894427190999918));
#13895=DIRECTION('',(0.447213595499955,-7.63574727253714E-17,0.894427190999918));
#13896=DIRECTION('',(-1.,0.,0.));
#13897=DIRECTION('',(0.447213595499955,7.63574727253714E-17,-0.894427190999918));
#13898=DIRECTION('',(0.447213595499955,-7.63574727253714E-17,0.894427190999918));
#13899=DIRECTION('',(-1.,0.,0.));
#13900=DIRECTION('',(0.447213595499955,7.63574727253714E-17,-0.894427190999918));
#13901=DIRECTION('',(0.447213595499955,-7.63574727253714E-17,0.894427190999918));
#13902=DIRECTION('',(-1.,0.,0.));
#13903=DIRECTION('',(0.447213595499955,7.63574727253714E-17,-0.894427190999918));
#13904=DIRECTION('',(0.447213595499955,-7.63574727253714E-17,0.894427190999918));
#13905=DIRECTION('',(-1.,0.,0.));
#13906=DIRECTION('',(0.447213595499955,7.63574727253714E-17,-0.894427190999918));
#13907=DIRECTION('',(0.447213595499955,-7.63574727253714E-17,0.894427190999918));
#13908=DIRECTION('',(1.,0.,0.));
#13909=DIRECTION('',(0.,-8.53702498020082E-17,1.));
#13910=DIRECTION('',(-1.,0.,0.));
#13911=DIRECTION('',(0.,8.53702498020082E-17,-1.));
#13912=DIRECTION('',(1.,0.,0.));
#13913=DIRECTION('',(0.,-8.53702498020082E-17,1.));
#13914=DIRECTION('',(-1.,0.,0.));
#13915=DIRECTION('',(0.,8.53702498020082E-17,-1.));
#13916=DIRECTION('',(1.,0.,0.));
#13917=DIRECTION('',(0.,-8.53702498020082E-17,1.));
#13918=DIRECTION('',(-1.,0.,0.));
#13919=DIRECTION('',(0.,8.53702498020082E-17,-1.));
#13920=DIRECTION('',(1.,0.,0.));
#13921=DIRECTION('',(0.,-8.53702498020082E-17,1.));
#13922=DIRECTION('',(-1.,0.,0.));
#13923=DIRECTION('',(0.,8.53702498020082E-17,-1.));
#13924=DIRECTION('',(1.,0.,0.));
#13925=DIRECTION('',(0.,-8.53702498020082E-17,1.));
#13926=DIRECTION('',(-1.,0.,0.));
#13927=DIRECTION('',(0.,8.53702498020082E-17,-1.));
#13928=DIRECTION('',(1.,0.,0.));
#13929=DIRECTION('',(0.,-8.53702498020082E-17,1.));
#13930=DIRECTION('',(-1.,0.,0.));
#13931=DIRECTION('',(0.,8.53702498020082E-17,-1.));
#13932=DIRECTION('',(1.,0.,0.));
#13933=DIRECTION('',(0.,-8.53702498020082E-17,1.));
#13934=DIRECTION('',(-1.,0.,0.));
#13935=DIRECTION('',(0.,8.53702498020082E-17,-1.));
#13936=DIRECTION('',(1.,0.,0.));
#13937=DIRECTION('',(0.,-8.53702498020082E-17,1.));
#13938=DIRECTION('',(-1.,0.,0.));
#13939=DIRECTION('',(0.,8.53702498020082E-17,-1.));
#13940=DIRECTION('',(1.,0.,0.));
#13941=DIRECTION('',(0.,-8.53702498020082E-17,1.));
#13942=DIRECTION('',(-1.,0.,0.));
#13943=DIRECTION('',(0.,8.53702498020082E-17,-1.));
#13944=DIRECTION('',(1.,0.,0.));
#13945=DIRECTION('',(0.,-8.53702498020082E-17,1.));
#13946=DIRECTION('',(-1.,0.,0.));
#13947=DIRECTION('',(0.,8.53702498020082E-17,-1.));
#13948=DIRECTION('',(1.,0.,0.));
#13949=DIRECTION('',(0.,-8.53702498020082E-17,1.));
#13950=DIRECTION('',(-1.,0.,0.));
#13951=DIRECTION('',(0.,8.53702498020082E-17,-1.));
#13952=DIRECTION('',(1.,0.,0.));
#13953=DIRECTION('',(0.,-8.53702498020082E-17,1.));
#13954=DIRECTION('',(-1.,0.,0.));
#13955=DIRECTION('',(0.,8.53702498020082E-17,-1.));
#13956=DIRECTION('',(1.,0.,0.));
#13957=DIRECTION('',(0.,-8.53702498020082E-17,1.));
#13958=DIRECTION('',(-1.,0.,0.));
#13959=DIRECTION('',(0.,8.53702498020082E-17,-1.));
#13960=DIRECTION('',(1.,0.,0.));
#13961=DIRECTION('',(0.,-8.53702498020082E-17,1.));
#13962=DIRECTION('',(-1.,0.,0.));
#13963=DIRECTION('',(0.,8.53702498020082E-17,-1.));
#13964=DIRECTION('',(1.,0.,0.));
#13965=DIRECTION('',(0.,-8.53702498020082E-17,1.));
#13966=DIRECTION('',(-1.,0.,0.));
#13967=DIRECTION('',(0.,8.53702498020082E-17,-1.));
#13968=DIRECTION('',(1.,0.,0.));
#13969=DIRECTION('',(0.,-8.53702498020082E-17,1.));
#13970=DIRECTION('',(-1.,0.,0.));
#13971=DIRECTION('',(0.,8.53702498020082E-17,-1.));
#13972=DIRECTION('',(1.,0.,0.));
#13973=DIRECTION('',(0.,-8.53702498020082E-17,1.));
#13974=DIRECTION('',(-1.,0.,0.));
#13975=DIRECTION('',(0.,8.53702498020082E-17,-1.));
#13976=DIRECTION('',(1.,0.,0.));
#13977=DIRECTION('',(0.,-8.53702498020082E-17,1.));
#13978=DIRECTION('',(-1.,0.,0.));
#13979=DIRECTION('',(0.,8.53702498020082E-17,-1.));
#13980=DIRECTION('',(1.,0.,0.));
#13981=DIRECTION('',(0.,-8.53702498020082E-17,1.));
#13982=DIRECTION('',(-1.,0.,0.));
#13983=DIRECTION('',(0.,8.53702498020082E-17,-1.));
#13984=DIRECTION('',(1.,0.,0.));
#13985=DIRECTION('',(0.,-8.53702498020082E-17,1.));
#13986=DIRECTION('',(-1.,0.,0.));
#13987=DIRECTION('',(0.,8.53702498020082E-17,-1.));
#13988=DIRECTION('',(1.,0.,0.));
#13989=DIRECTION('',(0.,-8.53702498020082E-17,1.));
#13990=DIRECTION('',(-1.,0.,0.));
#13991=DIRECTION('',(0.,8.53702498020082E-17,-1.));
#13992=DIRECTION('',(1.,0.,0.));
#13993=DIRECTION('',(0.,-8.53702498020082E-17,1.));
#13994=DIRECTION('',(-1.,0.,0.));
#13995=DIRECTION('',(0.,8.53702498020082E-17,-1.));
#13996=DIRECTION('',(1.,0.,0.));
#13997=DIRECTION('',(0.,-8.53702498020082E-17,1.));
#13998=DIRECTION('',(-1.,0.,0.));
#13999=DIRECTION('',(0.,8.53702498020082E-17,-1.));
#14000=DIRECTION('',(1.,0.,0.));
#14001=DIRECTION('',(0.,-8.53702498020082E-17,1.));
#14002=DIRECTION('',(-1.,0.,0.));
#14003=DIRECTION('',(0.,8.53702498020082E-17,-1.));
#14004=DIRECTION('',(1.,0.,0.));
#14005=DIRECTION('',(0.,-8.53702498020082E-17,1.));
#14006=DIRECTION('',(-1.,0.,0.));
#14007=DIRECTION('',(0.,8.53702498020082E-17,-1.));
#14008=DIRECTION('',(1.,0.,0.));
#14009=DIRECTION('',(0.,-8.53702498020082E-17,1.));
#14010=DIRECTION('',(-1.,0.,0.));
#14011=DIRECTION('',(0.,8.53702498020082E-17,-1.));
#14012=DIRECTION('',(1.,0.,0.));
#14013=DIRECTION('',(0.,-8.53702498020082E-17,1.));
#14014=DIRECTION('',(-1.,0.,0.));
#14015=DIRECTION('',(0.,8.53702498020082E-17,-1.));
#14016=DIRECTION('',(1.,0.,0.));
#14017=DIRECTION('',(0.,-8.53702498020082E-17,1.));
#14018=DIRECTION('',(-1.,0.,0.));
#14019=DIRECTION('',(0.,8.53702498020082E-17,-1.));
#14020=DIRECTION('',(1.,0.,0.));
#14021=DIRECTION('',(0.,-8.53702498020082E-17,1.));
#14022=DIRECTION('',(-1.,0.,0.));
#14023=DIRECTION('',(0.,8.53702498020082E-17,-1.));
#14024=DIRECTION('',(1.,0.,0.));
#14025=DIRECTION('',(0.,-8.53702498020082E-17,1.));
#14026=DIRECTION('',(-1.,0.,0.));
#14027=DIRECTION('',(0.,8.53702498020082E-17,-1.));
#14028=DIRECTION('',(1.,0.,0.));
#14029=DIRECTION('',(0.,-8.53702498020082E-17,1.));
#14030=DIRECTION('',(-1.,0.,0.));
#14031=DIRECTION('',(0.,8.53702498020082E-17,-1.));
#14032=DIRECTION('',(1.,0.,0.));
#14033=DIRECTION('',(0.,-8.53702498020082E-17,1.));
#14034=DIRECTION('',(-1.,0.,0.));
#14035=DIRECTION('',(0.,8.53702498020082E-17,-1.));
#14036=DIRECTION('',(0.,-1.,-1.72486709259058E-16));
#14037=DIRECTION('',(0.,1.72486709259058E-16,-1.));
#14038=DIRECTION('',(1.,0.,0.));
#14039=DIRECTION('',(0.,1.72486709259058E-16,-1.));
#14040=DIRECTION('',(-1.,0.,0.));
#14041=DIRECTION('',(0.,-1.72486709259058E-16,1.));
#14042=DIRECTION('',(1.,0.,0.));
#14043=DIRECTION('',(0.,1.72486709259058E-16,-1.));
#14044=DIRECTION('',(-1.,0.,0.));
#14045=DIRECTION('',(0.,-1.72486709259058E-16,1.));
#14046=DIRECTION('',(1.,0.,0.));
#14047=DIRECTION('',(0.,1.72486709259058E-16,-1.));
#14048=DIRECTION('',(-1.,0.,0.));
#14049=DIRECTION('',(0.,-1.72486709259058E-16,1.));
#14050=DIRECTION('',(1.,0.,0.));
#14051=DIRECTION('',(0.,1.72486709259058E-16,-1.));
#14052=DIRECTION('',(-1.,0.,0.));
#14053=DIRECTION('',(0.,-1.72486709259058E-16,1.));
#14054=DIRECTION('',(1.,0.,0.));
#14055=DIRECTION('',(0.,1.72486709259058E-16,-1.));
#14056=DIRECTION('',(-1.,0.,0.));
#14057=DIRECTION('',(0.,-1.72486709259058E-16,1.));
#14058=DIRECTION('',(1.,0.,0.));
#14059=DIRECTION('',(0.,1.72486709259058E-16,-1.));
#14060=DIRECTION('',(-1.,0.,0.));
#14061=DIRECTION('',(0.,-1.72486709259058E-16,1.));
#14062=DIRECTION('',(1.,0.,0.));
#14063=DIRECTION('',(0.,1.72486709259058E-16,-1.));
#14064=DIRECTION('',(-1.,0.,0.));
#14065=DIRECTION('',(0.,-1.72486709259058E-16,1.));
#14066=DIRECTION('',(1.,0.,0.));
#14067=DIRECTION('',(0.,1.72486709259058E-16,-1.));
#14068=DIRECTION('',(-1.,0.,0.));
#14069=DIRECTION('',(0.,-1.72486709259058E-16,1.));
#14070=DIRECTION('',(1.,0.,0.));
#14071=DIRECTION('',(0.,1.72486709259058E-16,-1.));
#14072=DIRECTION('',(-1.,0.,0.));
#14073=DIRECTION('',(0.,-1.72486709259058E-16,1.));
#14074=DIRECTION('',(1.,0.,0.));
#14075=DIRECTION('',(0.,1.72486709259058E-16,-1.));
#14076=DIRECTION('',(-1.,0.,0.));
#14077=DIRECTION('',(0.,-1.72486709259058E-16,1.));
#14078=DIRECTION('',(1.,0.,0.));
#14079=DIRECTION('',(0.,1.72486709259058E-16,-1.));
#14080=DIRECTION('',(-1.,0.,0.));
#14081=DIRECTION('',(0.,-1.72486709259058E-16,1.));
#14082=DIRECTION('',(1.,0.,0.));
#14083=DIRECTION('',(0.,1.72486709259058E-16,-1.));
#14084=DIRECTION('',(-1.,0.,0.));
#14085=DIRECTION('',(0.,-1.72486709259058E-16,1.));
#14086=DIRECTION('',(1.,0.,0.));
#14087=DIRECTION('',(0.,1.72486709259058E-16,-1.));
#14088=DIRECTION('',(-1.,0.,0.));
#14089=DIRECTION('',(0.,-1.72486709259058E-16,1.));
#14090=DIRECTION('',(1.,0.,0.));
#14091=DIRECTION('',(0.,1.72486709259058E-16,-1.));
#14092=DIRECTION('',(-1.,0.,0.));
#14093=DIRECTION('',(0.,-1.72486709259058E-16,1.));
#14094=DIRECTION('',(1.,0.,0.));
#14095=DIRECTION('',(0.,1.72486709259058E-16,-1.));
#14096=DIRECTION('',(-1.,0.,0.));
#14097=DIRECTION('',(0.,-1.72486709259058E-16,1.));
#14098=DIRECTION('',(1.,0.,0.));
#14099=DIRECTION('',(0.,1.72486709259058E-16,-1.));
#14100=DIRECTION('',(-1.,0.,0.));
#14101=DIRECTION('',(0.,-1.72486709259058E-16,1.));
#14102=DIRECTION('',(1.,0.,0.));
#14103=DIRECTION('',(0.,1.72486709259058E-16,-1.));
#14104=DIRECTION('',(-1.,0.,0.));
#14105=DIRECTION('',(0.,-1.72486709259058E-16,1.));
#14106=DIRECTION('',(1.,0.,0.));
#14107=DIRECTION('',(0.,1.72486709259058E-16,-1.));
#14108=DIRECTION('',(-1.,0.,0.));
#14109=DIRECTION('',(0.,-1.72486709259058E-16,1.));
#14110=DIRECTION('',(1.,0.,0.));
#14111=DIRECTION('',(0.,1.72486709259058E-16,-1.));
#14112=DIRECTION('',(-1.,0.,0.));
#14113=DIRECTION('',(0.,-1.72486709259058E-16,1.));
#14114=DIRECTION('',(1.,0.,0.));
#14115=DIRECTION('',(0.,1.72486709259058E-16,-1.));
#14116=DIRECTION('',(-1.,0.,0.));
#14117=DIRECTION('',(0.,-1.72486709259058E-16,1.));
#14118=DIRECTION('',(1.,0.,0.));
#14119=DIRECTION('',(0.,1.72486709259058E-16,-1.));
#14120=DIRECTION('',(-1.,0.,0.));
#14121=DIRECTION('',(0.,-1.72486709259058E-16,1.));
#14122=DIRECTION('',(1.,0.,0.));
#14123=DIRECTION('',(0.,1.72486709259058E-16,-1.));
#14124=DIRECTION('',(-1.,0.,0.));
#14125=DIRECTION('',(0.,-1.72486709259058E-16,1.));
#14126=DIRECTION('',(1.,0.,0.));
#14127=DIRECTION('',(0.,1.72486709259058E-16,-1.));
#14128=DIRECTION('',(-1.,0.,0.));
#14129=DIRECTION('',(0.,-1.72486709259058E-16,1.));
#14130=DIRECTION('',(1.,0.,0.));
#14131=DIRECTION('',(0.,1.72486709259058E-16,-1.));
#14132=DIRECTION('',(-1.,0.,0.));
#14133=DIRECTION('',(0.,-1.72486709259058E-16,1.));
#14134=DIRECTION('',(1.,0.,0.));
#14135=DIRECTION('',(0.,1.72486709259058E-16,-1.));
#14136=DIRECTION('',(-1.,0.,0.));
#14137=DIRECTION('',(0.,-1.72486709259058E-16,1.));
#14138=DIRECTION('',(1.,0.,0.));
#14139=DIRECTION('',(0.,1.72486709259058E-16,-1.));
#14140=DIRECTION('',(-1.,0.,0.));
#14141=DIRECTION('',(0.,-1.72486709259058E-16,1.));
#14142=DIRECTION('',(1.,0.,0.));
#14143=DIRECTION('',(0.,1.72486709259058E-16,-1.));
#14144=DIRECTION('',(-1.,0.,0.));
#14145=DIRECTION('',(0.,-1.72486709259058E-16,1.));
#14146=DIRECTION('',(1.,0.,0.));
#14147=DIRECTION('',(0.,1.72486709259058E-16,-1.));
#14148=DIRECTION('',(-1.,0.,0.));
#14149=DIRECTION('',(0.,-1.72486709259058E-16,1.));
#14150=DIRECTION('',(1.,0.,0.));
#14151=DIRECTION('',(0.,1.72486709259058E-16,-1.));
#14152=DIRECTION('',(-1.,0.,0.));
#14153=DIRECTION('',(0.,-1.72486709259058E-16,1.));
#14154=DIRECTION('',(1.,0.,0.));
#14155=DIRECTION('',(0.,1.72486709259058E-16,-1.));
#14156=DIRECTION('',(-1.,0.,0.));
#14157=DIRECTION('',(0.,-1.72486709259058E-16,1.));
#14158=DIRECTION('',(1.,0.,0.));
#14159=DIRECTION('',(0.,1.72486709259058E-16,-1.));
#14160=DIRECTION('',(-1.,0.,0.));
#14161=DIRECTION('',(0.,-1.72486709259058E-16,1.));
#14162=DIRECTION('',(1.,0.,0.));
#14163=DIRECTION('',(0.,1.72486709259058E-16,-1.));
#14164=DIRECTION('',(-1.,0.,0.));
#14165=DIRECTION('',(0.,-1.72486709259058E-16,1.));
#14166=DIRECTION('',(1.,0.,0.));
#14167=DIRECTION('',(0.447213595499955,-1.54276802847398E-16,0.894427190999918));
#14168=DIRECTION('',(0.,-1.72486709259058E-16,1.));
#14169=DIRECTION('',(-0.447213595499955,-1.54276802847398E-16,0.894427190999918));
#14170=DIRECTION('',(1.,0.,0.));
#14171=DIRECTION('',(-0.447213595499955,1.54276802847398E-16,-0.894427190999917));
#14172=DIRECTION('',(-0.447213595499955,-1.54276802847398E-16,0.894427190999917));
#14173=DIRECTION('',(1.,0.,0.));
#14174=DIRECTION('',(-0.447213595499955,1.54276802847398E-16,-0.894427190999917));
#14175=DIRECTION('',(-0.447213595499955,-1.54276802847398E-16,0.894427190999917));
#14176=DIRECTION('',(1.,0.,0.));
#14177=DIRECTION('',(-0.447213595499955,1.54276802847398E-16,-0.894427190999917));
#14178=DIRECTION('',(-0.447213595499955,-1.54276802847398E-16,0.894427190999917));
#14179=DIRECTION('',(1.,0.,0.));
#14180=DIRECTION('',(-0.447213595499955,1.54276802847398E-16,-0.894427190999917));
#14181=DIRECTION('',(-0.447213595499955,-1.54276802847398E-16,0.894427190999917));
#14182=DIRECTION('',(1.,0.,0.));
#14183=DIRECTION('',(-0.447213595499955,1.54276802847398E-16,-0.894427190999917));
#14184=DIRECTION('',(-0.447213595499955,-1.54276802847398E-16,0.894427190999917));
#14185=DIRECTION('',(1.,0.,0.));
#14186=DIRECTION('',(-0.447213595499955,1.54276802847398E-16,-0.894427190999917));
#14187=DIRECTION('',(-0.447213595499955,-1.54276802847398E-16,0.894427190999917));
#14188=DIRECTION('',(1.,0.,0.));
#14189=DIRECTION('',(-0.447213595499955,1.54276802847398E-16,-0.894427190999917));
#14190=DIRECTION('',(-0.447213595499955,-1.54276802847398E-16,0.894427190999917));
#14191=DIRECTION('',(1.,0.,0.));
#14192=DIRECTION('',(-0.447213595499955,1.54276802847398E-16,-0.894427190999917));
#14193=DIRECTION('',(-0.447213595499955,-1.54276802847398E-16,0.894427190999917));
#14194=DIRECTION('',(1.,0.,0.));
#14195=DIRECTION('',(-0.447213595499955,1.54276802847398E-16,-0.894427190999917));
#14196=DIRECTION('',(-0.447213595499955,-1.54276802847398E-16,0.894427190999917));
#14197=DIRECTION('',(1.,0.,0.));
#14198=DIRECTION('',(-0.447213595499955,1.54276802847398E-16,-0.894427190999917));
#14199=DIRECTION('',(-0.447213595499955,-1.54276802847398E-16,0.894427190999917));
#14200=DIRECTION('',(1.,0.,0.));
#14201=DIRECTION('',(-0.447213595499955,1.54276802847398E-16,-0.894427190999917));
#14202=DIRECTION('',(-0.447213595499955,-1.54276802847398E-16,0.894427190999917));
#14203=DIRECTION('',(1.,0.,0.));
#14204=DIRECTION('',(-0.447213595499955,1.54276802847398E-16,-0.894427190999917));
#14205=DIRECTION('',(-0.447213595499955,-1.54276802847398E-16,0.894427190999917));
#14206=DIRECTION('',(1.,0.,0.));
#14207=DIRECTION('',(-0.447213595499955,1.54276802847398E-16,-0.894427190999917));
#14208=DIRECTION('',(-0.447213595499955,-1.54276802847398E-16,0.894427190999917));
#14209=DIRECTION('',(1.,0.,0.));
#14210=DIRECTION('',(-0.447213595499955,1.54276802847398E-16,-0.894427190999917));
#14211=DIRECTION('',(-0.447213595499955,-1.54276802847398E-16,0.894427190999917));
#14212=DIRECTION('',(1.,0.,0.));
#14213=DIRECTION('',(-0.447213595499955,1.54276802847398E-16,-0.894427190999917));
#14214=DIRECTION('',(-0.447213595499955,-1.54276802847398E-16,0.894427190999917));
#14215=DIRECTION('',(1.,0.,0.));
#14216=DIRECTION('',(-0.447213595499955,1.54276802847398E-16,-0.894427190999917));
#14217=DIRECTION('',(-0.447213595499955,-1.54276802847398E-16,0.894427190999917));
#14218=DIRECTION('',(1.,0.,0.));
#14219=DIRECTION('',(-0.447213595499955,1.54276802847398E-16,-0.894427190999917));
#14220=DIRECTION('',(-0.447213595499955,-1.54276802847398E-16,0.894427190999917));
#14221=DIRECTION('',(1.,0.,0.));
#14222=DIRECTION('',(-0.447213595499955,1.54276802847398E-16,-0.894427190999917));
#14223=DIRECTION('',(-0.447213595499955,-1.54276802847398E-16,0.894427190999917));
#14224=DIRECTION('',(1.,0.,0.));
#14225=DIRECTION('',(-0.447213595499955,1.54276802847398E-16,-0.894427190999917));
#14226=DIRECTION('',(-0.447213595499955,-1.54276802847398E-16,0.894427190999917));
#14227=DIRECTION('',(1.,0.,0.));
#14228=DIRECTION('',(-0.447213595499955,1.54276802847398E-16,-0.894427190999917));
#14229=DIRECTION('',(-0.447213595499955,-1.54276802847398E-16,0.894427190999917));
#14230=DIRECTION('',(1.,0.,0.));
#14231=DIRECTION('',(-0.447213595499955,1.54276802847398E-16,-0.894427190999917));
#14232=DIRECTION('',(-0.447213595499955,-1.54276802847398E-16,0.894427190999917));
#14233=DIRECTION('',(1.,0.,0.));
#14234=DIRECTION('',(-0.447213595499955,1.54276802847398E-16,-0.894427190999917));
#14235=DIRECTION('',(-0.447213595499955,-1.54276802847398E-16,0.894427190999917));
#14236=DIRECTION('',(1.,0.,0.));
#14237=DIRECTION('',(-0.447213595499955,1.54276802847398E-16,-0.894427190999917));
#14238=DIRECTION('',(-0.447213595499955,-1.54276802847398E-16,0.894427190999917));
#14239=DIRECTION('',(1.,0.,0.));
#14240=DIRECTION('',(-0.447213595499955,1.54276802847398E-16,-0.894427190999917));
#14241=DIRECTION('',(-0.447213595499955,-1.54276802847398E-16,0.894427190999917));
#14242=DIRECTION('',(1.,0.,0.));
#14243=DIRECTION('',(-0.447213595499955,1.54276802847398E-16,-0.894427190999917));
#14244=DIRECTION('',(-0.447213595499955,-1.54276802847398E-16,0.894427190999917));
#14245=DIRECTION('',(1.,0.,0.));
#14246=DIRECTION('',(-0.447213595499955,1.54276802847398E-16,-0.894427190999917));
#14247=DIRECTION('',(-0.447213595499955,-1.54276802847398E-16,0.894427190999917));
#14248=DIRECTION('',(1.,0.,0.));
#14249=DIRECTION('',(-0.447213595499955,1.54276802847398E-16,-0.894427190999917));
#14250=DIRECTION('',(-0.447213595499955,-1.54276802847398E-16,0.894427190999917));
#14251=DIRECTION('',(1.,0.,0.));
#14252=DIRECTION('',(-0.447213595499955,1.54276802847398E-16,-0.894427190999917));
#14253=DIRECTION('',(-0.447213595499955,-1.54276802847398E-16,0.894427190999917));
#14254=DIRECTION('',(1.,0.,0.));
#14255=DIRECTION('',(-0.447213595499955,1.54276802847398E-16,-0.894427190999917));
#14256=DIRECTION('',(-0.447213595499955,-1.54276802847398E-16,0.894427190999917));
#14257=DIRECTION('',(1.,0.,0.));
#14258=DIRECTION('',(-0.447213595499955,1.54276802847398E-16,-0.894427190999917));
#14259=DIRECTION('',(-0.447213595499955,-1.54276802847398E-16,0.894427190999917));
#14260=DIRECTION('',(1.,0.,0.));
#14261=DIRECTION('',(-0.447213595499955,1.54276802847398E-16,-0.894427190999917));
#14262=DIRECTION('',(-0.447213595499955,-1.54276802847398E-16,0.894427190999917));
#14263=DIRECTION('',(1.,0.,0.));
#14264=DIRECTION('',(-0.447213595499955,1.54276802847398E-16,-0.894427190999918));
#14265=DIRECTION('',(0.,1.72486709259058E-16,-1.));
#14266=DIRECTION('',(0.447213595499955,1.54276802847398E-16,-0.894427190999918));
#14267=DIRECTION('',(1.,0.,0.));
#14268=DIRECTION('',(0.447213595499955,-1.54276802847398E-16,0.894427190999917));
#14269=DIRECTION('',(0.447213595499955,1.54276802847398E-16,-0.894427190999917));
#14270=DIRECTION('',(1.,0.,0.));
#14271=DIRECTION('',(0.447213595499955,-1.54276802847398E-16,0.894427190999917));
#14272=DIRECTION('',(0.447213595499955,1.54276802847398E-16,-0.894427190999917));
#14273=DIRECTION('',(1.,0.,0.));
#14274=DIRECTION('',(0.447213595499955,-1.54276802847398E-16,0.894427190999917));
#14275=DIRECTION('',(0.447213595499955,1.54276802847398E-16,-0.894427190999917));
#14276=DIRECTION('',(1.,0.,0.));
#14277=DIRECTION('',(0.447213595499955,-1.54276802847398E-16,0.894427190999917));
#14278=DIRECTION('',(0.447213595499955,1.54276802847398E-16,-0.894427190999917));
#14279=DIRECTION('',(1.,0.,0.));
#14280=DIRECTION('',(0.447213595499955,-1.54276802847398E-16,0.894427190999917));
#14281=DIRECTION('',(0.447213595499955,1.54276802847398E-16,-0.894427190999917));
#14282=DIRECTION('',(1.,0.,0.));
#14283=DIRECTION('',(0.447213595499955,-1.54276802847398E-16,0.894427190999917));
#14284=DIRECTION('',(0.447213595499955,1.54276802847398E-16,-0.894427190999917));
#14285=DIRECTION('',(1.,0.,0.));
#14286=DIRECTION('',(0.447213595499955,-1.54276802847398E-16,0.894427190999917));
#14287=DIRECTION('',(0.447213595499955,1.54276802847398E-16,-0.894427190999917));
#14288=DIRECTION('',(1.,0.,0.));
#14289=DIRECTION('',(0.447213595499955,-1.54276802847398E-16,0.894427190999917));
#14290=DIRECTION('',(0.447213595499955,1.54276802847398E-16,-0.894427190999917));
#14291=DIRECTION('',(1.,0.,0.));
#14292=DIRECTION('',(0.447213595499955,-1.54276802847398E-16,0.894427190999917));
#14293=DIRECTION('',(0.447213595499955,1.54276802847398E-16,-0.894427190999917));
#14294=DIRECTION('',(1.,0.,0.));
#14295=DIRECTION('',(0.447213595499955,-1.54276802847398E-16,0.894427190999917));
#14296=DIRECTION('',(0.447213595499955,1.54276802847398E-16,-0.894427190999917));
#14297=DIRECTION('',(1.,0.,0.));
#14298=DIRECTION('',(0.447213595499955,-1.54276802847398E-16,0.894427190999917));
#14299=DIRECTION('',(0.447213595499955,1.54276802847398E-16,-0.894427190999917));
#14300=DIRECTION('',(1.,0.,0.));
#14301=DIRECTION('',(0.447213595499955,-1.54276802847398E-16,0.894427190999917));
#14302=DIRECTION('',(0.447213595499955,1.54276802847398E-16,-0.894427190999917));
#14303=DIRECTION('',(1.,0.,0.));
#14304=DIRECTION('',(0.447213595499955,-1.54276802847398E-16,0.894427190999917));
#14305=DIRECTION('',(0.447213595499955,1.54276802847398E-16,-0.894427190999917));
#14306=DIRECTION('',(1.,0.,0.));
#14307=DIRECTION('',(0.447213595499955,-1.54276802847398E-16,0.894427190999917));
#14308=DIRECTION('',(0.447213595499955,1.54276802847398E-16,-0.894427190999917));
#14309=DIRECTION('',(1.,0.,0.));
#14310=DIRECTION('',(0.447213595499955,-1.54276802847398E-16,0.894427190999917));
#14311=DIRECTION('',(0.447213595499955,1.54276802847398E-16,-0.894427190999917));
#14312=DIRECTION('',(1.,0.,0.));
#14313=DIRECTION('',(0.447213595499955,-1.54276802847398E-16,0.894427190999917));
#14314=DIRECTION('',(0.447213595499955,1.54276802847398E-16,-0.894427190999917));
#14315=DIRECTION('',(1.,0.,0.));
#14316=DIRECTION('',(0.447213595499955,-1.54276802847398E-16,0.894427190999917));
#14317=DIRECTION('',(0.447213595499955,1.54276802847398E-16,-0.894427190999917));
#14318=DIRECTION('',(1.,0.,0.));
#14319=DIRECTION('',(0.447213595499955,-1.54276802847398E-16,0.894427190999917));
#14320=DIRECTION('',(0.447213595499955,1.54276802847398E-16,-0.894427190999917));
#14321=DIRECTION('',(1.,0.,0.));
#14322=DIRECTION('',(0.447213595499955,-1.54276802847398E-16,0.894427190999917));
#14323=DIRECTION('',(0.447213595499955,1.54276802847398E-16,-0.894427190999917));
#14324=DIRECTION('',(1.,0.,0.));
#14325=DIRECTION('',(0.447213595499955,-1.54276802847398E-16,0.894427190999917));
#14326=DIRECTION('',(0.447213595499955,1.54276802847398E-16,-0.894427190999917));
#14327=DIRECTION('',(1.,0.,0.));
#14328=DIRECTION('',(0.447213595499955,-1.54276802847398E-16,0.894427190999917));
#14329=DIRECTION('',(0.447213595499955,1.54276802847398E-16,-0.894427190999917));
#14330=DIRECTION('',(1.,0.,0.));
#14331=DIRECTION('',(0.447213595499955,-1.54276802847398E-16,0.894427190999917));
#14332=DIRECTION('',(0.447213595499955,1.54276802847398E-16,-0.894427190999917));
#14333=DIRECTION('',(1.,0.,0.));
#14334=DIRECTION('',(0.447213595499955,-1.54276802847398E-16,0.894427190999917));
#14335=DIRECTION('',(0.447213595499955,1.54276802847398E-16,-0.894427190999917));
#14336=DIRECTION('',(1.,0.,0.));
#14337=DIRECTION('',(0.447213595499955,-1.54276802847398E-16,0.894427190999917));
#14338=DIRECTION('',(0.447213595499955,1.54276802847398E-16,-0.894427190999917));
#14339=DIRECTION('',(1.,0.,0.));
#14340=DIRECTION('',(0.447213595499955,-1.54276802847398E-16,0.894427190999917));
#14341=DIRECTION('',(0.447213595499955,1.54276802847398E-16,-0.894427190999917));
#14342=DIRECTION('',(1.,0.,0.));
#14343=DIRECTION('',(0.447213595499955,-1.54276802847398E-16,0.894427190999917));
#14344=DIRECTION('',(0.447213595499955,1.54276802847398E-16,-0.894427190999917));
#14345=DIRECTION('',(1.,0.,0.));
#14346=DIRECTION('',(0.447213595499955,-1.54276802847398E-16,0.894427190999917));
#14347=DIRECTION('',(0.447213595499955,1.54276802847398E-16,-0.894427190999917));
#14348=DIRECTION('',(1.,0.,0.));
#14349=DIRECTION('',(0.447213595499955,-1.54276802847398E-16,0.894427190999917));
#14350=DIRECTION('',(0.447213595499955,1.54276802847398E-16,-0.894427190999917));
#14351=DIRECTION('',(1.,0.,0.));
#14352=DIRECTION('',(0.447213595499955,-1.54276802847398E-16,0.894427190999917));
#14353=DIRECTION('',(0.447213595499955,1.54276802847398E-16,-0.894427190999917));
#14354=DIRECTION('',(1.,0.,0.));
#14355=DIRECTION('',(0.447213595499955,-1.54276802847398E-16,0.894427190999917));
#14356=DIRECTION('',(0.447213595499955,1.54276802847398E-16,-0.894427190999917));
#14357=DIRECTION('',(1.,0.,0.));
#14358=DIRECTION('',(0.447213595499955,-1.54276802847398E-16,0.894427190999917));
#14359=DIRECTION('',(0.447213595499955,1.54276802847398E-16,-0.894427190999917));
#14360=DIRECTION('',(1.,0.,0.));
#14361=DIRECTION('',(0.,1.72486709259058E-16,-1.));
#14362=DIRECTION('',(-1.,0.,0.));
#14363=DIRECTION('',(0.,-1.72486709259058E-16,1.));
#14364=DIRECTION('',(1.,0.,0.));
#14365=DIRECTION('',(0.,1.72486709259058E-16,-1.));
#14366=DIRECTION('',(-1.,0.,0.));
#14367=DIRECTION('',(0.,-1.72486709259058E-16,1.));
#14368=DIRECTION('',(1.,0.,0.));
#14369=DIRECTION('',(0.,1.72486709259058E-16,-1.));
#14370=DIRECTION('',(-1.,0.,0.));
#14371=DIRECTION('',(0.,-1.72486709259058E-16,1.));
#14372=DIRECTION('',(1.,0.,0.));
#14373=DIRECTION('',(0.,1.72486709259058E-16,-1.));
#14374=DIRECTION('',(-1.,0.,0.));
#14375=DIRECTION('',(0.,-1.72486709259058E-16,1.));
#14376=DIRECTION('',(1.,0.,0.));
#14377=DIRECTION('',(0.,1.72486709259058E-16,-1.));
#14378=DIRECTION('',(-1.,0.,0.));
#14379=DIRECTION('',(0.,-1.72486709259058E-16,1.));
#14380=DIRECTION('',(1.,0.,0.));
#14381=DIRECTION('',(0.,1.72486709259058E-16,-1.));
#14382=DIRECTION('',(-1.,0.,0.));
#14383=DIRECTION('',(0.,-1.72486709259058E-16,1.));
#14384=DIRECTION('',(1.,0.,0.));
#14385=DIRECTION('',(0.,1.72486709259058E-16,-1.));
#14386=DIRECTION('',(-1.,0.,0.));
#14387=DIRECTION('',(0.,-1.72486709259058E-16,1.));
#14388=DIRECTION('',(1.,0.,0.));
#14389=DIRECTION('',(0.,1.72486709259058E-16,-1.));
#14390=DIRECTION('',(-1.,0.,0.));
#14391=DIRECTION('',(0.,-1.72486709259058E-16,1.));
#14392=DIRECTION('',(1.,0.,0.));
#14393=DIRECTION('',(0.,1.72486709259058E-16,-1.));
#14394=DIRECTION('',(-1.,0.,0.));
#14395=DIRECTION('',(0.,-1.72486709259058E-16,1.));
#14396=DIRECTION('',(1.,0.,0.));
#14397=DIRECTION('',(0.,1.72486709259058E-16,-1.));
#14398=DIRECTION('',(-1.,0.,0.));
#14399=DIRECTION('',(0.,-1.72486709259058E-16,1.));
#14400=DIRECTION('',(1.,0.,0.));
#14401=DIRECTION('',(0.,1.72486709259058E-16,-1.));
#14402=DIRECTION('',(-1.,0.,0.));
#14403=DIRECTION('',(0.,-1.72486709259058E-16,1.));
#14404=DIRECTION('',(1.,0.,0.));
#14405=DIRECTION('',(0.,1.72486709259058E-16,-1.));
#14406=DIRECTION('',(-1.,0.,0.));
#14407=DIRECTION('',(0.,-1.72486709259058E-16,1.));
#14408=DIRECTION('',(1.,0.,0.));
#14409=DIRECTION('',(0.,1.72486709259058E-16,-1.));
#14410=DIRECTION('',(-1.,0.,0.));
#14411=DIRECTION('',(0.,-1.72486709259058E-16,1.));
#14412=DIRECTION('',(1.,0.,0.));
#14413=DIRECTION('',(0.,1.72486709259058E-16,-1.));
#14414=DIRECTION('',(-1.,0.,0.));
#14415=DIRECTION('',(0.,-1.72486709259058E-16,1.));
#14416=DIRECTION('',(1.,0.,0.));
#14417=DIRECTION('',(0.,1.72486709259058E-16,-1.));
#14418=DIRECTION('',(-1.,0.,0.));
#14419=DIRECTION('',(0.,-1.72486709259058E-16,1.));
#14420=DIRECTION('',(1.,0.,0.));
#14421=DIRECTION('',(0.,1.72486709259058E-16,-1.));
#14422=DIRECTION('',(-1.,0.,0.));
#14423=DIRECTION('',(0.,-1.72486709259058E-16,1.));
#14424=DIRECTION('',(1.,0.,0.));
#14425=DIRECTION('',(0.,1.72486709259058E-16,-1.));
#14426=DIRECTION('',(-1.,0.,0.));
#14427=DIRECTION('',(0.,-1.72486709259058E-16,1.));
#14428=DIRECTION('',(1.,0.,0.));
#14429=DIRECTION('',(0.,1.72486709259058E-16,-1.));
#14430=DIRECTION('',(-1.,0.,0.));
#14431=DIRECTION('',(0.,-1.72486709259058E-16,1.));
#14432=DIRECTION('',(1.,0.,0.));
#14433=DIRECTION('',(0.,1.72486709259058E-16,-1.));
#14434=DIRECTION('',(-1.,0.,0.));
#14435=DIRECTION('',(0.,-1.72486709259058E-16,1.));
#14436=DIRECTION('',(1.,0.,0.));
#14437=DIRECTION('',(0.,1.72486709259058E-16,-1.));
#14438=DIRECTION('',(-1.,0.,0.));
#14439=DIRECTION('',(0.,-1.72486709259058E-16,1.));
#14440=DIRECTION('',(1.,0.,0.));
#14441=DIRECTION('',(0.,1.72486709259058E-16,-1.));
#14442=DIRECTION('',(-1.,0.,0.));
#14443=DIRECTION('',(0.,-1.72486709259058E-16,1.));
#14444=DIRECTION('',(1.,0.,0.));
#14445=DIRECTION('',(0.,1.72486709259058E-16,-1.));
#14446=DIRECTION('',(-1.,0.,0.));
#14447=DIRECTION('',(0.,-1.72486709259058E-16,1.));
#14448=DIRECTION('',(1.,0.,0.));
#14449=DIRECTION('',(0.,1.72486709259058E-16,-1.));
#14450=DIRECTION('',(-1.,0.,0.));
#14451=DIRECTION('',(0.,-1.72486709259058E-16,1.));
#14452=DIRECTION('',(1.,0.,0.));
#14453=DIRECTION('',(0.,1.72486709259058E-16,-1.));
#14454=DIRECTION('',(-1.,0.,0.));
#14455=DIRECTION('',(0.,-1.72486709259058E-16,1.));
#14456=DIRECTION('',(1.,0.,0.));
#14457=DIRECTION('',(0.,1.72486709259058E-16,-1.));
#14458=DIRECTION('',(-1.,0.,0.));
#14459=DIRECTION('',(0.,-1.72486709259058E-16,1.));
#14460=DIRECTION('',(1.,0.,0.));
#14461=DIRECTION('',(0.,1.72486709259058E-16,-1.));
#14462=DIRECTION('',(-1.,0.,0.));
#14463=DIRECTION('',(0.,-1.72486709259058E-16,1.));
#14464=DIRECTION('',(1.,0.,0.));
#14465=DIRECTION('',(0.,1.72486709259058E-16,-1.));
#14466=DIRECTION('',(-1.,0.,0.));
#14467=DIRECTION('',(0.,-1.72486709259058E-16,1.));
#14468=DIRECTION('',(1.,0.,0.));
#14469=DIRECTION('',(0.,1.72486709259058E-16,-1.));
#14470=DIRECTION('',(-1.,0.,0.));
#14471=DIRECTION('',(0.,-1.72486709259058E-16,1.));
#14472=DIRECTION('',(1.,0.,0.));
#14473=DIRECTION('',(0.,1.72486709259058E-16,-1.));
#14474=DIRECTION('',(-1.,0.,0.));
#14475=DIRECTION('',(0.,-1.72486709259058E-16,1.));
#14476=DIRECTION('',(1.,0.,0.));
#14477=DIRECTION('',(0.,1.72486709259058E-16,-1.));
#14478=DIRECTION('',(-1.,0.,0.));
#14479=DIRECTION('',(0.,-1.72486709259058E-16,1.));
#14480=DIRECTION('',(1.,0.,0.));
#14481=DIRECTION('',(0.,1.72486709259058E-16,-1.));
#14482=DIRECTION('',(-1.,0.,0.));
#14483=DIRECTION('',(0.,-1.72486709259058E-16,1.));
#14484=DIRECTION('',(1.,0.,0.));
#14485=DIRECTION('',(0.,1.72486709259058E-16,-1.));
#14486=DIRECTION('',(-1.,0.,0.));
#14487=DIRECTION('',(0.,-1.72486709259058E-16,1.));
#14488=DIRECTION('',(0.,-1.,-8.53702498020082E-17));
#14489=DIRECTION('',(0.,8.53702498020082E-17,-1.));
#14490=DIRECTION('',(-0.447213595499955,7.63574727253714E-17,-0.894427190999918));
#14491=DIRECTION('',(1.,0.,0.));
#14492=DIRECTION('',(-0.447213595499955,-7.63574727253714E-17,0.894427190999917));
#14493=DIRECTION('',(-1.,0.,0.));
#14494=DIRECTION('',(0.,-1.,-8.53702498020082E-17));
#14495=DIRECTION('',(0.,8.53702498020082E-17,-1.));
#14496=DIRECTION('',(-0.447213595499955,7.63574727253714E-17,-0.894427190999917));
#14497=DIRECTION('',(1.,0.,0.));
#14498=DIRECTION('',(-0.447213595499955,-7.63574727253714E-17,0.894427190999917));
#14499=DIRECTION('',(-1.,0.,0.));
#14500=DIRECTION('',(0.,-1.,-8.53702498020082E-17));
#14501=DIRECTION('',(0.,8.53702498020082E-17,-1.));
#14502=DIRECTION('',(-0.447213595499955,7.63574727253714E-17,-0.894427190999917));
#14503=DIRECTION('',(1.,0.,0.));
#14504=DIRECTION('',(-0.447213595499955,-7.63574727253714E-17,0.894427190999917));
#14505=DIRECTION('',(-1.,0.,0.));
#14506=DIRECTION('',(0.,-1.,-8.53702498020082E-17));
#14507=DIRECTION('',(0.,8.53702498020082E-17,-1.));
#14508=DIRECTION('',(-0.447213595499955,7.63574727253714E-17,-0.894427190999917));
#14509=DIRECTION('',(1.,0.,0.));
#14510=DIRECTION('',(-0.447213595499955,-7.63574727253714E-17,0.894427190999917));
#14511=DIRECTION('',(-1.,0.,0.));
#14512=DIRECTION('',(0.,-1.,-8.53702498020082E-17));
#14513=DIRECTION('',(0.,8.53702498020082E-17,-1.));
#14514=DIRECTION('',(-0.447213595499955,7.63574727253714E-17,-0.894427190999917));
#14515=DIRECTION('',(1.,0.,0.));
#14516=DIRECTION('',(-0.447213595499955,-7.63574727253714E-17,0.894427190999917));
#14517=DIRECTION('',(-1.,0.,0.));
#14518=DIRECTION('',(0.,-1.,-8.53702498020082E-17));
#14519=DIRECTION('',(0.,8.53702498020082E-17,-1.));
#14520=DIRECTION('',(-0.447213595499955,7.63574727253714E-17,-0.894427190999917));
#14521=DIRECTION('',(1.,0.,0.));
#14522=DIRECTION('',(-0.447213595499955,-7.63574727253714E-17,0.894427190999917));
#14523=DIRECTION('',(-1.,0.,0.));
#14524=DIRECTION('',(0.,-1.,-8.53702498020082E-17));
#14525=DIRECTION('',(0.,8.53702498020082E-17,-1.));
#14526=DIRECTION('',(-0.447213595499955,7.63574727253714E-17,-0.894427190999917));
#14527=DIRECTION('',(1.,0.,0.));
#14528=DIRECTION('',(-0.447213595499955,-7.63574727253714E-17,0.894427190999917));
#14529=DIRECTION('',(-1.,0.,0.));
#14530=DIRECTION('',(0.,-1.,-8.53702498020082E-17));
#14531=DIRECTION('',(0.,8.53702498020082E-17,-1.));
#14532=DIRECTION('',(-0.447213595499955,7.63574727253714E-17,-0.894427190999917));
#14533=DIRECTION('',(1.,0.,0.));
#14534=DIRECTION('',(-0.447213595499955,-7.63574727253714E-17,0.894427190999917));
#14535=DIRECTION('',(-1.,0.,0.));
#14536=DIRECTION('',(0.,-1.,-8.53702498020082E-17));
#14537=DIRECTION('',(0.,8.53702498020082E-17,-1.));
#14538=DIRECTION('',(-0.447213595499955,7.63574727253714E-17,-0.894427190999917));
#14539=DIRECTION('',(1.,0.,0.));
#14540=DIRECTION('',(-0.447213595499955,-7.63574727253714E-17,0.894427190999917));
#14541=DIRECTION('',(-1.,0.,0.));
#14542=DIRECTION('',(0.,-1.,-8.53702498020082E-17));
#14543=DIRECTION('',(0.,8.53702498020082E-17,-1.));
#14544=DIRECTION('',(-0.447213595499955,7.63574727253714E-17,-0.894427190999917));
#14545=DIRECTION('',(1.,0.,0.));
#14546=DIRECTION('',(-0.447213595499955,-7.63574727253714E-17,0.894427190999917));
#14547=DIRECTION('',(-1.,0.,0.));
#14548=DIRECTION('',(0.,-1.,-8.53702498020082E-17));
#14549=DIRECTION('',(0.,8.53702498020082E-17,-1.));
#14550=DIRECTION('',(-0.447213595499955,7.63574727253714E-17,-0.894427190999917));
#14551=DIRECTION('',(1.,0.,0.));
#14552=DIRECTION('',(-0.447213595499955,-7.63574727253714E-17,0.894427190999917));
#14553=DIRECTION('',(-1.,0.,0.));
#14554=DIRECTION('',(0.,-1.,-8.53702498020082E-17));
#14555=DIRECTION('',(0.,8.53702498020082E-17,-1.));
#14556=DIRECTION('',(-0.447213595499955,7.63574727253714E-17,-0.894427190999917));
#14557=DIRECTION('',(1.,0.,0.));
#14558=DIRECTION('',(-0.447213595499955,-7.63574727253714E-17,0.894427190999917));
#14559=DIRECTION('',(-1.,0.,0.));
#14560=DIRECTION('',(0.,-1.,-8.53702498020082E-17));
#14561=DIRECTION('',(0.,8.53702498020082E-17,-1.));
#14562=DIRECTION('',(-0.447213595499955,7.63574727253714E-17,-0.894427190999917));
#14563=DIRECTION('',(1.,0.,0.));
#14564=DIRECTION('',(-0.447213595499955,-7.63574727253714E-17,0.894427190999917));
#14565=DIRECTION('',(-1.,0.,0.));
#14566=DIRECTION('',(0.,-1.,-8.53702498020082E-17));
#14567=DIRECTION('',(0.,8.53702498020082E-17,-1.));
#14568=DIRECTION('',(-0.447213595499955,7.63574727253714E-17,-0.894427190999917));
#14569=DIRECTION('',(1.,0.,0.));
#14570=DIRECTION('',(-0.447213595499955,-7.63574727253714E-17,0.894427190999917));
#14571=DIRECTION('',(-1.,0.,0.));
#14572=DIRECTION('',(0.,-1.,-8.53702498020082E-17));
#14573=DIRECTION('',(0.,8.53702498020082E-17,-1.));
#14574=DIRECTION('',(-0.447213595499955,7.63574727253714E-17,-0.894427190999917));
#14575=DIRECTION('',(1.,0.,0.));
#14576=DIRECTION('',(-0.447213595499955,-7.63574727253714E-17,0.894427190999917));
#14577=DIRECTION('',(-1.,0.,0.));
#14578=DIRECTION('',(0.,-1.,-8.53702498020082E-17));
#14579=DIRECTION('',(0.,8.53702498020082E-17,-1.));
#14580=DIRECTION('',(-0.447213595499955,7.63574727253714E-17,-0.894427190999917));
#14581=DIRECTION('',(1.,0.,0.));
#14582=DIRECTION('',(-0.447213595499955,-7.63574727253714E-17,0.894427190999917));
#14583=DIRECTION('',(-1.,0.,0.));
#14584=DIRECTION('',(0.,-1.,-8.53702498020082E-17));
#14585=DIRECTION('',(0.,8.53702498020082E-17,-1.));
#14586=DIRECTION('',(-0.447213595499955,7.63574727253714E-17,-0.894427190999917));
#14587=DIRECTION('',(1.,0.,0.));
#14588=DIRECTION('',(-0.447213595499955,-7.63574727253714E-17,0.894427190999917));
#14589=DIRECTION('',(-1.,0.,0.));
#14590=DIRECTION('',(0.,-1.,-8.53702498020082E-17));
#14591=DIRECTION('',(0.,8.53702498020082E-17,-1.));
#14592=DIRECTION('',(-0.447213595499955,7.63574727253714E-17,-0.894427190999917));
#14593=DIRECTION('',(1.,0.,0.));
#14594=DIRECTION('',(-0.447213595499955,-7.63574727253714E-17,0.894427190999917));
#14595=DIRECTION('',(-1.,0.,0.));
#14596=DIRECTION('',(0.,-1.,-8.53702498020082E-17));
#14597=DIRECTION('',(0.,8.53702498020082E-17,-1.));
#14598=DIRECTION('',(-0.447213595499955,7.63574727253714E-17,-0.894427190999917));
#14599=DIRECTION('',(1.,0.,0.));
#14600=DIRECTION('',(-0.447213595499955,-7.63574727253714E-17,0.894427190999917));
#14601=DIRECTION('',(-1.,0.,0.));
#14602=DIRECTION('',(0.,-1.,-8.53702498020082E-17));
#14603=DIRECTION('',(0.,8.53702498020082E-17,-1.));
#14604=DIRECTION('',(-0.447213595499955,7.63574727253714E-17,-0.894427190999917));
#14605=DIRECTION('',(1.,0.,0.));
#14606=DIRECTION('',(-0.447213595499955,-7.63574727253714E-17,0.894427190999917));
#14607=DIRECTION('',(-1.,0.,0.));
#14608=DIRECTION('',(0.,-1.,-8.53702498020082E-17));
#14609=DIRECTION('',(0.,8.53702498020082E-17,-1.));
#14610=DIRECTION('',(-0.447213595499955,7.63574727253714E-17,-0.894427190999917));
#14611=DIRECTION('',(1.,0.,0.));
#14612=DIRECTION('',(-0.447213595499955,-7.63574727253714E-17,0.894427190999917));
#14613=DIRECTION('',(-1.,0.,0.));
#14614=DIRECTION('',(0.,-1.,-8.53702498020082E-17));
#14615=DIRECTION('',(0.,8.53702498020082E-17,-1.));
#14616=DIRECTION('',(-0.447213595499955,7.63574727253714E-17,-0.894427190999917));
#14617=DIRECTION('',(1.,0.,0.));
#14618=DIRECTION('',(-0.447213595499955,-7.63574727253714E-17,0.894427190999917));
#14619=DIRECTION('',(-1.,0.,0.));
#14620=DIRECTION('',(0.,-1.,-8.53702498020082E-17));
#14621=DIRECTION('',(0.,8.53702498020082E-17,-1.));
#14622=DIRECTION('',(-0.447213595499955,7.63574727253714E-17,-0.894427190999917));
#14623=DIRECTION('',(1.,0.,0.));
#14624=DIRECTION('',(-0.447213595499955,-7.63574727253714E-17,0.894427190999917));
#14625=DIRECTION('',(-1.,0.,0.));
#14626=DIRECTION('',(0.,-1.,-8.53702498020082E-17));
#14627=DIRECTION('',(0.,8.53702498020082E-17,-1.));
#14628=DIRECTION('',(-0.447213595499955,7.63574727253714E-17,-0.894427190999917));
#14629=DIRECTION('',(1.,0.,0.));
#14630=DIRECTION('',(-0.447213595499955,-7.63574727253714E-17,0.894427190999917));
#14631=DIRECTION('',(-1.,0.,0.));
#14632=DIRECTION('',(0.,-1.,-8.53702498020082E-17));
#14633=DIRECTION('',(0.,8.53702498020082E-17,-1.));
#14634=DIRECTION('',(-0.447213595499955,7.63574727253714E-17,-0.894427190999917));
#14635=DIRECTION('',(1.,0.,0.));
#14636=DIRECTION('',(-0.447213595499955,-7.63574727253714E-17,0.894427190999917));
#14637=DIRECTION('',(-1.,0.,0.));
#14638=DIRECTION('',(0.,-1.,-8.53702498020082E-17));
#14639=DIRECTION('',(0.,8.53702498020082E-17,-1.));
#14640=DIRECTION('',(-0.447213595499955,7.63574727253714E-17,-0.894427190999917));
#14641=DIRECTION('',(1.,0.,0.));
#14642=DIRECTION('',(-0.447213595499955,-7.63574727253714E-17,0.894427190999917));
#14643=DIRECTION('',(-1.,0.,0.));
#14644=DIRECTION('',(0.,-1.,-8.53702498020082E-17));
#14645=DIRECTION('',(0.,8.53702498020082E-17,-1.));
#14646=DIRECTION('',(-0.447213595499955,7.63574727253714E-17,-0.894427190999917));
#14647=DIRECTION('',(1.,0.,0.));
#14648=DIRECTION('',(-0.447213595499955,-7.63574727253714E-17,0.894427190999917));
#14649=DIRECTION('',(-1.,0.,0.));
#14650=DIRECTION('',(0.,-1.,-8.53702498020082E-17));
#14651=DIRECTION('',(0.,8.53702498020082E-17,-1.));
#14652=DIRECTION('',(-0.447213595499955,7.63574727253714E-17,-0.894427190999917));
#14653=DIRECTION('',(1.,0.,0.));
#14654=DIRECTION('',(-0.447213595499955,-7.63574727253714E-17,0.894427190999917));
#14655=DIRECTION('',(-1.,0.,0.));
#14656=DIRECTION('',(0.,-1.,-8.53702498020082E-17));
#14657=DIRECTION('',(0.,8.53702498020082E-17,-1.));
#14658=DIRECTION('',(-0.447213595499955,7.63574727253714E-17,-0.894427190999917));
#14659=DIRECTION('',(1.,0.,0.));
#14660=DIRECTION('',(-0.447213595499955,-7.63574727253714E-17,0.894427190999917));
#14661=DIRECTION('',(-1.,0.,0.));
#14662=DIRECTION('',(0.,-1.,-8.53702498020082E-17));
#14663=DIRECTION('',(0.,8.53702498020082E-17,-1.));
#14664=DIRECTION('',(-0.447213595499955,7.63574727253714E-17,-0.894427190999917));
#14665=DIRECTION('',(1.,0.,0.));
#14666=DIRECTION('',(-0.447213595499955,-7.63574727253714E-17,0.894427190999917));
#14667=DIRECTION('',(-1.,0.,0.));
#14668=DIRECTION('',(0.,-1.,-8.53702498020082E-17));
#14669=DIRECTION('',(0.,8.53702498020082E-17,-1.));
#14670=DIRECTION('',(-0.447213595499955,7.63574727253714E-17,-0.894427190999917));
#14671=DIRECTION('',(1.,0.,0.));
#14672=DIRECTION('',(-0.447213595499955,-7.63574727253714E-17,0.894427190999917));
#14673=DIRECTION('',(-1.,0.,0.));
#14674=DIRECTION('',(0.,-1.,-8.53702498020082E-17));
#14675=DIRECTION('',(0.,8.53702498020082E-17,-1.));
#14676=DIRECTION('',(-0.447213595499955,7.63574727253714E-17,-0.894427190999917));
#14677=DIRECTION('',(1.,0.,0.));
#14678=DIRECTION('',(-0.447213595499955,-7.63574727253714E-17,0.894427190999918));
#14679=DIRECTION('',(-1.,0.,0.));
#14680=DIRECTION('',(0.,-1.,-8.53702498020082E-17));
#14681=DIRECTION('',(0.,8.53702498020082E-17,-1.));
#14682=DIRECTION('',(-0.447213595499955,-7.63574727253714E-17,-0.894427190999918));
#14683=DIRECTION('',(1.,0.,0.));
#14684=DIRECTION('',(-0.447213595499955,7.63574727253714E-17,0.894427190999917));
#14685=DIRECTION('',(-1.,0.,0.));
#14686=DIRECTION('',(0.,-1.,-8.53702498020082E-17));
#14687=DIRECTION('',(0.,8.53702498020082E-17,-1.));
#14688=DIRECTION('',(-0.447213595499955,-7.63574727253714E-17,-0.894427190999917));
#14689=DIRECTION('',(1.,0.,0.));
#14690=DIRECTION('',(-0.447213595499955,7.63574727253714E-17,0.894427190999917));
#14691=DIRECTION('',(-1.,0.,0.));
#14692=DIRECTION('',(0.,-1.,-8.53702498020082E-17));
#14693=DIRECTION('',(0.,8.53702498020082E-17,-1.));
#14694=DIRECTION('',(-0.447213595499955,-7.63574727253714E-17,-0.894427190999917));
#14695=DIRECTION('',(1.,0.,0.));
#14696=DIRECTION('',(-0.447213595499955,7.63574727253714E-17,0.894427190999917));
#14697=DIRECTION('',(-1.,0.,0.));
#14698=DIRECTION('',(0.,-1.,-8.53702498020082E-17));
#14699=DIRECTION('',(0.,8.53702498020082E-17,-1.));
#14700=DIRECTION('',(-0.447213595499955,-7.63574727253714E-17,-0.894427190999917));
#14701=DIRECTION('',(1.,0.,0.));
#14702=DIRECTION('',(-0.447213595499955,7.63574727253714E-17,0.894427190999917));
#14703=DIRECTION('',(-1.,0.,0.));
#14704=DIRECTION('',(0.,-1.,-8.53702498020082E-17));
#14705=DIRECTION('',(0.,8.53702498020082E-17,-1.));
#14706=DIRECTION('',(-0.447213595499955,-7.63574727253714E-17,-0.894427190999917));
#14707=DIRECTION('',(1.,0.,0.));
#14708=DIRECTION('',(-0.447213595499955,7.63574727253714E-17,0.894427190999917));
#14709=DIRECTION('',(-1.,0.,0.));
#14710=DIRECTION('',(0.,-1.,-8.53702498020082E-17));
#14711=DIRECTION('',(0.,8.53702498020082E-17,-1.));
#14712=DIRECTION('',(-0.447213595499955,-7.63574727253714E-17,-0.894427190999917));
#14713=DIRECTION('',(1.,0.,0.));
#14714=DIRECTION('',(-0.447213595499955,7.63574727253714E-17,0.894427190999917));
#14715=DIRECTION('',(-1.,0.,0.));
#14716=DIRECTION('',(0.,-1.,-8.53702498020082E-17));
#14717=DIRECTION('',(0.,8.53702498020082E-17,-1.));
#14718=DIRECTION('',(-0.447213595499955,-7.63574727253714E-17,-0.894427190999917));
#14719=DIRECTION('',(1.,0.,0.));
#14720=DIRECTION('',(-0.447213595499955,7.63574727253714E-17,0.894427190999917));
#14721=DIRECTION('',(-1.,0.,0.));
#14722=DIRECTION('',(0.,-1.,-8.53702498020082E-17));
#14723=DIRECTION('',(0.,8.53702498020082E-17,-1.));
#14724=DIRECTION('',(-0.447213595499955,-7.63574727253714E-17,-0.894427190999917));
#14725=DIRECTION('',(1.,0.,0.));
#14726=DIRECTION('',(-0.447213595499955,7.63574727253714E-17,0.894427190999917));
#14727=DIRECTION('',(-1.,0.,0.));
#14728=DIRECTION('',(0.,-1.,-8.53702498020082E-17));
#14729=DIRECTION('',(0.,8.53702498020082E-17,-1.));
#14730=DIRECTION('',(-0.447213595499955,-7.63574727253714E-17,-0.894427190999917));
#14731=DIRECTION('',(1.,0.,0.));
#14732=DIRECTION('',(-0.447213595499955,7.63574727253714E-17,0.894427190999917));
#14733=DIRECTION('',(-1.,0.,0.));
#14734=DIRECTION('',(0.,-1.,-8.53702498020082E-17));
#14735=DIRECTION('',(0.,8.53702498020082E-17,-1.));
#14736=DIRECTION('',(-0.447213595499955,-7.63574727253714E-17,-0.894427190999917));
#14737=DIRECTION('',(1.,0.,0.));
#14738=DIRECTION('',(-0.447213595499955,7.63574727253714E-17,0.894427190999917));
#14739=DIRECTION('',(-1.,0.,0.));
#14740=DIRECTION('',(0.,-1.,-8.53702498020082E-17));
#14741=DIRECTION('',(0.,8.53702498020082E-17,-1.));
#14742=DIRECTION('',(-0.447213595499955,-7.63574727253714E-17,-0.894427190999917));
#14743=DIRECTION('',(1.,0.,0.));
#14744=DIRECTION('',(-0.447213595499955,7.63574727253714E-17,0.894427190999917));
#14745=DIRECTION('',(-1.,0.,0.));
#14746=DIRECTION('',(0.,-1.,-8.53702498020082E-17));
#14747=DIRECTION('',(0.,8.53702498020082E-17,-1.));
#14748=DIRECTION('',(-0.447213595499955,-7.63574727253714E-17,-0.894427190999917));
#14749=DIRECTION('',(1.,0.,0.));
#14750=DIRECTION('',(-0.447213595499955,7.63574727253714E-17,0.894427190999917));
#14751=DIRECTION('',(-1.,0.,0.));
#14752=DIRECTION('',(0.,-1.,-8.53702498020082E-17));
#14753=DIRECTION('',(0.,8.53702498020082E-17,-1.));
#14754=DIRECTION('',(-0.447213595499955,-7.63574727253714E-17,-0.894427190999917));
#14755=DIRECTION('',(1.,0.,0.));
#14756=DIRECTION('',(-0.447213595499955,7.63574727253714E-17,0.894427190999917));
#14757=DIRECTION('',(-1.,0.,0.));
#14758=DIRECTION('',(0.,-1.,-8.53702498020082E-17));
#14759=DIRECTION('',(0.,8.53702498020082E-17,-1.));
#14760=DIRECTION('',(-0.447213595499955,-7.63574727253714E-17,-0.894427190999917));
#14761=DIRECTION('',(1.,0.,0.));
#14762=DIRECTION('',(-0.447213595499955,7.63574727253714E-17,0.894427190999917));
#14763=DIRECTION('',(-1.,0.,0.));
#14764=DIRECTION('',(0.,-1.,-8.53702498020082E-17));
#14765=DIRECTION('',(0.,8.53702498020082E-17,-1.));
#14766=DIRECTION('',(-0.447213595499955,-7.63574727253714E-17,-0.894427190999917));
#14767=DIRECTION('',(1.,0.,0.));
#14768=DIRECTION('',(-0.447213595499955,7.63574727253714E-17,0.894427190999917));
#14769=DIRECTION('',(-1.,0.,0.));
#14770=DIRECTION('',(0.,-1.,-8.53702498020082E-17));
#14771=DIRECTION('',(0.,8.53702498020082E-17,-1.));
#14772=DIRECTION('',(-0.447213595499955,-7.63574727253714E-17,-0.894427190999917));
#14773=DIRECTION('',(1.,0.,0.));
#14774=DIRECTION('',(-0.447213595499955,7.63574727253714E-17,0.894427190999917));
#14775=DIRECTION('',(-1.,0.,0.));
#14776=DIRECTION('',(0.,-1.,-8.53702498020082E-17));
#14777=DIRECTION('',(0.,8.53702498020082E-17,-1.));
#14778=DIRECTION('',(-0.447213595499955,-7.63574727253714E-17,-0.894427190999917));
#14779=DIRECTION('',(1.,0.,0.));
#14780=DIRECTION('',(-0.447213595499955,7.63574727253714E-17,0.894427190999917));
#14781=DIRECTION('',(-1.,0.,0.));
#14782=DIRECTION('',(0.,-1.,-8.53702498020082E-17));
#14783=DIRECTION('',(0.,8.53702498020082E-17,-1.));
#14784=DIRECTION('',(-0.447213595499955,-7.63574727253714E-17,-0.894427190999917));
#14785=DIRECTION('',(1.,0.,0.));
#14786=DIRECTION('',(-0.447213595499955,7.63574727253714E-17,0.894427190999917));
#14787=DIRECTION('',(-1.,0.,0.));
#14788=DIRECTION('',(0.,-1.,-8.53702498020082E-17));
#14789=DIRECTION('',(0.,8.53702498020082E-17,-1.));
#14790=DIRECTION('',(-0.447213595499955,-7.63574727253714E-17,-0.894427190999917));
#14791=DIRECTION('',(1.,0.,0.));
#14792=DIRECTION('',(-0.447213595499955,7.63574727253714E-17,0.894427190999917));
#14793=DIRECTION('',(-1.,0.,0.));
#14794=DIRECTION('',(0.,-1.,-8.53702498020082E-17));
#14795=DIRECTION('',(0.,8.53702498020082E-17,-1.));
#14796=DIRECTION('',(-0.447213595499955,-7.63574727253714E-17,-0.894427190999917));
#14797=DIRECTION('',(1.,0.,0.));
#14798=DIRECTION('',(-0.447213595499955,7.63574727253714E-17,0.894427190999917));
#14799=DIRECTION('',(-1.,0.,0.));
#14800=DIRECTION('',(0.,-1.,-8.53702498020082E-17));
#14801=DIRECTION('',(0.,8.53702498020082E-17,-1.));
#14802=DIRECTION('',(-0.447213595499955,-7.63574727253714E-17,-0.894427190999917));
#14803=DIRECTION('',(1.,0.,0.));
#14804=DIRECTION('',(-0.447213595499955,7.63574727253714E-17,0.894427190999917));
#14805=DIRECTION('',(-1.,0.,0.));
#14806=DIRECTION('',(0.,-1.,-8.53702498020082E-17));
#14807=DIRECTION('',(0.,8.53702498020082E-17,-1.));
#14808=DIRECTION('',(-0.447213595499955,-7.63574727253714E-17,-0.894427190999917));
#14809=DIRECTION('',(1.,0.,0.));
#14810=DIRECTION('',(-0.447213595499955,7.63574727253714E-17,0.894427190999917));
#14811=DIRECTION('',(-1.,0.,0.));
#14812=DIRECTION('',(0.,-1.,-8.53702498020082E-17));
#14813=DIRECTION('',(0.,8.53702498020082E-17,-1.));
#14814=DIRECTION('',(-0.447213595499955,-7.63574727253714E-17,-0.894427190999917));
#14815=DIRECTION('',(1.,0.,0.));
#14816=DIRECTION('',(-0.447213595499955,7.63574727253714E-17,0.894427190999917));
#14817=DIRECTION('',(-1.,0.,0.));
#14818=DIRECTION('',(0.,-1.,-8.53702498020082E-17));
#14819=DIRECTION('',(0.,8.53702498020082E-17,-1.));
#14820=DIRECTION('',(-0.447213595499955,-7.63574727253714E-17,-0.894427190999917));
#14821=DIRECTION('',(1.,0.,0.));
#14822=DIRECTION('',(-0.447213595499955,7.63574727253714E-17,0.894427190999917));
#14823=DIRECTION('',(-1.,0.,0.));
#14824=DIRECTION('',(0.,-1.,-8.53702498020082E-17));
#14825=DIRECTION('',(0.,8.53702498020082E-17,-1.));
#14826=DIRECTION('',(-0.447213595499955,-7.63574727253714E-17,-0.894427190999917));
#14827=DIRECTION('',(1.,0.,0.));
#14828=DIRECTION('',(-0.447213595499955,7.63574727253714E-17,0.894427190999917));
#14829=DIRECTION('',(-1.,0.,0.));
#14830=DIRECTION('',(0.,-1.,-8.53702498020082E-17));
#14831=DIRECTION('',(0.,8.53702498020082E-17,-1.));
#14832=DIRECTION('',(-0.447213595499955,-7.63574727253714E-17,-0.894427190999917));
#14833=DIRECTION('',(1.,0.,0.));
#14834=DIRECTION('',(-0.447213595499955,7.63574727253714E-17,0.894427190999917));
#14835=DIRECTION('',(-1.,0.,0.));
#14836=DIRECTION('',(0.,-1.,-8.53702498020082E-17));
#14837=DIRECTION('',(0.,8.53702498020082E-17,-1.));
#14838=DIRECTION('',(-0.447213595499955,-7.63574727253714E-17,-0.894427190999917));
#14839=DIRECTION('',(1.,0.,0.));
#14840=DIRECTION('',(-0.447213595499955,7.63574727253714E-17,0.894427190999917));
#14841=DIRECTION('',(-1.,0.,0.));
#14842=DIRECTION('',(0.,-1.,-8.53702498020082E-17));
#14843=DIRECTION('',(0.,8.53702498020082E-17,-1.));
#14844=DIRECTION('',(-0.447213595499955,-7.63574727253714E-17,-0.894427190999917));
#14845=DIRECTION('',(1.,0.,0.));
#14846=DIRECTION('',(-0.447213595499955,7.63574727253714E-17,0.894427190999917));
#14847=DIRECTION('',(-1.,0.,0.));
#14848=DIRECTION('',(0.,-1.,-8.53702498020082E-17));
#14849=DIRECTION('',(0.,8.53702498020082E-17,-1.));
#14850=DIRECTION('',(-0.447213595499955,-7.63574727253714E-17,-0.894427190999917));
#14851=DIRECTION('',(1.,0.,0.));
#14852=DIRECTION('',(-0.447213595499955,7.63574727253714E-17,0.894427190999917));
#14853=DIRECTION('',(-1.,0.,0.));
#14854=DIRECTION('',(0.,-1.,-8.53702498020082E-17));
#14855=DIRECTION('',(0.,8.53702498020082E-17,-1.));
#14856=DIRECTION('',(-0.447213595499955,-7.63574727253714E-17,-0.894427190999917));
#14857=DIRECTION('',(1.,0.,0.));
#14858=DIRECTION('',(-0.447213595499955,7.63574727253714E-17,0.894427190999917));
#14859=DIRECTION('',(-1.,0.,0.));
#14860=DIRECTION('',(0.,-1.,-8.53702498020082E-17));
#14861=DIRECTION('',(0.,8.53702498020082E-17,-1.));
#14862=DIRECTION('',(-0.447213595499955,-7.63574727253714E-17,-0.894427190999917));
#14863=DIRECTION('',(1.,0.,0.));
#14864=DIRECTION('',(-0.447213595499955,7.63574727253714E-17,0.894427190999917));
#14865=DIRECTION('',(-1.,0.,0.));
#14866=DIRECTION('',(0.,-1.,-8.53702498020082E-17));
#14867=DIRECTION('',(0.,8.53702498020082E-17,-1.));
#14868=DIRECTION('',(-0.447213595499955,-7.63574727253714E-17,-0.894427190999917));
#14869=DIRECTION('',(1.,0.,0.));
#14870=DIRECTION('',(-0.447213595499955,7.63574727253714E-17,0.894427190999918));
#14871=DIRECTION('',(-1.,0.,0.));
#14872=DIRECTION('',(-1.,0.,0.));
#14873=DIRECTION('',(0.,0.,1.));
#14874=DIRECTION('',(0.,1.,-8.53702498020082E-17));
#14875=DIRECTION('',(0.,1.,8.53702498020082E-17));
#14876=DIRECTION('',(-1.,0.,0.));
#14877=DIRECTION('',(0.,0.,1.));
#14878=DIRECTION('',(0.,1.,-8.53702498020082E-17));
#14879=DIRECTION('',(0.,1.,8.53702498020082E-17));
#14880=DIRECTION('',(-0.894427190999917,-3.81787363626854E-17,0.447213595499955));
#14881=DIRECTION('',(0.447213595499955,0.,0.894427190999918));
#14882=DIRECTION('',(5.37834951422882E-16,-1.,9.90299653043766E-16));
#14883=DIRECTION('',(0.,1.,8.53702498020082E-17));
#14884=DIRECTION('',(0.894427190999917,-3.81787363626854E-17,0.447213595499955));
#14885=DIRECTION('',(0.447213595499955,0.,-0.894427190999917));
#14886=DIRECTION('',(5.37834951422882E-16,1.,-9.90299653043766E-16));
#14887=DIRECTION('',(0.,1.,8.53702498020082E-17));
#14888=DIRECTION('',(-1.28055374703011E-16,1.,3.41480999208033E-16));
#14889=DIRECTION('',(-0.894427190999917,-3.81787363626854E-17,0.447213595499955));
#14890=DIRECTION('',(0.447213595499955,0.,0.894427190999917));
#14891=DIRECTION('',(5.37834951422882E-16,-1.,9.90299653043766E-16));
#14892=DIRECTION('',(-1.28055374703011E-16,-1.,-3.41480999208033E-16));
#14893=DIRECTION('',(0.894427190999917,-3.81787363626854E-17,0.447213595499955));
#14894=DIRECTION('',(0.447213595499955,0.,-0.894427190999917));
#14895=DIRECTION('',(5.37834951422882E-16,1.,-9.90299653043766E-16));
#14896=DIRECTION('',(0.,1.,8.53702498020082E-17));
#14897=DIRECTION('',(-1.28055374703011E-16,1.,3.41480999208033E-16));
#14898=DIRECTION('',(-0.894427190999917,-3.81787363626854E-17,0.447213595499955));
#14899=DIRECTION('',(0.447213595499955,0.,0.894427190999917));
#14900=DIRECTION('',(5.37834951422882E-16,-1.,9.90299653043766E-16));
#14901=DIRECTION('',(-1.28055374703011E-16,-1.,-3.41480999208033E-16));
#14902=DIRECTION('',(0.894427190999917,-3.81787363626854E-17,0.447213595499955));
#14903=DIRECTION('',(0.447213595499955,0.,-0.894427190999917));
#14904=DIRECTION('',(5.37834951422882E-16,1.,-9.90299653043766E-16));
#14905=DIRECTION('',(0.,1.,8.53702498020082E-17));
#14906=DIRECTION('',(-1.28055374703011E-16,1.,3.41480999208033E-16));
#14907=DIRECTION('',(-0.894427190999917,-3.81787363626854E-17,0.447213595499955));
#14908=DIRECTION('',(0.447213595499955,0.,0.894427190999917));
#14909=DIRECTION('',(5.37834951422882E-16,-1.,9.90299653043766E-16));
#14910=DIRECTION('',(-1.28055374703011E-16,-1.,-3.41480999208033E-16));
#14911=DIRECTION('',(0.894427190999917,-3.81787363626854E-17,0.447213595499955));
#14912=DIRECTION('',(0.447213595499955,0.,-0.894427190999917));
#14913=DIRECTION('',(5.37834951422882E-16,1.,-9.90299653043766E-16));
#14914=DIRECTION('',(0.,1.,8.53702498020082E-17));
#14915=DIRECTION('',(-1.28055374703011E-16,1.,3.41480999208033E-16));
#14916=DIRECTION('',(-0.894427190999917,-3.81787363626854E-17,0.447213595499955));
#14917=DIRECTION('',(0.447213595499955,0.,0.894427190999917));
#14918=DIRECTION('',(5.37834951422882E-16,-1.,9.90299653043766E-16));
#14919=DIRECTION('',(-1.28055374703011E-16,-1.,-3.41480999208033E-16));
#14920=DIRECTION('',(0.894427190999917,-3.81787363626854E-17,0.447213595499955));
#14921=DIRECTION('',(0.447213595499955,0.,-0.894427190999917));
#14922=DIRECTION('',(5.37834951422882E-16,1.,-9.90299653043766E-16));
#14923=DIRECTION('',(0.,1.,8.53702498020082E-17));
#14924=DIRECTION('',(-1.28055374703011E-16,1.,3.41480999208033E-16));
#14925=DIRECTION('',(-0.894427190999917,-3.81787363626854E-17,0.447213595499955));
#14926=DIRECTION('',(0.447213595499955,0.,0.894427190999917));
#14927=DIRECTION('',(5.37834951422882E-16,-1.,9.90299653043766E-16));
#14928=DIRECTION('',(-1.28055374703011E-16,-1.,-3.41480999208033E-16));
#14929=DIRECTION('',(0.894427190999917,-3.81787363626854E-17,0.447213595499955));
#14930=DIRECTION('',(0.447213595499955,0.,-0.894427190999917));
#14931=DIRECTION('',(5.37834951422882E-16,1.,-9.90299653043766E-16));
#14932=DIRECTION('',(0.,1.,8.53702498020082E-17));
#14933=DIRECTION('',(-1.28055374703011E-16,1.,3.41480999208033E-16));
#14934=DIRECTION('',(-0.894427190999917,-3.81787363626854E-17,0.447213595499955));
#14935=DIRECTION('',(0.447213595499955,0.,0.894427190999917));
#14936=DIRECTION('',(5.37834951422882E-16,-1.,9.90299653043766E-16));
#14937=DIRECTION('',(-1.28055374703011E-16,-1.,-3.41480999208033E-16));
#14938=DIRECTION('',(0.894427190999917,-3.81787363626854E-17,0.447213595499955));
#14939=DIRECTION('',(0.447213595499955,0.,-0.894427190999917));
#14940=DIRECTION('',(5.37834951422882E-16,1.,-9.90299653043766E-16));
#14941=DIRECTION('',(0.,1.,8.53702498020082E-17));
#14942=DIRECTION('',(-1.28055374703011E-16,1.,3.41480999208033E-16));
#14943=DIRECTION('',(-0.894427190999917,-3.81787363626854E-17,0.447213595499955));
#14944=DIRECTION('',(0.447213595499955,0.,0.894427190999917));
#14945=DIRECTION('',(5.37834951422882E-16,-1.,9.90299653043766E-16));
#14946=DIRECTION('',(-1.28055374703011E-16,-1.,-3.41480999208033E-16));
#14947=DIRECTION('',(0.894427190999917,-3.81787363626854E-17,0.447213595499955));
#14948=DIRECTION('',(0.447213595499955,0.,-0.894427190999917));
#14949=DIRECTION('',(5.37834951422882E-16,1.,-9.90299653043766E-16));
#14950=DIRECTION('',(0.,1.,8.53702498020082E-17));
#14951=DIRECTION('',(-1.28055374703011E-16,1.,3.41480999208033E-16));
#14952=DIRECTION('',(-0.894427190999917,-3.81787363626854E-17,0.447213595499955));
#14953=DIRECTION('',(0.447213595499955,0.,0.894427190999917));
#14954=DIRECTION('',(5.37834951422882E-16,-1.,9.90299653043766E-16));
#14955=DIRECTION('',(-1.28055374703011E-16,-1.,-3.41480999208033E-16));
#14956=DIRECTION('',(0.894427190999917,-3.81787363626854E-17,0.447213595499955));
#14957=DIRECTION('',(0.447213595499955,0.,-0.894427190999917));
#14958=DIRECTION('',(5.37834951422882E-16,1.,-9.90299653043766E-16));
#14959=DIRECTION('',(0.,1.,8.53702498020082E-17));
#14960=DIRECTION('',(-1.28055374703011E-16,1.,3.41480999208033E-16));
#14961=DIRECTION('',(-0.894427190999917,-3.81787363626854E-17,0.447213595499955));
#14962=DIRECTION('',(0.447213595499955,0.,0.894427190999917));
#14963=DIRECTION('',(5.37834951422882E-16,-1.,9.90299653043766E-16));
#14964=DIRECTION('',(-1.28055374703011E-16,-1.,-3.41480999208033E-16));
#14965=DIRECTION('',(0.894427190999917,-3.81787363626854E-17,0.447213595499955));
#14966=DIRECTION('',(0.447213595499955,0.,-0.894427190999917));
#14967=DIRECTION('',(5.37834951422882E-16,1.,-9.90299653043766E-16));
#14968=DIRECTION('',(0.,1.,8.53702498020082E-17));
#14969=DIRECTION('',(-1.28055374703011E-16,1.,3.41480999208033E-16));
#14970=DIRECTION('',(-0.894427190999917,-3.81787363626854E-17,0.447213595499955));
#14971=DIRECTION('',(0.447213595499955,0.,0.894427190999917));
#14972=DIRECTION('',(5.37834951422882E-16,-1.,9.90299653043766E-16));
#14973=DIRECTION('',(-1.28055374703011E-16,-1.,-3.41480999208033E-16));
#14974=DIRECTION('',(0.894427190999917,-3.81787363626854E-17,0.447213595499955));
#14975=DIRECTION('',(0.447213595499955,0.,-0.894427190999917));
#14976=DIRECTION('',(5.37834951422882E-16,1.,-9.90299653043766E-16));
#14977=DIRECTION('',(0.,1.,8.53702498020082E-17));
#14978=DIRECTION('',(-1.28055374703011E-16,1.,3.41480999208033E-16));
#14979=DIRECTION('',(-0.894427190999917,-3.81787363626854E-17,0.447213595499955));
#14980=DIRECTION('',(0.447213595499955,0.,0.894427190999917));
#14981=DIRECTION('',(5.37834951422882E-16,-1.,9.90299653043766E-16));
#14982=DIRECTION('',(-1.28055374703011E-16,-1.,-3.41480999208033E-16));
#14983=DIRECTION('',(0.894427190999917,-3.81787363626854E-17,0.447213595499955));
#14984=DIRECTION('',(0.447213595499955,0.,-0.894427190999917));
#14985=DIRECTION('',(5.37834951422882E-16,1.,-9.90299653043766E-16));
#14986=DIRECTION('',(0.,1.,8.53702498020082E-17));
#14987=DIRECTION('',(-1.28055374703011E-16,1.,3.41480999208033E-16));
#14988=DIRECTION('',(-0.894427190999917,-3.81787363626854E-17,0.447213595499955));
#14989=DIRECTION('',(0.447213595499955,0.,0.894427190999917));
#14990=DIRECTION('',(5.37834951422882E-16,-1.,9.90299653043766E-16));
#14991=DIRECTION('',(-1.28055374703011E-16,-1.,-3.41480999208033E-16));
#14992=DIRECTION('',(0.894427190999917,-3.81787363626854E-17,0.447213595499955));
#14993=DIRECTION('',(0.447213595499955,0.,-0.894427190999917));
#14994=DIRECTION('',(5.37834951422882E-16,1.,-9.90299653043766E-16));
#14995=DIRECTION('',(0.,1.,8.53702498020082E-17));
#14996=DIRECTION('',(-1.28055374703011E-16,1.,3.41480999208033E-16));
#14997=DIRECTION('',(-0.894427190999917,-3.81787363626854E-17,0.447213595499955));
#14998=DIRECTION('',(0.447213595499955,0.,0.894427190999917));
#14999=DIRECTION('',(5.37834951422882E-16,-1.,9.90299653043766E-16));
#15000=DIRECTION('',(-1.28055374703011E-16,-1.,-3.41480999208033E-16));
#15001=DIRECTION('',(0.894427190999917,-3.81787363626854E-17,0.447213595499955));
#15002=DIRECTION('',(0.447213595499955,0.,-0.894427190999917));
#15003=DIRECTION('',(5.37834951422882E-16,1.,-9.90299653043766E-16));
#15004=DIRECTION('',(0.,1.,8.53702498020082E-17));
#15005=DIRECTION('',(-1.28055374703011E-16,1.,3.41480999208033E-16));
#15006=DIRECTION('',(-0.894427190999917,-3.81787363626854E-17,0.447213595499955));
#15007=DIRECTION('',(0.447213595499955,0.,0.894427190999917));
#15008=DIRECTION('',(5.37834951422882E-16,-1.,9.90299653043766E-16));
#15009=DIRECTION('',(-1.28055374703011E-16,-1.,-3.41480999208033E-16));
#15010=DIRECTION('',(0.894427190999917,-3.81787363626854E-17,0.447213595499955));
#15011=DIRECTION('',(0.447213595499955,0.,-0.894427190999917));
#15012=DIRECTION('',(5.37834951422882E-16,1.,-9.90299653043766E-16));
#15013=DIRECTION('',(0.,1.,8.53702498020082E-17));
#15014=DIRECTION('',(-1.28055374703011E-16,1.,3.41480999208033E-16));
#15015=DIRECTION('',(-0.894427190999917,-3.81787363626854E-17,0.447213595499955));
#15016=DIRECTION('',(0.447213595499955,0.,0.894427190999917));
#15017=DIRECTION('',(5.37834951422882E-16,-1.,9.90299653043766E-16));
#15018=DIRECTION('',(-1.28055374703011E-16,-1.,-3.41480999208033E-16));
#15019=DIRECTION('',(0.894427190999917,-3.81787363626854E-17,0.447213595499955));
#15020=DIRECTION('',(0.447213595499955,0.,-0.894427190999917));
#15021=DIRECTION('',(5.37834951422882E-16,1.,-9.90299653043766E-16));
#15022=DIRECTION('',(0.,1.,8.53702498020082E-17));
#15023=DIRECTION('',(-1.28055374703011E-16,1.,3.41480999208033E-16));
#15024=DIRECTION('',(-0.894427190999917,-3.81787363626854E-17,0.447213595499955));
#15025=DIRECTION('',(0.447213595499955,0.,0.894427190999917));
#15026=DIRECTION('',(5.37834951422882E-16,-1.,9.90299653043766E-16));
#15027=DIRECTION('',(-1.28055374703011E-16,-1.,-3.41480999208033E-16));
#15028=DIRECTION('',(0.894427190999917,-3.81787363626854E-17,0.447213595499955));
#15029=DIRECTION('',(0.447213595499955,0.,-0.894427190999917));
#15030=DIRECTION('',(5.37834951422882E-16,1.,-9.90299653043766E-16));
#15031=DIRECTION('',(0.,1.,8.53702498020082E-17));
#15032=DIRECTION('',(-1.28055374703011E-16,1.,3.41480999208033E-16));
#15033=DIRECTION('',(-0.894427190999917,-3.81787363626854E-17,0.447213595499955));
#15034=DIRECTION('',(0.447213595499955,0.,0.894427190999917));
#15035=DIRECTION('',(5.37834951422882E-16,-1.,9.90299653043766E-16));
#15036=DIRECTION('',(-1.28055374703011E-16,-1.,-3.41480999208033E-16));
#15037=DIRECTION('',(0.894427190999917,-3.81787363626854E-17,0.447213595499955));
#15038=DIRECTION('',(0.447213595499955,0.,-0.894427190999917));
#15039=DIRECTION('',(5.37834951422882E-16,1.,-9.90299653043766E-16));
#15040=DIRECTION('',(0.,1.,8.53702498020082E-17));
#15041=DIRECTION('',(-1.28055374703011E-16,1.,3.41480999208033E-16));
#15042=DIRECTION('',(-0.894427190999917,-3.81787363626854E-17,0.447213595499955));
#15043=DIRECTION('',(0.447213595499955,0.,0.894427190999917));
#15044=DIRECTION('',(5.37834951422882E-16,-1.,9.90299653043766E-16));
#15045=DIRECTION('',(-1.28055374703011E-16,-1.,-3.41480999208033E-16));
#15046=DIRECTION('',(0.894427190999917,-3.81787363626854E-17,0.447213595499955));
#15047=DIRECTION('',(0.447213595499955,0.,-0.894427190999917));
#15048=DIRECTION('',(5.37834951422882E-16,1.,-9.90299653043766E-16));
#15049=DIRECTION('',(0.,1.,8.53702498020082E-17));
#15050=DIRECTION('',(-1.28055374703011E-16,1.,3.41480999208033E-16));
#15051=DIRECTION('',(-0.894427190999917,-3.81787363626854E-17,0.447213595499955));
#15052=DIRECTION('',(0.447213595499955,0.,0.894427190999917));
#15053=DIRECTION('',(5.37834951422882E-16,-1.,9.90299653043766E-16));
#15054=DIRECTION('',(-1.28055374703011E-16,-1.,-3.41480999208033E-16));
#15055=DIRECTION('',(0.894427190999917,-3.81787363626854E-17,0.447213595499955));
#15056=DIRECTION('',(0.447213595499955,0.,-0.894427190999917));
#15057=DIRECTION('',(5.37834951422882E-16,1.,-9.90299653043766E-16));
#15058=DIRECTION('',(0.,1.,8.53702498020082E-17));
#15059=DIRECTION('',(-1.28055374703011E-16,1.,3.41480999208033E-16));
#15060=DIRECTION('',(-0.894427190999917,-3.81787363626854E-17,0.447213595499955));
#15061=DIRECTION('',(0.447213595499955,0.,0.894427190999917));
#15062=DIRECTION('',(5.37834951422882E-16,-1.,9.90299653043766E-16));
#15063=DIRECTION('',(-1.28055374703011E-16,-1.,-3.41480999208033E-16));
#15064=DIRECTION('',(0.894427190999917,-3.81787363626854E-17,0.447213595499955));
#15065=DIRECTION('',(0.447213595499955,0.,-0.894427190999917));
#15066=DIRECTION('',(5.37834951422882E-16,1.,-9.90299653043766E-16));
#15067=DIRECTION('',(0.,1.,8.53702498020082E-17));
#15068=DIRECTION('',(-1.28055374703011E-16,1.,3.41480999208033E-16));
#15069=DIRECTION('',(-0.894427190999917,-3.81787363626854E-17,0.447213595499955));
#15070=DIRECTION('',(0.447213595499955,0.,0.894427190999917));
#15071=DIRECTION('',(5.37834951422882E-16,-1.,9.90299653043766E-16));
#15072=DIRECTION('',(-1.28055374703011E-16,-1.,-3.41480999208033E-16));
#15073=DIRECTION('',(0.894427190999917,-3.81787363626854E-17,0.447213595499955));
#15074=DIRECTION('',(0.447213595499955,0.,-0.894427190999917));
#15075=DIRECTION('',(5.37834951422882E-16,1.,-9.90299653043766E-16));
#15076=DIRECTION('',(0.,1.,8.53702498020082E-17));
#15077=DIRECTION('',(-1.28055374703011E-16,1.,3.41480999208033E-16));
#15078=DIRECTION('',(-0.894427190999917,-3.81787363626854E-17,0.447213595499955));
#15079=DIRECTION('',(0.447213595499955,0.,0.894427190999917));
#15080=DIRECTION('',(5.37834951422882E-16,-1.,9.90299653043766E-16));
#15081=DIRECTION('',(-1.28055374703011E-16,-1.,-3.41480999208033E-16));
#15082=DIRECTION('',(0.894427190999917,-3.81787363626854E-17,0.447213595499955));
#15083=DIRECTION('',(0.447213595499955,0.,-0.894427190999917));
#15084=DIRECTION('',(5.37834951422882E-16,1.,-9.90299653043766E-16));
#15085=DIRECTION('',(0.,1.,8.53702498020082E-17));
#15086=DIRECTION('',(-1.28055374703011E-16,1.,3.41480999208033E-16));
#15087=DIRECTION('',(-0.894427190999917,-3.81787363626854E-17,0.447213595499955));
#15088=DIRECTION('',(0.447213595499955,0.,0.894427190999917));
#15089=DIRECTION('',(5.37834951422882E-16,-1.,9.90299653043766E-16));
#15090=DIRECTION('',(-1.28055374703011E-16,-1.,-3.41480999208033E-16));
#15091=DIRECTION('',(0.894427190999917,-3.81787363626854E-17,0.447213595499955));
#15092=DIRECTION('',(0.447213595499955,0.,-0.894427190999917));
#15093=DIRECTION('',(5.37834951422882E-16,1.,-9.90299653043766E-16));
#15094=DIRECTION('',(0.,1.,8.53702498020082E-17));
#15095=DIRECTION('',(-1.28055374703011E-16,1.,3.41480999208033E-16));
#15096=DIRECTION('',(-0.894427190999917,-3.81787363626854E-17,0.447213595499955));
#15097=DIRECTION('',(0.447213595499955,0.,0.894427190999917));
#15098=DIRECTION('',(5.37834951422882E-16,-1.,9.90299653043766E-16));
#15099=DIRECTION('',(-1.28055374703011E-16,-1.,-3.41480999208033E-16));
#15100=DIRECTION('',(0.894427190999917,-3.81787363626854E-17,0.447213595499955));
#15101=DIRECTION('',(0.447213595499955,0.,-0.894427190999917));
#15102=DIRECTION('',(5.37834951422882E-16,1.,-9.90299653043766E-16));
#15103=DIRECTION('',(0.,1.,8.53702498020082E-17));
#15104=DIRECTION('',(-1.28055374703011E-16,1.,3.41480999208033E-16));
#15105=DIRECTION('',(-0.894427190999917,-3.81787363626854E-17,0.447213595499955));
#15106=DIRECTION('',(0.447213595499955,0.,0.894427190999917));
#15107=DIRECTION('',(5.37834951422882E-16,-1.,9.90299653043766E-16));
#15108=DIRECTION('',(-1.28055374703011E-16,-1.,-3.41480999208033E-16));
#15109=DIRECTION('',(0.894427190999917,-3.81787363626854E-17,0.447213595499955));
#15110=DIRECTION('',(0.447213595499955,0.,-0.894427190999917));
#15111=DIRECTION('',(5.37834951422882E-16,1.,-9.90299653043766E-16));
#15112=DIRECTION('',(0.,1.,8.53702498020082E-17));
#15113=DIRECTION('',(-1.28055374703011E-16,1.,3.41480999208033E-16));
#15114=DIRECTION('',(-0.894427190999917,-3.81787363626854E-17,0.447213595499955));
#15115=DIRECTION('',(0.447213595499955,0.,0.894427190999917));
#15116=DIRECTION('',(5.37834951422882E-16,-1.,9.90299653043766E-16));
#15117=DIRECTION('',(-1.28055374703011E-16,-1.,-3.41480999208033E-16));
#15118=DIRECTION('',(0.894427190999917,-3.81787363626854E-17,0.447213595499955));
#15119=DIRECTION('',(0.447213595499955,0.,-0.894427190999917));
#15120=DIRECTION('',(5.37834951422882E-16,1.,-9.90299653043766E-16));
#15121=DIRECTION('',(0.,1.,8.53702498020082E-17));
#15122=DIRECTION('',(-1.28055374703011E-16,1.,3.41480999208033E-16));
#15123=DIRECTION('',(-0.894427190999917,-3.81787363626854E-17,0.447213595499955));
#15124=DIRECTION('',(0.447213595499955,0.,0.894427190999917));
#15125=DIRECTION('',(5.37834951422882E-16,-1.,9.90299653043766E-16));
#15126=DIRECTION('',(-1.28055374703011E-16,-1.,-3.41480999208033E-16));
#15127=DIRECTION('',(0.894427190999917,-3.81787363626854E-17,0.447213595499955));
#15128=DIRECTION('',(0.447213595499955,0.,-0.894427190999917));
#15129=DIRECTION('',(5.37834951422882E-16,1.,-9.90299653043766E-16));
#15130=DIRECTION('',(0.,1.,8.53702498020082E-17));
#15131=DIRECTION('',(-1.28055374703011E-16,1.,3.41480999208033E-16));
#15132=DIRECTION('',(-0.894427190999917,-3.81787363626854E-17,0.447213595499955));
#15133=DIRECTION('',(0.447213595499955,0.,0.894427190999917));
#15134=DIRECTION('',(5.37834951422882E-16,-1.,9.90299653043766E-16));
#15135=DIRECTION('',(-1.28055374703011E-16,-1.,-3.41480999208033E-16));
#15136=DIRECTION('',(0.894427190999917,-3.81787363626854E-17,0.447213595499955));
#15137=DIRECTION('',(0.447213595499955,0.,-0.894427190999917));
#15138=DIRECTION('',(5.37834951422882E-16,1.,-9.90299653043766E-16));
#15139=DIRECTION('',(0.,1.,8.53702498020082E-17));
#15140=DIRECTION('',(-1.28055374703011E-16,1.,3.41480999208033E-16));
#15141=DIRECTION('',(-0.894427190999917,-3.81787363626854E-17,0.447213595499955));
#15142=DIRECTION('',(0.447213595499955,0.,0.894427190999917));
#15143=DIRECTION('',(5.37834951422882E-16,-1.,9.90299653043766E-16));
#15144=DIRECTION('',(-1.28055374703011E-16,-1.,-3.41480999208033E-16));
#15145=DIRECTION('',(0.894427190999917,-3.81787363626854E-17,0.447213595499955));
#15146=DIRECTION('',(0.447213595499955,0.,-0.894427190999917));
#15147=DIRECTION('',(5.37834951422882E-16,1.,-9.90299653043766E-16));
#15148=DIRECTION('',(0.,1.,8.53702498020082E-17));
#15149=DIRECTION('',(-1.28055374703011E-16,1.,3.41480999208033E-16));
#15150=DIRECTION('',(-0.894427190999917,-3.81787363626854E-17,0.447213595499955));
#15151=DIRECTION('',(0.447213595499955,0.,0.894427190999917));
#15152=DIRECTION('',(5.37834951422882E-16,-1.,9.90299653043766E-16));
#15153=DIRECTION('',(-1.28055374703011E-16,-1.,-3.41480999208033E-16));
#15154=DIRECTION('',(0.894427190999917,-3.81787363626854E-17,0.447213595499955));
#15155=DIRECTION('',(0.447213595499955,0.,-0.894427190999917));
#15156=DIRECTION('',(5.37834951422882E-16,1.,-9.90299653043766E-16));
#15157=DIRECTION('',(0.,1.,8.53702498020082E-17));
#15158=DIRECTION('',(-1.28055374703011E-16,1.,3.41480999208033E-16));
#15159=DIRECTION('',(-0.894427190999917,-3.81787363626854E-17,0.447213595499955));
#15160=DIRECTION('',(0.447213595499955,0.,0.894427190999917));
#15161=DIRECTION('',(5.37834951422882E-16,-1.,9.90299653043766E-16));
#15162=DIRECTION('',(-1.28055374703011E-16,-1.,-3.41480999208033E-16));
#15163=DIRECTION('',(0.894427190999917,-3.81787363626854E-17,0.447213595499955));
#15164=DIRECTION('',(0.447213595499955,0.,-0.894427190999918));
#15165=DIRECTION('',(5.37834951422882E-16,1.,-9.90299653043766E-16));
#15166=DIRECTION('',(0.,1.,8.53702498020082E-17));
#15167=DIRECTION('',(-0.894427190999917,-3.81787363626854E-17,-0.447213595499955));
#15168=DIRECTION('',(0.447213595499955,0.,-0.894427190999918));
#15169=DIRECTION('',(-5.37834951422882E-16,1.,9.90299653043766E-16));
#15170=DIRECTION('',(0.,1.,-8.53702498020082E-17));
#15171=DIRECTION('',(0.894427190999917,-3.81787363626854E-17,-0.447213595499955));
#15172=DIRECTION('',(0.447213595499955,0.,0.894427190999917));
#15173=DIRECTION('',(0.,1.,-8.53702498020082E-17));
#15174=DIRECTION('',(-5.37834951422882E-16,-1.,-9.90299653043766E-16));
#15175=DIRECTION('',(-1.28055374703011E-16,1.,-3.41480999208033E-16));
#15176=DIRECTION('',(-0.894427190999917,-3.81787363626854E-17,-0.447213595499955));
#15177=DIRECTION('',(0.447213595499955,0.,-0.894427190999917));
#15178=DIRECTION('',(-5.37834951422882E-16,1.,9.90299653043766E-16));
#15179=DIRECTION('',(-1.28055374703011E-16,-1.,3.41480999208033E-16));
#15180=DIRECTION('',(0.894427190999917,-3.81787363626854E-17,-0.447213595499955));
#15181=DIRECTION('',(0.447213595499955,0.,0.894427190999917));
#15182=DIRECTION('',(0.,1.,-8.53702498020082E-17));
#15183=DIRECTION('',(-5.37834951422882E-16,-1.,-9.90299653043766E-16));
#15184=DIRECTION('',(-1.28055374703011E-16,1.,-3.41480999208033E-16));
#15185=DIRECTION('',(-0.894427190999917,-3.81787363626854E-17,-0.447213595499955));
#15186=DIRECTION('',(0.447213595499955,0.,-0.894427190999917));
#15187=DIRECTION('',(-5.37834951422882E-16,1.,9.90299653043766E-16));
#15188=DIRECTION('',(-1.28055374703011E-16,-1.,3.41480999208033E-16));
#15189=DIRECTION('',(0.894427190999917,-3.81787363626854E-17,-0.447213595499955));
#15190=DIRECTION('',(0.447213595499955,0.,0.894427190999917));
#15191=DIRECTION('',(0.,1.,-8.53702498020082E-17));
#15192=DIRECTION('',(-5.37834951422882E-16,-1.,-9.90299653043766E-16));
#15193=DIRECTION('',(-1.28055374703011E-16,1.,-3.41480999208033E-16));
#15194=DIRECTION('',(-0.894427190999917,-3.81787363626854E-17,-0.447213595499955));
#15195=DIRECTION('',(0.447213595499955,0.,-0.894427190999917));
#15196=DIRECTION('',(-5.37834951422882E-16,1.,9.90299653043766E-16));
#15197=DIRECTION('',(-1.28055374703011E-16,-1.,3.41480999208033E-16));
#15198=DIRECTION('',(0.894427190999917,-3.81787363626854E-17,-0.447213595499955));
#15199=DIRECTION('',(0.447213595499955,0.,0.894427190999917));
#15200=DIRECTION('',(0.,1.,-8.53702498020082E-17));
#15201=DIRECTION('',(-5.37834951422882E-16,-1.,-9.90299653043766E-16));
#15202=DIRECTION('',(-1.28055374703011E-16,1.,-3.41480999208033E-16));
#15203=DIRECTION('',(-0.894427190999917,-3.81787363626854E-17,-0.447213595499955));
#15204=DIRECTION('',(0.447213595499955,0.,-0.894427190999917));
#15205=DIRECTION('',(-5.37834951422882E-16,1.,9.90299653043766E-16));
#15206=DIRECTION('',(-1.28055374703011E-16,-1.,3.41480999208033E-16));
#15207=DIRECTION('',(0.894427190999917,-3.81787363626854E-17,-0.447213595499955));
#15208=DIRECTION('',(0.447213595499955,0.,0.894427190999917));
#15209=DIRECTION('',(0.,1.,-8.53702498020082E-17));
#15210=DIRECTION('',(-5.37834951422882E-16,-1.,-9.90299653043766E-16));
#15211=DIRECTION('',(-1.28055374703011E-16,1.,-3.41480999208033E-16));
#15212=DIRECTION('',(-0.894427190999917,-3.81787363626854E-17,-0.447213595499955));
#15213=DIRECTION('',(0.447213595499955,0.,-0.894427190999917));
#15214=DIRECTION('',(-5.37834951422882E-16,1.,9.90299653043766E-16));
#15215=DIRECTION('',(-1.28055374703011E-16,-1.,3.41480999208033E-16));
#15216=DIRECTION('',(0.894427190999917,-3.81787363626854E-17,-0.447213595499955));
#15217=DIRECTION('',(0.447213595499955,0.,0.894427190999917));
#15218=DIRECTION('',(0.,1.,-8.53702498020082E-17));
#15219=DIRECTION('',(-5.37834951422882E-16,-1.,-9.90299653043766E-16));
#15220=DIRECTION('',(-1.28055374703011E-16,1.,-3.41480999208033E-16));
#15221=DIRECTION('',(-0.894427190999917,-3.81787363626854E-17,-0.447213595499955));
#15222=DIRECTION('',(0.447213595499955,0.,-0.894427190999917));
#15223=DIRECTION('',(-5.37834951422882E-16,1.,9.90299653043766E-16));
#15224=DIRECTION('',(-1.28055374703011E-16,-1.,3.41480999208033E-16));
#15225=DIRECTION('',(0.894427190999917,-3.81787363626854E-17,-0.447213595499955));
#15226=DIRECTION('',(0.447213595499955,0.,0.894427190999917));
#15227=DIRECTION('',(0.,1.,-8.53702498020082E-17));
#15228=DIRECTION('',(-5.37834951422882E-16,-1.,-9.90299653043766E-16));
#15229=DIRECTION('',(-1.28055374703011E-16,1.,-3.41480999208033E-16));
#15230=DIRECTION('',(-0.894427190999917,-3.81787363626854E-17,-0.447213595499955));
#15231=DIRECTION('',(0.447213595499955,0.,-0.894427190999917));
#15232=DIRECTION('',(-5.37834951422882E-16,1.,9.90299653043766E-16));
#15233=DIRECTION('',(-1.28055374703011E-16,-1.,3.41480999208033E-16));
#15234=DIRECTION('',(0.894427190999917,-3.81787363626854E-17,-0.447213595499955));
#15235=DIRECTION('',(0.447213595499955,0.,0.894427190999917));
#15236=DIRECTION('',(0.,1.,-8.53702498020082E-17));
#15237=DIRECTION('',(-5.37834951422882E-16,-1.,-9.90299653043766E-16));
#15238=DIRECTION('',(-1.28055374703011E-16,1.,-3.41480999208033E-16));
#15239=DIRECTION('',(-0.894427190999917,-3.81787363626854E-17,-0.447213595499955));
#15240=DIRECTION('',(0.447213595499955,0.,-0.894427190999917));
#15241=DIRECTION('',(-5.37834951422882E-16,1.,9.90299653043766E-16));
#15242=DIRECTION('',(-1.28055374703011E-16,-1.,3.41480999208033E-16));
#15243=DIRECTION('',(0.894427190999917,-3.81787363626854E-17,-0.447213595499955));
#15244=DIRECTION('',(0.447213595499955,0.,0.894427190999917));
#15245=DIRECTION('',(0.,1.,-8.53702498020082E-17));
#15246=DIRECTION('',(-5.37834951422882E-16,-1.,-9.90299653043766E-16));
#15247=DIRECTION('',(-1.28055374703011E-16,1.,-3.41480999208033E-16));
#15248=DIRECTION('',(-0.894427190999917,-3.81787363626854E-17,-0.447213595499955));
#15249=DIRECTION('',(0.447213595499955,0.,-0.894427190999917));
#15250=DIRECTION('',(-5.37834951422882E-16,1.,9.90299653043766E-16));
#15251=DIRECTION('',(-1.28055374703011E-16,-1.,3.41480999208033E-16));
#15252=DIRECTION('',(0.894427190999917,-3.81787363626854E-17,-0.447213595499955));
#15253=DIRECTION('',(0.447213595499955,0.,0.894427190999917));
#15254=DIRECTION('',(0.,1.,-8.53702498020082E-17));
#15255=DIRECTION('',(-5.37834951422882E-16,-1.,-9.90299653043766E-16));
#15256=DIRECTION('',(-1.28055374703011E-16,1.,-3.41480999208033E-16));
#15257=DIRECTION('',(-0.894427190999917,-3.81787363626854E-17,-0.447213595499955));
#15258=DIRECTION('',(0.447213595499955,0.,-0.894427190999917));
#15259=DIRECTION('',(-5.37834951422882E-16,1.,9.90299653043766E-16));
#15260=DIRECTION('',(-1.28055374703011E-16,-1.,3.41480999208033E-16));
#15261=DIRECTION('',(0.894427190999917,-3.81787363626854E-17,-0.447213595499955));
#15262=DIRECTION('',(0.447213595499955,0.,0.894427190999917));
#15263=DIRECTION('',(0.,1.,-8.53702498020082E-17));
#15264=DIRECTION('',(-5.37834951422882E-16,-1.,-9.90299653043766E-16));
#15265=DIRECTION('',(-1.28055374703011E-16,1.,-3.41480999208033E-16));
#15266=DIRECTION('',(-0.894427190999917,-3.81787363626854E-17,-0.447213595499955));
#15267=DIRECTION('',(0.447213595499955,0.,-0.894427190999917));
#15268=DIRECTION('',(-5.37834951422882E-16,1.,9.90299653043766E-16));
#15269=DIRECTION('',(-1.28055374703011E-16,-1.,3.41480999208033E-16));
#15270=DIRECTION('',(0.894427190999917,-3.81787363626854E-17,-0.447213595499955));
#15271=DIRECTION('',(0.447213595499955,0.,0.894427190999917));
#15272=DIRECTION('',(0.,1.,-8.53702498020082E-17));
#15273=DIRECTION('',(-5.37834951422882E-16,-1.,-9.90299653043766E-16));
#15274=DIRECTION('',(-1.28055374703011E-16,1.,-3.41480999208033E-16));
#15275=DIRECTION('',(-0.894427190999917,-3.81787363626854E-17,-0.447213595499955));
#15276=DIRECTION('',(0.447213595499955,0.,-0.894427190999917));
#15277=DIRECTION('',(-5.37834951422882E-16,1.,9.90299653043766E-16));
#15278=DIRECTION('',(-1.28055374703011E-16,-1.,3.41480999208033E-16));
#15279=DIRECTION('',(0.894427190999917,-3.81787363626854E-17,-0.447213595499955));
#15280=DIRECTION('',(0.447213595499955,0.,0.894427190999917));
#15281=DIRECTION('',(0.,1.,-8.53702498020082E-17));
#15282=DIRECTION('',(-5.37834951422882E-16,-1.,-9.90299653043766E-16));
#15283=DIRECTION('',(-1.28055374703011E-16,1.,-3.41480999208033E-16));
#15284=DIRECTION('',(-0.894427190999917,-3.81787363626854E-17,-0.447213595499955));
#15285=DIRECTION('',(0.447213595499955,0.,-0.894427190999917));
#15286=DIRECTION('',(-5.37834951422882E-16,1.,9.90299653043766E-16));
#15287=DIRECTION('',(-1.28055374703011E-16,-1.,3.41480999208033E-16));
#15288=DIRECTION('',(0.894427190999917,-3.81787363626854E-17,-0.447213595499955));
#15289=DIRECTION('',(0.447213595499955,0.,0.894427190999917));
#15290=DIRECTION('',(0.,1.,-8.53702498020082E-17));
#15291=DIRECTION('',(-5.37834951422882E-16,-1.,-9.90299653043766E-16));
#15292=DIRECTION('',(-1.28055374703011E-16,1.,-3.41480999208033E-16));
#15293=DIRECTION('',(-0.894427190999917,-3.81787363626854E-17,-0.447213595499955));
#15294=DIRECTION('',(0.447213595499955,0.,-0.894427190999917));
#15295=DIRECTION('',(-5.37834951422882E-16,1.,9.90299653043766E-16));
#15296=DIRECTION('',(-1.28055374703011E-16,-1.,3.41480999208033E-16));
#15297=DIRECTION('',(0.894427190999917,-3.81787363626854E-17,-0.447213595499955));
#15298=DIRECTION('',(0.447213595499955,0.,0.894427190999917));
#15299=DIRECTION('',(0.,1.,-8.53702498020082E-17));
#15300=DIRECTION('',(-5.37834951422882E-16,-1.,-9.90299653043766E-16));
#15301=DIRECTION('',(-1.28055374703011E-16,1.,-3.41480999208033E-16));
#15302=DIRECTION('',(-0.894427190999917,-3.81787363626854E-17,-0.447213595499955));
#15303=DIRECTION('',(0.447213595499955,0.,-0.894427190999917));
#15304=DIRECTION('',(-5.37834951422882E-16,1.,9.90299653043766E-16));
#15305=DIRECTION('',(-1.28055374703011E-16,-1.,3.41480999208033E-16));
#15306=DIRECTION('',(0.894427190999917,-3.81787363626854E-17,-0.447213595499955));
#15307=DIRECTION('',(0.447213595499955,0.,0.894427190999917));
#15308=DIRECTION('',(0.,1.,-8.53702498020082E-17));
#15309=DIRECTION('',(-5.37834951422882E-16,-1.,-9.90299653043766E-16));
#15310=DIRECTION('',(-1.28055374703011E-16,1.,-3.41480999208033E-16));
#15311=DIRECTION('',(-0.894427190999917,-3.81787363626854E-17,-0.447213595499955));
#15312=DIRECTION('',(0.447213595499955,0.,-0.894427190999917));
#15313=DIRECTION('',(-5.37834951422882E-16,1.,9.90299653043766E-16));
#15314=DIRECTION('',(-1.28055374703011E-16,-1.,3.41480999208033E-16));
#15315=DIRECTION('',(0.894427190999917,-3.81787363626854E-17,-0.447213595499955));
#15316=DIRECTION('',(0.447213595499955,0.,0.894427190999917));
#15317=DIRECTION('',(0.,1.,-8.53702498020082E-17));
#15318=DIRECTION('',(-5.37834951422882E-16,-1.,-9.90299653043766E-16));
#15319=DIRECTION('',(-1.28055374703011E-16,1.,-3.41480999208033E-16));
#15320=DIRECTION('',(-0.894427190999917,-3.81787363626854E-17,-0.447213595499955));
#15321=DIRECTION('',(0.447213595499955,0.,-0.894427190999917));
#15322=DIRECTION('',(-5.37834951422882E-16,1.,9.90299653043766E-16));
#15323=DIRECTION('',(-1.28055374703011E-16,-1.,3.41480999208033E-16));
#15324=DIRECTION('',(0.894427190999917,-3.81787363626854E-17,-0.447213595499955));
#15325=DIRECTION('',(0.447213595499955,0.,0.894427190999917));
#15326=DIRECTION('',(0.,1.,-8.53702498020082E-17));
#15327=DIRECTION('',(-5.37834951422882E-16,-1.,-9.90299653043766E-16));
#15328=DIRECTION('',(-1.28055374703011E-16,1.,-3.41480999208033E-16));
#15329=DIRECTION('',(-0.894427190999917,-3.81787363626854E-17,-0.447213595499955));
#15330=DIRECTION('',(0.447213595499955,0.,-0.894427190999917));
#15331=DIRECTION('',(-5.37834951422882E-16,1.,9.90299653043766E-16));
#15332=DIRECTION('',(-1.28055374703011E-16,-1.,3.41480999208033E-16));
#15333=DIRECTION('',(0.894427190999917,-3.81787363626854E-17,-0.447213595499955));
#15334=DIRECTION('',(0.447213595499955,0.,0.894427190999917));
#15335=DIRECTION('',(0.,1.,-8.53702498020082E-17));
#15336=DIRECTION('',(-5.37834951422882E-16,-1.,-9.90299653043766E-16));
#15337=DIRECTION('',(-1.28055374703011E-16,1.,-3.41480999208033E-16));
#15338=DIRECTION('',(-0.894427190999917,-3.81787363626854E-17,-0.447213595499955));
#15339=DIRECTION('',(0.447213595499955,0.,-0.894427190999917));
#15340=DIRECTION('',(-5.37834951422882E-16,1.,9.90299653043766E-16));
#15341=DIRECTION('',(-1.28055374703011E-16,-1.,3.41480999208033E-16));
#15342=DIRECTION('',(0.894427190999917,-3.81787363626854E-17,-0.447213595499955));
#15343=DIRECTION('',(0.447213595499955,0.,0.894427190999917));
#15344=DIRECTION('',(0.,1.,-8.53702498020082E-17));
#15345=DIRECTION('',(-5.37834951422882E-16,-1.,-9.90299653043766E-16));
#15346=DIRECTION('',(-1.28055374703011E-16,1.,-3.41480999208033E-16));
#15347=DIRECTION('',(-0.894427190999917,-3.81787363626854E-17,-0.447213595499955));
#15348=DIRECTION('',(0.447213595499955,0.,-0.894427190999917));
#15349=DIRECTION('',(-5.37834951422882E-16,1.,9.90299653043766E-16));
#15350=DIRECTION('',(-1.28055374703011E-16,-1.,3.41480999208033E-16));
#15351=DIRECTION('',(0.894427190999917,-3.81787363626854E-17,-0.447213595499955));
#15352=DIRECTION('',(0.447213595499955,0.,0.894427190999917));
#15353=DIRECTION('',(0.,1.,-8.53702498020082E-17));
#15354=DIRECTION('',(-5.37834951422882E-16,-1.,-9.90299653043766E-16));
#15355=DIRECTION('',(-1.28055374703011E-16,1.,-3.41480999208033E-16));
#15356=DIRECTION('',(-0.894427190999917,-3.81787363626854E-17,-0.447213595499955));
#15357=DIRECTION('',(0.447213595499955,0.,-0.894427190999917));
#15358=DIRECTION('',(-5.37834951422882E-16,1.,9.90299653043766E-16));
#15359=DIRECTION('',(-1.28055374703011E-16,-1.,3.41480999208033E-16));
#15360=DIRECTION('',(0.894427190999917,-3.81787363626854E-17,-0.447213595499955));
#15361=DIRECTION('',(0.447213595499955,0.,0.894427190999917));
#15362=DIRECTION('',(0.,1.,-8.53702498020082E-17));
#15363=DIRECTION('',(-5.37834951422882E-16,-1.,-9.90299653043766E-16));
#15364=DIRECTION('',(-1.28055374703011E-16,1.,-3.41480999208033E-16));
#15365=DIRECTION('',(-0.894427190999917,-3.81787363626854E-17,-0.447213595499955));
#15366=DIRECTION('',(0.447213595499955,0.,-0.894427190999917));
#15367=DIRECTION('',(-5.37834951422882E-16,1.,9.90299653043766E-16));
#15368=DIRECTION('',(-1.28055374703011E-16,-1.,3.41480999208033E-16));
#15369=DIRECTION('',(0.894427190999917,-3.81787363626854E-17,-0.447213595499955));
#15370=DIRECTION('',(0.447213595499955,0.,0.894427190999917));
#15371=DIRECTION('',(0.,1.,-8.53702498020082E-17));
#15372=DIRECTION('',(-5.37834951422882E-16,-1.,-9.90299653043766E-16));
#15373=DIRECTION('',(-1.28055374703011E-16,1.,-3.41480999208033E-16));
#15374=DIRECTION('',(-0.894427190999917,-3.81787363626854E-17,-0.447213595499955));
#15375=DIRECTION('',(0.447213595499955,0.,-0.894427190999917));
#15376=DIRECTION('',(-5.37834951422882E-16,1.,9.90299653043766E-16));
#15377=DIRECTION('',(-1.28055374703011E-16,-1.,3.41480999208033E-16));
#15378=DIRECTION('',(0.894427190999917,-3.81787363626854E-17,-0.447213595499955));
#15379=DIRECTION('',(0.447213595499955,0.,0.894427190999917));
#15380=DIRECTION('',(0.,1.,-8.53702498020082E-17));
#15381=DIRECTION('',(-5.37834951422882E-16,-1.,-9.90299653043766E-16));
#15382=DIRECTION('',(-1.28055374703011E-16,1.,-3.41480999208033E-16));
#15383=DIRECTION('',(-0.894427190999917,-3.81787363626854E-17,-0.447213595499955));
#15384=DIRECTION('',(0.447213595499955,0.,-0.894427190999917));
#15385=DIRECTION('',(-5.37834951422882E-16,1.,9.90299653043766E-16));
#15386=DIRECTION('',(-1.28055374703011E-16,-1.,3.41480999208033E-16));
#15387=DIRECTION('',(0.894427190999917,-3.81787363626854E-17,-0.447213595499955));
#15388=DIRECTION('',(0.447213595499955,0.,0.894427190999917));
#15389=DIRECTION('',(0.,1.,-8.53702498020082E-17));
#15390=DIRECTION('',(-5.37834951422882E-16,-1.,-9.90299653043766E-16));
#15391=DIRECTION('',(-1.28055374703011E-16,1.,-3.41480999208033E-16));
#15392=DIRECTION('',(-0.894427190999917,-3.81787363626854E-17,-0.447213595499955));
#15393=DIRECTION('',(0.447213595499955,0.,-0.894427190999917));
#15394=DIRECTION('',(-5.37834951422882E-16,1.,9.90299653043766E-16));
#15395=DIRECTION('',(-1.28055374703011E-16,-1.,3.41480999208033E-16));
#15396=DIRECTION('',(0.894427190999917,-3.81787363626854E-17,-0.447213595499955));
#15397=DIRECTION('',(0.447213595499955,0.,0.894427190999917));
#15398=DIRECTION('',(0.,1.,-8.53702498020082E-17));
#15399=DIRECTION('',(-5.37834951422882E-16,-1.,-9.90299653043766E-16));
#15400=DIRECTION('',(-1.28055374703011E-16,1.,-3.41480999208033E-16));
#15401=DIRECTION('',(-0.894427190999917,-3.81787363626854E-17,-0.447213595499955));
#15402=DIRECTION('',(0.447213595499955,0.,-0.894427190999917));
#15403=DIRECTION('',(-5.37834951422882E-16,1.,9.90299653043766E-16));
#15404=DIRECTION('',(-1.28055374703011E-16,-1.,3.41480999208033E-16));
#15405=DIRECTION('',(0.894427190999917,-3.81787363626854E-17,-0.447213595499955));
#15406=DIRECTION('',(0.447213595499955,0.,0.894427190999917));
#15407=DIRECTION('',(0.,1.,-8.53702498020082E-17));
#15408=DIRECTION('',(-5.37834951422882E-16,-1.,-9.90299653043766E-16));
#15409=DIRECTION('',(-1.28055374703011E-16,1.,-3.41480999208033E-16));
#15410=DIRECTION('',(-0.894427190999917,-3.81787363626854E-17,-0.447213595499955));
#15411=DIRECTION('',(0.447213595499955,0.,-0.894427190999917));
#15412=DIRECTION('',(-5.37834951422882E-16,1.,9.90299653043766E-16));
#15413=DIRECTION('',(-1.28055374703011E-16,-1.,3.41480999208033E-16));
#15414=DIRECTION('',(0.894427190999917,-3.81787363626854E-17,-0.447213595499955));
#15415=DIRECTION('',(0.447213595499955,0.,0.894427190999917));
#15416=DIRECTION('',(0.,1.,-8.53702498020082E-17));
#15417=DIRECTION('',(-5.37834951422882E-16,-1.,-9.90299653043766E-16));
#15418=DIRECTION('',(-1.28055374703011E-16,1.,-3.41480999208033E-16));
#15419=DIRECTION('',(-0.894427190999917,-3.81787363626854E-17,-0.447213595499955));
#15420=DIRECTION('',(0.447213595499955,0.,-0.894427190999917));
#15421=DIRECTION('',(-5.37834951422882E-16,1.,9.90299653043766E-16));
#15422=DIRECTION('',(-1.28055374703011E-16,-1.,3.41480999208033E-16));
#15423=DIRECTION('',(0.894427190999917,-3.81787363626854E-17,-0.447213595499955));
#15424=DIRECTION('',(0.447213595499955,0.,0.894427190999917));
#15425=DIRECTION('',(0.,1.,-8.53702498020082E-17));
#15426=DIRECTION('',(-5.37834951422882E-16,-1.,-9.90299653043766E-16));
#15427=DIRECTION('',(-1.28055374703011E-16,1.,-3.41480999208033E-16));
#15428=DIRECTION('',(-0.894427190999917,-3.81787363626854E-17,-0.447213595499955));
#15429=DIRECTION('',(0.447213595499955,0.,-0.894427190999917));
#15430=DIRECTION('',(-5.37834951422882E-16,1.,9.90299653043766E-16));
#15431=DIRECTION('',(-1.28055374703011E-16,-1.,3.41480999208033E-16));
#15432=DIRECTION('',(0.894427190999917,-3.81787363626854E-17,-0.447213595499955));
#15433=DIRECTION('',(0.447213595499955,0.,0.894427190999917));
#15434=DIRECTION('',(0.,1.,-8.53702498020082E-17));
#15435=DIRECTION('',(-5.37834951422882E-16,-1.,-9.90299653043766E-16));
#15436=DIRECTION('',(-1.28055374703011E-16,1.,-3.41480999208033E-16));
#15437=DIRECTION('',(-0.894427190999917,-3.81787363626854E-17,-0.447213595499955));
#15438=DIRECTION('',(0.447213595499955,0.,-0.894427190999917));
#15439=DIRECTION('',(-5.37834951422882E-16,1.,9.90299653043766E-16));
#15440=DIRECTION('',(-1.28055374703011E-16,-1.,3.41480999208033E-16));
#15441=DIRECTION('',(0.894427190999917,-3.81787363626854E-17,-0.447213595499955));
#15442=DIRECTION('',(0.447213595499955,0.,0.894427190999917));
#15443=DIRECTION('',(0.,1.,-8.53702498020082E-17));
#15444=DIRECTION('',(-5.37834951422882E-16,-1.,-9.90299653043766E-16));
#15445=DIRECTION('',(-1.28055374703011E-16,1.,-3.41480999208033E-16));
#15446=DIRECTION('',(-0.894427190999917,-3.81787363626854E-17,-0.447213595499955));
#15447=DIRECTION('',(0.447213595499955,0.,-0.894427190999917));
#15448=DIRECTION('',(-5.37834951422882E-16,1.,9.90299653043766E-16));
#15449=DIRECTION('',(-1.28055374703011E-16,-1.,3.41480999208033E-16));
#15450=DIRECTION('',(0.894427190999917,-3.81787363626854E-17,-0.447213595499955));
#15451=DIRECTION('',(0.447213595499955,0.,0.894427190999918));
#15452=DIRECTION('',(-5.37834951422882E-16,-1.,-9.90299653043766E-16));
#15453=DIRECTION('',(0.,1.,-8.53702498020082E-17));
#15454=DIRECTION('',(0.,-3.41480999208033E-16,1.));
#15455=DIRECTION('',(0.,-1.,-3.41480999208033E-16));
#15456=DIRECTION('',(0.,-3.41480999208033E-16,1.));
#15457=DIRECTION('',(0.,-1.,-3.41480999208033E-16));
#15458=DIRECTION('',(0.,-3.41480999208033E-16,1.));
#15459=DIRECTION('',(0.,-1.,-3.41480999208033E-16));
#15460=DIRECTION('',(0.,-3.41480999208033E-16,1.));
#15461=DIRECTION('',(0.,-1.,-3.41480999208033E-16));
#15462=DIRECTION('',(0.,-3.41480999208033E-16,1.));
#15463=DIRECTION('',(0.,-1.,-3.41480999208033E-16));
#15464=DIRECTION('',(0.,-3.41480999208033E-16,1.));
#15465=DIRECTION('',(0.,-1.,-3.41480999208033E-16));
#15466=DIRECTION('',(0.,-3.41480999208033E-16,1.));
#15467=DIRECTION('',(0.,-1.,-3.41480999208033E-16));
#15468=DIRECTION('',(0.,-3.41480999208033E-16,1.));
#15469=DIRECTION('',(0.,-1.,-3.41480999208033E-16));
#15470=DIRECTION('',(0.,-3.41480999208033E-16,1.));
#15471=DIRECTION('',(0.,-1.,-3.41480999208033E-16));
#15472=DIRECTION('',(0.,-3.41480999208033E-16,1.));
#15473=DIRECTION('',(0.,-1.,-3.41480999208033E-16));
#15474=DIRECTION('',(0.,-3.41480999208033E-16,1.));
#15475=DIRECTION('',(0.,-1.,-3.41480999208033E-16));
#15476=DIRECTION('',(0.,-3.41480999208033E-16,1.));
#15477=DIRECTION('',(0.,-1.,-3.41480999208033E-16));
#15478=DIRECTION('',(0.,-3.41480999208033E-16,1.));
#15479=DIRECTION('',(0.,-1.,-3.41480999208033E-16));
#15480=DIRECTION('',(0.,-3.41480999208033E-16,1.));
#15481=DIRECTION('',(0.,-1.,-3.41480999208033E-16));
#15482=DIRECTION('',(0.,-3.41480999208033E-16,1.));
#15483=DIRECTION('',(0.,-1.,-3.41480999208033E-16));
#15484=DIRECTION('',(0.,-3.41480999208033E-16,1.));
#15485=DIRECTION('',(0.,-1.,-3.41480999208033E-16));
#15486=DIRECTION('',(0.,-3.41480999208033E-16,1.));
#15487=DIRECTION('',(0.,-1.,-3.41480999208033E-16));
#15488=DIRECTION('',(0.,-3.41480999208033E-16,1.));
#15489=DIRECTION('',(0.,-1.,-3.41480999208033E-16));
#15490=DIRECTION('',(0.,-3.41480999208033E-16,1.));
#15491=DIRECTION('',(0.,-1.,-3.41480999208033E-16));
#15492=DIRECTION('',(0.,-3.41480999208033E-16,1.));
#15493=DIRECTION('',(0.,-1.,-3.41480999208033E-16));
#15494=DIRECTION('',(0.,-3.41480999208033E-16,1.));
#15495=DIRECTION('',(0.,-1.,-3.41480999208033E-16));
#15496=DIRECTION('',(0.,-3.41480999208033E-16,1.));
#15497=DIRECTION('',(0.,-1.,-3.41480999208033E-16));
#15498=DIRECTION('',(0.,-3.41480999208033E-16,1.));
#15499=DIRECTION('',(0.,-1.,-3.41480999208033E-16));
#15500=DIRECTION('',(0.,-3.41480999208033E-16,1.));
#15501=DIRECTION('',(0.,-1.,-3.41480999208033E-16));
#15502=DIRECTION('',(0.,-3.41480999208033E-16,1.));
#15503=DIRECTION('',(0.,-1.,-3.41480999208033E-16));
#15504=DIRECTION('',(0.,-3.41480999208033E-16,1.));
#15505=DIRECTION('',(0.,-1.,-3.41480999208033E-16));
#15506=DIRECTION('',(0.,-3.41480999208033E-16,1.));
#15507=DIRECTION('',(0.,-1.,-3.41480999208033E-16));
#15508=DIRECTION('',(0.,-3.41480999208033E-16,1.));
#15509=DIRECTION('',(0.,-1.,-3.41480999208033E-16));
#15510=DIRECTION('',(0.,-3.41480999208033E-16,1.));
#15511=DIRECTION('',(0.,-1.,-3.41480999208033E-16));
#15512=DIRECTION('',(0.,-3.41480999208033E-16,1.));
#15513=DIRECTION('',(0.,-1.,-3.41480999208033E-16));
#15514=DIRECTION('',(0.,-3.41480999208033E-16,1.));
#15515=DIRECTION('',(0.,-1.,-3.41480999208033E-16));
#15516=DIRECTION('',(0.,-3.41480999208033E-16,1.));
#15517=DIRECTION('',(0.,-1.,-3.41480999208033E-16));
#15518=DIRECTION('',(0.,-3.41480999208033E-16,-1.));
#15519=DIRECTION('',(0.,-1.,3.41480999208033E-16));
#15520=DIRECTION('',(0.,-3.41480999208033E-16,-1.));
#15521=DIRECTION('',(0.,-1.,3.41480999208033E-16));
#15522=DIRECTION('',(0.,-3.41480999208033E-16,-1.));
#15523=DIRECTION('',(0.,-1.,3.41480999208033E-16));
#15524=DIRECTION('',(0.,-3.41480999208033E-16,-1.));
#15525=DIRECTION('',(0.,-1.,3.41480999208033E-16));
#15526=DIRECTION('',(0.,-3.41480999208033E-16,-1.));
#15527=DIRECTION('',(0.,-1.,3.41480999208033E-16));
#15528=DIRECTION('',(0.,-3.41480999208033E-16,-1.));
#15529=DIRECTION('',(0.,-1.,3.41480999208033E-16));
#15530=DIRECTION('',(0.,-3.41480999208033E-16,-1.));
#15531=DIRECTION('',(0.,-1.,3.41480999208033E-16));
#15532=DIRECTION('',(0.,-3.41480999208033E-16,-1.));
#15533=DIRECTION('',(0.,-1.,3.41480999208033E-16));
#15534=DIRECTION('',(0.,-3.41480999208033E-16,-1.));
#15535=DIRECTION('',(0.,-1.,3.41480999208033E-16));
#15536=DIRECTION('',(0.,-3.41480999208033E-16,-1.));
#15537=DIRECTION('',(0.,-1.,3.41480999208033E-16));
#15538=DIRECTION('',(0.,-3.41480999208033E-16,-1.));
#15539=DIRECTION('',(0.,-1.,3.41480999208033E-16));
#15540=DIRECTION('',(0.,-3.41480999208033E-16,-1.));
#15541=DIRECTION('',(0.,-1.,3.41480999208033E-16));
#15542=DIRECTION('',(0.,-3.41480999208033E-16,-1.));
#15543=DIRECTION('',(0.,-1.,3.41480999208033E-16));
#15544=DIRECTION('',(0.,-3.41480999208033E-16,-1.));
#15545=DIRECTION('',(0.,-1.,3.41480999208033E-16));
#15546=DIRECTION('',(0.,-3.41480999208033E-16,-1.));
#15547=DIRECTION('',(0.,-1.,3.41480999208033E-16));
#15548=DIRECTION('',(0.,-3.41480999208033E-16,-1.));
#15549=DIRECTION('',(0.,-1.,3.41480999208033E-16));
#15550=DIRECTION('',(0.,-3.41480999208033E-16,-1.));
#15551=DIRECTION('',(0.,-1.,3.41480999208033E-16));
#15552=DIRECTION('',(0.,-3.41480999208033E-16,-1.));
#15553=DIRECTION('',(0.,-1.,3.41480999208033E-16));
#15554=DIRECTION('',(0.,-3.41480999208033E-16,-1.));
#15555=DIRECTION('',(0.,-1.,3.41480999208033E-16));
#15556=DIRECTION('',(0.,-3.41480999208033E-16,-1.));
#15557=DIRECTION('',(0.,-1.,3.41480999208033E-16));
#15558=DIRECTION('',(0.,-3.41480999208033E-16,-1.));
#15559=DIRECTION('',(0.,-1.,3.41480999208033E-16));
#15560=DIRECTION('',(0.,-3.41480999208033E-16,-1.));
#15561=DIRECTION('',(0.,-1.,3.41480999208033E-16));
#15562=DIRECTION('',(0.,-3.41480999208033E-16,-1.));
#15563=DIRECTION('',(0.,-1.,3.41480999208033E-16));
#15564=DIRECTION('',(0.,-3.41480999208033E-16,-1.));
#15565=DIRECTION('',(0.,-1.,3.41480999208033E-16));
#15566=DIRECTION('',(0.,-3.41480999208033E-16,-1.));
#15567=DIRECTION('',(0.,-1.,3.41480999208033E-16));
#15568=DIRECTION('',(0.,-3.41480999208033E-16,-1.));
#15569=DIRECTION('',(0.,-1.,3.41480999208033E-16));
#15570=DIRECTION('',(0.,-3.41480999208033E-16,-1.));
#15571=DIRECTION('',(0.,-1.,3.41480999208033E-16));
#15572=DIRECTION('',(0.,-3.41480999208033E-16,-1.));
#15573=DIRECTION('',(0.,-1.,3.41480999208033E-16));
#15574=DIRECTION('',(0.,-3.41480999208033E-16,-1.));
#15575=DIRECTION('',(0.,-1.,3.41480999208033E-16));
#15576=DIRECTION('',(0.,-3.41480999208033E-16,-1.));
#15577=DIRECTION('',(0.,-1.,3.41480999208033E-16));
#15578=DIRECTION('',(0.,-3.41480999208033E-16,-1.));
#15579=DIRECTION('',(0.,-1.,3.41480999208033E-16));
#15580=DIRECTION('',(0.,-3.41480999208033E-16,-1.));
#15581=DIRECTION('',(0.,-1.,3.41480999208033E-16));
#15582=DIRECTION('',(0.,-9.90299653043766E-16,-1.));
#15583=DIRECTION('',(0.,1.,-9.90299653043766E-16));
#15584=DIRECTION('',(0.,-9.90299653043766E-16,-1.));
#15585=DIRECTION('',(0.,1.,-9.90299653043766E-16));
#15586=DIRECTION('',(0.,-9.90299653043766E-16,-1.));
#15587=DIRECTION('',(0.,1.,-9.90299653043766E-16));
#15588=DIRECTION('',(0.,-9.90299653043766E-16,-1.));
#15589=DIRECTION('',(0.,1.,-9.90299653043766E-16));
#15590=DIRECTION('',(0.,-9.90299653043766E-16,-1.));
#15591=DIRECTION('',(0.,1.,-9.90299653043766E-16));
#15592=DIRECTION('',(0.,-9.90299653043766E-16,-1.));
#15593=DIRECTION('',(0.,1.,-9.90299653043766E-16));
#15594=DIRECTION('',(0.,-9.90299653043766E-16,-1.));
#15595=DIRECTION('',(0.,1.,-9.90299653043766E-16));
#15596=DIRECTION('',(0.,-9.90299653043766E-16,-1.));
#15597=DIRECTION('',(0.,1.,-9.90299653043766E-16));
#15598=DIRECTION('',(0.,-9.90299653043766E-16,-1.));
#15599=DIRECTION('',(0.,1.,-9.90299653043766E-16));
#15600=DIRECTION('',(0.,-9.90299653043766E-16,-1.));
#15601=DIRECTION('',(0.,1.,-9.90299653043766E-16));
#15602=DIRECTION('',(0.,-9.90299653043766E-16,-1.));
#15603=DIRECTION('',(0.,1.,-9.90299653043766E-16));
#15604=DIRECTION('',(0.,-9.90299653043766E-16,-1.));
#15605=DIRECTION('',(0.,1.,-9.90299653043766E-16));
#15606=DIRECTION('',(0.,-9.90299653043766E-16,-1.));
#15607=DIRECTION('',(0.,1.,-9.90299653043766E-16));
#15608=DIRECTION('',(0.,-9.90299653043766E-16,-1.));
#15609=DIRECTION('',(0.,1.,-9.90299653043766E-16));
#15610=DIRECTION('',(0.,-9.90299653043766E-16,-1.));
#15611=DIRECTION('',(0.,1.,-9.90299653043766E-16));
#15612=DIRECTION('',(0.,-9.90299653043766E-16,-1.));
#15613=DIRECTION('',(0.,1.,-9.90299653043766E-16));
#15614=DIRECTION('',(0.,-9.90299653043766E-16,-1.));
#15615=DIRECTION('',(0.,1.,-9.90299653043766E-16));
#15616=DIRECTION('',(0.,-9.90299653043766E-16,-1.));
#15617=DIRECTION('',(0.,1.,-9.90299653043766E-16));
#15618=DIRECTION('',(0.,-9.90299653043766E-16,-1.));
#15619=DIRECTION('',(0.,1.,-9.90299653043766E-16));
#15620=DIRECTION('',(0.,-9.90299653043766E-16,-1.));
#15621=DIRECTION('',(0.,1.,-9.90299653043766E-16));
#15622=DIRECTION('',(0.,-9.90299653043766E-16,-1.));
#15623=DIRECTION('',(0.,1.,-9.90299653043766E-16));
#15624=DIRECTION('',(0.,-9.90299653043766E-16,-1.));
#15625=DIRECTION('',(0.,1.,-9.90299653043766E-16));
#15626=DIRECTION('',(0.,-9.90299653043766E-16,-1.));
#15627=DIRECTION('',(0.,1.,-9.90299653043766E-16));
#15628=DIRECTION('',(0.,-9.90299653043766E-16,-1.));
#15629=DIRECTION('',(0.,1.,-9.90299653043766E-16));
#15630=DIRECTION('',(0.,-9.90299653043766E-16,-1.));
#15631=DIRECTION('',(0.,1.,-9.90299653043766E-16));
#15632=DIRECTION('',(0.,-9.90299653043766E-16,-1.));
#15633=DIRECTION('',(0.,1.,-9.90299653043766E-16));
#15634=DIRECTION('',(0.,-9.90299653043766E-16,-1.));
#15635=DIRECTION('',(0.,1.,-9.90299653043766E-16));
#15636=DIRECTION('',(0.,-9.90299653043766E-16,-1.));
#15637=DIRECTION('',(0.,1.,-9.90299653043766E-16));
#15638=DIRECTION('',(0.,-9.90299653043766E-16,-1.));
#15639=DIRECTION('',(0.,1.,-9.90299653043766E-16));
#15640=DIRECTION('',(0.,-9.90299653043766E-16,-1.));
#15641=DIRECTION('',(0.,1.,-9.90299653043766E-16));
#15642=DIRECTION('',(0.,-9.90299653043766E-16,-1.));
#15643=DIRECTION('',(0.,1.,-9.90299653043766E-16));
#15644=DIRECTION('',(0.,-9.90299653043766E-16,-1.));
#15645=DIRECTION('',(0.,1.,-9.90299653043766E-16));
#15646=DIRECTION('',(0.,-9.90299653043766E-16,1.));
#15647=DIRECTION('',(0.,-1.,-9.90299653043766E-16));
#15648=DIRECTION('',(0.,-9.90299653043766E-16,1.));
#15649=DIRECTION('',(0.,-1.,-9.90299653043766E-16));
#15650=DIRECTION('',(0.,-9.90299653043766E-16,1.));
#15651=DIRECTION('',(0.,-1.,-9.90299653043766E-16));
#15652=DIRECTION('',(0.,-9.90299653043766E-16,1.));
#15653=DIRECTION('',(0.,-1.,-9.90299653043766E-16));
#15654=DIRECTION('',(0.,-9.90299653043766E-16,1.));
#15655=DIRECTION('',(0.,-1.,-9.90299653043766E-16));
#15656=DIRECTION('',(0.,-9.90299653043766E-16,1.));
#15657=DIRECTION('',(0.,-1.,-9.90299653043766E-16));
#15658=DIRECTION('',(0.,-9.90299653043766E-16,1.));
#15659=DIRECTION('',(0.,-1.,-9.90299653043766E-16));
#15660=DIRECTION('',(0.,-9.90299653043766E-16,1.));
#15661=DIRECTION('',(0.,-1.,-9.90299653043766E-16));
#15662=DIRECTION('',(0.,-9.90299653043766E-16,1.));
#15663=DIRECTION('',(0.,-1.,-9.90299653043766E-16));
#15664=DIRECTION('',(0.,-9.90299653043766E-16,1.));
#15665=DIRECTION('',(0.,-1.,-9.90299653043766E-16));
#15666=DIRECTION('',(0.,-9.90299653043766E-16,1.));
#15667=DIRECTION('',(0.,-1.,-9.90299653043766E-16));
#15668=DIRECTION('',(0.,-9.90299653043766E-16,1.));
#15669=DIRECTION('',(0.,-1.,-9.90299653043766E-16));
#15670=DIRECTION('',(0.,-9.90299653043766E-16,1.));
#15671=DIRECTION('',(0.,-1.,-9.90299653043766E-16));
#15672=DIRECTION('',(0.,-9.90299653043766E-16,1.));
#15673=DIRECTION('',(0.,-1.,-9.90299653043766E-16));
#15674=DIRECTION('',(0.,-9.90299653043766E-16,1.));
#15675=DIRECTION('',(0.,-1.,-9.90299653043766E-16));
#15676=DIRECTION('',(0.,-9.90299653043766E-16,1.));
#15677=DIRECTION('',(0.,-1.,-9.90299653043766E-16));
#15678=DIRECTION('',(0.,-9.90299653043766E-16,1.));
#15679=DIRECTION('',(0.,-1.,-9.90299653043766E-16));
#15680=DIRECTION('',(0.,-9.90299653043766E-16,1.));
#15681=DIRECTION('',(0.,-1.,-9.90299653043766E-16));
#15682=DIRECTION('',(0.,-9.90299653043766E-16,1.));
#15683=DIRECTION('',(0.,-1.,-9.90299653043766E-16));
#15684=DIRECTION('',(0.,-9.90299653043766E-16,1.));
#15685=DIRECTION('',(0.,-1.,-9.90299653043766E-16));
#15686=DIRECTION('',(0.,-9.90299653043766E-16,1.));
#15687=DIRECTION('',(0.,-1.,-9.90299653043766E-16));
#15688=DIRECTION('',(0.,-9.90299653043766E-16,1.));
#15689=DIRECTION('',(0.,-1.,-9.90299653043766E-16));
#15690=DIRECTION('',(0.,-9.90299653043766E-16,1.));
#15691=DIRECTION('',(0.,-1.,-9.90299653043766E-16));
#15692=DIRECTION('',(0.,-9.90299653043766E-16,1.));
#15693=DIRECTION('',(0.,-1.,-9.90299653043766E-16));
#15694=DIRECTION('',(0.,-9.90299653043766E-16,1.));
#15695=DIRECTION('',(0.,-1.,-9.90299653043766E-16));
#15696=DIRECTION('',(0.,-9.90299653043766E-16,1.));
#15697=DIRECTION('',(0.,-1.,-9.90299653043766E-16));
#15698=DIRECTION('',(0.,-9.90299653043766E-16,1.));
#15699=DIRECTION('',(0.,-1.,-9.90299653043766E-16));
#15700=DIRECTION('',(0.,-9.90299653043766E-16,1.));
#15701=DIRECTION('',(0.,-1.,-9.90299653043766E-16));
#15702=DIRECTION('',(0.,-9.90299653043766E-16,1.));
#15703=DIRECTION('',(0.,-1.,-9.90299653043766E-16));
#15704=DIRECTION('',(0.,-9.90299653043766E-16,1.));
#15705=DIRECTION('',(0.,-1.,-9.90299653043766E-16));
#15706=DIRECTION('',(0.,-9.90299653043766E-16,1.));
#15707=DIRECTION('',(0.,-1.,-9.90299653043766E-16));
#15708=DIRECTION('',(0.,-9.90299653043766E-16,1.));
#15709=DIRECTION('',(0.,-1.,-9.90299653043766E-16));
#15710=DIRECTION('',(-1.,0.,0.));
#15711=DIRECTION('',(0.,0.,1.));
#15712=DIRECTION('',(0.,1.,8.53702498020082E-17));
#15713=DIRECTION('',(0.,1.,8.53702498020082E-17));
#15714=DIRECTION('',(0.,8.53702498020082E-17,-1.));
#15715=DIRECTION('',(0.,1.,8.53702498020082E-17));
#15716=DIRECTION('',(0.,1.,8.53702498020082E-17));
#15717=DIRECTION('',(1.,0.,0.));
#15718=DIRECTION('',(0.,0.,-1.));
#15719=DIRECTION('',(0.,1.,8.53702498020082E-17));
#15720=DIRECTION('',(0.,-8.53702498020082E-17,1.));
#15721=DIRECTION('',(0.,-1.,-8.53702498020082E-17));
#15722=DIRECTION('',(-1.,0.,0.));
#15723=DIRECTION('',(0.,0.,1.));
#15724=DIRECTION('',(0.,1.,8.53702498020082E-17));
#15725=DIRECTION('',(0.,1.,8.53702498020082E-17));
#15726=DIRECTION('',(0.,8.53702498020082E-17,-1.));
#15727=DIRECTION('',(0.,1.,8.53702498020082E-17));
#15728=DIRECTION('',(0.,1.,8.53702498020082E-17));
#15729=DIRECTION('',(1.,0.,0.));
#15730=DIRECTION('',(0.,0.,-1.));
#15731=DIRECTION('',(0.,1.,8.53702498020082E-17));
#15732=DIRECTION('',(0.,-8.53702498020082E-17,1.));
#15733=DIRECTION('',(0.,-1.,-8.53702498020082E-17));
#15734=DIRECTION('',(-1.,0.,0.));
#15735=DIRECTION('',(0.,0.,1.));
#15736=DIRECTION('',(0.,1.,8.53702498020082E-17));
#15737=DIRECTION('',(0.,1.,8.53702498020082E-17));
#15738=DIRECTION('',(0.,8.53702498020082E-17,-1.));
#15739=DIRECTION('',(0.,1.,8.53702498020082E-17));
#15740=DIRECTION('',(0.,1.,8.53702498020082E-17));
#15741=DIRECTION('',(1.,0.,0.));
#15742=DIRECTION('',(0.,0.,-1.));
#15743=DIRECTION('',(0.,1.,8.53702498020082E-17));
#15744=DIRECTION('',(0.,-8.53702498020082E-17,1.));
#15745=DIRECTION('',(0.,-1.,-8.53702498020082E-17));
#15746=DIRECTION('',(-1.,0.,0.));
#15747=DIRECTION('',(0.,0.,1.));
#15748=DIRECTION('',(0.,1.,8.53702498020082E-17));
#15749=DIRECTION('',(0.,1.,8.53702498020082E-17));
#15750=DIRECTION('',(0.,8.53702498020082E-17,-1.));
#15751=DIRECTION('',(0.,1.,8.53702498020082E-17));
#15752=DIRECTION('',(0.,1.,8.53702498020082E-17));
#15753=DIRECTION('',(1.,0.,0.));
#15754=DIRECTION('',(0.,0.,-1.));
#15755=DIRECTION('',(0.,1.,8.53702498020082E-17));
#15756=DIRECTION('',(0.,-8.53702498020082E-17,1.));
#15757=DIRECTION('',(0.,-1.,-8.53702498020082E-17));
#15758=DIRECTION('',(-1.,0.,0.));
#15759=DIRECTION('',(0.,0.,1.));
#15760=DIRECTION('',(0.,1.,8.53702498020082E-17));
#15761=DIRECTION('',(0.,1.,8.53702498020082E-17));
#15762=DIRECTION('',(0.,8.53702498020082E-17,-1.));
#15763=DIRECTION('',(0.,1.,8.53702498020082E-17));
#15764=DIRECTION('',(0.,1.,8.53702498020082E-17));
#15765=DIRECTION('',(1.,0.,0.));
#15766=DIRECTION('',(0.,0.,-1.));
#15767=DIRECTION('',(0.,1.,8.53702498020082E-17));
#15768=DIRECTION('',(0.,-8.53702498020082E-17,1.));
#15769=DIRECTION('',(0.,-1.,-8.53702498020082E-17));
#15770=DIRECTION('',(-1.,0.,0.));
#15771=DIRECTION('',(0.,0.,1.));
#15772=DIRECTION('',(0.,1.,8.53702498020082E-17));
#15773=DIRECTION('',(0.,1.,8.53702498020082E-17));
#15774=DIRECTION('',(0.,8.53702498020082E-17,-1.));
#15775=DIRECTION('',(0.,1.,8.53702498020082E-17));
#15776=DIRECTION('',(0.,1.,8.53702498020082E-17));
#15777=DIRECTION('',(1.,0.,0.));
#15778=DIRECTION('',(0.,0.,-1.));
#15779=DIRECTION('',(0.,1.,8.53702498020082E-17));
#15780=DIRECTION('',(0.,-8.53702498020082E-17,1.));
#15781=DIRECTION('',(0.,-1.,-8.53702498020082E-17));
#15782=DIRECTION('',(-1.,0.,0.));
#15783=DIRECTION('',(0.,0.,1.));
#15784=DIRECTION('',(0.,1.,8.53702498020082E-17));
#15785=DIRECTION('',(0.,1.,8.53702498020082E-17));
#15786=DIRECTION('',(0.,8.53702498020082E-17,-1.));
#15787=DIRECTION('',(0.,1.,8.53702498020082E-17));
#15788=DIRECTION('',(0.,1.,8.53702498020082E-17));
#15789=DIRECTION('',(1.,0.,0.));
#15790=DIRECTION('',(0.,0.,-1.));
#15791=DIRECTION('',(0.,1.,8.53702498020082E-17));
#15792=DIRECTION('',(0.,-8.53702498020082E-17,1.));
#15793=DIRECTION('',(0.,-1.,-8.53702498020082E-17));
#15794=DIRECTION('',(-1.,0.,0.));
#15795=DIRECTION('',(0.,0.,1.));
#15796=DIRECTION('',(0.,1.,8.53702498020082E-17));
#15797=DIRECTION('',(0.,1.,8.53702498020082E-17));
#15798=DIRECTION('',(0.,8.53702498020082E-17,-1.));
#15799=DIRECTION('',(0.,1.,8.53702498020082E-17));
#15800=DIRECTION('',(0.,1.,8.53702498020082E-17));
#15801=DIRECTION('',(1.,0.,0.));
#15802=DIRECTION('',(0.,0.,-1.));
#15803=DIRECTION('',(0.,1.,8.53702498020082E-17));
#15804=DIRECTION('',(0.,-8.53702498020082E-17,1.));
#15805=DIRECTION('',(0.,-1.,-8.53702498020082E-17));
#15806=DIRECTION('',(-1.,0.,0.));
#15807=DIRECTION('',(0.,0.,1.));
#15808=DIRECTION('',(0.,1.,8.53702498020082E-17));
#15809=DIRECTION('',(0.,1.,8.53702498020082E-17));
#15810=DIRECTION('',(0.,8.53702498020082E-17,-1.));
#15811=DIRECTION('',(0.,1.,8.53702498020082E-17));
#15812=DIRECTION('',(0.,1.,8.53702498020082E-17));
#15813=DIRECTION('',(1.,0.,0.));
#15814=DIRECTION('',(0.,0.,-1.));
#15815=DIRECTION('',(0.,1.,8.53702498020082E-17));
#15816=DIRECTION('',(0.,-8.53702498020082E-17,1.));
#15817=DIRECTION('',(0.,-1.,-8.53702498020082E-17));
#15818=DIRECTION('',(-1.,0.,0.));
#15819=DIRECTION('',(0.,0.,1.));
#15820=DIRECTION('',(0.,1.,8.53702498020082E-17));
#15821=DIRECTION('',(0.,1.,8.53702498020082E-17));
#15822=DIRECTION('',(0.,8.53702498020082E-17,-1.));
#15823=DIRECTION('',(0.,1.,8.53702498020082E-17));
#15824=DIRECTION('',(0.,1.,8.53702498020082E-17));
#15825=DIRECTION('',(1.,0.,0.));
#15826=DIRECTION('',(0.,0.,-1.));
#15827=DIRECTION('',(0.,1.,8.53702498020082E-17));
#15828=DIRECTION('',(0.,-8.53702498020082E-17,1.));
#15829=DIRECTION('',(0.,-1.,-8.53702498020082E-17));
#15830=DIRECTION('',(-1.,0.,0.));
#15831=DIRECTION('',(0.,0.,1.));
#15832=DIRECTION('',(0.,1.,8.53702498020082E-17));
#15833=DIRECTION('',(0.,1.,8.53702498020082E-17));
#15834=DIRECTION('',(0.,8.53702498020082E-17,-1.));
#15835=DIRECTION('',(0.,1.,8.53702498020082E-17));
#15836=DIRECTION('',(0.,1.,8.53702498020082E-17));
#15837=DIRECTION('',(1.,0.,0.));
#15838=DIRECTION('',(0.,0.,-1.));
#15839=DIRECTION('',(0.,1.,8.53702498020082E-17));
#15840=DIRECTION('',(0.,-8.53702498020082E-17,1.));
#15841=DIRECTION('',(0.,-1.,-8.53702498020082E-17));
#15842=DIRECTION('',(-1.,0.,0.));
#15843=DIRECTION('',(0.,0.,1.));
#15844=DIRECTION('',(0.,1.,8.53702498020082E-17));
#15845=DIRECTION('',(0.,1.,8.53702498020082E-17));
#15846=DIRECTION('',(0.,8.53702498020082E-17,-1.));
#15847=DIRECTION('',(0.,1.,8.53702498020082E-17));
#15848=DIRECTION('',(0.,1.,8.53702498020082E-17));
#15849=DIRECTION('',(1.,0.,0.));
#15850=DIRECTION('',(0.,0.,-1.));
#15851=DIRECTION('',(0.,1.,8.53702498020082E-17));
#15852=DIRECTION('',(0.,-8.53702498020082E-17,1.));
#15853=DIRECTION('',(0.,-1.,-8.53702498020082E-17));
#15854=DIRECTION('',(-1.,0.,0.));
#15855=DIRECTION('',(0.,0.,1.));
#15856=DIRECTION('',(0.,1.,8.53702498020082E-17));
#15857=DIRECTION('',(0.,1.,8.53702498020082E-17));
#15858=DIRECTION('',(0.,8.53702498020082E-17,-1.));
#15859=DIRECTION('',(0.,1.,8.53702498020082E-17));
#15860=DIRECTION('',(0.,1.,8.53702498020082E-17));
#15861=DIRECTION('',(1.,0.,0.));
#15862=DIRECTION('',(0.,0.,-1.));
#15863=DIRECTION('',(0.,1.,8.53702498020082E-17));
#15864=DIRECTION('',(0.,-8.53702498020082E-17,1.));
#15865=DIRECTION('',(0.,-1.,-8.53702498020082E-17));
#15866=DIRECTION('',(-1.,0.,0.));
#15867=DIRECTION('',(0.,0.,1.));
#15868=DIRECTION('',(0.,1.,8.53702498020082E-17));
#15869=DIRECTION('',(0.,1.,8.53702498020082E-17));
#15870=DIRECTION('',(0.,8.53702498020082E-17,-1.));
#15871=DIRECTION('',(0.,1.,8.53702498020082E-17));
#15872=DIRECTION('',(0.,1.,8.53702498020082E-17));
#15873=DIRECTION('',(1.,0.,0.));
#15874=DIRECTION('',(0.,0.,-1.));
#15875=DIRECTION('',(0.,1.,8.53702498020082E-17));
#15876=DIRECTION('',(0.,-8.53702498020082E-17,1.));
#15877=DIRECTION('',(0.,-1.,-8.53702498020082E-17));
#15878=DIRECTION('',(-1.,0.,0.));
#15879=DIRECTION('',(0.,0.,1.));
#15880=DIRECTION('',(0.,1.,8.53702498020082E-17));
#15881=DIRECTION('',(0.,1.,8.53702498020082E-17));
#15882=DIRECTION('',(0.,8.53702498020082E-17,-1.));
#15883=DIRECTION('',(0.,1.,8.53702498020082E-17));
#15884=DIRECTION('',(0.,1.,8.53702498020082E-17));
#15885=DIRECTION('',(1.,0.,0.));
#15886=DIRECTION('',(0.,0.,-1.));
#15887=DIRECTION('',(0.,1.,8.53702498020082E-17));
#15888=DIRECTION('',(0.,-8.53702498020082E-17,1.));
#15889=DIRECTION('',(0.,-1.,-8.53702498020082E-17));
#15890=DIRECTION('',(-1.,0.,0.));
#15891=DIRECTION('',(0.,0.,1.));
#15892=DIRECTION('',(0.,1.,8.53702498020082E-17));
#15893=DIRECTION('',(0.,1.,8.53702498020082E-17));
#15894=DIRECTION('',(0.,8.53702498020082E-17,-1.));
#15895=DIRECTION('',(0.,1.,8.53702498020082E-17));
#15896=DIRECTION('',(0.,1.,8.53702498020082E-17));
#15897=DIRECTION('',(1.,0.,0.));
#15898=DIRECTION('',(0.,0.,-1.));
#15899=DIRECTION('',(0.,1.,8.53702498020082E-17));
#15900=DIRECTION('',(0.,-8.53702498020082E-17,1.));
#15901=DIRECTION('',(0.,-1.,-8.53702498020082E-17));
#15902=DIRECTION('',(-1.,0.,0.));
#15903=DIRECTION('',(0.,0.,1.));
#15904=DIRECTION('',(0.,1.,8.53702498020082E-17));
#15905=DIRECTION('',(0.,1.,8.53702498020082E-17));
#15906=DIRECTION('',(0.,8.53702498020082E-17,-1.));
#15907=DIRECTION('',(0.,1.,8.53702498020082E-17));
#15908=DIRECTION('',(0.,1.,8.53702498020082E-17));
#15909=DIRECTION('',(1.,0.,0.));
#15910=DIRECTION('',(0.,0.,-1.));
#15911=DIRECTION('',(0.,1.,8.53702498020082E-17));
#15912=DIRECTION('',(0.,-8.53702498020082E-17,1.));
#15913=DIRECTION('',(0.,-1.,-8.53702498020082E-17));
#15914=DIRECTION('',(-1.,0.,0.));
#15915=DIRECTION('',(0.,0.,1.));
#15916=DIRECTION('',(0.,1.,8.53702498020082E-17));
#15917=DIRECTION('',(0.,1.,8.53702498020082E-17));
#15918=DIRECTION('',(0.,8.53702498020082E-17,-1.));
#15919=DIRECTION('',(0.,1.,8.53702498020082E-17));
#15920=DIRECTION('',(0.,1.,8.53702498020082E-17));
#15921=DIRECTION('',(1.,0.,0.));
#15922=DIRECTION('',(0.,0.,-1.));
#15923=DIRECTION('',(0.,1.,8.53702498020082E-17));
#15924=DIRECTION('',(0.,-8.53702498020082E-17,1.));
#15925=DIRECTION('',(0.,-1.,-8.53702498020082E-17));
#15926=DIRECTION('',(-1.,0.,0.));
#15927=DIRECTION('',(0.,0.,1.));
#15928=DIRECTION('',(0.,1.,8.53702498020082E-17));
#15929=DIRECTION('',(0.,1.,8.53702498020082E-17));
#15930=DIRECTION('',(0.,8.53702498020082E-17,-1.));
#15931=DIRECTION('',(0.,1.,8.53702498020082E-17));
#15932=DIRECTION('',(0.,1.,8.53702498020082E-17));
#15933=DIRECTION('',(1.,0.,0.));
#15934=DIRECTION('',(0.,0.,-1.));
#15935=DIRECTION('',(0.,1.,8.53702498020082E-17));
#15936=DIRECTION('',(0.,-8.53702498020082E-17,1.));
#15937=DIRECTION('',(0.,-1.,-8.53702498020082E-17));
#15938=DIRECTION('',(-1.,0.,0.));
#15939=DIRECTION('',(0.,0.,1.));
#15940=DIRECTION('',(0.,1.,8.53702498020082E-17));
#15941=DIRECTION('',(0.,1.,8.53702498020082E-17));
#15942=DIRECTION('',(0.,8.53702498020082E-17,-1.));
#15943=DIRECTION('',(0.,1.,8.53702498020082E-17));
#15944=DIRECTION('',(0.,1.,8.53702498020082E-17));
#15945=DIRECTION('',(1.,0.,0.));
#15946=DIRECTION('',(0.,0.,-1.));
#15947=DIRECTION('',(0.,1.,8.53702498020082E-17));
#15948=DIRECTION('',(0.,-8.53702498020082E-17,1.));
#15949=DIRECTION('',(0.,-1.,-8.53702498020082E-17));
#15950=DIRECTION('',(-1.,0.,0.));
#15951=DIRECTION('',(0.,0.,1.));
#15952=DIRECTION('',(0.,1.,8.53702498020082E-17));
#15953=DIRECTION('',(0.,1.,8.53702498020082E-17));
#15954=DIRECTION('',(0.,8.53702498020082E-17,-1.));
#15955=DIRECTION('',(0.,1.,8.53702498020082E-17));
#15956=DIRECTION('',(0.,1.,8.53702498020082E-17));
#15957=DIRECTION('',(1.,0.,0.));
#15958=DIRECTION('',(0.,0.,-1.));
#15959=DIRECTION('',(0.,1.,8.53702498020082E-17));
#15960=DIRECTION('',(0.,-8.53702498020082E-17,1.));
#15961=DIRECTION('',(0.,-1.,-8.53702498020082E-17));
#15962=DIRECTION('',(-1.,0.,0.));
#15963=DIRECTION('',(0.,0.,1.));
#15964=DIRECTION('',(0.,1.,8.53702498020082E-17));
#15965=DIRECTION('',(0.,1.,8.53702498020082E-17));
#15966=DIRECTION('',(0.,8.53702498020082E-17,-1.));
#15967=DIRECTION('',(0.,1.,8.53702498020082E-17));
#15968=DIRECTION('',(0.,1.,8.53702498020082E-17));
#15969=DIRECTION('',(1.,0.,0.));
#15970=DIRECTION('',(0.,0.,-1.));
#15971=DIRECTION('',(0.,1.,8.53702498020082E-17));
#15972=DIRECTION('',(0.,-8.53702498020082E-17,1.));
#15973=DIRECTION('',(0.,-1.,-8.53702498020082E-17));
#15974=DIRECTION('',(-1.,0.,0.));
#15975=DIRECTION('',(0.,0.,1.));
#15976=DIRECTION('',(0.,1.,8.53702498020082E-17));
#15977=DIRECTION('',(0.,1.,8.53702498020082E-17));
#15978=DIRECTION('',(0.,8.53702498020082E-17,-1.));
#15979=DIRECTION('',(0.,1.,8.53702498020082E-17));
#15980=DIRECTION('',(0.,1.,8.53702498020082E-17));
#15981=DIRECTION('',(1.,0.,0.));
#15982=DIRECTION('',(0.,0.,-1.));
#15983=DIRECTION('',(0.,1.,8.53702498020082E-17));
#15984=DIRECTION('',(0.,-8.53702498020082E-17,1.));
#15985=DIRECTION('',(0.,-1.,-8.53702498020082E-17));
#15986=DIRECTION('',(-1.,0.,0.));
#15987=DIRECTION('',(0.,0.,1.));
#15988=DIRECTION('',(0.,1.,8.53702498020082E-17));
#15989=DIRECTION('',(0.,1.,8.53702498020082E-17));
#15990=DIRECTION('',(0.,8.53702498020082E-17,-1.));
#15991=DIRECTION('',(0.,1.,8.53702498020082E-17));
#15992=DIRECTION('',(0.,1.,8.53702498020082E-17));
#15993=DIRECTION('',(1.,0.,0.));
#15994=DIRECTION('',(0.,0.,-1.));
#15995=DIRECTION('',(0.,1.,8.53702498020082E-17));
#15996=DIRECTION('',(0.,-8.53702498020082E-17,1.));
#15997=DIRECTION('',(0.,-1.,-8.53702498020082E-17));
#15998=DIRECTION('',(-1.,0.,0.));
#15999=DIRECTION('',(0.,0.,1.));
#16000=DIRECTION('',(0.,1.,8.53702498020082E-17));
#16001=DIRECTION('',(0.,1.,8.53702498020082E-17));
#16002=DIRECTION('',(0.,8.53702498020082E-17,-1.));
#16003=DIRECTION('',(0.,1.,8.53702498020082E-17));
#16004=DIRECTION('',(0.,1.,8.53702498020082E-17));
#16005=DIRECTION('',(1.,0.,0.));
#16006=DIRECTION('',(0.,0.,-1.));
#16007=DIRECTION('',(0.,1.,8.53702498020082E-17));
#16008=DIRECTION('',(0.,-8.53702498020082E-17,1.));
#16009=DIRECTION('',(0.,-1.,-8.53702498020082E-17));
#16010=DIRECTION('',(-1.,0.,0.));
#16011=DIRECTION('',(0.,0.,1.));
#16012=DIRECTION('',(0.,1.,8.53702498020082E-17));
#16013=DIRECTION('',(0.,1.,8.53702498020082E-17));
#16014=DIRECTION('',(0.,8.53702498020082E-17,-1.));
#16015=DIRECTION('',(0.,1.,8.53702498020082E-17));
#16016=DIRECTION('',(0.,1.,8.53702498020082E-17));
#16017=DIRECTION('',(1.,0.,0.));
#16018=DIRECTION('',(0.,0.,-1.));
#16019=DIRECTION('',(0.,1.,8.53702498020082E-17));
#16020=DIRECTION('',(0.,-8.53702498020082E-17,1.));
#16021=DIRECTION('',(0.,-1.,-8.53702498020082E-17));
#16022=DIRECTION('',(-1.,0.,0.));
#16023=DIRECTION('',(0.,0.,1.));
#16024=DIRECTION('',(0.,1.,8.53702498020082E-17));
#16025=DIRECTION('',(0.,1.,8.53702498020082E-17));
#16026=DIRECTION('',(0.,8.53702498020082E-17,-1.));
#16027=DIRECTION('',(0.,1.,8.53702498020082E-17));
#16028=DIRECTION('',(0.,1.,8.53702498020082E-17));
#16029=DIRECTION('',(1.,0.,0.));
#16030=DIRECTION('',(0.,0.,-1.));
#16031=DIRECTION('',(0.,1.,8.53702498020082E-17));
#16032=DIRECTION('',(0.,-8.53702498020082E-17,1.));
#16033=DIRECTION('',(0.,-1.,-8.53702498020082E-17));
#16034=DIRECTION('',(-1.,0.,0.));
#16035=DIRECTION('',(0.,0.,1.));
#16036=DIRECTION('',(0.,1.,8.53702498020082E-17));
#16037=DIRECTION('',(0.,1.,8.53702498020082E-17));
#16038=DIRECTION('',(0.,8.53702498020082E-17,-1.));
#16039=DIRECTION('',(0.,1.,8.53702498020082E-17));
#16040=DIRECTION('',(0.,1.,8.53702498020082E-17));
#16041=DIRECTION('',(1.,0.,0.));
#16042=DIRECTION('',(0.,0.,-1.));
#16043=DIRECTION('',(0.,1.,8.53702498020082E-17));
#16044=DIRECTION('',(0.,-8.53702498020082E-17,1.));
#16045=DIRECTION('',(0.,-1.,-8.53702498020082E-17));
#16046=DIRECTION('',(-1.,0.,0.));
#16047=DIRECTION('',(0.,0.,1.));
#16048=DIRECTION('',(0.,1.,8.53702498020082E-17));
#16049=DIRECTION('',(0.,1.,8.53702498020082E-17));
#16050=DIRECTION('',(0.,8.53702498020082E-17,-1.));
#16051=DIRECTION('',(0.,1.,8.53702498020082E-17));
#16052=DIRECTION('',(0.,1.,8.53702498020082E-17));
#16053=DIRECTION('',(1.,0.,0.));
#16054=DIRECTION('',(0.,0.,-1.));
#16055=DIRECTION('',(0.,1.,8.53702498020082E-17));
#16056=DIRECTION('',(0.,-8.53702498020082E-17,1.));
#16057=DIRECTION('',(0.,-1.,-8.53702498020082E-17));
#16058=DIRECTION('',(-1.,0.,0.));
#16059=DIRECTION('',(0.,0.,1.));
#16060=DIRECTION('',(0.,1.,8.53702498020082E-17));
#16061=DIRECTION('',(0.,1.,8.53702498020082E-17));
#16062=DIRECTION('',(0.,8.53702498020082E-17,-1.));
#16063=DIRECTION('',(0.,1.,8.53702498020082E-17));
#16064=DIRECTION('',(0.,1.,8.53702498020082E-17));
#16065=DIRECTION('',(1.,0.,0.));
#16066=DIRECTION('',(0.,0.,-1.));
#16067=DIRECTION('',(0.,1.,8.53702498020082E-17));
#16068=DIRECTION('',(0.,-8.53702498020082E-17,1.));
#16069=DIRECTION('',(0.,-1.,-8.53702498020082E-17));
#16070=DIRECTION('',(-1.,0.,0.));
#16071=DIRECTION('',(0.,0.,1.));
#16072=DIRECTION('',(0.,1.,8.53702498020082E-17));
#16073=DIRECTION('',(0.,1.,8.53702498020082E-17));
#16074=DIRECTION('',(0.,8.53702498020082E-17,-1.));
#16075=DIRECTION('',(0.,1.,8.53702498020082E-17));
#16076=DIRECTION('',(0.,1.,8.53702498020082E-17));
#16077=DIRECTION('',(1.,0.,0.));
#16078=DIRECTION('',(0.,0.,-1.));
#16079=DIRECTION('',(0.,1.,8.53702498020082E-17));
#16080=DIRECTION('',(0.,-8.53702498020082E-17,1.));
#16081=DIRECTION('',(0.,-1.,-8.53702498020082E-17));
#16082=DIRECTION('',(-1.,0.,0.));
#16083=DIRECTION('',(0.,0.,1.));
#16084=DIRECTION('',(0.,1.,8.53702498020082E-17));
#16085=DIRECTION('',(0.,1.,8.53702498020082E-17));
#16086=DIRECTION('',(0.,8.53702498020082E-17,-1.));
#16087=DIRECTION('',(0.,1.,8.53702498020082E-17));
#16088=DIRECTION('',(0.,1.,8.53702498020082E-17));
#16089=DIRECTION('',(1.,0.,0.));
#16090=DIRECTION('',(0.,0.,-1.));
#16091=DIRECTION('',(0.,1.,8.53702498020082E-17));
#16092=DIRECTION('',(0.,-8.53702498020082E-17,1.));
#16093=DIRECTION('',(0.,-1.,-8.53702498020082E-17));
#16094=DIRECTION('',(-1.,0.,0.));
#16095=DIRECTION('',(0.,0.,1.));
#16096=DIRECTION('',(0.,1.,8.53702498020082E-17));
#16097=DIRECTION('',(0.,1.,8.53702498020082E-17));
#16098=DIRECTION('',(0.,8.53702498020082E-17,-1.));
#16099=DIRECTION('',(0.,1.,8.53702498020082E-17));
#16100=DIRECTION('',(0.,1.,8.53702498020082E-17));
#16101=DIRECTION('',(1.,0.,0.));
#16102=DIRECTION('',(0.,0.,-1.));
#16103=DIRECTION('',(0.,1.,8.53702498020082E-17));
#16104=DIRECTION('',(0.,-8.53702498020082E-17,1.));
#16105=DIRECTION('',(0.,-1.,-8.53702498020082E-17));
#16106=DIRECTION('',(-1.,0.,0.));
#16107=DIRECTION('',(0.,0.,1.));
#16108=DIRECTION('',(0.,1.,8.53702498020082E-17));
#16109=DIRECTION('',(0.,1.,8.53702498020082E-17));
#16110=DIRECTION('',(0.,8.53702498020082E-17,-1.));
#16111=DIRECTION('',(0.,1.,8.53702498020082E-17));
#16112=DIRECTION('',(0.,1.,8.53702498020082E-17));
#16113=DIRECTION('',(1.,0.,0.));
#16114=DIRECTION('',(0.,0.,-1.));
#16115=DIRECTION('',(0.,1.,8.53702498020082E-17));
#16116=DIRECTION('',(0.,-8.53702498020082E-17,1.));
#16117=DIRECTION('',(0.,-1.,-8.53702498020082E-17));
#16118=DIRECTION('',(-1.,0.,0.));
#16119=DIRECTION('',(0.,0.,1.));
#16120=DIRECTION('',(0.,1.,8.53702498020082E-17));
#16121=DIRECTION('',(0.,1.,8.53702498020082E-17));
#16122=DIRECTION('',(0.,8.53702498020082E-17,-1.));
#16123=DIRECTION('',(0.,1.,8.53702498020082E-17));
#16124=DIRECTION('',(0.,1.,8.53702498020082E-17));
#16125=DIRECTION('',(1.,0.,0.));
#16126=DIRECTION('',(0.,0.,-1.));
#16127=DIRECTION('',(0.,1.,8.53702498020082E-17));
#16128=DIRECTION('',(0.,-8.53702498020082E-17,1.));
#16129=DIRECTION('',(0.,-1.,-8.53702498020082E-17));
#16130=DIRECTION('',(-1.,0.,0.));
#16131=DIRECTION('',(0.,0.,1.));
#16132=DIRECTION('',(0.,1.,8.53702498020082E-17));
#16133=DIRECTION('',(0.,1.,8.53702498020082E-17));
#16134=DIRECTION('',(0.,8.53702498020082E-17,-1.));
#16135=DIRECTION('',(0.,1.,8.53702498020082E-17));
#16136=DIRECTION('',(0.,1.,8.53702498020082E-17));
#16137=DIRECTION('',(1.,0.,0.));
#16138=DIRECTION('',(0.,0.,-1.));
#16139=DIRECTION('',(0.,1.,8.53702498020082E-17));
#16140=DIRECTION('',(0.,-8.53702498020082E-17,1.));
#16141=DIRECTION('',(0.,-1.,-8.53702498020082E-17));
#16142=DIRECTION('',(-1.,0.,0.));
#16143=DIRECTION('',(0.,0.,1.));
#16144=DIRECTION('',(0.,1.,8.53702498020082E-17));
#16145=DIRECTION('',(0.,1.,8.53702498020082E-17));
#16146=DIRECTION('',(0.,8.53702498020082E-17,-1.));
#16147=DIRECTION('',(0.,1.,8.53702498020082E-17));
#16148=DIRECTION('',(0.,1.,8.53702498020082E-17));
#16149=DIRECTION('',(1.,0.,0.));
#16150=DIRECTION('',(0.,0.,-1.));
#16151=DIRECTION('',(0.,1.,8.53702498020082E-17));
#16152=DIRECTION('',(0.,-8.53702498020082E-17,1.));
#16153=DIRECTION('',(0.,-1.,-8.53702498020082E-17));
#16154=DIRECTION('',(-1.,0.,0.));
#16155=DIRECTION('',(0.,0.,1.));
#16156=DIRECTION('',(0.,1.,8.53702498020082E-17));
#16157=DIRECTION('',(0.,1.,8.53702498020082E-17));
#16158=DIRECTION('',(0.,8.53702498020082E-17,-1.));
#16159=DIRECTION('',(0.,1.,8.53702498020082E-17));
#16160=DIRECTION('',(0.,1.,8.53702498020082E-17));
#16161=DIRECTION('',(1.,0.,0.));
#16162=DIRECTION('',(0.,0.,-1.));
#16163=DIRECTION('',(0.,1.,8.53702498020082E-17));
#16164=DIRECTION('',(0.,-8.53702498020082E-17,1.));
#16165=DIRECTION('',(0.,-1.,-8.53702498020082E-17));
#16166=DIRECTION('',(-1.,0.,0.));
#16167=DIRECTION('',(0.,0.,1.));
#16168=DIRECTION('',(0.,1.,8.53702498020082E-17));
#16169=DIRECTION('',(0.,1.,8.53702498020082E-17));
#16170=DIRECTION('',(0.,8.53702498020082E-17,-1.));
#16171=DIRECTION('',(0.,1.,8.53702498020082E-17));
#16172=DIRECTION('',(0.,1.,8.53702498020082E-17));
#16173=DIRECTION('',(1.,0.,0.));
#16174=DIRECTION('',(0.,0.,-1.));
#16175=DIRECTION('',(0.,1.,8.53702498020082E-17));
#16176=DIRECTION('',(0.,-8.53702498020082E-17,1.));
#16177=DIRECTION('',(0.,-1.,-8.53702498020082E-17));
#16178=DIRECTION('',(-1.,0.,0.));
#16179=DIRECTION('',(0.,0.,1.));
#16180=DIRECTION('',(0.,1.,8.53702498020082E-17));
#16181=DIRECTION('',(0.,1.,8.53702498020082E-17));
#16182=DIRECTION('',(0.,8.53702498020082E-17,-1.));
#16183=DIRECTION('',(0.,1.,8.53702498020082E-17));
#16184=DIRECTION('',(0.,1.,8.53702498020082E-17));
#16185=DIRECTION('',(1.,0.,0.));
#16186=DIRECTION('',(0.,0.,-1.));
#16187=DIRECTION('',(0.,1.,8.53702498020082E-17));
#16188=DIRECTION('',(0.,-8.53702498020082E-17,1.));
#16189=DIRECTION('',(0.,-1.,-8.53702498020082E-17));
#16190=DIRECTION('',(-1.,0.,0.));
#16191=DIRECTION('',(0.,0.,1.));
#16192=DIRECTION('',(0.,1.,8.53702498020082E-17));
#16193=DIRECTION('',(0.,1.,8.53702498020082E-17));
#16194=DIRECTION('',(0.,8.53702498020082E-17,-1.));
#16195=DIRECTION('',(0.,1.,8.53702498020082E-17));
#16196=DIRECTION('',(0.,1.,8.53702498020082E-17));
#16197=DIRECTION('',(1.,0.,0.));
#16198=DIRECTION('',(0.,0.,-1.));
#16199=DIRECTION('',(0.,1.,8.53702498020082E-17));
#16200=DIRECTION('',(0.,-8.53702498020082E-17,1.));
#16201=DIRECTION('',(0.,-1.,-8.53702498020082E-17));
#16202=DIRECTION('',(-1.,0.,0.));
#16203=DIRECTION('',(0.,0.,1.));
#16204=DIRECTION('',(0.,1.,8.53702498020082E-17));
#16205=DIRECTION('',(0.,1.,8.53702498020082E-17));
#16206=DIRECTION('',(0.,8.53702498020082E-17,-1.));
#16207=DIRECTION('',(0.,1.,8.53702498020082E-17));
#16208=DIRECTION('',(0.,1.,8.53702498020082E-17));
#16209=DIRECTION('',(1.,0.,0.));
#16210=DIRECTION('',(0.,0.,-1.));
#16211=DIRECTION('',(0.,1.,8.53702498020082E-17));
#16212=DIRECTION('',(0.,-8.53702498020082E-17,1.));
#16213=DIRECTION('',(0.,-1.,-8.53702498020082E-17));
#16214=DIRECTION('',(-1.,0.,0.));
#16215=DIRECTION('',(0.,0.,1.));
#16216=DIRECTION('',(0.,1.,8.53702498020082E-17));
#16217=DIRECTION('',(0.,1.,8.53702498020082E-17));
#16218=DIRECTION('',(0.,8.53702498020082E-17,-1.));
#16219=DIRECTION('',(0.,1.,8.53702498020082E-17));
#16220=DIRECTION('',(0.,1.,8.53702498020082E-17));
#16221=DIRECTION('',(1.,0.,0.));
#16222=DIRECTION('',(0.,0.,-1.));
#16223=DIRECTION('',(0.,1.,8.53702498020082E-17));
#16224=DIRECTION('',(0.,-8.53702498020082E-17,1.));
#16225=DIRECTION('',(0.,-1.,-8.53702498020082E-17));
#16226=DIRECTION('',(-1.,0.,0.));
#16227=DIRECTION('',(0.,0.,1.));
#16228=DIRECTION('',(0.,1.,8.53702498020082E-17));
#16229=DIRECTION('',(0.,1.,8.53702498020082E-17));
#16230=DIRECTION('',(0.,8.53702498020082E-17,-1.));
#16231=DIRECTION('',(0.,1.,8.53702498020082E-17));
#16232=DIRECTION('',(0.,1.,8.53702498020082E-17));
#16233=DIRECTION('',(1.,0.,0.));
#16234=DIRECTION('',(0.,0.,-1.));
#16235=DIRECTION('',(0.,1.,8.53702498020082E-17));
#16236=DIRECTION('',(0.,-8.53702498020082E-17,1.));
#16237=DIRECTION('',(0.,-1.,-8.53702498020082E-17));
#16238=DIRECTION('',(-1.,0.,0.));
#16239=DIRECTION('',(0.,0.,1.));
#16240=DIRECTION('',(0.,1.,8.53702498020082E-17));
#16241=DIRECTION('',(0.,1.,8.53702498020082E-17));
#16242=DIRECTION('',(0.,8.53702498020082E-17,-1.));
#16243=DIRECTION('',(0.,1.,8.53702498020082E-17));
#16244=DIRECTION('',(0.,1.,8.53702498020082E-17));
#16245=DIRECTION('',(1.,0.,0.));
#16246=DIRECTION('',(0.,0.,-1.));
#16247=DIRECTION('',(0.,1.,8.53702498020082E-17));
#16248=DIRECTION('',(0.,-8.53702498020082E-17,1.));
#16249=DIRECTION('',(0.,-1.,-8.53702498020082E-17));
#16250=DIRECTION('',(-1.,0.,0.));
#16251=DIRECTION('',(0.,0.,1.));
#16252=DIRECTION('',(0.,1.,8.53702498020082E-17));
#16253=DIRECTION('',(0.,1.,8.53702498020082E-17));
#16254=DIRECTION('',(0.,8.53702498020082E-17,-1.));
#16255=DIRECTION('',(0.,1.,8.53702498020082E-17));
#16256=DIRECTION('',(0.,1.,8.53702498020082E-17));
#16257=DIRECTION('',(1.,0.,0.));
#16258=DIRECTION('',(0.,0.,-1.));
#16259=DIRECTION('',(0.,1.,8.53702498020082E-17));
#16260=DIRECTION('',(0.,-8.53702498020082E-17,1.));
#16261=DIRECTION('',(0.,-1.,-8.53702498020082E-17));
#16262=DIRECTION('',(-1.,0.,0.));
#16263=DIRECTION('',(0.,0.,1.));
#16264=DIRECTION('',(0.,1.,8.53702498020082E-17));
#16265=DIRECTION('',(0.,1.,8.53702498020082E-17));
#16266=DIRECTION('',(0.,8.53702498020082E-17,-1.));
#16267=DIRECTION('',(0.,1.,8.53702498020082E-17));
#16268=DIRECTION('',(0.,1.,8.53702498020082E-17));
#16269=DIRECTION('',(1.,0.,0.));
#16270=DIRECTION('',(0.,0.,-1.));
#16271=DIRECTION('',(0.,1.,8.53702498020082E-17));
#16272=DIRECTION('',(0.,-8.53702498020082E-17,1.));
#16273=DIRECTION('',(0.,-1.,-8.53702498020082E-17));
#16274=DIRECTION('',(-1.,0.,0.));
#16275=DIRECTION('',(0.,0.,1.));
#16276=DIRECTION('',(0.,1.,8.53702498020082E-17));
#16277=DIRECTION('',(0.,1.,8.53702498020082E-17));
#16278=DIRECTION('',(0.,8.53702498020082E-17,-1.));
#16279=DIRECTION('',(0.,1.,8.53702498020082E-17));
#16280=DIRECTION('',(0.,1.,8.53702498020082E-17));
#16281=DIRECTION('',(1.,0.,0.));
#16282=DIRECTION('',(0.,0.,-1.));
#16283=DIRECTION('',(0.,1.,8.53702498020082E-17));
#16284=DIRECTION('',(0.,-8.53702498020082E-17,1.));
#16285=DIRECTION('',(0.,-1.,-8.53702498020082E-17));
#16286=DIRECTION('',(-1.,0.,0.));
#16287=DIRECTION('',(0.,0.,1.));
#16288=DIRECTION('',(0.,1.,8.53702498020082E-17));
#16289=DIRECTION('',(0.,1.,8.53702498020082E-17));
#16290=DIRECTION('',(0.,8.53702498020082E-17,-1.));
#16291=DIRECTION('',(0.,1.,8.53702498020082E-17));
#16292=DIRECTION('',(0.,1.,8.53702498020082E-17));
#16293=DIRECTION('',(1.,0.,0.));
#16294=DIRECTION('',(0.,0.,-1.));
#16295=DIRECTION('',(0.,1.,8.53702498020082E-17));
#16296=DIRECTION('',(0.,-8.53702498020082E-17,1.));
#16297=DIRECTION('',(0.,-1.,-8.53702498020082E-17));
#16298=DIRECTION('',(-1.,0.,0.));
#16299=DIRECTION('',(0.,0.,1.));
#16300=DIRECTION('',(0.,1.,8.53702498020082E-17));
#16301=DIRECTION('',(0.,1.,8.53702498020082E-17));
#16302=DIRECTION('',(0.,8.53702498020082E-17,-1.));
#16303=DIRECTION('',(0.,1.,8.53702498020082E-17));
#16304=DIRECTION('',(0.,1.,8.53702498020082E-17));
#16305=DIRECTION('',(1.,0.,0.));
#16306=DIRECTION('',(0.,0.,-1.));
#16307=DIRECTION('',(0.,1.,8.53702498020082E-17));
#16308=DIRECTION('',(0.,-8.53702498020082E-17,1.));
#16309=DIRECTION('',(0.,-1.,-8.53702498020082E-17));
#16310=DIRECTION('',(-1.,0.,0.));
#16311=DIRECTION('',(0.,0.,1.));
#16312=DIRECTION('',(0.,1.,8.53702498020082E-17));
#16313=DIRECTION('',(0.,1.,8.53702498020082E-17));
#16314=DIRECTION('',(0.,8.53702498020082E-17,-1.));
#16315=DIRECTION('',(0.,1.,8.53702498020082E-17));
#16316=DIRECTION('',(0.,1.,8.53702498020082E-17));
#16317=DIRECTION('',(1.,0.,0.));
#16318=DIRECTION('',(0.,0.,-1.));
#16319=DIRECTION('',(0.,1.,8.53702498020082E-17));
#16320=DIRECTION('',(0.,-8.53702498020082E-17,1.));
#16321=DIRECTION('',(0.,-1.,-8.53702498020082E-17));
#16322=DIRECTION('',(-1.,0.,0.));
#16323=DIRECTION('',(0.,0.,1.));
#16324=DIRECTION('',(0.,1.,8.53702498020082E-17));
#16325=DIRECTION('',(0.,1.,8.53702498020082E-17));
#16326=DIRECTION('',(0.,8.53702498020082E-17,-1.));
#16327=DIRECTION('',(0.,1.,8.53702498020082E-17));
#16328=DIRECTION('',(0.,1.,8.53702498020082E-17));
#16329=DIRECTION('',(1.,0.,0.));
#16330=DIRECTION('',(0.,0.,-1.));
#16331=DIRECTION('',(0.,1.,8.53702498020082E-17));
#16332=DIRECTION('',(0.,-8.53702498020082E-17,1.));
#16333=DIRECTION('',(0.,-1.,-8.53702498020082E-17));
#16334=DIRECTION('',(-1.,0.,0.));
#16335=DIRECTION('',(0.,0.,1.));
#16336=DIRECTION('',(0.,1.,8.53702498020082E-17));
#16337=DIRECTION('',(0.,1.,8.53702498020082E-17));
#16338=DIRECTION('',(0.,8.53702498020082E-17,-1.));
#16339=DIRECTION('',(0.,1.,8.53702498020082E-17));
#16340=DIRECTION('',(0.,1.,8.53702498020082E-17));
#16341=DIRECTION('',(1.,0.,0.));
#16342=DIRECTION('',(0.,0.,-1.));
#16343=DIRECTION('',(0.,1.,8.53702498020082E-17));
#16344=DIRECTION('',(0.,-8.53702498020082E-17,1.));
#16345=DIRECTION('',(0.,-1.,-8.53702498020082E-17));
#16346=DIRECTION('',(-1.,0.,0.));
#16347=DIRECTION('',(0.,0.,1.));
#16348=DIRECTION('',(0.,1.,8.53702498020082E-17));
#16349=DIRECTION('',(0.,1.,8.53702498020082E-17));
#16350=DIRECTION('',(0.,8.53702498020082E-17,-1.));
#16351=DIRECTION('',(0.,1.,8.53702498020082E-17));
#16352=DIRECTION('',(0.,1.,8.53702498020082E-17));
#16353=DIRECTION('',(1.,0.,0.));
#16354=DIRECTION('',(0.,0.,-1.));
#16355=DIRECTION('',(0.,1.,8.53702498020082E-17));
#16356=DIRECTION('',(0.,-8.53702498020082E-17,1.));
#16357=DIRECTION('',(0.,-1.,-8.53702498020082E-17));
#16358=DIRECTION('',(-1.,0.,0.));
#16359=DIRECTION('',(0.,0.,1.));
#16360=DIRECTION('',(0.,1.,8.53702498020082E-17));
#16361=DIRECTION('',(0.,1.,8.53702498020082E-17));
#16362=DIRECTION('',(0.,8.53702498020082E-17,-1.));
#16363=DIRECTION('',(0.,1.,8.53702498020082E-17));
#16364=DIRECTION('',(0.,1.,8.53702498020082E-17));
#16365=DIRECTION('',(1.,0.,0.));
#16366=DIRECTION('',(0.,0.,-1.));
#16367=DIRECTION('',(0.,1.,8.53702498020082E-17));
#16368=DIRECTION('',(0.,-8.53702498020082E-17,1.));
#16369=DIRECTION('',(0.,-1.,-8.53702498020082E-17));
#16370=DIRECTION('',(-1.,0.,0.));
#16371=DIRECTION('',(0.,0.,1.));
#16372=DIRECTION('',(0.,1.,8.53702498020082E-17));
#16373=DIRECTION('',(0.,1.,8.53702498020082E-17));
#16374=DIRECTION('',(0.,8.53702498020082E-17,-1.));
#16375=DIRECTION('',(0.,1.,8.53702498020082E-17));
#16376=DIRECTION('',(0.,1.,8.53702498020082E-17));
#16377=DIRECTION('',(1.,0.,0.));
#16378=DIRECTION('',(0.,0.,-1.));
#16379=DIRECTION('',(0.,1.,8.53702498020082E-17));
#16380=DIRECTION('',(0.,-8.53702498020082E-17,1.));
#16381=DIRECTION('',(0.,-1.,-8.53702498020082E-17));
#16382=DIRECTION('',(-1.,0.,0.));
#16383=DIRECTION('',(0.,0.,1.));
#16384=DIRECTION('',(0.,1.,8.53702498020082E-17));
#16385=DIRECTION('',(0.,1.,8.53702498020082E-17));
#16386=DIRECTION('',(0.,8.53702498020082E-17,-1.));
#16387=DIRECTION('',(0.,1.,8.53702498020082E-17));
#16388=DIRECTION('',(0.,1.,8.53702498020082E-17));
#16389=DIRECTION('',(1.,0.,0.));
#16390=DIRECTION('',(0.,0.,-1.));
#16391=DIRECTION('',(0.,1.,8.53702498020082E-17));
#16392=DIRECTION('',(0.,-8.53702498020082E-17,1.));
#16393=DIRECTION('',(0.,-1.,-8.53702498020082E-17));
#16394=DIRECTION('',(-1.,0.,0.));
#16395=DIRECTION('',(0.,0.,1.));
#16396=DIRECTION('',(0.,1.,8.53702498020082E-17));
#16397=DIRECTION('',(0.,1.,8.53702498020082E-17));
#16398=DIRECTION('',(0.,8.53702498020082E-17,-1.));
#16399=DIRECTION('',(0.,1.,8.53702498020082E-17));
#16400=DIRECTION('',(0.,1.,8.53702498020082E-17));
#16401=DIRECTION('',(1.,0.,0.));
#16402=DIRECTION('',(0.,0.,-1.));
#16403=DIRECTION('',(0.,1.,8.53702498020082E-17));
#16404=DIRECTION('',(0.,-8.53702498020082E-17,1.));
#16405=DIRECTION('',(0.,-1.,-8.53702498020082E-17));
#16406=DIRECTION('',(-1.,0.,0.));
#16407=DIRECTION('',(0.,0.,1.));
#16408=DIRECTION('',(0.,1.,8.53702498020082E-17));
#16409=DIRECTION('',(0.,1.,8.53702498020082E-17));
#16410=DIRECTION('',(0.,8.53702498020082E-17,-1.));
#16411=DIRECTION('',(0.,1.,8.53702498020082E-17));
#16412=DIRECTION('',(0.,1.,8.53702498020082E-17));
#16413=DIRECTION('',(1.,0.,0.));
#16414=DIRECTION('',(0.,0.,-1.));
#16415=DIRECTION('',(0.,1.,8.53702498020082E-17));
#16416=DIRECTION('',(0.,-8.53702498020082E-17,1.));
#16417=DIRECTION('',(0.,-1.,-8.53702498020082E-17));
#16418=DIRECTION('',(-1.,0.,0.));
#16419=DIRECTION('',(0.,0.,1.));
#16420=DIRECTION('',(0.,1.,8.53702498020082E-17));
#16421=DIRECTION('',(0.,1.,8.53702498020082E-17));
#16422=DIRECTION('',(0.,8.53702498020082E-17,-1.));
#16423=DIRECTION('',(0.,1.,8.53702498020082E-17));
#16424=DIRECTION('',(0.,1.,8.53702498020082E-17));
#16425=DIRECTION('',(1.,0.,0.));
#16426=DIRECTION('',(0.,0.,-1.));
#16427=DIRECTION('',(0.,1.,8.53702498020082E-17));
#16428=DIRECTION('',(0.,-8.53702498020082E-17,1.));
#16429=DIRECTION('',(0.,-1.,-8.53702498020082E-17));
#16430=DIRECTION('',(-1.,0.,0.));
#16431=DIRECTION('',(0.,0.,1.));
#16432=DIRECTION('',(0.,1.,8.53702498020082E-17));
#16433=DIRECTION('',(0.,1.,8.53702498020082E-17));
#16434=DIRECTION('',(0.,8.53702498020082E-17,-1.));
#16435=DIRECTION('',(0.,1.,8.53702498020082E-17));
#16436=DIRECTION('',(0.,1.,8.53702498020082E-17));
#16437=DIRECTION('',(1.,0.,0.));
#16438=DIRECTION('',(0.,0.,-1.));
#16439=DIRECTION('',(0.,1.,8.53702498020082E-17));
#16440=DIRECTION('',(0.,-8.53702498020082E-17,1.));
#16441=DIRECTION('',(0.,-1.,-8.53702498020082E-17));
#16442=DIRECTION('',(-1.,0.,0.));
#16443=DIRECTION('',(0.,0.,1.));
#16444=DIRECTION('',(0.,1.,8.53702498020082E-17));
#16445=DIRECTION('',(0.,1.,8.53702498020082E-17));
#16446=DIRECTION('',(0.,8.53702498020082E-17,-1.));
#16447=DIRECTION('',(0.,1.,8.53702498020082E-17));
#16448=DIRECTION('',(0.,1.,8.53702498020082E-17));
#16449=DIRECTION('',(1.,0.,0.));
#16450=DIRECTION('',(0.,0.,-1.));
#16451=DIRECTION('',(0.,1.,8.53702498020082E-17));
#16452=DIRECTION('',(0.,-8.53702498020082E-17,1.));
#16453=DIRECTION('',(0.,-1.,-8.53702498020082E-17));
#16454=DIRECTION('',(-1.,0.,0.));
#16455=DIRECTION('',(0.,0.,1.));
#16456=DIRECTION('',(0.,1.,8.53702498020082E-17));
#16457=DIRECTION('',(0.,1.,8.53702498020082E-17));
#16458=DIRECTION('',(0.,8.53702498020082E-17,-1.));
#16459=DIRECTION('',(0.,1.,8.53702498020082E-17));
#16460=DIRECTION('',(0.,1.,8.53702498020082E-17));
#16461=DIRECTION('',(1.,0.,0.));
#16462=DIRECTION('',(0.,0.,-1.));
#16463=DIRECTION('',(0.,1.,8.53702498020082E-17));
#16464=DIRECTION('',(0.,-8.53702498020082E-17,1.));
#16465=DIRECTION('',(0.,-1.,-8.53702498020082E-17));
#16466=DIRECTION('',(-1.,0.,0.));
#16467=DIRECTION('',(0.,0.,1.));
#16468=DIRECTION('',(0.,1.,8.53702498020082E-17));
#16469=DIRECTION('',(0.,1.,8.53702498020082E-17));
#16470=DIRECTION('',(0.,8.53702498020082E-17,-1.));
#16471=DIRECTION('',(0.,1.,8.53702498020082E-17));
#16472=DIRECTION('',(0.,1.,8.53702498020082E-17));
#16473=DIRECTION('',(1.,0.,0.));
#16474=DIRECTION('',(0.,0.,-1.));
#16475=DIRECTION('',(0.,1.,8.53702498020082E-17));
#16476=DIRECTION('',(0.,-8.53702498020082E-17,1.));
#16477=DIRECTION('',(0.,-1.,-8.53702498020082E-17));
#16478=DIRECTION('',(0.,0.,1.));
#16479=DIRECTION('',(1.,0.,0.));
#16480=DIRECTION('',(0.,0.,-1.));
#16481=DIRECTION('',(-1.,0.,0.));
#16482=DIRECTION('',(0.,1.,0.));
#16483=DIRECTION('',(-1.,0.,0.));
#16484=DIRECTION('',(0.,-1.,0.));
#16485=DIRECTION('',(1.,0.,0.));
#16486=DIRECTION('',(1.,0.,-7.51613291151129E-17));
#16487=DIRECTION('',(-7.51613291151129E-17,0.,-1.));
#16488=DIRECTION('',(-7.51613291151129E-17,0.,-1.));
#16489=DIRECTION('',(0.,-1.,0.));
#16490=DIRECTION('',(-7.51613291151129E-17,0.,-1.));
#16491=DIRECTION('',(0.,1.,0.));
#16492=DIRECTION('',(-8.13151629364136E-15,0.,1.));
#16493=DIRECTION('',(1.,0.,8.13151629364136E-15));
#16494=DIRECTION('',(0.,-1.,0.));
#16495=DIRECTION('',(-1.,0.,-8.13151629364136E-15));
#16496=DIRECTION('',(0.,1.,0.));
#16497=DIRECTION('',(1.,0.,8.13151629364136E-15));
#16498=DIRECTION('',(-1.,0.,0.));
#16499=DIRECTION('',(0.,0.,1.));
#16500=DIRECTION('',(0.,0.,1.));
#16501=DIRECTION('',(0.,1.,0.));
#16502=DIRECTION('',(0.,0.,1.));
#16503=DIRECTION('',(0.,-1.,0.));
#16504=DIRECTION('',(0.,-1.,0.));
#16505=DIRECTION('',(0.,0.,-1.));
#16506=DIRECTION('',(1.,0.,8.13151629364136E-15));
#16507=DIRECTION('',(-1.,0.,0.));
#16508=DIRECTION('',(0.,-1.,0.));
#16509=DIRECTION('',(0.,0.,-1.));
#16510=DIRECTION('',(-1.,0.,-8.13151629364136E-15));
#16511=DIRECTION('',(1.,0.,0.));
#16512=DIRECTION('',(-5.74985031256271E-15,-0.707106781186547,0.707106781186548));
#16513=DIRECTION('',(1.,0.,8.13151629364136E-15));
#16514=DIRECTION('',(0.577350269189625,0.577350269189625,0.577350269189628));
#16515=DIRECTION('',(-0.577350269189626,0.577350269189629,0.577350269189623));
#16516=DIRECTION('',(0.707106781186546,0.,0.707106781186549));
#16517=DIRECTION('',(0.,1.,0.));
#16518=DIRECTION('',(0.577350269189626,0.577350269189629,-0.577350269189623));
#16519=DIRECTION('',(-0.70710678118655,0.,0.707106781186545));
#16520=DIRECTION('',(0.,1.,0.));
#16521=DIRECTION('',(0.577350269189624,-0.577350269189625,0.577350269189628));
#16522=DIRECTION('',(5.74985031256271E-15,-0.707106781186547,-0.707106781186548));
#16523=DIRECTION('',(-1.,0.,-8.13151629364136E-15));
#16524=DIRECTION('',(0.,-0.707106781186547,0.707106781186548));
#16525=DIRECTION('',(1.,0.,0.));
#16526=DIRECTION('',(0.577350269189626,0.577350269189626,0.577350269189625));
#16527=DIRECTION('',(-0.577350269189621,0.577350269189629,0.577350269189628));
#16528=DIRECTION('',(-0.707106781186552,0.,-0.707106781186543));
#16529=DIRECTION('',(0.,1.,0.));
#16530=DIRECTION('',(-0.577350269189621,-0.577350269189629,0.577350269189628));
#16531=DIRECTION('',(0.707106781186547,0.,-0.707106781186548));
#16532=DIRECTION('',(0.,1.,0.));
#16533=DIRECTION('',(-0.577350269189626,0.577350269189626,-0.577350269189625));
#16534=DIRECTION('',(0.,-0.707106781186547,-0.707106781186548));
#16535=DIRECTION('',(-1.,0.,0.));
#16536=DIRECTION('',(3.88578058618805E-16,-1.,-2.22044604925031E-16));
#16537=DIRECTION('',(1.,3.88578058618805E-16,-2.77555756156289E-16));
#16538=DIRECTION('',(3.88578058618805E-16,-1.,-2.22044604925031E-16));
#16539=DIRECTION('',(1.,3.88578058618805E-16,-2.77555756156289E-16));
#16540=DIRECTION('',(3.88578058618805E-16,-1.,-2.22044604925031E-16));
#16541=DIRECTION('',(1.,3.88578058618805E-16,-2.77555756156289E-16));
#16542=DIRECTION('',(3.88578058618805E-16,-1.,-2.22044604925031E-16));
#16543=DIRECTION('',(1.,3.88578058618805E-16,-2.77555756156289E-16));
#16544=DIRECTION('',(3.88578058618805E-16,-1.,-2.22044604925031E-16));
#16545=DIRECTION('',(1.,3.88578058618805E-16,-2.77555756156289E-16));
#16546=DIRECTION('',(3.88578058618805E-16,-1.,-2.22044604925031E-16));
#16547=DIRECTION('',(1.,3.88578058618805E-16,-2.77555756156289E-16));
#16548=DIRECTION('',(3.88578058618805E-16,-1.,-2.22044604925031E-16));
#16549=DIRECTION('',(1.,3.88578058618805E-16,-2.77555756156289E-16));
#16550=DIRECTION('',(3.88578058618805E-16,-1.,-2.22044604925031E-16));
#16551=DIRECTION('',(1.,3.88578058618805E-16,-2.77555756156289E-16));
#16552=DIRECTION('',(3.88578058618805E-16,-1.,-2.22044604925031E-16));
#16553=DIRECTION('',(1.,3.88578058618805E-16,-2.77555756156289E-16));
#16554=DIRECTION('',(3.88578058618805E-16,-1.,-2.22044604925031E-16));
#16555=DIRECTION('',(1.,3.88578058618805E-16,-2.77555756156289E-16));
#16556=DIRECTION('',(3.88578058618805E-16,-1.,-2.22044604925031E-16));
#16557=DIRECTION('',(1.,3.88578058618805E-16,-2.77555756156289E-16));
#16558=DIRECTION('',(3.88578058618805E-16,-1.,-2.22044604925031E-16));
#16559=DIRECTION('',(1.,3.88578058618805E-16,-2.77555756156289E-16));
#16560=DIRECTION('',(3.88578058618805E-16,-1.,-2.22044604925031E-16));
#16561=DIRECTION('',(1.,3.88578058618805E-16,-2.77555756156289E-16));
#16562=DIRECTION('',(3.88578058618805E-16,-1.,-2.22044604925031E-16));
#16563=DIRECTION('',(1.,3.88578058618805E-16,-2.77555756156289E-16));
#16564=DIRECTION('',(3.88578058618805E-16,-1.,-2.22044604925031E-16));
#16565=DIRECTION('',(1.,3.88578058618805E-16,-2.77555756156289E-16));
#16566=DIRECTION('',(3.88578058618805E-16,-1.,-2.22044604925031E-16));
#16567=DIRECTION('',(1.,3.88578058618805E-16,-2.77555756156289E-16));
#16568=DIRECTION('',(3.88578058618805E-16,-1.,-2.22044604925031E-16));
#16569=DIRECTION('',(1.,3.88578058618805E-16,-2.77555756156289E-16));
#16570=DIRECTION('',(3.88578058618805E-16,-1.,-2.22044604925031E-16));
#16571=DIRECTION('',(1.,3.88578058618805E-16,-2.77555756156289E-16));
#16572=DIRECTION('',(3.88578058618805E-16,-1.,-2.22044604925031E-16));
#16573=DIRECTION('',(1.,3.88578058618805E-16,-2.77555756156289E-16));
#16574=DIRECTION('',(3.88578058618805E-16,-1.,-2.22044604925031E-16));
#16575=DIRECTION('',(1.,3.88578058618805E-16,-2.77555756156289E-16));
#16576=DIRECTION('',(3.88578058618805E-16,-1.,-2.22044604925031E-16));
#16577=DIRECTION('',(1.,3.88578058618805E-16,-2.77555756156289E-16));
#16578=DIRECTION('',(3.88578058618805E-16,-1.,-2.22044604925031E-16));
#16579=DIRECTION('',(1.,3.88578058618805E-16,-2.77555756156289E-16));
#16580=DIRECTION('',(3.88578058618805E-16,-1.,-2.22044604925031E-16));
#16581=DIRECTION('',(1.,3.88578058618805E-16,-2.77555756156289E-16));
#16582=DIRECTION('',(3.88578058618805E-16,-1.,-2.22044604925031E-16));
#16583=DIRECTION('',(1.,3.88578058618805E-16,-2.77555756156289E-16));
#16584=DIRECTION('',(3.88578058618805E-16,-1.,-2.22044604925031E-16));
#16585=DIRECTION('',(1.,3.88578058618805E-16,-2.77555756156289E-16));
#16586=DIRECTION('',(3.88578058618805E-16,-1.,-2.22044604925031E-16));
#16587=DIRECTION('',(1.,3.88578058618805E-16,-2.77555756156289E-16));
#16588=DIRECTION('',(3.88578058618805E-16,-1.,-2.22044604925031E-16));
#16589=DIRECTION('',(1.,3.88578058618805E-16,-2.77555756156289E-16));
#16590=DIRECTION('',(3.88578058618805E-16,-1.,-2.22044604925031E-16));
#16591=DIRECTION('',(1.,3.88578058618805E-16,-2.77555756156289E-16));
#16592=DIRECTION('',(3.88578058618805E-16,-1.,-2.22044604925031E-16));
#16593=DIRECTION('',(1.,3.88578058618805E-16,-2.77555756156289E-16));
#16594=DIRECTION('',(3.88578058618805E-16,-1.,-2.22044604925031E-16));
#16595=DIRECTION('',(1.,3.88578058618805E-16,-2.77555756156289E-16));
#16596=DIRECTION('',(3.88578058618805E-16,-1.,-2.22044604925031E-16));
#16597=DIRECTION('',(1.,3.88578058618805E-16,-2.77555756156289E-16));
#16598=DIRECTION('',(3.88578058618805E-16,-1.,-2.22044604925031E-16));
#16599=DIRECTION('',(1.,3.88578058618805E-16,-2.77555756156289E-16));
#16600=DIRECTION('',(3.88578058618805E-16,-1.,-2.22044604925031E-16));
#16601=DIRECTION('',(1.,3.88578058618805E-16,-2.77555756156289E-16));
#16602=DIRECTION('',(3.88578058618805E-16,-1.,-2.22044604925031E-16));
#16603=DIRECTION('',(1.,3.88578058618805E-16,-2.77555756156289E-16));
#16604=DIRECTION('',(3.88578058618805E-16,-1.,-2.22044604925031E-16));
#16605=DIRECTION('',(1.,3.88578058618805E-16,-2.77555756156289E-16));
#16606=DIRECTION('',(3.88578058618805E-16,-1.,-2.22044604925031E-16));
#16607=DIRECTION('',(1.,3.88578058618805E-16,-2.77555756156289E-16));
#16608=DIRECTION('',(3.88578058618805E-16,-1.,-2.22044604925031E-16));
#16609=DIRECTION('',(1.,3.88578058618805E-16,-2.77555756156289E-16));
#16610=DIRECTION('',(3.88578058618805E-16,-1.,-2.22044604925031E-16));
#16611=DIRECTION('',(1.,3.88578058618805E-16,-2.77555756156289E-16));
#16612=DIRECTION('',(3.88578058618805E-16,-1.,-2.22044604925031E-16));
#16613=DIRECTION('',(1.,3.88578058618805E-16,-2.77555756156289E-16));
#16614=DIRECTION('',(3.88578058618805E-16,-1.,-2.22044604925031E-16));
#16615=DIRECTION('',(1.,3.88578058618805E-16,-2.77555756156289E-16));
#16616=DIRECTION('',(3.88578058618805E-16,-1.,-2.22044604925031E-16));
#16617=DIRECTION('',(1.,3.88578058618805E-16,-2.77555756156289E-16));
#16618=DIRECTION('',(3.88578058618805E-16,-1.,-2.22044604925031E-16));
#16619=DIRECTION('',(1.,3.88578058618805E-16,-2.77555756156289E-16));
#16620=DIRECTION('',(3.88578058618805E-16,-1.,-2.22044604925031E-16));
#16621=DIRECTION('',(1.,3.88578058618805E-16,-2.77555756156289E-16));
#16622=DIRECTION('',(3.88578058618805E-16,-1.,-2.22044604925031E-16));
#16623=DIRECTION('',(1.,3.88578058618805E-16,-2.77555756156289E-16));
#16624=DIRECTION('',(3.88578058618805E-16,-1.,-2.22044604925031E-16));
#16625=DIRECTION('',(1.,3.88578058618805E-16,-2.77555756156289E-16));
#16626=DIRECTION('',(3.88578058618805E-16,-1.,-2.22044604925031E-16));
#16627=DIRECTION('',(1.,3.88578058618805E-16,-2.77555756156289E-16));
#16628=DIRECTION('',(3.88578058618805E-16,-1.,-2.22044604925031E-16));
#16629=DIRECTION('',(1.,3.88578058618805E-16,-2.77555756156289E-16));
#16630=DIRECTION('',(3.88578058618805E-16,-1.,-2.22044604925031E-16));
#16631=DIRECTION('',(1.,3.88578058618805E-16,-2.77555756156289E-16));
#16632=DIRECTION('',(3.88578058618805E-16,-1.,-2.22044604925031E-16));
#16633=DIRECTION('',(1.,3.88578058618805E-16,-2.77555756156289E-16));
#16634=DIRECTION('',(3.88578058618805E-16,-1.,-2.22044604925031E-16));
#16635=DIRECTION('',(1.,3.88578058618805E-16,-2.77555756156289E-16));
#16636=DIRECTION('',(3.88578058618805E-16,-1.,-2.22044604925031E-16));
#16637=DIRECTION('',(1.,3.88578058618805E-16,-2.77555756156289E-16));
#16638=DIRECTION('',(3.88578058618805E-16,-1.,-2.22044604925031E-16));
#16639=DIRECTION('',(1.,3.88578058618805E-16,-2.77555756156289E-16));
#16640=DIRECTION('',(3.88578058618805E-16,-1.,-2.22044604925031E-16));
#16641=DIRECTION('',(1.,3.88578058618805E-16,-2.77555756156289E-16));
#16642=DIRECTION('',(3.88578058618805E-16,-1.,-2.22044604925031E-16));
#16643=DIRECTION('',(1.,3.88578058618805E-16,-2.77555756156289E-16));
#16644=DIRECTION('',(3.88578058618805E-16,-1.,-2.22044604925031E-16));
#16645=DIRECTION('',(1.,3.88578058618805E-16,-2.77555756156289E-16));
#16646=DIRECTION('',(3.88578058618805E-16,-1.,-2.22044604925031E-16));
#16647=DIRECTION('',(1.,3.88578058618805E-16,-2.77555756156289E-16));
#16648=DIRECTION('',(3.88578058618805E-16,-1.,-2.22044604925031E-16));
#16649=DIRECTION('',(1.,3.88578058618805E-16,-2.77555756156289E-16));
#16650=DIRECTION('',(3.88578058618805E-16,-1.,-2.22044604925031E-16));
#16651=DIRECTION('',(1.,3.88578058618805E-16,-2.77555756156289E-16));
#16652=DIRECTION('',(3.88578058618805E-16,-1.,-2.22044604925031E-16));
#16653=DIRECTION('',(1.,3.88578058618805E-16,-2.77555756156289E-16));
#16654=DIRECTION('',(3.88578058618805E-16,-1.,-2.22044604925031E-16));
#16655=DIRECTION('',(1.,3.88578058618805E-16,-2.77555756156289E-16));
#16656=DIRECTION('',(3.88578058618805E-16,-1.,-2.22044604925031E-16));
#16657=DIRECTION('',(1.,3.88578058618805E-16,-2.77555756156289E-16));
#16658=DIRECTION('',(3.88578058618805E-16,-1.,-2.22044604925031E-16));
#16659=DIRECTION('',(1.,3.88578058618805E-16,-2.77555756156289E-16));
#16660=DIRECTION('',(3.88578058618805E-16,-1.,-2.22044604925031E-16));
#16661=DIRECTION('',(1.,3.88578058618805E-16,-2.77555756156289E-16));
#16662=DIRECTION('',(3.88578058618805E-16,-1.,-2.22044604925031E-16));
#16663=DIRECTION('',(1.,3.88578058618805E-16,-2.77555756156289E-16));
#16664=CARTESIAN_POINT('',(0.,0.,0.));
#16665=CARTESIAN_POINT('',(40.64,1.27,1.27));
#16666=CARTESIAN_POINT('',(39.05,1.27,-0.319999999999998));
#16667=CARTESIAN_POINT('',(39.05,1.27,-0.319999999999998));
#16668=CARTESIAN_POINT('',(39.69,1.27,-0.319999999999998));
#16669=CARTESIAN_POINT('',(39.69,1.27,-0.319999999999998));
#16670=CARTESIAN_POINT('',(39.69,1.27,0.320000000000005));
#16671=CARTESIAN_POINT('',(39.69,1.27,0.320000000000005));
#16672=CARTESIAN_POINT('',(39.05,1.27,0.320000000000005));
#16673=CARTESIAN_POINT('',(39.05,1.27,0.320000000000005));
#16674=CARTESIAN_POINT('',(36.51,1.27,-0.319999999999998));
#16675=CARTESIAN_POINT('',(36.51,1.27,-0.319999999999998));
#16676=CARTESIAN_POINT('',(37.15,1.27,-0.319999999999998));
#16677=CARTESIAN_POINT('',(37.15,1.27,-0.319999999999998));
#16678=CARTESIAN_POINT('',(37.15,1.27,0.320000000000005));
#16679=CARTESIAN_POINT('',(37.15,1.27,0.320000000000005));
#16680=CARTESIAN_POINT('',(36.51,1.27,0.320000000000005));
#16681=CARTESIAN_POINT('',(36.51,1.27,0.320000000000005));
#16682=CARTESIAN_POINT('',(33.97,1.27,-0.319999999999998));
#16683=CARTESIAN_POINT('',(33.97,1.27,-0.319999999999998));
#16684=CARTESIAN_POINT('',(34.61,1.27,-0.319999999999998));
#16685=CARTESIAN_POINT('',(34.61,1.27,-0.319999999999998));
#16686=CARTESIAN_POINT('',(34.61,1.27,0.320000000000005));
#16687=CARTESIAN_POINT('',(34.61,1.27,0.320000000000005));
#16688=CARTESIAN_POINT('',(33.97,1.27,0.320000000000005));
#16689=CARTESIAN_POINT('',(33.97,1.27,0.320000000000005));
#16690=CARTESIAN_POINT('',(31.43,1.27,-0.319999999999998));
#16691=CARTESIAN_POINT('',(31.43,1.27,-0.319999999999998));
#16692=CARTESIAN_POINT('',(32.07,1.27,-0.319999999999998));
#16693=CARTESIAN_POINT('',(32.07,1.27,-0.319999999999998));
#16694=CARTESIAN_POINT('',(32.07,1.27,0.320000000000005));
#16695=CARTESIAN_POINT('',(32.07,1.27,0.320000000000005));
#16696=CARTESIAN_POINT('',(31.43,1.27,0.320000000000005));
#16697=CARTESIAN_POINT('',(31.43,1.27,0.320000000000005));
#16698=CARTESIAN_POINT('',(28.89,1.27,-0.319999999999998));
#16699=CARTESIAN_POINT('',(28.89,1.27,-0.319999999999998));
#16700=CARTESIAN_POINT('',(29.53,1.27,-0.319999999999998));
#16701=CARTESIAN_POINT('',(29.53,1.27,-0.319999999999998));
#16702=CARTESIAN_POINT('',(29.53,1.27,0.320000000000005));
#16703=CARTESIAN_POINT('',(29.53,1.27,0.320000000000005));
#16704=CARTESIAN_POINT('',(28.89,1.27,0.320000000000005));
#16705=CARTESIAN_POINT('',(28.89,1.27,0.320000000000005));
#16706=CARTESIAN_POINT('',(26.35,1.27,-0.319999999999998));
#16707=CARTESIAN_POINT('',(26.35,1.27,-0.319999999999998));
#16708=CARTESIAN_POINT('',(26.99,1.27,-0.319999999999998));
#16709=CARTESIAN_POINT('',(26.99,1.27,-0.319999999999998));
#16710=CARTESIAN_POINT('',(26.99,1.27,0.320000000000005));
#16711=CARTESIAN_POINT('',(26.99,1.27,0.320000000000005));
#16712=CARTESIAN_POINT('',(26.35,1.27,0.320000000000005));
#16713=CARTESIAN_POINT('',(26.35,1.27,0.320000000000005));
#16714=CARTESIAN_POINT('',(23.81,1.27,-0.319999999999998));
#16715=CARTESIAN_POINT('',(23.81,1.27,-0.319999999999998));
#16716=CARTESIAN_POINT('',(24.45,1.27,-0.319999999999998));
#16717=CARTESIAN_POINT('',(24.45,1.27,-0.319999999999998));
#16718=CARTESIAN_POINT('',(24.45,1.27,0.320000000000005));
#16719=CARTESIAN_POINT('',(24.45,1.27,0.320000000000005));
#16720=CARTESIAN_POINT('',(23.81,1.27,0.320000000000005));
#16721=CARTESIAN_POINT('',(23.81,1.27,0.320000000000005));
#16722=CARTESIAN_POINT('',(21.27,1.27,-0.319999999999998));
#16723=CARTESIAN_POINT('',(21.27,1.27,-0.319999999999998));
#16724=CARTESIAN_POINT('',(21.91,1.27,-0.319999999999998));
#16725=CARTESIAN_POINT('',(21.91,1.27,-0.319999999999998));
#16726=CARTESIAN_POINT('',(21.91,1.27,0.320000000000005));
#16727=CARTESIAN_POINT('',(21.91,1.27,0.320000000000005));
#16728=CARTESIAN_POINT('',(21.27,1.27,0.320000000000005));
#16729=CARTESIAN_POINT('',(21.27,1.27,0.320000000000005));
#16730=CARTESIAN_POINT('',(18.73,1.27,-0.319999999999998));
#16731=CARTESIAN_POINT('',(18.73,1.27,-0.319999999999998));
#16732=CARTESIAN_POINT('',(19.37,1.27,-0.319999999999998));
#16733=CARTESIAN_POINT('',(19.37,1.27,-0.319999999999998));
#16734=CARTESIAN_POINT('',(19.37,1.27,0.320000000000005));
#16735=CARTESIAN_POINT('',(19.37,1.27,0.320000000000005));
#16736=CARTESIAN_POINT('',(18.73,1.27,0.320000000000005));
#16737=CARTESIAN_POINT('',(18.73,1.27,0.320000000000005));
#16738=CARTESIAN_POINT('',(16.19,1.27,-0.319999999999998));
#16739=CARTESIAN_POINT('',(16.19,1.27,-0.319999999999998));
#16740=CARTESIAN_POINT('',(16.83,1.27,-0.319999999999998));
#16741=CARTESIAN_POINT('',(16.83,1.27,-0.319999999999998));
#16742=CARTESIAN_POINT('',(16.83,1.27,0.320000000000005));
#16743=CARTESIAN_POINT('',(16.83,1.27,0.320000000000005));
#16744=CARTESIAN_POINT('',(16.19,1.27,0.320000000000005));
#16745=CARTESIAN_POINT('',(16.19,1.27,0.320000000000005));
#16746=CARTESIAN_POINT('',(13.65,1.27,-0.319999999999998));
#16747=CARTESIAN_POINT('',(13.65,1.27,-0.319999999999998));
#16748=CARTESIAN_POINT('',(14.29,1.27,-0.319999999999998));
#16749=CARTESIAN_POINT('',(14.29,1.27,-0.319999999999998));
#16750=CARTESIAN_POINT('',(14.29,1.27,0.320000000000005));
#16751=CARTESIAN_POINT('',(14.29,1.27,0.320000000000005));
#16752=CARTESIAN_POINT('',(13.65,1.27,0.320000000000005));
#16753=CARTESIAN_POINT('',(13.65,1.27,0.320000000000005));
#16754=CARTESIAN_POINT('',(11.11,1.27,-0.319999999999998));
#16755=CARTESIAN_POINT('',(11.11,1.27,-0.319999999999998));
#16756=CARTESIAN_POINT('',(11.75,1.27,-0.319999999999998));
#16757=CARTESIAN_POINT('',(11.75,1.27,-0.319999999999998));
#16758=CARTESIAN_POINT('',(11.75,1.27,0.320000000000005));
#16759=CARTESIAN_POINT('',(11.75,1.27,0.320000000000005));
#16760=CARTESIAN_POINT('',(11.11,1.27,0.320000000000005));
#16761=CARTESIAN_POINT('',(11.11,1.27,0.320000000000005));
#16762=CARTESIAN_POINT('',(8.56999999999999,1.27,-0.319999999999998));
#16763=CARTESIAN_POINT('',(8.56999999999999,1.27,-0.319999999999998));
#16764=CARTESIAN_POINT('',(9.21,1.27,-0.319999999999998));
#16765=CARTESIAN_POINT('',(9.21,1.27,-0.319999999999998));
#16766=CARTESIAN_POINT('',(9.21,1.27,0.320000000000005));
#16767=CARTESIAN_POINT('',(9.21,1.27,0.320000000000005));
#16768=CARTESIAN_POINT('',(8.56999999999999,1.27,0.320000000000005));
#16769=CARTESIAN_POINT('',(8.56999999999999,1.27,0.320000000000005));
#16770=CARTESIAN_POINT('',(6.02999999999999,1.27,-0.319999999999998));
#16771=CARTESIAN_POINT('',(6.02999999999999,1.27,-0.319999999999998));
#16772=CARTESIAN_POINT('',(6.67,1.27,-0.319999999999998));
#16773=CARTESIAN_POINT('',(6.67,1.27,-0.319999999999998));
#16774=CARTESIAN_POINT('',(6.67,1.27,0.320000000000005));
#16775=CARTESIAN_POINT('',(6.67,1.27,0.320000000000005));
#16776=CARTESIAN_POINT('',(6.02999999999999,1.27,0.320000000000005));
#16777=CARTESIAN_POINT('',(6.02999999999999,1.27,0.320000000000005));
#16778=CARTESIAN_POINT('',(3.48999999999999,1.27,-0.319999999999998));
#16779=CARTESIAN_POINT('',(3.48999999999999,1.27,-0.319999999999998));
#16780=CARTESIAN_POINT('',(4.12999999999999,1.27,-0.319999999999998));
#16781=CARTESIAN_POINT('',(4.12999999999999,1.27,-0.319999999999998));
#16782=CARTESIAN_POINT('',(4.12999999999999,1.27,0.320000000000005));
#16783=CARTESIAN_POINT('',(4.12999999999999,1.27,0.320000000000005));
#16784=CARTESIAN_POINT('',(3.48999999999999,1.27,0.320000000000005));
#16785=CARTESIAN_POINT('',(3.48999999999999,1.27,0.320000000000005));
#16786=CARTESIAN_POINT('',(0.949999999999993,1.27,-0.319999999999998));
#16787=CARTESIAN_POINT('',(0.949999999999993,1.27,-0.319999999999998));
#16788=CARTESIAN_POINT('',(1.58999999999999,1.27,-0.319999999999998));
#16789=CARTESIAN_POINT('',(1.58999999999999,1.27,-0.319999999999998));
#16790=CARTESIAN_POINT('',(1.58999999999999,1.27,0.320000000000005));
#16791=CARTESIAN_POINT('',(1.58999999999999,1.27,0.320000000000005));
#16792=CARTESIAN_POINT('',(0.949999999999993,1.27,0.320000000000005));
#16793=CARTESIAN_POINT('',(0.949999999999993,1.27,0.320000000000005));
#16794=CARTESIAN_POINT('',(-1.59000000000001,1.27,-0.319999999999998));
#16795=CARTESIAN_POINT('',(-1.59000000000001,1.27,-0.319999999999998));
#16796=CARTESIAN_POINT('',(-0.950000000000006,1.27,-0.319999999999998));
#16797=CARTESIAN_POINT('',(-0.950000000000006,1.27,-0.319999999999998));
#16798=CARTESIAN_POINT('',(-0.950000000000006,1.27,0.320000000000005));
#16799=CARTESIAN_POINT('',(-0.950000000000006,1.27,0.320000000000005));
#16800=CARTESIAN_POINT('',(-1.59000000000001,1.27,0.320000000000005));
#16801=CARTESIAN_POINT('',(-1.59000000000001,1.27,0.320000000000005));
#16802=CARTESIAN_POINT('',(-4.13000000000001,1.27,-0.319999999999998));
#16803=CARTESIAN_POINT('',(-4.13000000000001,1.27,-0.319999999999998));
#16804=CARTESIAN_POINT('',(-3.49000000000001,1.27,-0.319999999999998));
#16805=CARTESIAN_POINT('',(-3.49000000000001,1.27,-0.319999999999998));
#16806=CARTESIAN_POINT('',(-3.49000000000001,1.27,0.320000000000005));
#16807=CARTESIAN_POINT('',(-3.49000000000001,1.27,0.320000000000005));
#16808=CARTESIAN_POINT('',(-4.13000000000001,1.27,0.320000000000005));
#16809=CARTESIAN_POINT('',(-4.13000000000001,1.27,0.320000000000005));
#16810=CARTESIAN_POINT('',(-6.67000000000001,1.27,-0.319999999999998));
#16811=CARTESIAN_POINT('',(-6.67000000000001,1.27,-0.319999999999998));
#16812=CARTESIAN_POINT('',(-6.03000000000001,1.27,-0.319999999999998));
#16813=CARTESIAN_POINT('',(-6.03000000000001,1.27,-0.319999999999998));
#16814=CARTESIAN_POINT('',(-6.03000000000001,1.27,0.320000000000005));
#16815=CARTESIAN_POINT('',(-6.03000000000001,1.27,0.320000000000005));
#16816=CARTESIAN_POINT('',(-6.67000000000001,1.27,0.320000000000005));
#16817=CARTESIAN_POINT('',(-6.67000000000001,1.27,0.320000000000005));
#16818=CARTESIAN_POINT('',(-9.21000000000001,1.27,-0.319999999999998));
#16819=CARTESIAN_POINT('',(-9.21000000000001,1.27,-0.319999999999998));
#16820=CARTESIAN_POINT('',(-8.57,1.27,-0.319999999999998));
#16821=CARTESIAN_POINT('',(-8.57,1.27,-0.319999999999998));
#16822=CARTESIAN_POINT('',(-8.57000000000001,1.27,0.320000000000005));
#16823=CARTESIAN_POINT('',(-8.57,1.27,0.320000000000005));
#16824=CARTESIAN_POINT('',(-9.21000000000001,1.27,0.320000000000005));
#16825=CARTESIAN_POINT('',(-9.21000000000001,1.27,0.320000000000005));
#16826=CARTESIAN_POINT('',(-11.75,1.27,-0.319999999999998));
#16827=CARTESIAN_POINT('',(-11.75,1.27,-0.319999999999998));
#16828=CARTESIAN_POINT('',(-11.11,1.27,-0.319999999999998));
#16829=CARTESIAN_POINT('',(-11.11,1.27,-0.319999999999998));
#16830=CARTESIAN_POINT('',(-11.11,1.27,0.320000000000005));
#16831=CARTESIAN_POINT('',(-11.11,1.27,0.320000000000005));
#16832=CARTESIAN_POINT('',(-11.75,1.27,0.320000000000005));
#16833=CARTESIAN_POINT('',(-11.75,1.27,0.320000000000005));
#16834=CARTESIAN_POINT('',(-14.29,1.27,-0.319999999999998));
#16835=CARTESIAN_POINT('',(-14.29,1.27,-0.319999999999998));
#16836=CARTESIAN_POINT('',(-13.65,1.27,-0.319999999999998));
#16837=CARTESIAN_POINT('',(-13.65,1.27,-0.319999999999998));
#16838=CARTESIAN_POINT('',(-13.65,1.27,0.320000000000005));
#16839=CARTESIAN_POINT('',(-13.65,1.27,0.320000000000005));
#16840=CARTESIAN_POINT('',(-14.29,1.27,0.320000000000005));
#16841=CARTESIAN_POINT('',(-14.29,1.27,0.320000000000005));
#16842=CARTESIAN_POINT('',(-16.83,1.27,-0.319999999999998));
#16843=CARTESIAN_POINT('',(-16.83,1.27,-0.319999999999998));
#16844=CARTESIAN_POINT('',(-16.19,1.27,-0.319999999999998));
#16845=CARTESIAN_POINT('',(-16.19,1.27,-0.319999999999998));
#16846=CARTESIAN_POINT('',(-16.19,1.27,0.320000000000005));
#16847=CARTESIAN_POINT('',(-16.19,1.27,0.320000000000005));
#16848=CARTESIAN_POINT('',(-16.83,1.27,0.320000000000005));
#16849=CARTESIAN_POINT('',(-16.83,1.27,0.320000000000005));
#16850=CARTESIAN_POINT('',(-19.37,1.27,-0.319999999999998));
#16851=CARTESIAN_POINT('',(-19.37,1.27,-0.319999999999998));
#16852=CARTESIAN_POINT('',(-18.73,1.27,-0.319999999999998));
#16853=CARTESIAN_POINT('',(-18.73,1.27,-0.319999999999998));
#16854=CARTESIAN_POINT('',(-18.73,1.27,0.320000000000005));
#16855=CARTESIAN_POINT('',(-18.73,1.27,0.320000000000005));
#16856=CARTESIAN_POINT('',(-19.37,1.27,0.320000000000005));
#16857=CARTESIAN_POINT('',(-19.37,1.27,0.320000000000005));
#16858=CARTESIAN_POINT('',(-21.91,1.27,-0.319999999999998));
#16859=CARTESIAN_POINT('',(-21.91,1.27,-0.319999999999998));
#16860=CARTESIAN_POINT('',(-21.27,1.27,-0.319999999999998));
#16861=CARTESIAN_POINT('',(-21.27,1.27,-0.319999999999998));
#16862=CARTESIAN_POINT('',(-21.27,1.27,0.320000000000005));
#16863=CARTESIAN_POINT('',(-21.27,1.27,0.320000000000005));
#16864=CARTESIAN_POINT('',(-21.91,1.27,0.320000000000005));
#16865=CARTESIAN_POINT('',(-21.91,1.27,0.320000000000005));
#16866=CARTESIAN_POINT('',(-24.45,1.27,-0.319999999999998));
#16867=CARTESIAN_POINT('',(-24.45,1.27,-0.319999999999998));
#16868=CARTESIAN_POINT('',(-23.81,1.27,-0.319999999999998));
#16869=CARTESIAN_POINT('',(-23.81,1.27,-0.319999999999998));
#16870=CARTESIAN_POINT('',(-23.81,1.27,0.320000000000005));
#16871=CARTESIAN_POINT('',(-23.81,1.27,0.320000000000005));
#16872=CARTESIAN_POINT('',(-24.45,1.27,0.320000000000005));
#16873=CARTESIAN_POINT('',(-24.45,1.27,0.320000000000005));
#16874=CARTESIAN_POINT('',(-26.99,1.27,-0.319999999999998));
#16875=CARTESIAN_POINT('',(-26.99,1.27,-0.319999999999998));
#16876=CARTESIAN_POINT('',(-26.35,1.27,-0.319999999999998));
#16877=CARTESIAN_POINT('',(-26.35,1.27,-0.319999999999998));
#16878=CARTESIAN_POINT('',(-26.35,1.27,0.320000000000005));
#16879=CARTESIAN_POINT('',(-26.35,1.27,0.320000000000005));
#16880=CARTESIAN_POINT('',(-26.99,1.27,0.320000000000005));
#16881=CARTESIAN_POINT('',(-26.99,1.27,0.320000000000005));
#16882=CARTESIAN_POINT('',(-29.53,1.27,-0.319999999999998));
#16883=CARTESIAN_POINT('',(-29.53,1.27,-0.319999999999998));
#16884=CARTESIAN_POINT('',(-28.89,1.27,-0.319999999999998));
#16885=CARTESIAN_POINT('',(-28.89,1.27,-0.319999999999998));
#16886=CARTESIAN_POINT('',(-28.89,1.27,0.320000000000005));
#16887=CARTESIAN_POINT('',(-28.89,1.27,0.320000000000005));
#16888=CARTESIAN_POINT('',(-29.53,1.27,0.320000000000005));
#16889=CARTESIAN_POINT('',(-29.53,1.27,0.320000000000005));
#16890=CARTESIAN_POINT('',(-32.07,1.27,-0.319999999999998));
#16891=CARTESIAN_POINT('',(-32.07,1.27,-0.319999999999998));
#16892=CARTESIAN_POINT('',(-31.43,1.27,-0.319999999999998));
#16893=CARTESIAN_POINT('',(-31.43,1.27,-0.319999999999998));
#16894=CARTESIAN_POINT('',(-31.43,1.27,0.320000000000005));
#16895=CARTESIAN_POINT('',(-31.43,1.27,0.320000000000005));
#16896=CARTESIAN_POINT('',(-32.07,1.27,0.320000000000005));
#16897=CARTESIAN_POINT('',(-32.07,1.27,0.320000000000005));
#16898=CARTESIAN_POINT('',(-34.61,1.27,-0.319999999999998));
#16899=CARTESIAN_POINT('',(-34.61,1.27,-0.319999999999998));
#16900=CARTESIAN_POINT('',(-33.97,1.27,-0.319999999999998));
#16901=CARTESIAN_POINT('',(-33.97,1.27,-0.319999999999998));
#16902=CARTESIAN_POINT('',(-33.97,1.27,0.320000000000005));
#16903=CARTESIAN_POINT('',(-33.97,1.27,0.320000000000005));
#16904=CARTESIAN_POINT('',(-34.61,1.27,0.320000000000005));
#16905=CARTESIAN_POINT('',(-34.61,1.27,0.320000000000005));
#16906=CARTESIAN_POINT('',(-37.15,1.27,-0.319999999999998));
#16907=CARTESIAN_POINT('',(-37.15,1.27,-0.319999999999998));
#16908=CARTESIAN_POINT('',(-36.51,1.27,-0.319999999999998));
#16909=CARTESIAN_POINT('',(-36.51,1.27,-0.319999999999998));
#16910=CARTESIAN_POINT('',(-36.51,1.27,0.320000000000005));
#16911=CARTESIAN_POINT('',(-36.51,1.27,0.320000000000005));
#16912=CARTESIAN_POINT('',(-37.15,1.27,0.320000000000005));
#16913=CARTESIAN_POINT('',(-37.15,1.27,0.320000000000005));
#16914=CARTESIAN_POINT('',(-39.69,1.27,-0.319999999999998));
#16915=CARTESIAN_POINT('',(-39.69,1.27,-0.319999999999998));
#16916=CARTESIAN_POINT('',(-39.05,1.27,-0.319999999999998));
#16917=CARTESIAN_POINT('',(-39.05,1.27,-0.319999999999998));
#16918=CARTESIAN_POINT('',(-39.05,1.27,0.320000000000005));
#16919=CARTESIAN_POINT('',(-39.05,1.27,0.320000000000005));
#16920=CARTESIAN_POINT('',(-39.69,1.27,0.320000000000005));
#16921=CARTESIAN_POINT('',(-39.69,1.27,0.320000000000005));
#16922=CARTESIAN_POINT('',(40.64,1.27,1.27));
#16923=CARTESIAN_POINT('',(40.39,1.27,1.27000000000001));
#16924=CARTESIAN_POINT('',(38.35,1.27,1.27000000000001));
#16925=CARTESIAN_POINT('',(40.39,1.27,1.27000000000001));
#16926=CARTESIAN_POINT('',(40.64,1.27,0.770000000000001));
#16927=CARTESIAN_POINT('',(40.64,1.27,1.27));
#16928=CARTESIAN_POINT('',(40.64,1.27,-3.31));
#16929=CARTESIAN_POINT('',(40.39,1.27,-3.81000000000001));
#16930=CARTESIAN_POINT('',(40.39,1.27,-3.81000000000001));
#16931=CARTESIAN_POINT('',(40.64,1.27,-3.81));
#16932=CARTESIAN_POINT('',(38.35,1.27,-3.81000000000001));
#16933=CARTESIAN_POINT('',(38.1,1.27,-3.31));
#16934=CARTESIAN_POINT('',(38.1,1.27,-3.31));
#16935=CARTESIAN_POINT('',(37.85,1.27,-3.81000000000001));
#16936=CARTESIAN_POINT('',(37.85,1.27,-3.81000000000001));
#16937=CARTESIAN_POINT('',(40.64,1.27,-3.81));
#16938=CARTESIAN_POINT('',(35.81,1.27,-3.81000000000001));
#16939=CARTESIAN_POINT('',(35.56,1.27,-3.31));
#16940=CARTESIAN_POINT('',(35.56,1.27,-3.31));
#16941=CARTESIAN_POINT('',(35.31,1.27,-3.81000000000001));
#16942=CARTESIAN_POINT('',(35.31,1.27,-3.81000000000001));
#16943=CARTESIAN_POINT('',(40.64,1.27,-3.81));
#16944=CARTESIAN_POINT('',(33.27,1.27,-3.81000000000001));
#16945=CARTESIAN_POINT('',(33.02,1.27,-3.31));
#16946=CARTESIAN_POINT('',(33.02,1.27,-3.30999999999999));
#16947=CARTESIAN_POINT('',(32.77,1.27,-3.81000000000001));
#16948=CARTESIAN_POINT('',(32.77,1.27,-3.81000000000001));
#16949=CARTESIAN_POINT('',(40.64,1.27,-3.81));
#16950=CARTESIAN_POINT('',(30.73,1.27,-3.81000000000001));
#16951=CARTESIAN_POINT('',(30.48,1.27,-3.31));
#16952=CARTESIAN_POINT('',(30.48,1.27,-3.31));
#16953=CARTESIAN_POINT('',(30.23,1.27,-3.81000000000001));
#16954=CARTESIAN_POINT('',(30.23,1.27,-3.81000000000001));
#16955=CARTESIAN_POINT('',(40.64,1.27,-3.81));
#16956=CARTESIAN_POINT('',(28.19,1.27,-3.81000000000001));
#16957=CARTESIAN_POINT('',(27.94,1.27,-3.31));
#16958=CARTESIAN_POINT('',(27.94,1.27,-3.31));
#16959=CARTESIAN_POINT('',(27.69,1.27,-3.81000000000001));
#16960=CARTESIAN_POINT('',(27.69,1.27,-3.81000000000001));
#16961=CARTESIAN_POINT('',(40.64,1.27,-3.81));
#16962=CARTESIAN_POINT('',(25.65,1.27,-3.81000000000001));
#16963=CARTESIAN_POINT('',(25.4,1.27,-3.31));
#16964=CARTESIAN_POINT('',(25.4,1.27,-3.30999999999999));
#16965=CARTESIAN_POINT('',(25.15,1.27,-3.81000000000001));
#16966=CARTESIAN_POINT('',(25.15,1.27,-3.81000000000001));
#16967=CARTESIAN_POINT('',(40.64,1.27,-3.81));
#16968=CARTESIAN_POINT('',(23.11,1.27,-3.81000000000001));
#16969=CARTESIAN_POINT('',(22.86,1.27,-3.31));
#16970=CARTESIAN_POINT('',(22.86,1.27,-3.31));
#16971=CARTESIAN_POINT('',(22.61,1.27,-3.81000000000001));
#16972=CARTESIAN_POINT('',(22.61,1.27,-3.81000000000001));
#16973=CARTESIAN_POINT('',(40.64,1.27,-3.81));
#16974=CARTESIAN_POINT('',(20.57,1.27,-3.81000000000001));
#16975=CARTESIAN_POINT('',(20.32,1.27,-3.31));
#16976=CARTESIAN_POINT('',(20.32,1.27,-3.31));
#16977=CARTESIAN_POINT('',(20.07,1.27,-3.81000000000001));
#16978=CARTESIAN_POINT('',(20.07,1.27,-3.81000000000001));
#16979=CARTESIAN_POINT('',(40.64,1.27,-3.81));
#16980=CARTESIAN_POINT('',(18.03,1.27,-3.81000000000001));
#16981=CARTESIAN_POINT('',(17.78,1.27,-3.31));
#16982=CARTESIAN_POINT('',(17.78,1.27,-3.31));
#16983=CARTESIAN_POINT('',(17.53,1.27,-3.81000000000001));
#16984=CARTESIAN_POINT('',(17.53,1.27,-3.81000000000001));
#16985=CARTESIAN_POINT('',(40.64,1.27,-3.81));
#16986=CARTESIAN_POINT('',(15.49,1.27,-3.81000000000001));
#16987=CARTESIAN_POINT('',(15.24,1.27,-3.31));
#16988=CARTESIAN_POINT('',(15.24,1.27,-3.31));
#16989=CARTESIAN_POINT('',(14.99,1.27,-3.81000000000001));
#16990=CARTESIAN_POINT('',(14.99,1.27,-3.81000000000001));
#16991=CARTESIAN_POINT('',(40.64,1.27,-3.81));
#16992=CARTESIAN_POINT('',(12.95,1.27,-3.81000000000001));
#16993=CARTESIAN_POINT('',(12.7,1.27,-3.31));
#16994=CARTESIAN_POINT('',(12.7,1.27,-3.31));
#16995=CARTESIAN_POINT('',(12.45,1.27,-3.81000000000001));
#16996=CARTESIAN_POINT('',(12.45,1.27,-3.81000000000001));
#16997=CARTESIAN_POINT('',(40.64,1.27,-3.81));
#16998=CARTESIAN_POINT('',(10.41,1.27,-3.81000000000001));
#16999=CARTESIAN_POINT('',(10.16,1.27,-3.31));
#17000=CARTESIAN_POINT('',(10.16,1.27,-3.31));
#17001=CARTESIAN_POINT('',(9.91,1.27,-3.81000000000001));
#17002=CARTESIAN_POINT('',(9.91,1.27,-3.81000000000001));
#17003=CARTESIAN_POINT('',(40.64,1.27,-3.81));
#17004=CARTESIAN_POINT('',(7.87,1.27,-3.81000000000001));
#17005=CARTESIAN_POINT('',(7.62,1.27,-3.31));
#17006=CARTESIAN_POINT('',(7.62,1.27,-3.31));
#17007=CARTESIAN_POINT('',(7.37,1.27,-3.81000000000001));
#17008=CARTESIAN_POINT('',(7.37,1.27,-3.81000000000001));
#17009=CARTESIAN_POINT('',(40.64,1.27,-3.81));
#17010=CARTESIAN_POINT('',(5.33,1.27,-3.81000000000001));
#17011=CARTESIAN_POINT('',(5.08,1.27,-3.31));
#17012=CARTESIAN_POINT('',(5.08,1.27,-3.31));
#17013=CARTESIAN_POINT('',(4.83,1.27,-3.81000000000001));
#17014=CARTESIAN_POINT('',(4.83,1.27,-3.81000000000001));
#17015=CARTESIAN_POINT('',(40.64,1.27,-3.81));
#17016=CARTESIAN_POINT('',(2.79,1.27,-3.81000000000001));
#17017=CARTESIAN_POINT('',(2.54,1.27,-3.31));
#17018=CARTESIAN_POINT('',(2.53999999999999,1.27,-3.30999999999999));
#17019=CARTESIAN_POINT('',(2.29,1.27,-3.81000000000001));
#17020=CARTESIAN_POINT('',(2.29,1.27,-3.81000000000001));
#17021=CARTESIAN_POINT('',(40.64,1.27,-3.81));
#17022=CARTESIAN_POINT('',(0.25,1.27,-3.81000000000001));
#17023=CARTESIAN_POINT('',(0.,1.27,-3.31));
#17024=CARTESIAN_POINT('',(-8.67361737988404E-15,1.27,-3.30999999999999));
#17025=CARTESIAN_POINT('',(-0.25,1.27,-3.81000000000001));
#17026=CARTESIAN_POINT('',(-0.25,1.27,-3.81000000000001));
#17027=CARTESIAN_POINT('',(40.64,1.27,-3.81));
#17028=CARTESIAN_POINT('',(-2.29,1.27,-3.81000000000001));
#17029=CARTESIAN_POINT('',(-2.54,1.27,-3.31));
#17030=CARTESIAN_POINT('',(-2.54000000000001,1.27,-3.31));
#17031=CARTESIAN_POINT('',(-2.79,1.27,-3.81000000000001));
#17032=CARTESIAN_POINT('',(-2.79,1.27,-3.81000000000001));
#17033=CARTESIAN_POINT('',(40.64,1.27,-3.81));
#17034=CARTESIAN_POINT('',(-4.83,1.27,-3.81000000000001));
#17035=CARTESIAN_POINT('',(-5.08,1.27,-3.31));
#17036=CARTESIAN_POINT('',(-5.08000000000001,1.27,-3.30999999999999));
#17037=CARTESIAN_POINT('',(-5.33,1.27,-3.81000000000001));
#17038=CARTESIAN_POINT('',(-5.33,1.27,-3.81000000000001));
#17039=CARTESIAN_POINT('',(40.64,1.27,-3.81));
#17040=CARTESIAN_POINT('',(-7.37,1.27,-3.81000000000001));
#17041=CARTESIAN_POINT('',(-7.62,1.27,-3.31));
#17042=CARTESIAN_POINT('',(-7.62000000000001,1.27,-3.30999999999999));
#17043=CARTESIAN_POINT('',(-7.87,1.27,-3.81000000000001));
#17044=CARTESIAN_POINT('',(-7.87,1.27,-3.81000000000001));
#17045=CARTESIAN_POINT('',(40.64,1.27,-3.81));
#17046=CARTESIAN_POINT('',(-9.91,1.27,-3.81000000000001));
#17047=CARTESIAN_POINT('',(-10.16,1.27,-3.31));
#17048=CARTESIAN_POINT('',(-10.16,1.27,-3.30999999999999));
#17049=CARTESIAN_POINT('',(-10.41,1.27,-3.81000000000001));
#17050=CARTESIAN_POINT('',(-10.41,1.27,-3.81000000000001));
#17051=CARTESIAN_POINT('',(40.64,1.27,-3.81));
#17052=CARTESIAN_POINT('',(-12.45,1.27,-3.81000000000001));
#17053=CARTESIAN_POINT('',(-12.7,1.27,-3.31));
#17054=CARTESIAN_POINT('',(-12.7,1.27,-3.31));
#17055=CARTESIAN_POINT('',(-12.95,1.27,-3.81000000000001));
#17056=CARTESIAN_POINT('',(-12.95,1.27,-3.81000000000001));
#17057=CARTESIAN_POINT('',(40.64,1.27,-3.81));
#17058=CARTESIAN_POINT('',(-14.99,1.27,-3.81000000000001));
#17059=CARTESIAN_POINT('',(-15.24,1.27,-3.31));
#17060=CARTESIAN_POINT('',(-15.24,1.27,-3.30999999999999));
#17061=CARTESIAN_POINT('',(-15.49,1.27,-3.81000000000001));
#17062=CARTESIAN_POINT('',(-15.49,1.27,-3.81000000000001));
#17063=CARTESIAN_POINT('',(40.64,1.27,-3.81));
#17064=CARTESIAN_POINT('',(-17.53,1.27,-3.81000000000001));
#17065=CARTESIAN_POINT('',(-17.78,1.27,-3.31));
#17066=CARTESIAN_POINT('',(-17.78,1.27,-3.31));
#17067=CARTESIAN_POINT('',(-18.03,1.27,-3.81000000000001));
#17068=CARTESIAN_POINT('',(-18.03,1.27,-3.81000000000001));
#17069=CARTESIAN_POINT('',(40.64,1.27,-3.81));
#17070=CARTESIAN_POINT('',(-20.07,1.27,-3.81000000000001));
#17071=CARTESIAN_POINT('',(-20.32,1.27,-3.31));
#17072=CARTESIAN_POINT('',(-20.32,1.27,-3.30999999999999));
#17073=CARTESIAN_POINT('',(-20.57,1.27,-3.81000000000001));
#17074=CARTESIAN_POINT('',(-20.57,1.27,-3.81000000000001));
#17075=CARTESIAN_POINT('',(40.64,1.27,-3.81));
#17076=CARTESIAN_POINT('',(-22.61,1.27,-3.81000000000001));
#17077=CARTESIAN_POINT('',(-22.86,1.27,-3.31));
#17078=CARTESIAN_POINT('',(-22.86,1.27,-3.30999999999999));
#17079=CARTESIAN_POINT('',(-23.11,1.27,-3.81000000000001));
#17080=CARTESIAN_POINT('',(-23.11,1.27,-3.81000000000001));
#17081=CARTESIAN_POINT('',(40.64,1.27,-3.81));
#17082=CARTESIAN_POINT('',(-25.15,1.27,-3.81000000000001));
#17083=CARTESIAN_POINT('',(-25.4,1.27,-3.31));
#17084=CARTESIAN_POINT('',(-25.4,1.27,-3.30999999999999));
#17085=CARTESIAN_POINT('',(-25.65,1.27,-3.81000000000001));
#17086=CARTESIAN_POINT('',(-25.65,1.27,-3.81000000000001));
#17087=CARTESIAN_POINT('',(40.64,1.27,-3.81));
#17088=CARTESIAN_POINT('',(-27.69,1.27,-3.81000000000001));
#17089=CARTESIAN_POINT('',(-27.94,1.27,-3.31));
#17090=CARTESIAN_POINT('',(-27.94,1.27,-3.31));
#17091=CARTESIAN_POINT('',(-28.19,1.27,-3.81000000000001));
#17092=CARTESIAN_POINT('',(-28.19,1.27,-3.81000000000001));
#17093=CARTESIAN_POINT('',(40.64,1.27,-3.81));
#17094=CARTESIAN_POINT('',(-30.23,1.27,-3.81000000000001));
#17095=CARTESIAN_POINT('',(-30.48,1.27,-3.31));
#17096=CARTESIAN_POINT('',(-30.48,1.27,-3.30999999999999));
#17097=CARTESIAN_POINT('',(-30.73,1.27,-3.81000000000001));
#17098=CARTESIAN_POINT('',(-30.73,1.27,-3.81000000000001));
#17099=CARTESIAN_POINT('',(40.64,1.27,-3.81));
#17100=CARTESIAN_POINT('',(-32.77,1.27,-3.81000000000001));
#17101=CARTESIAN_POINT('',(-33.02,1.27,-3.31));
#17102=CARTESIAN_POINT('',(-33.02,1.27,-3.30999999999999));
#17103=CARTESIAN_POINT('',(-33.27,1.27,-3.81000000000001));
#17104=CARTESIAN_POINT('',(-33.27,1.27,-3.81000000000001));
#17105=CARTESIAN_POINT('',(40.64,1.27,-3.81));
#17106=CARTESIAN_POINT('',(-35.31,1.27,-3.81000000000001));
#17107=CARTESIAN_POINT('',(-35.56,1.27,-3.31));
#17108=CARTESIAN_POINT('',(-35.56,1.27,-3.30999999999999));
#17109=CARTESIAN_POINT('',(-35.81,1.27,-3.81000000000001));
#17110=CARTESIAN_POINT('',(-35.81,1.27,-3.81000000000001));
#17111=CARTESIAN_POINT('',(40.64,1.27,-3.81));
#17112=CARTESIAN_POINT('',(-37.85,1.27,-3.81000000000001));
#17113=CARTESIAN_POINT('',(-38.1,1.27,-3.31));
#17114=CARTESIAN_POINT('',(-38.1,1.27,-3.30999999999999));
#17115=CARTESIAN_POINT('',(-38.35,1.27,-3.81000000000001));
#17116=CARTESIAN_POINT('',(-38.35,1.27,-3.81000000000001));
#17117=CARTESIAN_POINT('',(40.64,1.27,-3.81));
#17118=CARTESIAN_POINT('',(-40.39,1.27,-3.81));
#17119=CARTESIAN_POINT('',(-40.64,1.27,-3.31));
#17120=CARTESIAN_POINT('',(-40.64,1.27,-3.31));
#17121=CARTESIAN_POINT('',(-40.64,1.27,1.27));
#17122=CARTESIAN_POINT('',(-40.64,1.27,0.770000000000001));
#17123=CARTESIAN_POINT('',(-40.64,1.27,0.770000000000001));
#17124=CARTESIAN_POINT('',(-40.39,1.27,1.27));
#17125=CARTESIAN_POINT('',(40.64,1.27,1.27));
#17126=CARTESIAN_POINT('',(-38.35,1.27,1.27000000000001));
#17127=CARTESIAN_POINT('',(-38.35,1.27,1.27000000000001));
#17128=CARTESIAN_POINT('',(-38.1,1.27,0.769999999999993));
#17129=CARTESIAN_POINT('',(-38.1,1.27,0.770000000000001));
#17130=CARTESIAN_POINT('',(-37.85,1.27,1.27000000000001));
#17131=CARTESIAN_POINT('',(40.64,1.27,1.27));
#17132=CARTESIAN_POINT('',(-35.81,1.27,1.27000000000001));
#17133=CARTESIAN_POINT('',(-35.81,1.27,1.27000000000001));
#17134=CARTESIAN_POINT('',(-35.56,1.27,0.769999999999993));
#17135=CARTESIAN_POINT('',(-35.56,1.27,0.770000000000001));
#17136=CARTESIAN_POINT('',(-35.31,1.27,1.27000000000001));
#17137=CARTESIAN_POINT('',(40.64,1.27,1.27));
#17138=CARTESIAN_POINT('',(-33.27,1.27,1.27000000000001));
#17139=CARTESIAN_POINT('',(-33.27,1.27,1.27000000000001));
#17140=CARTESIAN_POINT('',(-33.02,1.27,0.769999999999993));
#17141=CARTESIAN_POINT('',(-33.02,1.27,0.770000000000001));
#17142=CARTESIAN_POINT('',(-32.77,1.27,1.27000000000001));
#17143=CARTESIAN_POINT('',(40.64,1.27,1.27));
#17144=CARTESIAN_POINT('',(-30.73,1.27,1.27000000000001));
#17145=CARTESIAN_POINT('',(-30.73,1.27,1.27000000000001));
#17146=CARTESIAN_POINT('',(-30.48,1.27,0.769999999999993));
#17147=CARTESIAN_POINT('',(-30.48,1.27,0.770000000000001));
#17148=CARTESIAN_POINT('',(-30.23,1.27,1.27000000000001));
#17149=CARTESIAN_POINT('',(40.64,1.27,1.27));
#17150=CARTESIAN_POINT('',(-28.19,1.27,1.27000000000001));
#17151=CARTESIAN_POINT('',(-28.19,1.27,1.27000000000001));
#17152=CARTESIAN_POINT('',(-27.94,1.27,0.769999999999996));
#17153=CARTESIAN_POINT('',(-27.94,1.27,0.770000000000001));
#17154=CARTESIAN_POINT('',(-27.69,1.27,1.27000000000001));
#17155=CARTESIAN_POINT('',(40.64,1.27,1.27));
#17156=CARTESIAN_POINT('',(-25.65,1.27,1.27000000000001));
#17157=CARTESIAN_POINT('',(-25.65,1.27,1.27000000000001));
#17158=CARTESIAN_POINT('',(-25.4,1.27,0.769999999999993));
#17159=CARTESIAN_POINT('',(-25.4,1.27,0.770000000000001));
#17160=CARTESIAN_POINT('',(-25.15,1.27,1.27000000000001));
#17161=CARTESIAN_POINT('',(40.64,1.27,1.27));
#17162=CARTESIAN_POINT('',(-23.11,1.27,1.27000000000001));
#17163=CARTESIAN_POINT('',(-23.11,1.27,1.27000000000001));
#17164=CARTESIAN_POINT('',(-22.86,1.27,0.769999999999993));
#17165=CARTESIAN_POINT('',(-22.86,1.27,0.770000000000001));
#17166=CARTESIAN_POINT('',(-22.61,1.27,1.27000000000001));
#17167=CARTESIAN_POINT('',(40.64,1.27,1.27));
#17168=CARTESIAN_POINT('',(-20.57,1.27,1.27000000000001));
#17169=CARTESIAN_POINT('',(-20.57,1.27,1.27000000000001));
#17170=CARTESIAN_POINT('',(-20.32,1.27,0.769999999999993));
#17171=CARTESIAN_POINT('',(-20.32,1.27,0.770000000000001));
#17172=CARTESIAN_POINT('',(-20.07,1.27,1.27000000000001));
#17173=CARTESIAN_POINT('',(40.64,1.27,1.27));
#17174=CARTESIAN_POINT('',(-18.03,1.27,1.27000000000001));
#17175=CARTESIAN_POINT('',(-18.03,1.27,1.27000000000001));
#17176=CARTESIAN_POINT('',(-17.78,1.27,0.769999999999996));
#17177=CARTESIAN_POINT('',(-17.78,1.27,0.770000000000001));
#17178=CARTESIAN_POINT('',(-17.53,1.27,1.27000000000001));
#17179=CARTESIAN_POINT('',(40.64,1.27,1.27));
#17180=CARTESIAN_POINT('',(-15.49,1.27,1.27000000000001));
#17181=CARTESIAN_POINT('',(-15.49,1.27,1.27000000000001));
#17182=CARTESIAN_POINT('',(-15.24,1.27,0.769999999999993));
#17183=CARTESIAN_POINT('',(-15.24,1.27,0.770000000000001));
#17184=CARTESIAN_POINT('',(-14.99,1.27,1.27000000000001));
#17185=CARTESIAN_POINT('',(40.64,1.27,1.27));
#17186=CARTESIAN_POINT('',(-12.95,1.27,1.27000000000001));
#17187=CARTESIAN_POINT('',(-12.95,1.27,1.27000000000001));
#17188=CARTESIAN_POINT('',(-12.7,1.27,0.769999999999996));
#17189=CARTESIAN_POINT('',(-12.7,1.27,0.770000000000001));
#17190=CARTESIAN_POINT('',(-12.45,1.27,1.27000000000001));
#17191=CARTESIAN_POINT('',(40.64,1.27,1.27));
#17192=CARTESIAN_POINT('',(-10.41,1.27,1.27000000000001));
#17193=CARTESIAN_POINT('',(-10.41,1.27,1.27000000000001));
#17194=CARTESIAN_POINT('',(-10.16,1.27,0.769999999999993));
#17195=CARTESIAN_POINT('',(-10.16,1.27,0.770000000000001));
#17196=CARTESIAN_POINT('',(-9.91,1.27,1.27000000000001));
#17197=CARTESIAN_POINT('',(40.64,1.27,1.27));
#17198=CARTESIAN_POINT('',(-7.87,1.27,1.27000000000001));
#17199=CARTESIAN_POINT('',(-7.87,1.27,1.27000000000001));
#17200=CARTESIAN_POINT('',(-7.62000000000001,1.27,0.769999999999993));
#17201=CARTESIAN_POINT('',(-7.62,1.27,0.770000000000001));
#17202=CARTESIAN_POINT('',(-7.37,1.27,1.27000000000001));
#17203=CARTESIAN_POINT('',(40.64,1.27,1.27));
#17204=CARTESIAN_POINT('',(-5.33,1.27,1.27000000000001));
#17205=CARTESIAN_POINT('',(-5.33,1.27,1.27000000000001));
#17206=CARTESIAN_POINT('',(-5.08000000000001,1.27,0.769999999999993));
#17207=CARTESIAN_POINT('',(-5.08,1.27,0.770000000000001));
#17208=CARTESIAN_POINT('',(-4.83,1.27,1.27000000000001));
#17209=CARTESIAN_POINT('',(40.64,1.27,1.27));
#17210=CARTESIAN_POINT('',(-2.79,1.27,1.27000000000001));
#17211=CARTESIAN_POINT('',(-2.79,1.27,1.27000000000001));
#17212=CARTESIAN_POINT('',(-2.54000000000001,1.27,0.769999999999996));
#17213=CARTESIAN_POINT('',(-2.54,1.27,0.770000000000001));
#17214=CARTESIAN_POINT('',(-2.29,1.27,1.27000000000001));
#17215=CARTESIAN_POINT('',(40.64,1.27,1.27));
#17216=CARTESIAN_POINT('',(-0.25,1.27,1.27000000000001));
#17217=CARTESIAN_POINT('',(-0.25,1.27,1.27000000000001));
#17218=CARTESIAN_POINT('',(-8.67361737988404E-15,1.27,0.769999999999993));
#17219=CARTESIAN_POINT('',(0.,1.27,0.770000000000001));
#17220=CARTESIAN_POINT('',(0.25,1.27,1.27000000000001));
#17221=CARTESIAN_POINT('',(40.64,1.27,1.27));
#17222=CARTESIAN_POINT('',(2.29,1.27,1.27000000000001));
#17223=CARTESIAN_POINT('',(2.29,1.27,1.27000000000001));
#17224=CARTESIAN_POINT('',(2.53999999999999,1.27,0.769999999999993));
#17225=CARTESIAN_POINT('',(2.54,1.27,0.770000000000001));
#17226=CARTESIAN_POINT('',(2.79,1.27,1.27000000000001));
#17227=CARTESIAN_POINT('',(40.64,1.27,1.27));
#17228=CARTESIAN_POINT('',(4.83,1.27,1.27000000000001));
#17229=CARTESIAN_POINT('',(4.83,1.27,1.27000000000001));
#17230=CARTESIAN_POINT('',(5.08,1.27,0.769999999999995));
#17231=CARTESIAN_POINT('',(5.08,1.27,0.770000000000001));
#17232=CARTESIAN_POINT('',(5.33,1.27,1.27000000000001));
#17233=CARTESIAN_POINT('',(40.64,1.27,1.27));
#17234=CARTESIAN_POINT('',(7.37,1.27,1.27000000000001));
#17235=CARTESIAN_POINT('',(7.37,1.27,1.27000000000001));
#17236=CARTESIAN_POINT('',(7.62,1.27,0.769999999999996));
#17237=CARTESIAN_POINT('',(7.62,1.27,0.770000000000001));
#17238=CARTESIAN_POINT('',(7.87,1.27,1.27000000000001));
#17239=CARTESIAN_POINT('',(40.64,1.27,1.27));
#17240=CARTESIAN_POINT('',(9.91,1.27,1.27000000000001));
#17241=CARTESIAN_POINT('',(9.91,1.27,1.27000000000001));
#17242=CARTESIAN_POINT('',(10.16,1.27,0.769999999999996));
#17243=CARTESIAN_POINT('',(10.16,1.27,0.770000000000001));
#17244=CARTESIAN_POINT('',(10.41,1.27,1.27000000000001));
#17245=CARTESIAN_POINT('',(40.64,1.27,1.27));
#17246=CARTESIAN_POINT('',(12.45,1.27,1.27000000000001));
#17247=CARTESIAN_POINT('',(12.45,1.27,1.27000000000001));
#17248=CARTESIAN_POINT('',(12.7,1.27,0.769999999999996));
#17249=CARTESIAN_POINT('',(12.7,1.27,0.770000000000001));
#17250=CARTESIAN_POINT('',(12.95,1.27,1.27000000000001));
#17251=CARTESIAN_POINT('',(40.64,1.27,1.27));
#17252=CARTESIAN_POINT('',(14.99,1.27,1.27000000000001));
#17253=CARTESIAN_POINT('',(14.99,1.27,1.27000000000001));
#17254=CARTESIAN_POINT('',(15.24,1.27,0.769999999999996));
#17255=CARTESIAN_POINT('',(15.24,1.27,0.770000000000001));
#17256=CARTESIAN_POINT('',(15.49,1.27,1.27000000000001));
#17257=CARTESIAN_POINT('',(40.64,1.27,1.27));
#17258=CARTESIAN_POINT('',(17.53,1.27,1.27000000000001));
#17259=CARTESIAN_POINT('',(17.53,1.27,1.27000000000001));
#17260=CARTESIAN_POINT('',(17.78,1.27,0.769999999999996));
#17261=CARTESIAN_POINT('',(17.78,1.27,0.770000000000001));
#17262=CARTESIAN_POINT('',(18.03,1.27,1.27000000000001));
#17263=CARTESIAN_POINT('',(40.64,1.27,1.27));
#17264=CARTESIAN_POINT('',(20.07,1.27,1.27000000000001));
#17265=CARTESIAN_POINT('',(20.07,1.27,1.27000000000001));
#17266=CARTESIAN_POINT('',(20.32,1.27,0.769999999999995));
#17267=CARTESIAN_POINT('',(20.32,1.27,0.770000000000001));
#17268=CARTESIAN_POINT('',(20.57,1.27,1.27000000000001));
#17269=CARTESIAN_POINT('',(40.64,1.27,1.27));
#17270=CARTESIAN_POINT('',(22.61,1.27,1.27000000000001));
#17271=CARTESIAN_POINT('',(22.61,1.27,1.27000000000001));
#17272=CARTESIAN_POINT('',(22.86,1.27,0.769999999999995));
#17273=CARTESIAN_POINT('',(22.86,1.27,0.770000000000001));
#17274=CARTESIAN_POINT('',(23.11,1.27,1.27000000000001));
#17275=CARTESIAN_POINT('',(40.64,1.27,1.27));
#17276=CARTESIAN_POINT('',(25.15,1.27,1.27000000000001));
#17277=CARTESIAN_POINT('',(25.15,1.27,1.27000000000001));
#17278=CARTESIAN_POINT('',(25.4,1.27,0.769999999999994));
#17279=CARTESIAN_POINT('',(25.4,1.27,0.770000000000001));
#17280=CARTESIAN_POINT('',(25.65,1.27,1.27000000000001));
#17281=CARTESIAN_POINT('',(40.64,1.27,1.27));
#17282=CARTESIAN_POINT('',(27.69,1.27,1.27000000000001));
#17283=CARTESIAN_POINT('',(27.69,1.27,1.27000000000001));
#17284=CARTESIAN_POINT('',(27.94,1.27,0.769999999999995));
#17285=CARTESIAN_POINT('',(27.94,1.27,0.770000000000001));
#17286=CARTESIAN_POINT('',(28.19,1.27,1.27000000000001));
#17287=CARTESIAN_POINT('',(40.64,1.27,1.27));
#17288=CARTESIAN_POINT('',(30.23,1.27,1.27000000000001));
#17289=CARTESIAN_POINT('',(30.23,1.27,1.27000000000001));
#17290=CARTESIAN_POINT('',(30.48,1.27,0.769999999999995));
#17291=CARTESIAN_POINT('',(30.48,1.27,0.770000000000001));
#17292=CARTESIAN_POINT('',(30.73,1.27,1.27000000000001));
#17293=CARTESIAN_POINT('',(40.64,1.27,1.27));
#17294=CARTESIAN_POINT('',(32.77,1.27,1.27000000000001));
#17295=CARTESIAN_POINT('',(32.77,1.27,1.27000000000001));
#17296=CARTESIAN_POINT('',(33.02,1.27,0.769999999999994));
#17297=CARTESIAN_POINT('',(33.02,1.27,0.770000000000001));
#17298=CARTESIAN_POINT('',(33.27,1.27,1.27000000000001));
#17299=CARTESIAN_POINT('',(40.64,1.27,1.27));
#17300=CARTESIAN_POINT('',(35.31,1.27,1.27000000000001));
#17301=CARTESIAN_POINT('',(35.31,1.27,1.27000000000001));
#17302=CARTESIAN_POINT('',(35.56,1.27,0.769999999999994));
#17303=CARTESIAN_POINT('',(35.56,1.27,0.770000000000001));
#17304=CARTESIAN_POINT('',(35.81,1.27,1.27000000000001));
#17305=CARTESIAN_POINT('',(40.64,1.27,1.27));
#17306=CARTESIAN_POINT('',(37.85,1.27,1.27000000000001));
#17307=CARTESIAN_POINT('',(37.85,1.27,1.27000000000001));
#17308=CARTESIAN_POINT('',(38.1,1.27,0.769999999999994));
#17309=CARTESIAN_POINT('',(38.1,1.27,0.770000000000001));
#17310=CARTESIAN_POINT('',(-39.69,1.27,-2.86000000000001));
#17311=CARTESIAN_POINT('',(-39.69,1.27,-2.86000000000001));
#17312=CARTESIAN_POINT('',(-39.05,1.27,-2.86000000000001));
#17313=CARTESIAN_POINT('',(-39.05,1.27,-2.86000000000001));
#17314=CARTESIAN_POINT('',(-39.05,1.27,-2.22000000000001));
#17315=CARTESIAN_POINT('',(-39.05,1.27,-2.22000000000001));
#17316=CARTESIAN_POINT('',(-39.69,1.27,-2.22000000000001));
#17317=CARTESIAN_POINT('',(-39.69,1.27,-2.22000000000001));
#17318=CARTESIAN_POINT('',(-37.15,1.27,-2.86000000000001));
#17319=CARTESIAN_POINT('',(-37.15,1.27,-2.86000000000001));
#17320=CARTESIAN_POINT('',(-36.51,1.27,-2.86000000000001));
#17321=CARTESIAN_POINT('',(-36.51,1.27,-2.86000000000001));
#17322=CARTESIAN_POINT('',(-36.51,1.27,-2.22000000000001));
#17323=CARTESIAN_POINT('',(-36.51,1.27,-2.22000000000001));
#17324=CARTESIAN_POINT('',(-37.15,1.27,-2.22000000000001));
#17325=CARTESIAN_POINT('',(-37.15,1.27,-2.22000000000001));
#17326=CARTESIAN_POINT('',(-34.61,1.27,-2.86000000000001));
#17327=CARTESIAN_POINT('',(-34.61,1.27,-2.86000000000001));
#17328=CARTESIAN_POINT('',(-33.97,1.27,-2.86000000000001));
#17329=CARTESIAN_POINT('',(-33.97,1.27,-2.86000000000001));
#17330=CARTESIAN_POINT('',(-33.97,1.27,-2.22000000000001));
#17331=CARTESIAN_POINT('',(-33.97,1.27,-2.22000000000001));
#17332=CARTESIAN_POINT('',(-34.61,1.27,-2.22000000000001));
#17333=CARTESIAN_POINT('',(-34.61,1.27,-2.22000000000001));
#17334=CARTESIAN_POINT('',(-32.07,1.27,-2.86000000000001));
#17335=CARTESIAN_POINT('',(-32.07,1.27,-2.86000000000001));
#17336=CARTESIAN_POINT('',(-31.43,1.27,-2.86000000000001));
#17337=CARTESIAN_POINT('',(-31.43,1.27,-2.86000000000001));
#17338=CARTESIAN_POINT('',(-31.43,1.27,-2.22000000000001));
#17339=CARTESIAN_POINT('',(-31.43,1.27,-2.22000000000001));
#17340=CARTESIAN_POINT('',(-32.07,1.27,-2.22000000000001));
#17341=CARTESIAN_POINT('',(-32.07,1.27,-2.22000000000001));
#17342=CARTESIAN_POINT('',(-29.53,1.27,-2.86000000000001));
#17343=CARTESIAN_POINT('',(-29.53,1.27,-2.86000000000001));
#17344=CARTESIAN_POINT('',(-28.89,1.27,-2.86000000000001));
#17345=CARTESIAN_POINT('',(-28.89,1.27,-2.86000000000001));
#17346=CARTESIAN_POINT('',(-28.89,1.27,-2.22000000000001));
#17347=CARTESIAN_POINT('',(-28.89,1.27,-2.22000000000001));
#17348=CARTESIAN_POINT('',(-29.53,1.27,-2.22000000000001));
#17349=CARTESIAN_POINT('',(-29.53,1.27,-2.22000000000001));
#17350=CARTESIAN_POINT('',(-26.99,1.27,-2.86000000000001));
#17351=CARTESIAN_POINT('',(-26.99,1.27,-2.86000000000001));
#17352=CARTESIAN_POINT('',(-26.35,1.27,-2.86000000000001));
#17353=CARTESIAN_POINT('',(-26.35,1.27,-2.86000000000001));
#17354=CARTESIAN_POINT('',(-26.35,1.27,-2.22000000000001));
#17355=CARTESIAN_POINT('',(-26.35,1.27,-2.22000000000001));
#17356=CARTESIAN_POINT('',(-26.99,1.27,-2.22000000000001));
#17357=CARTESIAN_POINT('',(-26.99,1.27,-2.22000000000001));
#17358=CARTESIAN_POINT('',(-24.45,1.27,-2.86000000000001));
#17359=CARTESIAN_POINT('',(-24.45,1.27,-2.86000000000001));
#17360=CARTESIAN_POINT('',(-23.81,1.27,-2.86000000000001));
#17361=CARTESIAN_POINT('',(-23.81,1.27,-2.86000000000001));
#17362=CARTESIAN_POINT('',(-23.81,1.27,-2.22000000000001));
#17363=CARTESIAN_POINT('',(-23.81,1.27,-2.22000000000001));
#17364=CARTESIAN_POINT('',(-24.45,1.27,-2.22000000000001));
#17365=CARTESIAN_POINT('',(-24.45,1.27,-2.22000000000001));
#17366=CARTESIAN_POINT('',(-21.91,1.27,-2.86000000000001));
#17367=CARTESIAN_POINT('',(-21.91,1.27,-2.86000000000001));
#17368=CARTESIAN_POINT('',(-21.27,1.27,-2.86000000000001));
#17369=CARTESIAN_POINT('',(-21.27,1.27,-2.86000000000001));
#17370=CARTESIAN_POINT('',(-21.27,1.27,-2.22000000000001));
#17371=CARTESIAN_POINT('',(-21.27,1.27,-2.22000000000001));
#17372=CARTESIAN_POINT('',(-21.91,1.27,-2.22000000000001));
#17373=CARTESIAN_POINT('',(-21.91,1.27,-2.22000000000001));
#17374=CARTESIAN_POINT('',(-19.37,1.27,-2.86000000000001));
#17375=CARTESIAN_POINT('',(-19.37,1.27,-2.86000000000001));
#17376=CARTESIAN_POINT('',(-18.73,1.27,-2.86000000000001));
#17377=CARTESIAN_POINT('',(-18.73,1.27,-2.86000000000001));
#17378=CARTESIAN_POINT('',(-18.73,1.27,-2.22000000000001));
#17379=CARTESIAN_POINT('',(-18.73,1.27,-2.22000000000001));
#17380=CARTESIAN_POINT('',(-19.37,1.27,-2.22000000000001));
#17381=CARTESIAN_POINT('',(-19.37,1.27,-2.22000000000001));
#17382=CARTESIAN_POINT('',(-16.83,1.27,-2.86000000000001));
#17383=CARTESIAN_POINT('',(-16.83,1.27,-2.86000000000001));
#17384=CARTESIAN_POINT('',(-16.19,1.27,-2.86000000000001));
#17385=CARTESIAN_POINT('',(-16.19,1.27,-2.86000000000001));
#17386=CARTESIAN_POINT('',(-16.19,1.27,-2.22000000000001));
#17387=CARTESIAN_POINT('',(-16.19,1.27,-2.22000000000001));
#17388=CARTESIAN_POINT('',(-16.83,1.27,-2.22000000000001));
#17389=CARTESIAN_POINT('',(-16.83,1.27,-2.22000000000001));
#17390=CARTESIAN_POINT('',(-14.29,1.27,-2.86000000000001));
#17391=CARTESIAN_POINT('',(-14.29,1.27,-2.86000000000001));
#17392=CARTESIAN_POINT('',(-13.65,1.27,-2.86000000000001));
#17393=CARTESIAN_POINT('',(-13.65,1.27,-2.86000000000001));
#17394=CARTESIAN_POINT('',(-13.65,1.27,-2.22000000000001));
#17395=CARTESIAN_POINT('',(-13.65,1.27,-2.22000000000001));
#17396=CARTESIAN_POINT('',(-14.29,1.27,-2.22000000000001));
#17397=CARTESIAN_POINT('',(-14.29,1.27,-2.22000000000001));
#17398=CARTESIAN_POINT('',(-11.75,1.27,-2.86000000000001));
#17399=CARTESIAN_POINT('',(-11.75,1.27,-2.86000000000001));
#17400=CARTESIAN_POINT('',(-11.11,1.27,-2.86000000000001));
#17401=CARTESIAN_POINT('',(-11.11,1.27,-2.86000000000001));
#17402=CARTESIAN_POINT('',(-11.11,1.27,-2.22000000000001));
#17403=CARTESIAN_POINT('',(-11.11,1.27,-2.22000000000001));
#17404=CARTESIAN_POINT('',(-11.75,1.27,-2.22000000000001));
#17405=CARTESIAN_POINT('',(-11.75,1.27,-2.22000000000001));
#17406=CARTESIAN_POINT('',(-9.21000000000001,1.27,-2.86000000000001));
#17407=CARTESIAN_POINT('',(-9.21000000000001,1.27,-2.86000000000001));
#17408=CARTESIAN_POINT('',(-8.57,1.27,-2.86000000000001));
#17409=CARTESIAN_POINT('',(-8.57,1.27,-2.86000000000001));
#17410=CARTESIAN_POINT('',(-8.57000000000001,1.27,-2.22000000000001));
#17411=CARTESIAN_POINT('',(-8.57,1.27,-2.22000000000001));
#17412=CARTESIAN_POINT('',(-9.21000000000001,1.27,-2.22000000000001));
#17413=CARTESIAN_POINT('',(-9.21000000000001,1.27,-2.22000000000001));
#17414=CARTESIAN_POINT('',(-6.67000000000001,1.27,-2.86000000000001));
#17415=CARTESIAN_POINT('',(-6.67000000000001,1.27,-2.86000000000001));
#17416=CARTESIAN_POINT('',(-6.03000000000001,1.27,-2.86000000000001));
#17417=CARTESIAN_POINT('',(-6.03000000000001,1.27,-2.86000000000001));
#17418=CARTESIAN_POINT('',(-6.03000000000001,1.27,-2.22000000000001));
#17419=CARTESIAN_POINT('',(-6.03000000000001,1.27,-2.22000000000001));
#17420=CARTESIAN_POINT('',(-6.67000000000001,1.27,-2.22000000000001));
#17421=CARTESIAN_POINT('',(-6.67000000000001,1.27,-2.22000000000001));
#17422=CARTESIAN_POINT('',(-4.13000000000001,1.27,-2.86000000000001));
#17423=CARTESIAN_POINT('',(-4.13000000000001,1.27,-2.86000000000001));
#17424=CARTESIAN_POINT('',(-3.49000000000001,1.27,-2.86000000000001));
#17425=CARTESIAN_POINT('',(-3.49000000000001,1.27,-2.86000000000001));
#17426=CARTESIAN_POINT('',(-3.49000000000001,1.27,-2.22000000000001));
#17427=CARTESIAN_POINT('',(-3.49000000000001,1.27,-2.22000000000001));
#17428=CARTESIAN_POINT('',(-4.13000000000001,1.27,-2.22000000000001));
#17429=CARTESIAN_POINT('',(-4.13000000000001,1.27,-2.22000000000001));
#17430=CARTESIAN_POINT('',(-1.59000000000001,1.27,-2.86000000000001));
#17431=CARTESIAN_POINT('',(-1.59000000000001,1.27,-2.86000000000001));
#17432=CARTESIAN_POINT('',(-0.950000000000006,1.27,-2.86000000000001));
#17433=CARTESIAN_POINT('',(-0.950000000000006,1.27,-2.86000000000001));
#17434=CARTESIAN_POINT('',(-0.950000000000006,1.27,-2.22000000000001));
#17435=CARTESIAN_POINT('',(-0.950000000000006,1.27,-2.22000000000001));
#17436=CARTESIAN_POINT('',(-1.59000000000001,1.27,-2.22000000000001));
#17437=CARTESIAN_POINT('',(-1.59000000000001,1.27,-2.22000000000001));
#17438=CARTESIAN_POINT('',(0.949999999999993,1.27,-2.86000000000001));
#17439=CARTESIAN_POINT('',(0.949999999999993,1.27,-2.86000000000001));
#17440=CARTESIAN_POINT('',(1.58999999999999,1.27,-2.86000000000001));
#17441=CARTESIAN_POINT('',(1.58999999999999,1.27,-2.86000000000001));
#17442=CARTESIAN_POINT('',(1.58999999999999,1.27,-2.22000000000001));
#17443=CARTESIAN_POINT('',(1.58999999999999,1.27,-2.22000000000001));
#17444=CARTESIAN_POINT('',(0.949999999999993,1.27,-2.22000000000001));
#17445=CARTESIAN_POINT('',(0.949999999999993,1.27,-2.22000000000001));
#17446=CARTESIAN_POINT('',(3.48999999999999,1.27,-2.86000000000001));
#17447=CARTESIAN_POINT('',(3.48999999999999,1.27,-2.86000000000001));
#17448=CARTESIAN_POINT('',(4.12999999999999,1.27,-2.86000000000001));
#17449=CARTESIAN_POINT('',(4.12999999999999,1.27,-2.86000000000001));
#17450=CARTESIAN_POINT('',(4.12999999999999,1.27,-2.22000000000001));
#17451=CARTESIAN_POINT('',(4.12999999999999,1.27,-2.22000000000001));
#17452=CARTESIAN_POINT('',(3.48999999999999,1.27,-2.22000000000001));
#17453=CARTESIAN_POINT('',(3.48999999999999,1.27,-2.22000000000001));
#17454=CARTESIAN_POINT('',(6.02999999999999,1.27,-2.86000000000001));
#17455=CARTESIAN_POINT('',(6.02999999999999,1.27,-2.86000000000001));
#17456=CARTESIAN_POINT('',(6.67,1.27,-2.86000000000001));
#17457=CARTESIAN_POINT('',(6.67,1.27,-2.86000000000001));
#17458=CARTESIAN_POINT('',(6.67,1.27,-2.22000000000001));
#17459=CARTESIAN_POINT('',(6.67,1.27,-2.22000000000001));
#17460=CARTESIAN_POINT('',(6.02999999999999,1.27,-2.22000000000001));
#17461=CARTESIAN_POINT('',(6.02999999999999,1.27,-2.22000000000001));
#17462=CARTESIAN_POINT('',(8.56999999999999,1.27,-2.86000000000001));
#17463=CARTESIAN_POINT('',(8.56999999999999,1.27,-2.86000000000001));
#17464=CARTESIAN_POINT('',(9.21,1.27,-2.86000000000001));
#17465=CARTESIAN_POINT('',(9.21,1.27,-2.86000000000001));
#17466=CARTESIAN_POINT('',(9.21,1.27,-2.22000000000001));
#17467=CARTESIAN_POINT('',(9.21,1.27,-2.22000000000001));
#17468=CARTESIAN_POINT('',(8.56999999999999,1.27,-2.22000000000001));
#17469=CARTESIAN_POINT('',(8.56999999999999,1.27,-2.22000000000001));
#17470=CARTESIAN_POINT('',(11.11,1.27,-2.86000000000001));
#17471=CARTESIAN_POINT('',(11.11,1.27,-2.86000000000001));
#17472=CARTESIAN_POINT('',(11.75,1.27,-2.86000000000001));
#17473=CARTESIAN_POINT('',(11.75,1.27,-2.86000000000001));
#17474=CARTESIAN_POINT('',(11.75,1.27,-2.22000000000001));
#17475=CARTESIAN_POINT('',(11.75,1.27,-2.22000000000001));
#17476=CARTESIAN_POINT('',(11.11,1.27,-2.22000000000001));
#17477=CARTESIAN_POINT('',(11.11,1.27,-2.22000000000001));
#17478=CARTESIAN_POINT('',(13.65,1.27,-2.86000000000001));
#17479=CARTESIAN_POINT('',(13.65,1.27,-2.86000000000001));
#17480=CARTESIAN_POINT('',(14.29,1.27,-2.86000000000001));
#17481=CARTESIAN_POINT('',(14.29,1.27,-2.86000000000001));
#17482=CARTESIAN_POINT('',(14.29,1.27,-2.22000000000001));
#17483=CARTESIAN_POINT('',(14.29,1.27,-2.22000000000001));
#17484=CARTESIAN_POINT('',(13.65,1.27,-2.22000000000001));
#17485=CARTESIAN_POINT('',(13.65,1.27,-2.22000000000001));
#17486=CARTESIAN_POINT('',(16.19,1.27,-2.86000000000001));
#17487=CARTESIAN_POINT('',(16.19,1.27,-2.86000000000001));
#17488=CARTESIAN_POINT('',(16.83,1.27,-2.86000000000001));
#17489=CARTESIAN_POINT('',(16.83,1.27,-2.86000000000001));
#17490=CARTESIAN_POINT('',(16.83,1.27,-2.22000000000001));
#17491=CARTESIAN_POINT('',(16.83,1.27,-2.22000000000001));
#17492=CARTESIAN_POINT('',(16.19,1.27,-2.22000000000001));
#17493=CARTESIAN_POINT('',(16.19,1.27,-2.22000000000001));
#17494=CARTESIAN_POINT('',(18.73,1.27,-2.86000000000001));
#17495=CARTESIAN_POINT('',(18.73,1.27,-2.86000000000001));
#17496=CARTESIAN_POINT('',(19.37,1.27,-2.86000000000001));
#17497=CARTESIAN_POINT('',(19.37,1.27,-2.86000000000001));
#17498=CARTESIAN_POINT('',(19.37,1.27,-2.22000000000001));
#17499=CARTESIAN_POINT('',(19.37,1.27,-2.22000000000001));
#17500=CARTESIAN_POINT('',(18.73,1.27,-2.22000000000001));
#17501=CARTESIAN_POINT('',(18.73,1.27,-2.22000000000001));
#17502=CARTESIAN_POINT('',(21.27,1.27,-2.86000000000001));
#17503=CARTESIAN_POINT('',(21.27,1.27,-2.86000000000001));
#17504=CARTESIAN_POINT('',(21.91,1.27,-2.86000000000001));
#17505=CARTESIAN_POINT('',(21.91,1.27,-2.86000000000001));
#17506=CARTESIAN_POINT('',(21.91,1.27,-2.22000000000001));
#17507=CARTESIAN_POINT('',(21.91,1.27,-2.22000000000001));
#17508=CARTESIAN_POINT('',(21.27,1.27,-2.22000000000001));
#17509=CARTESIAN_POINT('',(21.27,1.27,-2.22000000000001));
#17510=CARTESIAN_POINT('',(23.81,1.27,-2.86000000000001));
#17511=CARTESIAN_POINT('',(23.81,1.27,-2.86000000000001));
#17512=CARTESIAN_POINT('',(24.45,1.27,-2.86000000000001));
#17513=CARTESIAN_POINT('',(24.45,1.27,-2.86000000000001));
#17514=CARTESIAN_POINT('',(24.45,1.27,-2.22000000000001));
#17515=CARTESIAN_POINT('',(24.45,1.27,-2.22000000000001));
#17516=CARTESIAN_POINT('',(23.81,1.27,-2.22000000000001));
#17517=CARTESIAN_POINT('',(23.81,1.27,-2.22000000000001));
#17518=CARTESIAN_POINT('',(26.35,1.27,-2.86000000000001));
#17519=CARTESIAN_POINT('',(26.35,1.27,-2.86000000000001));
#17520=CARTESIAN_POINT('',(26.99,1.27,-2.86000000000001));
#17521=CARTESIAN_POINT('',(26.99,1.27,-2.86000000000001));
#17522=CARTESIAN_POINT('',(26.99,1.27,-2.22000000000001));
#17523=CARTESIAN_POINT('',(26.99,1.27,-2.22000000000001));
#17524=CARTESIAN_POINT('',(26.35,1.27,-2.22000000000001));
#17525=CARTESIAN_POINT('',(26.35,1.27,-2.22000000000001));
#17526=CARTESIAN_POINT('',(28.89,1.27,-2.86000000000001));
#17527=CARTESIAN_POINT('',(28.89,1.27,-2.86000000000001));
#17528=CARTESIAN_POINT('',(29.53,1.27,-2.86000000000001));
#17529=CARTESIAN_POINT('',(29.53,1.27,-2.86000000000001));
#17530=CARTESIAN_POINT('',(29.53,1.27,-2.22000000000001));
#17531=CARTESIAN_POINT('',(29.53,1.27,-2.22000000000001));
#17532=CARTESIAN_POINT('',(28.89,1.27,-2.22000000000001));
#17533=CARTESIAN_POINT('',(28.89,1.27,-2.22000000000001));
#17534=CARTESIAN_POINT('',(31.43,1.27,-2.86000000000001));
#17535=CARTESIAN_POINT('',(31.43,1.27,-2.86000000000001));
#17536=CARTESIAN_POINT('',(32.07,1.27,-2.86000000000001));
#17537=CARTESIAN_POINT('',(32.07,1.27,-2.86000000000001));
#17538=CARTESIAN_POINT('',(32.07,1.27,-2.22000000000001));
#17539=CARTESIAN_POINT('',(32.07,1.27,-2.22000000000001));
#17540=CARTESIAN_POINT('',(31.43,1.27,-2.22000000000001));
#17541=CARTESIAN_POINT('',(31.43,1.27,-2.22000000000001));
#17542=CARTESIAN_POINT('',(33.97,1.27,-2.86000000000001));
#17543=CARTESIAN_POINT('',(33.97,1.27,-2.86000000000001));
#17544=CARTESIAN_POINT('',(34.61,1.27,-2.86000000000001));
#17545=CARTESIAN_POINT('',(34.61,1.27,-2.86000000000001));
#17546=CARTESIAN_POINT('',(34.61,1.27,-2.22000000000001));
#17547=CARTESIAN_POINT('',(34.61,1.27,-2.22000000000001));
#17548=CARTESIAN_POINT('',(33.97,1.27,-2.22000000000001));
#17549=CARTESIAN_POINT('',(33.97,1.27,-2.22000000000001));
#17550=CARTESIAN_POINT('',(36.51,1.27,-2.86000000000001));
#17551=CARTESIAN_POINT('',(36.51,1.27,-2.86000000000001));
#17552=CARTESIAN_POINT('',(37.15,1.27,-2.86000000000001));
#17553=CARTESIAN_POINT('',(37.15,1.27,-2.86000000000001));
#17554=CARTESIAN_POINT('',(37.15,1.27,-2.22000000000001));
#17555=CARTESIAN_POINT('',(37.15,1.27,-2.22000000000001));
#17556=CARTESIAN_POINT('',(36.51,1.27,-2.22000000000001));
#17557=CARTESIAN_POINT('',(36.51,1.27,-2.22000000000001));
#17558=CARTESIAN_POINT('',(39.05,1.27,-2.86000000000001));
#17559=CARTESIAN_POINT('',(39.05,1.27,-2.86000000000001));
#17560=CARTESIAN_POINT('',(39.69,1.27,-2.86000000000001));
#17561=CARTESIAN_POINT('',(39.69,1.27,-2.86000000000001));
#17562=CARTESIAN_POINT('',(39.69,1.27,-2.22000000000001));
#17563=CARTESIAN_POINT('',(39.69,1.27,-2.22000000000001));
#17564=CARTESIAN_POINT('',(39.05,1.27,-2.22000000000001));
#17565=CARTESIAN_POINT('',(39.05,1.27,-2.22000000000001));
#17566=CARTESIAN_POINT('',(-40.8381958563148,-0.832071068427371,0.93));
#17567=CARTESIAN_POINT('',(-40.8381958563148,-0.832071068427371,0.320000000000005));
#17568=CARTESIAN_POINT('',(39.05,-0.832071068427365,0.320000000000005));
#17569=CARTESIAN_POINT('',(39.69,-0.832071068427365,0.320000000000005));
#17570=CARTESIAN_POINT('',(39.69,-0.832071068427371,0.93));
#17571=CARTESIAN_POINT('',(39.69,-0.832071068427371,-0.319999999999998));
#17572=CARTESIAN_POINT('',(-40.8381958563148,-0.832071068427371,-0.319999999999998));
#17573=CARTESIAN_POINT('',(39.05,-0.832071068427365,-0.319999999999998));
#17574=CARTESIAN_POINT('',(39.05,-0.832071068427371,0.93));
#17575=CARTESIAN_POINT('',(-40.8381958563148,-0.832071068427371,0.320000000000005));
#17576=CARTESIAN_POINT('',(36.51,-0.832071068427365,0.320000000000005));
#17577=CARTESIAN_POINT('',(37.15,-0.832071068427365,0.320000000000005));
#17578=CARTESIAN_POINT('',(37.15,-0.832071068427371,0.93));
#17579=CARTESIAN_POINT('',(37.15,-0.832071068427371,-0.319999999999998));
#17580=CARTESIAN_POINT('',(-40.8381958563148,-0.832071068427371,-0.319999999999998));
#17581=CARTESIAN_POINT('',(36.51,-0.832071068427365,-0.319999999999998));
#17582=CARTESIAN_POINT('',(36.51,-0.832071068427371,0.93));
#17583=CARTESIAN_POINT('',(-40.8381958563148,-0.832071068427371,0.320000000000005));
#17584=CARTESIAN_POINT('',(33.97,-0.832071068427365,0.320000000000005));
#17585=CARTESIAN_POINT('',(34.61,-0.832071068427365,0.320000000000005));
#17586=CARTESIAN_POINT('',(34.61,-0.832071068427371,0.93));
#17587=CARTESIAN_POINT('',(34.61,-0.832071068427371,-0.319999999999998));
#17588=CARTESIAN_POINT('',(-40.8381958563148,-0.832071068427371,-0.319999999999998));
#17589=CARTESIAN_POINT('',(33.97,-0.832071068427365,-0.319999999999998));
#17590=CARTESIAN_POINT('',(33.97,-0.832071068427371,0.93));
#17591=CARTESIAN_POINT('',(-40.8381958563148,-0.832071068427371,0.320000000000005));
#17592=CARTESIAN_POINT('',(31.43,-0.832071068427365,0.320000000000005));
#17593=CARTESIAN_POINT('',(32.07,-0.832071068427365,0.320000000000005));
#17594=CARTESIAN_POINT('',(32.07,-0.832071068427371,0.93));
#17595=CARTESIAN_POINT('',(32.07,-0.832071068427371,-0.319999999999998));
#17596=CARTESIAN_POINT('',(-40.8381958563148,-0.832071068427371,-0.319999999999998));
#17597=CARTESIAN_POINT('',(31.43,-0.832071068427365,-0.319999999999998));
#17598=CARTESIAN_POINT('',(31.43,-0.832071068427371,0.93));
#17599=CARTESIAN_POINT('',(-40.8381958563148,-0.832071068427371,0.320000000000005));
#17600=CARTESIAN_POINT('',(28.89,-0.832071068427365,0.320000000000005));
#17601=CARTESIAN_POINT('',(29.53,-0.832071068427365,0.320000000000005));
#17602=CARTESIAN_POINT('',(29.53,-0.832071068427371,0.93));
#17603=CARTESIAN_POINT('',(29.53,-0.832071068427371,-0.319999999999998));
#17604=CARTESIAN_POINT('',(-40.8381958563148,-0.832071068427371,-0.319999999999998));
#17605=CARTESIAN_POINT('',(28.89,-0.832071068427365,-0.319999999999998));
#17606=CARTESIAN_POINT('',(28.89,-0.832071068427371,0.93));
#17607=CARTESIAN_POINT('',(-40.8381958563148,-0.832071068427371,0.320000000000005));
#17608=CARTESIAN_POINT('',(26.35,-0.832071068427365,0.320000000000005));
#17609=CARTESIAN_POINT('',(26.99,-0.832071068427365,0.320000000000005));
#17610=CARTESIAN_POINT('',(26.99,-0.832071068427371,0.93));
#17611=CARTESIAN_POINT('',(26.99,-0.832071068427371,-0.319999999999998));
#17612=CARTESIAN_POINT('',(-40.8381958563148,-0.832071068427371,-0.319999999999998));
#17613=CARTESIAN_POINT('',(26.35,-0.832071068427365,-0.319999999999998));
#17614=CARTESIAN_POINT('',(26.35,-0.832071068427371,0.93));
#17615=CARTESIAN_POINT('',(-40.8381958563148,-0.832071068427371,0.320000000000005));
#17616=CARTESIAN_POINT('',(23.81,-0.832071068427365,0.320000000000005));
#17617=CARTESIAN_POINT('',(24.45,-0.832071068427365,0.320000000000005));
#17618=CARTESIAN_POINT('',(24.45,-0.832071068427371,0.93));
#17619=CARTESIAN_POINT('',(24.45,-0.832071068427371,-0.319999999999998));
#17620=CARTESIAN_POINT('',(-40.8381958563148,-0.832071068427371,-0.319999999999998));
#17621=CARTESIAN_POINT('',(23.81,-0.832071068427365,-0.319999999999998));
#17622=CARTESIAN_POINT('',(23.81,-0.832071068427371,0.93));
#17623=CARTESIAN_POINT('',(-40.8381958563148,-0.832071068427371,0.320000000000005));
#17624=CARTESIAN_POINT('',(21.27,-0.832071068427365,0.320000000000005));
#17625=CARTESIAN_POINT('',(21.91,-0.832071068427365,0.320000000000005));
#17626=CARTESIAN_POINT('',(21.91,-0.832071068427371,0.93));
#17627=CARTESIAN_POINT('',(21.91,-0.832071068427371,-0.319999999999998));
#17628=CARTESIAN_POINT('',(-40.8381958563148,-0.832071068427371,-0.319999999999998));
#17629=CARTESIAN_POINT('',(21.27,-0.832071068427365,-0.319999999999998));
#17630=CARTESIAN_POINT('',(21.27,-0.832071068427371,0.93));
#17631=CARTESIAN_POINT('',(-40.8381958563148,-0.832071068427371,0.320000000000005));
#17632=CARTESIAN_POINT('',(18.73,-0.832071068427365,0.320000000000005));
#17633=CARTESIAN_POINT('',(19.37,-0.832071068427365,0.320000000000005));
#17634=CARTESIAN_POINT('',(19.37,-0.832071068427371,0.93));
#17635=CARTESIAN_POINT('',(19.37,-0.832071068427371,-0.319999999999998));
#17636=CARTESIAN_POINT('',(-40.8381958563148,-0.832071068427371,-0.319999999999998));
#17637=CARTESIAN_POINT('',(18.73,-0.832071068427365,-0.319999999999998));
#17638=CARTESIAN_POINT('',(18.73,-0.832071068427371,0.93));
#17639=CARTESIAN_POINT('',(-40.8381958563148,-0.832071068427371,0.320000000000005));
#17640=CARTESIAN_POINT('',(16.19,-0.832071068427365,0.320000000000005));
#17641=CARTESIAN_POINT('',(16.83,-0.832071068427365,0.320000000000005));
#17642=CARTESIAN_POINT('',(16.83,-0.832071068427371,0.93));
#17643=CARTESIAN_POINT('',(16.83,-0.832071068427371,-0.319999999999998));
#17644=CARTESIAN_POINT('',(-40.8381958563148,-0.832071068427371,-0.319999999999998));
#17645=CARTESIAN_POINT('',(16.19,-0.832071068427365,-0.319999999999998));
#17646=CARTESIAN_POINT('',(16.19,-0.832071068427371,0.93));
#17647=CARTESIAN_POINT('',(-40.8381958563148,-0.832071068427371,0.320000000000005));
#17648=CARTESIAN_POINT('',(13.65,-0.832071068427365,0.320000000000005));
#17649=CARTESIAN_POINT('',(14.29,-0.832071068427365,0.320000000000005));
#17650=CARTESIAN_POINT('',(14.29,-0.832071068427371,0.93));
#17651=CARTESIAN_POINT('',(14.29,-0.832071068427371,-0.319999999999998));
#17652=CARTESIAN_POINT('',(-40.8381958563148,-0.832071068427371,-0.319999999999998));
#17653=CARTESIAN_POINT('',(13.65,-0.832071068427365,-0.319999999999998));
#17654=CARTESIAN_POINT('',(13.65,-0.832071068427371,0.93));
#17655=CARTESIAN_POINT('',(-40.8381958563148,-0.832071068427371,0.320000000000005));
#17656=CARTESIAN_POINT('',(11.11,-0.832071068427365,0.320000000000005));
#17657=CARTESIAN_POINT('',(11.75,-0.832071068427365,0.320000000000005));
#17658=CARTESIAN_POINT('',(11.75,-0.832071068427371,0.93));
#17659=CARTESIAN_POINT('',(11.75,-0.832071068427371,-0.319999999999998));
#17660=CARTESIAN_POINT('',(-40.8381958563148,-0.832071068427371,-0.319999999999998));
#17661=CARTESIAN_POINT('',(11.11,-0.832071068427365,-0.319999999999998));
#17662=CARTESIAN_POINT('',(11.11,-0.832071068427371,0.93));
#17663=CARTESIAN_POINT('',(-40.8381958563148,-0.832071068427371,0.320000000000005));
#17664=CARTESIAN_POINT('',(8.56999999999999,-0.832071068427365,0.320000000000005));
#17665=CARTESIAN_POINT('',(9.21,-0.832071068427365,0.320000000000005));
#17666=CARTESIAN_POINT('',(9.21,-0.832071068427371,0.93));
#17667=CARTESIAN_POINT('',(9.21,-0.832071068427371,-0.319999999999998));
#17668=CARTESIAN_POINT('',(-40.8381958563148,-0.832071068427371,-0.319999999999998));
#17669=CARTESIAN_POINT('',(8.56999999999999,-0.832071068427365,-0.319999999999998));
#17670=CARTESIAN_POINT('',(8.56999999999999,-0.832071068427371,0.93));
#17671=CARTESIAN_POINT('',(-40.8381958563148,-0.832071068427371,0.320000000000005));
#17672=CARTESIAN_POINT('',(6.02999999999999,-0.832071068427365,0.320000000000005));
#17673=CARTESIAN_POINT('',(6.67,-0.832071068427365,0.320000000000005));
#17674=CARTESIAN_POINT('',(6.67,-0.832071068427371,0.93));
#17675=CARTESIAN_POINT('',(6.67,-0.832071068427371,-0.319999999999998));
#17676=CARTESIAN_POINT('',(-40.8381958563148,-0.832071068427371,-0.319999999999998));
#17677=CARTESIAN_POINT('',(6.02999999999999,-0.832071068427365,-0.319999999999998));
#17678=CARTESIAN_POINT('',(6.02999999999999,-0.832071068427371,0.93));
#17679=CARTESIAN_POINT('',(-40.8381958563148,-0.832071068427371,0.320000000000005));
#17680=CARTESIAN_POINT('',(3.48999999999999,-0.832071068427365,0.320000000000005));
#17681=CARTESIAN_POINT('',(4.12999999999999,-0.832071068427365,0.320000000000005));
#17682=CARTESIAN_POINT('',(4.12999999999999,-0.832071068427371,0.93));
#17683=CARTESIAN_POINT('',(4.12999999999999,-0.832071068427371,-0.319999999999998));
#17684=CARTESIAN_POINT('',(-40.8381958563148,-0.832071068427371,-0.319999999999998));
#17685=CARTESIAN_POINT('',(3.48999999999999,-0.832071068427365,-0.319999999999998));
#17686=CARTESIAN_POINT('',(3.48999999999999,-0.832071068427371,0.93));
#17687=CARTESIAN_POINT('',(-40.8381958563148,-0.832071068427371,0.320000000000005));
#17688=CARTESIAN_POINT('',(0.949999999999993,-0.832071068427365,0.320000000000005));
#17689=CARTESIAN_POINT('',(1.58999999999999,-0.832071068427365,0.320000000000005));
#17690=CARTESIAN_POINT('',(1.58999999999999,-0.832071068427371,0.93));
#17691=CARTESIAN_POINT('',(1.58999999999999,-0.832071068427371,-0.319999999999998));
#17692=CARTESIAN_POINT('',(-40.8381958563148,-0.832071068427371,-0.319999999999998));
#17693=CARTESIAN_POINT('',(0.949999999999993,-0.832071068427365,-0.319999999999998));
#17694=CARTESIAN_POINT('',(0.949999999999993,-0.832071068427371,0.93));
#17695=CARTESIAN_POINT('',(-40.8381958563148,-0.832071068427371,0.320000000000005));
#17696=CARTESIAN_POINT('',(-1.59000000000001,-0.832071068427365,0.320000000000005));
#17697=CARTESIAN_POINT('',(-0.950000000000006,-0.832071068427365,0.320000000000005));
#17698=CARTESIAN_POINT('',(-0.950000000000006,-0.832071068427371,0.93));
#17699=CARTESIAN_POINT('',(-0.950000000000006,-0.832071068427371,-0.319999999999998));
#17700=CARTESIAN_POINT('',(-40.8381958563148,-0.832071068427371,-0.319999999999998));
#17701=CARTESIAN_POINT('',(-1.59000000000001,-0.832071068427365,-0.319999999999998));
#17702=CARTESIAN_POINT('',(-1.59000000000001,-0.832071068427371,0.93));
#17703=CARTESIAN_POINT('',(-40.8381958563148,-0.832071068427371,0.320000000000005));
#17704=CARTESIAN_POINT('',(-4.13000000000001,-0.832071068427365,0.320000000000005));
#17705=CARTESIAN_POINT('',(-3.49000000000001,-0.832071068427365,0.320000000000005));
#17706=CARTESIAN_POINT('',(-3.49000000000001,-0.832071068427371,0.93));
#17707=CARTESIAN_POINT('',(-3.49000000000001,-0.832071068427371,-0.319999999999998));
#17708=CARTESIAN_POINT('',(-40.8381958563148,-0.832071068427371,-0.319999999999998));
#17709=CARTESIAN_POINT('',(-4.13000000000001,-0.832071068427365,-0.319999999999998));
#17710=CARTESIAN_POINT('',(-4.13000000000001,-0.832071068427371,0.93));
#17711=CARTESIAN_POINT('',(-40.8381958563148,-0.832071068427371,0.320000000000005));
#17712=CARTESIAN_POINT('',(-6.67000000000001,-0.832071068427365,0.320000000000005));
#17713=CARTESIAN_POINT('',(-6.03000000000001,-0.832071068427365,0.320000000000005));
#17714=CARTESIAN_POINT('',(-6.03000000000001,-0.832071068427371,0.93));
#17715=CARTESIAN_POINT('',(-6.03000000000001,-0.832071068427371,-0.319999999999998));
#17716=CARTESIAN_POINT('',(-40.8381958563148,-0.832071068427371,-0.319999999999998));
#17717=CARTESIAN_POINT('',(-6.67000000000001,-0.832071068427365,-0.319999999999998));
#17718=CARTESIAN_POINT('',(-6.67000000000001,-0.832071068427371,0.93));
#17719=CARTESIAN_POINT('',(-40.8381958563148,-0.832071068427371,0.320000000000005));
#17720=CARTESIAN_POINT('',(-9.21000000000001,-0.832071068427365,0.320000000000005));
#17721=CARTESIAN_POINT('',(-8.57,-0.832071068427365,0.320000000000005));
#17722=CARTESIAN_POINT('',(-8.57,-0.832071068427371,0.93));
#17723=CARTESIAN_POINT('',(-8.57000000000001,-0.832071068427371,-0.319999999999998));
#17724=CARTESIAN_POINT('',(-40.8381958563148,-0.832071068427371,-0.319999999999998));
#17725=CARTESIAN_POINT('',(-9.21000000000001,-0.832071068427365,-0.319999999999998));
#17726=CARTESIAN_POINT('',(-9.21,-0.832071068427371,0.93));
#17727=CARTESIAN_POINT('',(-40.8381958563148,-0.832071068427371,0.320000000000005));
#17728=CARTESIAN_POINT('',(-11.75,-0.832071068427365,0.320000000000005));
#17729=CARTESIAN_POINT('',(-11.11,-0.832071068427365,0.320000000000005));
#17730=CARTESIAN_POINT('',(-11.11,-0.832071068427371,0.93));
#17731=CARTESIAN_POINT('',(-11.11,-0.832071068427371,-0.319999999999998));
#17732=CARTESIAN_POINT('',(-40.8381958563148,-0.832071068427371,-0.319999999999998));
#17733=CARTESIAN_POINT('',(-11.75,-0.832071068427365,-0.319999999999998));
#17734=CARTESIAN_POINT('',(-11.75,-0.832071068427371,0.93));
#17735=CARTESIAN_POINT('',(-40.8381958563148,-0.832071068427371,0.320000000000005));
#17736=CARTESIAN_POINT('',(-14.29,-0.832071068427365,0.320000000000005));
#17737=CARTESIAN_POINT('',(-13.65,-0.832071068427365,0.320000000000005));
#17738=CARTESIAN_POINT('',(-13.65,-0.832071068427371,0.93));
#17739=CARTESIAN_POINT('',(-13.65,-0.832071068427371,-0.319999999999998));
#17740=CARTESIAN_POINT('',(-40.8381958563148,-0.832071068427371,-0.319999999999998));
#17741=CARTESIAN_POINT('',(-14.29,-0.832071068427365,-0.319999999999998));
#17742=CARTESIAN_POINT('',(-14.29,-0.832071068427371,0.93));
#17743=CARTESIAN_POINT('',(-40.8381958563148,-0.832071068427371,0.320000000000005));
#17744=CARTESIAN_POINT('',(-16.83,-0.832071068427365,0.320000000000005));
#17745=CARTESIAN_POINT('',(-16.19,-0.832071068427365,0.320000000000005));
#17746=CARTESIAN_POINT('',(-16.19,-0.832071068427371,0.93));
#17747=CARTESIAN_POINT('',(-16.19,-0.832071068427371,-0.319999999999998));
#17748=CARTESIAN_POINT('',(-40.8381958563148,-0.832071068427371,-0.319999999999998));
#17749=CARTESIAN_POINT('',(-16.83,-0.832071068427365,-0.319999999999998));
#17750=CARTESIAN_POINT('',(-16.83,-0.832071068427371,0.93));
#17751=CARTESIAN_POINT('',(-40.8381958563148,-0.832071068427371,0.320000000000005));
#17752=CARTESIAN_POINT('',(-19.37,-0.832071068427365,0.320000000000005));
#17753=CARTESIAN_POINT('',(-18.73,-0.832071068427365,0.320000000000005));
#17754=CARTESIAN_POINT('',(-18.73,-0.832071068427371,0.93));
#17755=CARTESIAN_POINT('',(-18.73,-0.832071068427371,-0.319999999999998));
#17756=CARTESIAN_POINT('',(-40.8381958563148,-0.832071068427371,-0.319999999999998));
#17757=CARTESIAN_POINT('',(-19.37,-0.832071068427365,-0.319999999999998));
#17758=CARTESIAN_POINT('',(-19.37,-0.832071068427371,0.93));
#17759=CARTESIAN_POINT('',(-40.8381958563148,-0.832071068427371,0.320000000000005));
#17760=CARTESIAN_POINT('',(-21.91,-0.832071068427365,0.320000000000005));
#17761=CARTESIAN_POINT('',(-21.27,-0.832071068427365,0.320000000000005));
#17762=CARTESIAN_POINT('',(-21.27,-0.832071068427371,0.93));
#17763=CARTESIAN_POINT('',(-21.27,-0.832071068427371,-0.319999999999998));
#17764=CARTESIAN_POINT('',(-40.8381958563148,-0.832071068427371,-0.319999999999998));
#17765=CARTESIAN_POINT('',(-21.91,-0.832071068427365,-0.319999999999998));
#17766=CARTESIAN_POINT('',(-21.91,-0.832071068427371,0.93));
#17767=CARTESIAN_POINT('',(-40.8381958563148,-0.832071068427371,0.320000000000005));
#17768=CARTESIAN_POINT('',(-24.45,-0.832071068427365,0.320000000000005));
#17769=CARTESIAN_POINT('',(-23.81,-0.832071068427365,0.320000000000005));
#17770=CARTESIAN_POINT('',(-23.81,-0.832071068427371,0.93));
#17771=CARTESIAN_POINT('',(-23.81,-0.832071068427371,-0.319999999999998));
#17772=CARTESIAN_POINT('',(-40.8381958563148,-0.832071068427371,-0.319999999999998));
#17773=CARTESIAN_POINT('',(-24.45,-0.832071068427365,-0.319999999999998));
#17774=CARTESIAN_POINT('',(-24.45,-0.832071068427371,0.93));
#17775=CARTESIAN_POINT('',(-40.8381958563148,-0.832071068427371,0.320000000000005));
#17776=CARTESIAN_POINT('',(-26.99,-0.832071068427365,0.320000000000005));
#17777=CARTESIAN_POINT('',(-26.35,-0.832071068427365,0.320000000000005));
#17778=CARTESIAN_POINT('',(-26.35,-0.832071068427371,0.93));
#17779=CARTESIAN_POINT('',(-26.35,-0.832071068427371,-0.319999999999998));
#17780=CARTESIAN_POINT('',(-40.8381958563148,-0.832071068427371,-0.319999999999998));
#17781=CARTESIAN_POINT('',(-26.99,-0.832071068427365,-0.319999999999998));
#17782=CARTESIAN_POINT('',(-26.99,-0.832071068427371,0.93));
#17783=CARTESIAN_POINT('',(-40.8381958563148,-0.832071068427371,0.320000000000005));
#17784=CARTESIAN_POINT('',(-29.53,-0.832071068427365,0.320000000000005));
#17785=CARTESIAN_POINT('',(-28.89,-0.832071068427365,0.320000000000005));
#17786=CARTESIAN_POINT('',(-28.89,-0.832071068427371,0.93));
#17787=CARTESIAN_POINT('',(-28.89,-0.832071068427371,-0.319999999999998));
#17788=CARTESIAN_POINT('',(-40.8381958563148,-0.832071068427371,-0.319999999999998));
#17789=CARTESIAN_POINT('',(-29.53,-0.832071068427365,-0.319999999999998));
#17790=CARTESIAN_POINT('',(-29.53,-0.832071068427371,0.93));
#17791=CARTESIAN_POINT('',(-40.8381958563148,-0.832071068427371,0.320000000000005));
#17792=CARTESIAN_POINT('',(-32.07,-0.832071068427365,0.320000000000005));
#17793=CARTESIAN_POINT('',(-31.43,-0.832071068427365,0.320000000000005));
#17794=CARTESIAN_POINT('',(-31.43,-0.832071068427371,0.93));
#17795=CARTESIAN_POINT('',(-31.43,-0.832071068427371,-0.319999999999998));
#17796=CARTESIAN_POINT('',(-40.8381958563148,-0.832071068427371,-0.319999999999998));
#17797=CARTESIAN_POINT('',(-32.07,-0.832071068427365,-0.319999999999998));
#17798=CARTESIAN_POINT('',(-32.07,-0.832071068427371,0.93));
#17799=CARTESIAN_POINT('',(-40.8381958563148,-0.832071068427371,0.320000000000005));
#17800=CARTESIAN_POINT('',(-34.61,-0.832071068427365,0.320000000000005));
#17801=CARTESIAN_POINT('',(-33.97,-0.832071068427365,0.320000000000005));
#17802=CARTESIAN_POINT('',(-33.97,-0.832071068427371,0.93));
#17803=CARTESIAN_POINT('',(-33.97,-0.832071068427371,-0.319999999999998));
#17804=CARTESIAN_POINT('',(-40.8381958563148,-0.832071068427371,-0.319999999999998));
#17805=CARTESIAN_POINT('',(-34.61,-0.832071068427365,-0.319999999999998));
#17806=CARTESIAN_POINT('',(-34.61,-0.832071068427371,0.93));
#17807=CARTESIAN_POINT('',(-40.8381958563148,-0.832071068427371,0.320000000000005));
#17808=CARTESIAN_POINT('',(-37.15,-0.832071068427365,0.320000000000005));
#17809=CARTESIAN_POINT('',(-36.51,-0.832071068427365,0.320000000000005));
#17810=CARTESIAN_POINT('',(-36.51,-0.832071068427371,0.93));
#17811=CARTESIAN_POINT('',(-36.51,-0.832071068427371,-0.319999999999998));
#17812=CARTESIAN_POINT('',(-40.8381958563148,-0.832071068427371,-0.319999999999998));
#17813=CARTESIAN_POINT('',(-37.15,-0.832071068427365,-0.319999999999998));
#17814=CARTESIAN_POINT('',(-37.15,-0.832071068427371,0.93));
#17815=CARTESIAN_POINT('',(-40.8381958563148,-0.832071068427371,0.320000000000005));
#17816=CARTESIAN_POINT('',(-39.69,-0.832071068427365,0.320000000000005));
#17817=CARTESIAN_POINT('',(-39.05,-0.832071068427365,0.320000000000005));
#17818=CARTESIAN_POINT('',(-39.05,-0.832071068427371,0.93));
#17819=CARTESIAN_POINT('',(-39.05,-0.832071068427371,-0.319999999999998));
#17820=CARTESIAN_POINT('',(-40.8381958563148,-0.832071068427371,-0.319999999999998));
#17821=CARTESIAN_POINT('',(-39.69,-0.832071068427365,-0.319999999999998));
#17822=CARTESIAN_POINT('',(-39.69,-0.832071068427371,0.93));
#17823=CARTESIAN_POINT('',(-40.8381958563148,-0.832071068427371,0.93));
#17824=CARTESIAN_POINT('',(-40.56,-0.832071068427368,0.93));
#17825=CARTESIAN_POINT('',(-38.18,-0.832071068427368,0.93));
#17826=CARTESIAN_POINT('',(-40.64,-0.832071068427365,0.770000000000007));
#17827=CARTESIAN_POINT('',(-40.64,-0.832071068427371,0.770000000000001));
#17828=CARTESIAN_POINT('',(-40.64,-0.832071068427371,-1.43521200462705E-16));
#17829=CARTESIAN_POINT('',(-40.64,-0.832071068427365,-3.31));
#17830=CARTESIAN_POINT('',(-40.64,-0.832071068427365,-3.30999999999999));
#17831=CARTESIAN_POINT('',(-40.56,-0.83207106842737,-3.47));
#17832=CARTESIAN_POINT('',(-40.8381958563148,-0.83207106842737,-3.47));
#17833=CARTESIAN_POINT('',(-38.18,-0.83207106842737,-3.47));
#17834=CARTESIAN_POINT('',(-38.35,-0.832071068427365,-3.80999999999999));
#17835=CARTESIAN_POINT('',(-38.1,-0.832071068427365,-3.30999999999999));
#17836=CARTESIAN_POINT('',(-38.1,-0.832071068427365,-3.30999999999999));
#17837=CARTESIAN_POINT('',(-38.02,-0.83207106842737,-3.47));
#17838=CARTESIAN_POINT('',(-40.8381958563148,-0.83207106842737,-3.47));
#17839=CARTESIAN_POINT('',(-35.64,-0.83207106842737,-3.47));
#17840=CARTESIAN_POINT('',(-35.81,-0.832071068427365,-3.80999999999999));
#17841=CARTESIAN_POINT('',(-35.56,-0.832071068427365,-3.30999999999999));
#17842=CARTESIAN_POINT('',(-35.56,-0.832071068427365,-3.30999999999999));
#17843=CARTESIAN_POINT('',(-35.48,-0.83207106842737,-3.47));
#17844=CARTESIAN_POINT('',(-40.8381958563148,-0.83207106842737,-3.47));
#17845=CARTESIAN_POINT('',(-33.1,-0.83207106842737,-3.47));
#17846=CARTESIAN_POINT('',(-33.27,-0.832071068427365,-3.80999999999999));
#17847=CARTESIAN_POINT('',(-33.02,-0.832071068427365,-3.30999999999999));
#17848=CARTESIAN_POINT('',(-33.02,-0.832071068427365,-3.30999999999999));
#17849=CARTESIAN_POINT('',(-32.94,-0.83207106842737,-3.47));
#17850=CARTESIAN_POINT('',(-40.8381958563148,-0.83207106842737,-3.47));
#17851=CARTESIAN_POINT('',(-30.56,-0.83207106842737,-3.47));
#17852=CARTESIAN_POINT('',(-30.73,-0.832071068427365,-3.80999999999999));
#17853=CARTESIAN_POINT('',(-30.48,-0.832071068427365,-3.30999999999999));
#17854=CARTESIAN_POINT('',(-30.48,-0.832071068427365,-3.30999999999999));
#17855=CARTESIAN_POINT('',(-30.4,-0.83207106842737,-3.47));
#17856=CARTESIAN_POINT('',(-40.8381958563148,-0.83207106842737,-3.47));
#17857=CARTESIAN_POINT('',(-28.02,-0.83207106842737,-3.47));
#17858=CARTESIAN_POINT('',(-28.19,-0.832071068427365,-3.80999999999999));
#17859=CARTESIAN_POINT('',(-27.94,-0.832071068427365,-3.31));
#17860=CARTESIAN_POINT('',(-27.94,-0.832071068427365,-3.30999999999999));
#17861=CARTESIAN_POINT('',(-27.86,-0.83207106842737,-3.47));
#17862=CARTESIAN_POINT('',(-40.8381958563148,-0.83207106842737,-3.47));
#17863=CARTESIAN_POINT('',(-25.48,-0.83207106842737,-3.47));
#17864=CARTESIAN_POINT('',(-25.65,-0.832071068427365,-3.80999999999999));
#17865=CARTESIAN_POINT('',(-25.4,-0.832071068427365,-3.30999999999999));
#17866=CARTESIAN_POINT('',(-25.4,-0.832071068427365,-3.30999999999999));
#17867=CARTESIAN_POINT('',(-25.32,-0.83207106842737,-3.47));
#17868=CARTESIAN_POINT('',(-40.8381958563148,-0.83207106842737,-3.47));
#17869=CARTESIAN_POINT('',(-22.94,-0.83207106842737,-3.47));
#17870=CARTESIAN_POINT('',(-23.11,-0.832071068427365,-3.80999999999999));
#17871=CARTESIAN_POINT('',(-22.86,-0.832071068427365,-3.30999999999999));
#17872=CARTESIAN_POINT('',(-22.86,-0.832071068427365,-3.30999999999999));
#17873=CARTESIAN_POINT('',(-22.78,-0.83207106842737,-3.47));
#17874=CARTESIAN_POINT('',(-40.8381958563148,-0.83207106842737,-3.47));
#17875=CARTESIAN_POINT('',(-20.4,-0.83207106842737,-3.47));
#17876=CARTESIAN_POINT('',(-20.57,-0.832071068427365,-3.80999999999999));
#17877=CARTESIAN_POINT('',(-20.32,-0.832071068427365,-3.30999999999999));
#17878=CARTESIAN_POINT('',(-20.32,-0.832071068427365,-3.30999999999999));
#17879=CARTESIAN_POINT('',(-20.24,-0.83207106842737,-3.47));
#17880=CARTESIAN_POINT('',(-40.8381958563148,-0.83207106842737,-3.47));
#17881=CARTESIAN_POINT('',(-17.86,-0.83207106842737,-3.47));
#17882=CARTESIAN_POINT('',(-18.03,-0.832071068427365,-3.80999999999999));
#17883=CARTESIAN_POINT('',(-17.78,-0.832071068427365,-3.31));
#17884=CARTESIAN_POINT('',(-17.78,-0.832071068427365,-3.30999999999999));
#17885=CARTESIAN_POINT('',(-17.7,-0.83207106842737,-3.47));
#17886=CARTESIAN_POINT('',(-40.8381958563148,-0.83207106842737,-3.47));
#17887=CARTESIAN_POINT('',(-15.32,-0.83207106842737,-3.47));
#17888=CARTESIAN_POINT('',(-15.49,-0.832071068427365,-3.80999999999999));
#17889=CARTESIAN_POINT('',(-15.24,-0.832071068427365,-3.30999999999999));
#17890=CARTESIAN_POINT('',(-15.24,-0.832071068427365,-3.30999999999999));
#17891=CARTESIAN_POINT('',(-15.16,-0.83207106842737,-3.47));
#17892=CARTESIAN_POINT('',(-40.8381958563148,-0.83207106842737,-3.47));
#17893=CARTESIAN_POINT('',(-12.78,-0.83207106842737,-3.47));
#17894=CARTESIAN_POINT('',(-12.95,-0.832071068427365,-3.80999999999999));
#17895=CARTESIAN_POINT('',(-12.7,-0.832071068427365,-3.31));
#17896=CARTESIAN_POINT('',(-12.7,-0.832071068427365,-3.30999999999999));
#17897=CARTESIAN_POINT('',(-12.62,-0.83207106842737,-3.47));
#17898=CARTESIAN_POINT('',(-40.8381958563148,-0.83207106842737,-3.47));
#17899=CARTESIAN_POINT('',(-10.24,-0.83207106842737,-3.47));
#17900=CARTESIAN_POINT('',(-10.41,-0.832071068427365,-3.80999999999999));
#17901=CARTESIAN_POINT('',(-10.16,-0.832071068427365,-3.30999999999999));
#17902=CARTESIAN_POINT('',(-10.16,-0.832071068427365,-3.30999999999999));
#17903=CARTESIAN_POINT('',(-10.08,-0.83207106842737,-3.47));
#17904=CARTESIAN_POINT('',(-40.8381958563148,-0.83207106842737,-3.47));
#17905=CARTESIAN_POINT('',(-7.7,-0.83207106842737,-3.47));
#17906=CARTESIAN_POINT('',(-7.86999999999999,-0.832071068427365,-3.80999999999999));
#17907=CARTESIAN_POINT('',(-7.62000000000001,-0.832071068427365,-3.30999999999999));
#17908=CARTESIAN_POINT('',(-7.62000000000001,-0.832071068427365,-3.30999999999999));
#17909=CARTESIAN_POINT('',(-7.54000000000001,-0.83207106842737,-3.47));
#17910=CARTESIAN_POINT('',(-40.8381958563148,-0.83207106842737,-3.47));
#17911=CARTESIAN_POINT('',(-5.16,-0.83207106842737,-3.47));
#17912=CARTESIAN_POINT('',(-5.32999999999999,-0.832071068427365,-3.80999999999999));
#17913=CARTESIAN_POINT('',(-5.08,-0.832071068427365,-3.30999999999999));
#17914=CARTESIAN_POINT('',(-5.08000000000001,-0.832071068427365,-3.30999999999999));
#17915=CARTESIAN_POINT('',(-5.,-0.83207106842737,-3.47));
#17916=CARTESIAN_POINT('',(-40.8381958563148,-0.83207106842737,-3.47));
#17917=CARTESIAN_POINT('',(-2.62,-0.83207106842737,-3.47));
#17918=CARTESIAN_POINT('',(-2.78999999999999,-0.832071068427365,-3.80999999999999));
#17919=CARTESIAN_POINT('',(-2.54,-0.832071068427365,-3.31));
#17920=CARTESIAN_POINT('',(-2.54000000000001,-0.832071068427365,-3.30999999999999));
#17921=CARTESIAN_POINT('',(-2.46,-0.83207106842737,-3.47));
#17922=CARTESIAN_POINT('',(-40.8381958563148,-0.83207106842737,-3.47));
#17923=CARTESIAN_POINT('',(-0.0799999999999967,-0.83207106842737,-3.47));
#17924=CARTESIAN_POINT('',(-0.249999999999992,-0.832071068427365,-3.80999999999999));
#17925=CARTESIAN_POINT('',(-4.12321808222435E-15,-0.832071068427365,-3.30999999999999));
#17926=CARTESIAN_POINT('',(-8.17481495643033E-15,-0.832071068427365,-3.30999999999999));
#17927=CARTESIAN_POINT('',(0.0799999999999967,-0.83207106842737,-3.47));
#17928=CARTESIAN_POINT('',(-40.8381958563148,-0.83207106842737,-3.47));
#17929=CARTESIAN_POINT('',(2.46,-0.83207106842737,-3.47));
#17930=CARTESIAN_POINT('',(2.29000000000001,-0.832071068427365,-3.80999999999999));
#17931=CARTESIAN_POINT('',(2.54,-0.832071068427365,-3.30999999999999));
#17932=CARTESIAN_POINT('',(2.53999999999999,-0.832071068427365,-3.30999999999999));
#17933=CARTESIAN_POINT('',(2.62,-0.83207106842737,-3.47));
#17934=CARTESIAN_POINT('',(-40.8381958563148,-0.83207106842737,-3.47));
#17935=CARTESIAN_POINT('',(5.,-0.83207106842737,-3.47));
#17936=CARTESIAN_POINT('',(4.83000000000001,-0.832071068427365,-3.80999999999999));
#17937=CARTESIAN_POINT('',(5.08,-0.832071068427365,-3.31));
#17938=CARTESIAN_POINT('',(5.07999999999999,-0.832071068427365,-3.30999999999999));
#17939=CARTESIAN_POINT('',(5.16,-0.83207106842737,-3.47));
#17940=CARTESIAN_POINT('',(-40.8381958563148,-0.83207106842737,-3.47));
#17941=CARTESIAN_POINT('',(7.54000000000001,-0.83207106842737,-3.47));
#17942=CARTESIAN_POINT('',(7.37000000000001,-0.832071068427365,-3.80999999999999));
#17943=CARTESIAN_POINT('',(7.62,-0.832071068427365,-3.31));
#17944=CARTESIAN_POINT('',(7.61999999999999,-0.832071068427365,-3.30999999999999));
#17945=CARTESIAN_POINT('',(7.7,-0.83207106842737,-3.47));
#17946=CARTESIAN_POINT('',(-40.8381958563148,-0.83207106842737,-3.47));
#17947=CARTESIAN_POINT('',(10.08,-0.83207106842737,-3.47));
#17948=CARTESIAN_POINT('',(9.91000000000001,-0.832071068427365,-3.80999999999999));
#17949=CARTESIAN_POINT('',(10.16,-0.832071068427365,-3.31));
#17950=CARTESIAN_POINT('',(10.16,-0.832071068427365,-3.30999999999999));
#17951=CARTESIAN_POINT('',(10.24,-0.83207106842737,-3.47));
#17952=CARTESIAN_POINT('',(-40.8381958563148,-0.83207106842737,-3.47));
#17953=CARTESIAN_POINT('',(12.62,-0.83207106842737,-3.47));
#17954=CARTESIAN_POINT('',(12.45,-0.832071068427365,-3.80999999999999));
#17955=CARTESIAN_POINT('',(12.7,-0.832071068427365,-3.31));
#17956=CARTESIAN_POINT('',(12.7,-0.832071068427365,-3.30999999999999));
#17957=CARTESIAN_POINT('',(12.78,-0.83207106842737,-3.47));
#17958=CARTESIAN_POINT('',(-40.8381958563148,-0.83207106842737,-3.47));
#17959=CARTESIAN_POINT('',(15.16,-0.83207106842737,-3.47));
#17960=CARTESIAN_POINT('',(14.99,-0.832071068427365,-3.80999999999999));
#17961=CARTESIAN_POINT('',(15.24,-0.832071068427365,-3.31));
#17962=CARTESIAN_POINT('',(15.24,-0.832071068427365,-3.30999999999999));
#17963=CARTESIAN_POINT('',(15.32,-0.83207106842737,-3.47));
#17964=CARTESIAN_POINT('',(-40.8381958563148,-0.83207106842737,-3.47));
#17965=CARTESIAN_POINT('',(17.7,-0.83207106842737,-3.47));
#17966=CARTESIAN_POINT('',(17.53,-0.832071068427365,-3.80999999999999));
#17967=CARTESIAN_POINT('',(17.78,-0.832071068427365,-3.31));
#17968=CARTESIAN_POINT('',(17.78,-0.832071068427365,-3.30999999999999));
#17969=CARTESIAN_POINT('',(17.86,-0.83207106842737,-3.47));
#17970=CARTESIAN_POINT('',(-40.8381958563148,-0.83207106842737,-3.47));
#17971=CARTESIAN_POINT('',(20.24,-0.83207106842737,-3.47));
#17972=CARTESIAN_POINT('',(20.07,-0.832071068427365,-3.80999999999999));
#17973=CARTESIAN_POINT('',(20.32,-0.832071068427365,-3.31));
#17974=CARTESIAN_POINT('',(20.32,-0.832071068427365,-3.30999999999999));
#17975=CARTESIAN_POINT('',(20.4,-0.83207106842737,-3.47));
#17976=CARTESIAN_POINT('',(-40.8381958563148,-0.83207106842737,-3.47));
#17977=CARTESIAN_POINT('',(22.78,-0.83207106842737,-3.47));
#17978=CARTESIAN_POINT('',(22.61,-0.832071068427365,-3.80999999999999));
#17979=CARTESIAN_POINT('',(22.86,-0.832071068427365,-3.31));
#17980=CARTESIAN_POINT('',(22.86,-0.832071068427365,-3.30999999999999));
#17981=CARTESIAN_POINT('',(22.94,-0.83207106842737,-3.47));
#17982=CARTESIAN_POINT('',(-40.8381958563148,-0.83207106842737,-3.47));
#17983=CARTESIAN_POINT('',(25.32,-0.83207106842737,-3.47));
#17984=CARTESIAN_POINT('',(25.15,-0.832071068427365,-3.80999999999999));
#17985=CARTESIAN_POINT('',(25.4,-0.832071068427365,-3.30999999999999));
#17986=CARTESIAN_POINT('',(25.4,-0.832071068427365,-3.30999999999999));
#17987=CARTESIAN_POINT('',(25.48,-0.83207106842737,-3.47));
#17988=CARTESIAN_POINT('',(-40.8381958563148,-0.83207106842737,-3.47));
#17989=CARTESIAN_POINT('',(27.86,-0.83207106842737,-3.47));
#17990=CARTESIAN_POINT('',(27.69,-0.832071068427365,-3.80999999999999));
#17991=CARTESIAN_POINT('',(27.94,-0.832071068427365,-3.31));
#17992=CARTESIAN_POINT('',(27.94,-0.832071068427365,-3.30999999999999));
#17993=CARTESIAN_POINT('',(28.02,-0.83207106842737,-3.47));
#17994=CARTESIAN_POINT('',(-40.8381958563148,-0.83207106842737,-3.47));
#17995=CARTESIAN_POINT('',(30.4,-0.83207106842737,-3.47));
#17996=CARTESIAN_POINT('',(30.23,-0.832071068427365,-3.80999999999999));
#17997=CARTESIAN_POINT('',(30.48,-0.832071068427365,-3.31));
#17998=CARTESIAN_POINT('',(30.48,-0.832071068427365,-3.30999999999999));
#17999=CARTESIAN_POINT('',(30.56,-0.83207106842737,-3.47));
#18000=CARTESIAN_POINT('',(-40.8381958563148,-0.83207106842737,-3.47));
#18001=CARTESIAN_POINT('',(32.94,-0.83207106842737,-3.47));
#18002=CARTESIAN_POINT('',(32.77,-0.832071068427365,-3.80999999999999));
#18003=CARTESIAN_POINT('',(33.02,-0.832071068427365,-3.30999999999999));
#18004=CARTESIAN_POINT('',(33.02,-0.832071068427365,-3.30999999999999));
#18005=CARTESIAN_POINT('',(33.1,-0.83207106842737,-3.47));
#18006=CARTESIAN_POINT('',(-40.8381958563148,-0.83207106842737,-3.47));
#18007=CARTESIAN_POINT('',(35.48,-0.83207106842737,-3.47));
#18008=CARTESIAN_POINT('',(35.31,-0.832071068427365,-3.80999999999999));
#18009=CARTESIAN_POINT('',(35.56,-0.832071068427365,-3.31));
#18010=CARTESIAN_POINT('',(35.56,-0.832071068427365,-3.30999999999999));
#18011=CARTESIAN_POINT('',(35.64,-0.83207106842737,-3.47));
#18012=CARTESIAN_POINT('',(-40.8381958563148,-0.83207106842737,-3.47));
#18013=CARTESIAN_POINT('',(38.02,-0.83207106842737,-3.47));
#18014=CARTESIAN_POINT('',(37.85,-0.832071068427365,-3.80999999999999));
#18015=CARTESIAN_POINT('',(38.1,-0.832071068427365,-3.31));
#18016=CARTESIAN_POINT('',(38.1,-0.832071068427365,-3.30999999999999));
#18017=CARTESIAN_POINT('',(38.18,-0.83207106842737,-3.47));
#18018=CARTESIAN_POINT('',(-40.8381958563148,-0.83207106842737,-3.47));
#18019=CARTESIAN_POINT('',(40.56,-0.83207106842737,-3.47));
#18020=CARTESIAN_POINT('',(40.39,-0.832071068427365,-3.80999999999999));
#18021=CARTESIAN_POINT('',(40.64,-0.83207106842737,-3.31));
#18022=CARTESIAN_POINT('',(40.64,-0.832071068427371,0.93));
#18023=CARTESIAN_POINT('',(40.64,-0.832071068427371,0.770000000000001));
#18024=CARTESIAN_POINT('',(40.39,-0.832071068427365,1.27000000000001));
#18025=CARTESIAN_POINT('',(40.56,-0.832071068427368,0.930000000000005));
#18026=CARTESIAN_POINT('',(-40.8381958563148,-0.832071068427371,0.93));
#18027=CARTESIAN_POINT('',(38.18,-0.832071068427368,0.93));
#18028=CARTESIAN_POINT('',(38.1,-0.832071068427365,0.770000000000006));
#18029=CARTESIAN_POINT('',(38.1,-0.832071068427365,0.770000000000001));
#18030=CARTESIAN_POINT('',(37.85,-0.832071068427365,1.27000000000001));
#18031=CARTESIAN_POINT('',(38.02,-0.832071068427368,0.93));
#18032=CARTESIAN_POINT('',(-40.8381958563148,-0.832071068427371,0.93));
#18033=CARTESIAN_POINT('',(35.64,-0.832071068427368,0.930000000000003));
#18034=CARTESIAN_POINT('',(35.56,-0.832071068427365,0.770000000000006));
#18035=CARTESIAN_POINT('',(35.56,-0.832071068427365,0.770000000000001));
#18036=CARTESIAN_POINT('',(35.31,-0.832071068427365,1.27000000000001));
#18037=CARTESIAN_POINT('',(35.48,-0.832071068427368,0.929999999999997));
#18038=CARTESIAN_POINT('',(-40.8381958563148,-0.832071068427371,0.93));
#18039=CARTESIAN_POINT('',(33.1,-0.832071068427368,0.93));
#18040=CARTESIAN_POINT('',(33.02,-0.832071068427365,0.770000000000006));
#18041=CARTESIAN_POINT('',(33.02,-0.832071068427365,0.770000000000001));
#18042=CARTESIAN_POINT('',(32.77,-0.832071068427365,1.27000000000001));
#18043=CARTESIAN_POINT('',(32.94,-0.832071068427368,0.93));
#18044=CARTESIAN_POINT('',(-40.8381958563148,-0.832071068427371,0.93));
#18045=CARTESIAN_POINT('',(30.56,-0.832071068427368,0.929999999999999));
#18046=CARTESIAN_POINT('',(30.48,-0.832071068427365,0.770000000000006));
#18047=CARTESIAN_POINT('',(30.48,-0.832071068427365,0.770000000000001));
#18048=CARTESIAN_POINT('',(30.23,-0.832071068427365,1.27000000000001));
#18049=CARTESIAN_POINT('',(30.4,-0.832071068427368,0.929999999999999));
#18050=CARTESIAN_POINT('',(-40.8381958563148,-0.832071068427371,0.93));
#18051=CARTESIAN_POINT('',(28.02,-0.832071068427368,0.929999999999999));
#18052=CARTESIAN_POINT('',(27.94,-0.832071068427365,0.770000000000006));
#18053=CARTESIAN_POINT('',(27.94,-0.832071068427365,0.770000000000001));
#18054=CARTESIAN_POINT('',(27.69,-0.832071068427365,1.27000000000001));
#18055=CARTESIAN_POINT('',(27.86,-0.832071068427368,0.929999999999999));
#18056=CARTESIAN_POINT('',(-40.8381958563148,-0.832071068427371,0.93));
#18057=CARTESIAN_POINT('',(25.48,-0.832071068427368,0.929999999999999));
#18058=CARTESIAN_POINT('',(25.4,-0.832071068427365,0.770000000000006));
#18059=CARTESIAN_POINT('',(25.4,-0.832071068427365,0.770000000000001));
#18060=CARTESIAN_POINT('',(25.15,-0.832071068427365,1.27000000000001));
#18061=CARTESIAN_POINT('',(25.32,-0.832071068427368,0.929999999999999));
#18062=CARTESIAN_POINT('',(-40.8381958563148,-0.832071068427371,0.93));
#18063=CARTESIAN_POINT('',(22.94,-0.832071068427368,0.929999999999999));
#18064=CARTESIAN_POINT('',(22.86,-0.832071068427365,0.770000000000006));
#18065=CARTESIAN_POINT('',(22.86,-0.832071068427365,0.770000000000001));
#18066=CARTESIAN_POINT('',(22.61,-0.832071068427365,1.27000000000001));
#18067=CARTESIAN_POINT('',(22.78,-0.832071068427368,0.929999999999999));
#18068=CARTESIAN_POINT('',(-40.8381958563148,-0.832071068427371,0.93));
#18069=CARTESIAN_POINT('',(20.4,-0.832071068427368,0.929999999999999));
#18070=CARTESIAN_POINT('',(20.32,-0.832071068427365,0.770000000000006));
#18071=CARTESIAN_POINT('',(20.32,-0.832071068427365,0.770000000000001));
#18072=CARTESIAN_POINT('',(20.07,-0.832071068427365,1.27000000000001));
#18073=CARTESIAN_POINT('',(20.24,-0.832071068427368,0.929999999999998));
#18074=CARTESIAN_POINT('',(-40.8381958563148,-0.832071068427371,0.93));
#18075=CARTESIAN_POINT('',(17.86,-0.832071068427368,0.930000000000002));
#18076=CARTESIAN_POINT('',(17.78,-0.832071068427365,0.770000000000006));
#18077=CARTESIAN_POINT('',(17.78,-0.832071068427365,0.770000000000001));
#18078=CARTESIAN_POINT('',(17.53,-0.832071068427365,1.27000000000001));
#18079=CARTESIAN_POINT('',(17.7,-0.832071068427368,0.930000000000001));
#18080=CARTESIAN_POINT('',(-40.8381958563148,-0.832071068427371,0.93));
#18081=CARTESIAN_POINT('',(15.32,-0.832071068427368,0.930000000000001));
#18082=CARTESIAN_POINT('',(15.24,-0.832071068427365,0.770000000000006));
#18083=CARTESIAN_POINT('',(15.24,-0.832071068427365,0.770000000000001));
#18084=CARTESIAN_POINT('',(14.99,-0.832071068427365,1.27000000000001));
#18085=CARTESIAN_POINT('',(15.16,-0.832071068427368,0.930000000000001));
#18086=CARTESIAN_POINT('',(-40.8381958563148,-0.832071068427371,0.93));
#18087=CARTESIAN_POINT('',(12.78,-0.832071068427368,0.930000000000001));
#18088=CARTESIAN_POINT('',(12.7,-0.832071068427365,0.770000000000006));
#18089=CARTESIAN_POINT('',(12.7,-0.832071068427365,0.770000000000001));
#18090=CARTESIAN_POINT('',(12.45,-0.832071068427365,1.27000000000001));
#18091=CARTESIAN_POINT('',(12.62,-0.832071068427368,0.929999999999999));
#18092=CARTESIAN_POINT('',(-40.8381958563148,-0.832071068427371,0.93));
#18093=CARTESIAN_POINT('',(10.24,-0.832071068427368,0.930000000000001));
#18094=CARTESIAN_POINT('',(10.16,-0.832071068427365,0.770000000000006));
#18095=CARTESIAN_POINT('',(10.16,-0.832071068427365,0.770000000000001));
#18096=CARTESIAN_POINT('',(9.91,-0.832071068427365,1.27000000000001));
#18097=CARTESIAN_POINT('',(10.08,-0.832071068427368,0.929999999999999));
#18098=CARTESIAN_POINT('',(-40.8381958563148,-0.832071068427371,0.93));
#18099=CARTESIAN_POINT('',(7.7,-0.832071068427368,0.929999999999999));
#18100=CARTESIAN_POINT('',(7.62,-0.832071068427365,0.770000000000006));
#18101=CARTESIAN_POINT('',(7.62,-0.832071068427365,0.770000000000001));
#18102=CARTESIAN_POINT('',(7.37,-0.832071068427365,1.27000000000001));
#18103=CARTESIAN_POINT('',(7.54,-0.832071068427368,0.929999999999999));
#18104=CARTESIAN_POINT('',(-40.8381958563148,-0.832071068427371,0.93));
#18105=CARTESIAN_POINT('',(5.16,-0.832071068427368,0.930000000000001));
#18106=CARTESIAN_POINT('',(5.08,-0.832071068427365,0.770000000000006));
#18107=CARTESIAN_POINT('',(5.08,-0.832071068427365,0.770000000000001));
#18108=CARTESIAN_POINT('',(4.83,-0.832071068427365,1.27000000000001));
#18109=CARTESIAN_POINT('',(5.,-0.832071068427368,0.929999999999999));
#18110=CARTESIAN_POINT('',(-40.8381958563148,-0.832071068427371,0.93));
#18111=CARTESIAN_POINT('',(2.62,-0.832071068427368,0.930000000000001));
#18112=CARTESIAN_POINT('',(2.54,-0.832071068427365,0.770000000000006));
#18113=CARTESIAN_POINT('',(2.54,-0.832071068427365,0.770000000000001));
#18114=CARTESIAN_POINT('',(2.29,-0.832071068427365,1.27000000000001));
#18115=CARTESIAN_POINT('',(2.46000000000001,-0.832071068427368,0.929999999999998));
#18116=CARTESIAN_POINT('',(-40.8381958563148,-0.832071068427371,0.93));
#18117=CARTESIAN_POINT('',(0.0799999999999976,-0.832071068427368,0.929999999999999));
#18118=CARTESIAN_POINT('',(2.76184493260889E-15,-0.832071068427365,0.770000000000006));
#18119=CARTESIAN_POINT('',(-1.70334251552468E-17,-0.832071068427365,0.770000000000001));
#18120=CARTESIAN_POINT('',(-0.250000000000003,-0.832071068427365,1.27000000000001));
#18121=CARTESIAN_POINT('',(-0.0799999999999934,-0.832071068427368,0.929999999999998));
#18122=CARTESIAN_POINT('',(-40.8381958563148,-0.832071068427371,0.93));
#18123=CARTESIAN_POINT('',(-2.46,-0.832071068427368,0.929999999999999));
#18124=CARTESIAN_POINT('',(-2.54,-0.832071068427365,0.770000000000006));
#18125=CARTESIAN_POINT('',(-2.54,-0.832071068427365,0.770000000000001));
#18126=CARTESIAN_POINT('',(-2.79,-0.832071068427365,1.27000000000001));
#18127=CARTESIAN_POINT('',(-2.62,-0.832071068427368,0.929999999999999));
#18128=CARTESIAN_POINT('',(-40.8381958563148,-0.832071068427371,0.93));
#18129=CARTESIAN_POINT('',(-5.,-0.832071068427368,0.929999999999999));
#18130=CARTESIAN_POINT('',(-5.08,-0.832071068427365,0.770000000000006));
#18131=CARTESIAN_POINT('',(-5.08,-0.832071068427365,0.770000000000001));
#18132=CARTESIAN_POINT('',(-5.33,-0.832071068427365,1.27000000000001));
#18133=CARTESIAN_POINT('',(-5.16,-0.832071068427368,0.929999999999999));
#18134=CARTESIAN_POINT('',(-40.8381958563148,-0.832071068427371,0.93));
#18135=CARTESIAN_POINT('',(-7.54,-0.832071068427368,0.930000000000001));
#18136=CARTESIAN_POINT('',(-7.62,-0.832071068427365,0.770000000000006));
#18137=CARTESIAN_POINT('',(-7.62,-0.832071068427365,0.770000000000001));
#18138=CARTESIAN_POINT('',(-7.87000000000001,-0.832071068427365,1.27000000000001));
#18139=CARTESIAN_POINT('',(-7.7,-0.832071068427368,0.930000000000001));
#18140=CARTESIAN_POINT('',(-40.8381958563148,-0.832071068427371,0.93));
#18141=CARTESIAN_POINT('',(-10.08,-0.832071068427368,0.93));
#18142=CARTESIAN_POINT('',(-10.16,-0.832071068427365,0.770000000000006));
#18143=CARTESIAN_POINT('',(-10.16,-0.832071068427365,0.770000000000001));
#18144=CARTESIAN_POINT('',(-10.41,-0.832071068427365,1.27000000000001));
#18145=CARTESIAN_POINT('',(-10.24,-0.832071068427368,0.929999999999999));
#18146=CARTESIAN_POINT('',(-40.8381958563148,-0.832071068427371,0.93));
#18147=CARTESIAN_POINT('',(-12.62,-0.832071068427368,0.93));
#18148=CARTESIAN_POINT('',(-12.7,-0.832071068427365,0.770000000000006));
#18149=CARTESIAN_POINT('',(-12.7,-0.832071068427365,0.770000000000001));
#18150=CARTESIAN_POINT('',(-12.95,-0.832071068427365,1.27000000000001));
#18151=CARTESIAN_POINT('',(-12.78,-0.832071068427368,0.93));
#18152=CARTESIAN_POINT('',(-40.8381958563148,-0.832071068427371,0.93));
#18153=CARTESIAN_POINT('',(-15.16,-0.832071068427368,0.93));
#18154=CARTESIAN_POINT('',(-15.24,-0.832071068427365,0.770000000000006));
#18155=CARTESIAN_POINT('',(-15.24,-0.832071068427365,0.770000000000001));
#18156=CARTESIAN_POINT('',(-15.49,-0.832071068427365,1.27000000000001));
#18157=CARTESIAN_POINT('',(-15.32,-0.832071068427368,0.929999999999999));
#18158=CARTESIAN_POINT('',(-40.8381958563148,-0.832071068427371,0.93));
#18159=CARTESIAN_POINT('',(-17.7,-0.832071068427368,0.93));
#18160=CARTESIAN_POINT('',(-17.78,-0.832071068427365,0.770000000000006));
#18161=CARTESIAN_POINT('',(-17.78,-0.832071068427365,0.770000000000001));
#18162=CARTESIAN_POINT('',(-18.03,-0.832071068427365,1.27000000000001));
#18163=CARTESIAN_POINT('',(-17.86,-0.832071068427368,0.93));
#18164=CARTESIAN_POINT('',(-40.8381958563148,-0.832071068427371,0.93));
#18165=CARTESIAN_POINT('',(-20.24,-0.832071068427368,0.93));
#18166=CARTESIAN_POINT('',(-20.32,-0.832071068427365,0.770000000000006));
#18167=CARTESIAN_POINT('',(-20.32,-0.832071068427365,0.770000000000001));
#18168=CARTESIAN_POINT('',(-20.57,-0.832071068427365,1.27000000000001));
#18169=CARTESIAN_POINT('',(-20.4,-0.832071068427368,0.929999999999999));
#18170=CARTESIAN_POINT('',(-40.8381958563148,-0.832071068427371,0.93));
#18171=CARTESIAN_POINT('',(-22.78,-0.832071068427368,0.93));
#18172=CARTESIAN_POINT('',(-22.86,-0.832071068427365,0.770000000000006));
#18173=CARTESIAN_POINT('',(-22.86,-0.832071068427365,0.770000000000001));
#18174=CARTESIAN_POINT('',(-23.11,-0.832071068427365,1.27000000000001));
#18175=CARTESIAN_POINT('',(-22.94,-0.832071068427368,0.93));
#18176=CARTESIAN_POINT('',(-40.8381958563148,-0.832071068427371,0.93));
#18177=CARTESIAN_POINT('',(-25.32,-0.832071068427368,0.93));
#18178=CARTESIAN_POINT('',(-25.4,-0.832071068427365,0.770000000000006));
#18179=CARTESIAN_POINT('',(-25.4,-0.832071068427365,0.770000000000001));
#18180=CARTESIAN_POINT('',(-25.65,-0.832071068427365,1.27000000000001));
#18181=CARTESIAN_POINT('',(-25.48,-0.832071068427368,0.93));
#18182=CARTESIAN_POINT('',(-40.8381958563148,-0.832071068427371,0.93));
#18183=CARTESIAN_POINT('',(-27.86,-0.832071068427368,0.93));
#18184=CARTESIAN_POINT('',(-27.94,-0.832071068427365,0.770000000000006));
#18185=CARTESIAN_POINT('',(-27.94,-0.832071068427365,0.770000000000001));
#18186=CARTESIAN_POINT('',(-28.19,-0.832071068427365,1.27000000000001));
#18187=CARTESIAN_POINT('',(-28.02,-0.832071068427368,0.929999999999999));
#18188=CARTESIAN_POINT('',(-40.8381958563148,-0.832071068427371,0.93));
#18189=CARTESIAN_POINT('',(-30.4,-0.832071068427368,0.93));
#18190=CARTESIAN_POINT('',(-30.48,-0.832071068427365,0.770000000000006));
#18191=CARTESIAN_POINT('',(-30.48,-0.832071068427365,0.770000000000001));
#18192=CARTESIAN_POINT('',(-30.73,-0.832071068427365,1.27000000000001));
#18193=CARTESIAN_POINT('',(-30.56,-0.832071068427368,0.93));
#18194=CARTESIAN_POINT('',(-40.8381958563148,-0.832071068427371,0.93));
#18195=CARTESIAN_POINT('',(-32.94,-0.832071068427368,0.93));
#18196=CARTESIAN_POINT('',(-33.02,-0.832071068427365,0.770000000000006));
#18197=CARTESIAN_POINT('',(-33.02,-0.832071068427365,0.770000000000001));
#18198=CARTESIAN_POINT('',(-33.27,-0.832071068427365,1.27000000000001));
#18199=CARTESIAN_POINT('',(-33.1,-0.832071068427368,0.93));
#18200=CARTESIAN_POINT('',(-40.8381958563148,-0.832071068427371,0.93));
#18201=CARTESIAN_POINT('',(-35.48,-0.832071068427368,0.93));
#18202=CARTESIAN_POINT('',(-35.56,-0.832071068427365,0.770000000000006));
#18203=CARTESIAN_POINT('',(-35.56,-0.832071068427365,0.770000000000001));
#18204=CARTESIAN_POINT('',(-35.81,-0.832071068427365,1.27000000000001));
#18205=CARTESIAN_POINT('',(-35.64,-0.832071068427368,0.93));
#18206=CARTESIAN_POINT('',(-40.8381958563148,-0.832071068427371,0.93));
#18207=CARTESIAN_POINT('',(-38.02,-0.832071068427368,0.93));
#18208=CARTESIAN_POINT('',(-38.1,-0.832071068427365,0.770000000000006));
#18209=CARTESIAN_POINT('',(-38.1,-0.832071068427365,0.770000000000001));
#18210=CARTESIAN_POINT('',(-38.35,-0.832071068427365,1.27000000000001));
#18211=CARTESIAN_POINT('',(-40.8381958563148,-0.83207106842737,-2.22000000000001));
#18212=CARTESIAN_POINT('',(-39.69,-0.832071068427365,-2.22000000000001));
#18213=CARTESIAN_POINT('',(-39.05,-0.832071068427365,-2.22000000000001));
#18214=CARTESIAN_POINT('',(-39.05,-0.832071068427371,0.93));
#18215=CARTESIAN_POINT('',(-39.05,-0.83207106842737,-2.86000000000001));
#18216=CARTESIAN_POINT('',(-40.8381958563148,-0.83207106842737,-2.86000000000001));
#18217=CARTESIAN_POINT('',(-39.69,-0.832071068427365,-2.86000000000001));
#18218=CARTESIAN_POINT('',(-39.69,-0.832071068427371,0.93));
#18219=CARTESIAN_POINT('',(-40.8381958563148,-0.83207106842737,-2.22000000000001));
#18220=CARTESIAN_POINT('',(-37.15,-0.832071068427365,-2.22000000000001));
#18221=CARTESIAN_POINT('',(-36.51,-0.832071068427365,-2.22000000000001));
#18222=CARTESIAN_POINT('',(-36.51,-0.832071068427371,0.93));
#18223=CARTESIAN_POINT('',(-36.51,-0.83207106842737,-2.86000000000001));
#18224=CARTESIAN_POINT('',(-40.8381958563148,-0.83207106842737,-2.86000000000001));
#18225=CARTESIAN_POINT('',(-37.15,-0.832071068427365,-2.86000000000001));
#18226=CARTESIAN_POINT('',(-37.15,-0.832071068427371,0.93));
#18227=CARTESIAN_POINT('',(-40.8381958563148,-0.83207106842737,-2.22000000000001));
#18228=CARTESIAN_POINT('',(-34.61,-0.832071068427365,-2.22000000000001));
#18229=CARTESIAN_POINT('',(-33.97,-0.832071068427365,-2.22000000000001));
#18230=CARTESIAN_POINT('',(-33.97,-0.832071068427371,0.93));
#18231=CARTESIAN_POINT('',(-33.97,-0.83207106842737,-2.86000000000001));
#18232=CARTESIAN_POINT('',(-40.8381958563148,-0.83207106842737,-2.86000000000001));
#18233=CARTESIAN_POINT('',(-34.61,-0.832071068427365,-2.86000000000001));
#18234=CARTESIAN_POINT('',(-34.61,-0.832071068427371,0.93));
#18235=CARTESIAN_POINT('',(-40.8381958563148,-0.83207106842737,-2.22000000000001));
#18236=CARTESIAN_POINT('',(-32.07,-0.832071068427365,-2.22000000000001));
#18237=CARTESIAN_POINT('',(-31.43,-0.832071068427365,-2.22000000000001));
#18238=CARTESIAN_POINT('',(-31.43,-0.832071068427371,0.93));
#18239=CARTESIAN_POINT('',(-31.43,-0.83207106842737,-2.86000000000001));
#18240=CARTESIAN_POINT('',(-40.8381958563148,-0.83207106842737,-2.86000000000001));
#18241=CARTESIAN_POINT('',(-32.07,-0.832071068427365,-2.86000000000001));
#18242=CARTESIAN_POINT('',(-32.07,-0.832071068427371,0.93));
#18243=CARTESIAN_POINT('',(-40.8381958563148,-0.83207106842737,-2.22000000000001));
#18244=CARTESIAN_POINT('',(-29.53,-0.832071068427365,-2.22000000000001));
#18245=CARTESIAN_POINT('',(-28.89,-0.832071068427365,-2.22000000000001));
#18246=CARTESIAN_POINT('',(-28.89,-0.832071068427371,0.93));
#18247=CARTESIAN_POINT('',(-28.89,-0.83207106842737,-2.86000000000001));
#18248=CARTESIAN_POINT('',(-40.8381958563148,-0.83207106842737,-2.86000000000001));
#18249=CARTESIAN_POINT('',(-29.53,-0.832071068427365,-2.86000000000001));
#18250=CARTESIAN_POINT('',(-29.53,-0.832071068427371,0.93));
#18251=CARTESIAN_POINT('',(-40.8381958563148,-0.83207106842737,-2.22000000000001));
#18252=CARTESIAN_POINT('',(-26.99,-0.832071068427365,-2.22000000000001));
#18253=CARTESIAN_POINT('',(-26.35,-0.832071068427365,-2.22000000000001));
#18254=CARTESIAN_POINT('',(-26.35,-0.832071068427371,0.93));
#18255=CARTESIAN_POINT('',(-26.35,-0.83207106842737,-2.86000000000001));
#18256=CARTESIAN_POINT('',(-40.8381958563148,-0.83207106842737,-2.86000000000001));
#18257=CARTESIAN_POINT('',(-26.99,-0.832071068427365,-2.86000000000001));
#18258=CARTESIAN_POINT('',(-26.99,-0.832071068427371,0.93));
#18259=CARTESIAN_POINT('',(-40.8381958563148,-0.83207106842737,-2.22000000000001));
#18260=CARTESIAN_POINT('',(-24.45,-0.832071068427365,-2.22000000000001));
#18261=CARTESIAN_POINT('',(-23.81,-0.832071068427365,-2.22000000000001));
#18262=CARTESIAN_POINT('',(-23.81,-0.832071068427371,0.93));
#18263=CARTESIAN_POINT('',(-23.81,-0.83207106842737,-2.86000000000001));
#18264=CARTESIAN_POINT('',(-40.8381958563148,-0.83207106842737,-2.86000000000001));
#18265=CARTESIAN_POINT('',(-24.45,-0.832071068427365,-2.86000000000001));
#18266=CARTESIAN_POINT('',(-24.45,-0.832071068427371,0.93));
#18267=CARTESIAN_POINT('',(-40.8381958563148,-0.83207106842737,-2.22000000000001));
#18268=CARTESIAN_POINT('',(-21.91,-0.832071068427365,-2.22000000000001));
#18269=CARTESIAN_POINT('',(-21.27,-0.832071068427365,-2.22000000000001));
#18270=CARTESIAN_POINT('',(-21.27,-0.832071068427371,0.93));
#18271=CARTESIAN_POINT('',(-21.27,-0.83207106842737,-2.86000000000001));
#18272=CARTESIAN_POINT('',(-40.8381958563148,-0.83207106842737,-2.86000000000001));
#18273=CARTESIAN_POINT('',(-21.91,-0.832071068427365,-2.86000000000001));
#18274=CARTESIAN_POINT('',(-21.91,-0.832071068427371,0.93));
#18275=CARTESIAN_POINT('',(-40.8381958563148,-0.83207106842737,-2.22000000000001));
#18276=CARTESIAN_POINT('',(-19.37,-0.832071068427365,-2.22000000000001));
#18277=CARTESIAN_POINT('',(-18.73,-0.832071068427365,-2.22000000000001));
#18278=CARTESIAN_POINT('',(-18.73,-0.832071068427371,0.93));
#18279=CARTESIAN_POINT('',(-18.73,-0.83207106842737,-2.86000000000001));
#18280=CARTESIAN_POINT('',(-40.8381958563148,-0.83207106842737,-2.86000000000001));
#18281=CARTESIAN_POINT('',(-19.37,-0.832071068427365,-2.86000000000001));
#18282=CARTESIAN_POINT('',(-19.37,-0.832071068427371,0.93));
#18283=CARTESIAN_POINT('',(-40.8381958563148,-0.83207106842737,-2.22000000000001));
#18284=CARTESIAN_POINT('',(-16.83,-0.832071068427365,-2.22000000000001));
#18285=CARTESIAN_POINT('',(-16.19,-0.832071068427365,-2.22000000000001));
#18286=CARTESIAN_POINT('',(-16.19,-0.832071068427371,0.93));
#18287=CARTESIAN_POINT('',(-16.19,-0.83207106842737,-2.86000000000001));
#18288=CARTESIAN_POINT('',(-40.8381958563148,-0.83207106842737,-2.86000000000001));
#18289=CARTESIAN_POINT('',(-16.83,-0.832071068427365,-2.86000000000001));
#18290=CARTESIAN_POINT('',(-16.83,-0.832071068427371,0.93));
#18291=CARTESIAN_POINT('',(-40.8381958563148,-0.83207106842737,-2.22000000000001));
#18292=CARTESIAN_POINT('',(-14.29,-0.832071068427365,-2.22000000000001));
#18293=CARTESIAN_POINT('',(-13.65,-0.832071068427365,-2.22000000000001));
#18294=CARTESIAN_POINT('',(-13.65,-0.832071068427371,0.93));
#18295=CARTESIAN_POINT('',(-13.65,-0.83207106842737,-2.86000000000001));
#18296=CARTESIAN_POINT('',(-40.8381958563148,-0.83207106842737,-2.86000000000001));
#18297=CARTESIAN_POINT('',(-14.29,-0.832071068427365,-2.86000000000001));
#18298=CARTESIAN_POINT('',(-14.29,-0.832071068427371,0.93));
#18299=CARTESIAN_POINT('',(-40.8381958563148,-0.83207106842737,-2.22000000000001));
#18300=CARTESIAN_POINT('',(-11.75,-0.832071068427365,-2.22000000000001));
#18301=CARTESIAN_POINT('',(-11.11,-0.832071068427365,-2.22000000000001));
#18302=CARTESIAN_POINT('',(-11.11,-0.832071068427371,0.93));
#18303=CARTESIAN_POINT('',(-11.11,-0.83207106842737,-2.86000000000001));
#18304=CARTESIAN_POINT('',(-40.8381958563148,-0.83207106842737,-2.86000000000001));
#18305=CARTESIAN_POINT('',(-11.75,-0.832071068427365,-2.86000000000001));
#18306=CARTESIAN_POINT('',(-11.75,-0.832071068427371,0.93));
#18307=CARTESIAN_POINT('',(-40.8381958563148,-0.83207106842737,-2.22000000000001));
#18308=CARTESIAN_POINT('',(-9.21000000000001,-0.832071068427365,-2.22000000000001));
#18309=CARTESIAN_POINT('',(-8.57,-0.832071068427365,-2.22000000000001));
#18310=CARTESIAN_POINT('',(-8.57,-0.832071068427371,0.93));
#18311=CARTESIAN_POINT('',(-8.57000000000001,-0.83207106842737,-2.86000000000001));
#18312=CARTESIAN_POINT('',(-40.8381958563148,-0.83207106842737,-2.86000000000001));
#18313=CARTESIAN_POINT('',(-9.21000000000001,-0.832071068427365,-2.86000000000001));
#18314=CARTESIAN_POINT('',(-9.21,-0.832071068427371,0.93));
#18315=CARTESIAN_POINT('',(-40.8381958563148,-0.83207106842737,-2.22000000000001));
#18316=CARTESIAN_POINT('',(-6.67000000000001,-0.832071068427365,-2.22000000000001));
#18317=CARTESIAN_POINT('',(-6.03000000000001,-0.832071068427365,-2.22000000000001));
#18318=CARTESIAN_POINT('',(-6.03000000000001,-0.832071068427371,0.93));
#18319=CARTESIAN_POINT('',(-6.03000000000001,-0.83207106842737,-2.86000000000001));
#18320=CARTESIAN_POINT('',(-40.8381958563148,-0.83207106842737,-2.86000000000001));
#18321=CARTESIAN_POINT('',(-6.67000000000001,-0.832071068427365,-2.86000000000001));
#18322=CARTESIAN_POINT('',(-6.67000000000001,-0.832071068427371,0.93));
#18323=CARTESIAN_POINT('',(-40.8381958563148,-0.83207106842737,-2.22000000000001));
#18324=CARTESIAN_POINT('',(-4.13000000000001,-0.832071068427365,-2.22000000000001));
#18325=CARTESIAN_POINT('',(-3.49000000000001,-0.832071068427365,-2.22000000000001));
#18326=CARTESIAN_POINT('',(-3.49000000000001,-0.832071068427371,0.93));
#18327=CARTESIAN_POINT('',(-3.49000000000001,-0.83207106842737,-2.86000000000001));
#18328=CARTESIAN_POINT('',(-40.8381958563148,-0.83207106842737,-2.86000000000001));
#18329=CARTESIAN_POINT('',(-4.13000000000001,-0.832071068427365,-2.86000000000001));
#18330=CARTESIAN_POINT('',(-4.13000000000001,-0.832071068427371,0.93));
#18331=CARTESIAN_POINT('',(-40.8381958563148,-0.83207106842737,-2.22000000000001));
#18332=CARTESIAN_POINT('',(-1.59000000000001,-0.832071068427365,-2.22000000000001));
#18333=CARTESIAN_POINT('',(-0.950000000000006,-0.832071068427365,-2.22000000000001));
#18334=CARTESIAN_POINT('',(-0.950000000000006,-0.832071068427371,0.93));
#18335=CARTESIAN_POINT('',(-0.950000000000006,-0.83207106842737,-2.86000000000001));
#18336=CARTESIAN_POINT('',(-40.8381958563148,-0.83207106842737,-2.86000000000001));
#18337=CARTESIAN_POINT('',(-1.59000000000001,-0.832071068427365,-2.86000000000001));
#18338=CARTESIAN_POINT('',(-1.59000000000001,-0.832071068427371,0.93));
#18339=CARTESIAN_POINT('',(-40.8381958563148,-0.83207106842737,-2.22000000000001));
#18340=CARTESIAN_POINT('',(0.949999999999993,-0.832071068427365,-2.22000000000001));
#18341=CARTESIAN_POINT('',(1.58999999999999,-0.832071068427365,-2.22000000000001));
#18342=CARTESIAN_POINT('',(1.58999999999999,-0.832071068427371,0.93));
#18343=CARTESIAN_POINT('',(1.58999999999999,-0.83207106842737,-2.86000000000001));
#18344=CARTESIAN_POINT('',(-40.8381958563148,-0.83207106842737,-2.86000000000001));
#18345=CARTESIAN_POINT('',(0.949999999999993,-0.832071068427365,-2.86000000000001));
#18346=CARTESIAN_POINT('',(0.949999999999993,-0.832071068427371,0.93));
#18347=CARTESIAN_POINT('',(-40.8381958563148,-0.83207106842737,-2.22000000000001));
#18348=CARTESIAN_POINT('',(3.48999999999999,-0.832071068427365,-2.22000000000001));
#18349=CARTESIAN_POINT('',(4.12999999999999,-0.832071068427365,-2.22000000000001));
#18350=CARTESIAN_POINT('',(4.12999999999999,-0.832071068427371,0.93));
#18351=CARTESIAN_POINT('',(4.12999999999999,-0.83207106842737,-2.86000000000001));
#18352=CARTESIAN_POINT('',(-40.8381958563148,-0.83207106842737,-2.86000000000001));
#18353=CARTESIAN_POINT('',(3.48999999999999,-0.832071068427365,-2.86000000000001));
#18354=CARTESIAN_POINT('',(3.48999999999999,-0.832071068427371,0.93));
#18355=CARTESIAN_POINT('',(-40.8381958563148,-0.83207106842737,-2.22000000000001));
#18356=CARTESIAN_POINT('',(6.02999999999999,-0.832071068427365,-2.22000000000001));
#18357=CARTESIAN_POINT('',(6.67,-0.832071068427365,-2.22000000000001));
#18358=CARTESIAN_POINT('',(6.67,-0.832071068427371,0.93));
#18359=CARTESIAN_POINT('',(6.67,-0.83207106842737,-2.86000000000001));
#18360=CARTESIAN_POINT('',(-40.8381958563148,-0.83207106842737,-2.86000000000001));
#18361=CARTESIAN_POINT('',(6.02999999999999,-0.832071068427365,-2.86000000000001));
#18362=CARTESIAN_POINT('',(6.02999999999999,-0.832071068427371,0.93));
#18363=CARTESIAN_POINT('',(-40.8381958563148,-0.83207106842737,-2.22000000000001));
#18364=CARTESIAN_POINT('',(8.56999999999999,-0.832071068427365,-2.22000000000001));
#18365=CARTESIAN_POINT('',(9.21,-0.832071068427365,-2.22000000000001));
#18366=CARTESIAN_POINT('',(9.21,-0.832071068427371,0.93));
#18367=CARTESIAN_POINT('',(9.21,-0.83207106842737,-2.86000000000001));
#18368=CARTESIAN_POINT('',(-40.8381958563148,-0.83207106842737,-2.86000000000001));
#18369=CARTESIAN_POINT('',(8.56999999999999,-0.832071068427365,-2.86000000000001));
#18370=CARTESIAN_POINT('',(8.56999999999999,-0.832071068427371,0.93));
#18371=CARTESIAN_POINT('',(-40.8381958563148,-0.83207106842737,-2.22000000000001));
#18372=CARTESIAN_POINT('',(11.11,-0.832071068427365,-2.22000000000001));
#18373=CARTESIAN_POINT('',(11.75,-0.832071068427365,-2.22000000000001));
#18374=CARTESIAN_POINT('',(11.75,-0.832071068427371,0.93));
#18375=CARTESIAN_POINT('',(11.75,-0.83207106842737,-2.86000000000001));
#18376=CARTESIAN_POINT('',(-40.8381958563148,-0.83207106842737,-2.86000000000001));
#18377=CARTESIAN_POINT('',(11.11,-0.832071068427365,-2.86000000000001));
#18378=CARTESIAN_POINT('',(11.11,-0.832071068427371,0.93));
#18379=CARTESIAN_POINT('',(-40.8381958563148,-0.83207106842737,-2.22000000000001));
#18380=CARTESIAN_POINT('',(13.65,-0.832071068427365,-2.22000000000001));
#18381=CARTESIAN_POINT('',(14.29,-0.832071068427365,-2.22000000000001));
#18382=CARTESIAN_POINT('',(14.29,-0.832071068427371,0.93));
#18383=CARTESIAN_POINT('',(14.29,-0.83207106842737,-2.86000000000001));
#18384=CARTESIAN_POINT('',(-40.8381958563148,-0.83207106842737,-2.86000000000001));
#18385=CARTESIAN_POINT('',(13.65,-0.832071068427365,-2.86000000000001));
#18386=CARTESIAN_POINT('',(13.65,-0.832071068427371,0.93));
#18387=CARTESIAN_POINT('',(-40.8381958563148,-0.83207106842737,-2.22000000000001));
#18388=CARTESIAN_POINT('',(16.19,-0.832071068427365,-2.22000000000001));
#18389=CARTESIAN_POINT('',(16.83,-0.832071068427365,-2.22000000000001));
#18390=CARTESIAN_POINT('',(16.83,-0.832071068427371,0.93));
#18391=CARTESIAN_POINT('',(16.83,-0.83207106842737,-2.86000000000001));
#18392=CARTESIAN_POINT('',(-40.8381958563148,-0.83207106842737,-2.86000000000001));
#18393=CARTESIAN_POINT('',(16.19,-0.832071068427365,-2.86000000000001));
#18394=CARTESIAN_POINT('',(16.19,-0.832071068427371,0.93));
#18395=CARTESIAN_POINT('',(-40.8381958563148,-0.83207106842737,-2.22000000000001));
#18396=CARTESIAN_POINT('',(18.73,-0.832071068427365,-2.22000000000001));
#18397=CARTESIAN_POINT('',(19.37,-0.832071068427365,-2.22000000000001));
#18398=CARTESIAN_POINT('',(19.37,-0.832071068427371,0.93));
#18399=CARTESIAN_POINT('',(19.37,-0.83207106842737,-2.86000000000001));
#18400=CARTESIAN_POINT('',(-40.8381958563148,-0.83207106842737,-2.86000000000001));
#18401=CARTESIAN_POINT('',(18.73,-0.832071068427365,-2.86000000000001));
#18402=CARTESIAN_POINT('',(18.73,-0.832071068427371,0.93));
#18403=CARTESIAN_POINT('',(-40.8381958563148,-0.83207106842737,-2.22000000000001));
#18404=CARTESIAN_POINT('',(21.27,-0.832071068427365,-2.22000000000001));
#18405=CARTESIAN_POINT('',(21.91,-0.832071068427365,-2.22000000000001));
#18406=CARTESIAN_POINT('',(21.91,-0.832071068427371,0.93));
#18407=CARTESIAN_POINT('',(21.91,-0.83207106842737,-2.86000000000001));
#18408=CARTESIAN_POINT('',(-40.8381958563148,-0.83207106842737,-2.86000000000001));
#18409=CARTESIAN_POINT('',(21.27,-0.832071068427365,-2.86000000000001));
#18410=CARTESIAN_POINT('',(21.27,-0.832071068427371,0.93));
#18411=CARTESIAN_POINT('',(-40.8381958563148,-0.83207106842737,-2.22000000000001));
#18412=CARTESIAN_POINT('',(23.81,-0.832071068427365,-2.22000000000001));
#18413=CARTESIAN_POINT('',(24.45,-0.832071068427365,-2.22000000000001));
#18414=CARTESIAN_POINT('',(24.45,-0.832071068427371,0.93));
#18415=CARTESIAN_POINT('',(24.45,-0.83207106842737,-2.86000000000001));
#18416=CARTESIAN_POINT('',(-40.8381958563148,-0.83207106842737,-2.86000000000001));
#18417=CARTESIAN_POINT('',(23.81,-0.832071068427365,-2.86000000000001));
#18418=CARTESIAN_POINT('',(23.81,-0.832071068427371,0.93));
#18419=CARTESIAN_POINT('',(-40.8381958563148,-0.83207106842737,-2.22000000000001));
#18420=CARTESIAN_POINT('',(26.35,-0.832071068427365,-2.22000000000001));
#18421=CARTESIAN_POINT('',(26.99,-0.832071068427365,-2.22000000000001));
#18422=CARTESIAN_POINT('',(26.99,-0.832071068427371,0.93));
#18423=CARTESIAN_POINT('',(26.99,-0.83207106842737,-2.86000000000001));
#18424=CARTESIAN_POINT('',(-40.8381958563148,-0.83207106842737,-2.86000000000001));
#18425=CARTESIAN_POINT('',(26.35,-0.832071068427365,-2.86000000000001));
#18426=CARTESIAN_POINT('',(26.35,-0.832071068427371,0.93));
#18427=CARTESIAN_POINT('',(-40.8381958563148,-0.83207106842737,-2.22000000000001));
#18428=CARTESIAN_POINT('',(28.89,-0.832071068427365,-2.22000000000001));
#18429=CARTESIAN_POINT('',(29.53,-0.832071068427365,-2.22000000000001));
#18430=CARTESIAN_POINT('',(29.53,-0.832071068427371,0.93));
#18431=CARTESIAN_POINT('',(29.53,-0.83207106842737,-2.86000000000001));
#18432=CARTESIAN_POINT('',(-40.8381958563148,-0.83207106842737,-2.86000000000001));
#18433=CARTESIAN_POINT('',(28.89,-0.832071068427365,-2.86000000000001));
#18434=CARTESIAN_POINT('',(28.89,-0.832071068427371,0.93));
#18435=CARTESIAN_POINT('',(-40.8381958563148,-0.83207106842737,-2.22000000000001));
#18436=CARTESIAN_POINT('',(31.43,-0.832071068427365,-2.22000000000001));
#18437=CARTESIAN_POINT('',(32.07,-0.832071068427365,-2.22000000000001));
#18438=CARTESIAN_POINT('',(32.07,-0.832071068427371,0.93));
#18439=CARTESIAN_POINT('',(32.07,-0.83207106842737,-2.86000000000001));
#18440=CARTESIAN_POINT('',(-40.8381958563148,-0.83207106842737,-2.86000000000001));
#18441=CARTESIAN_POINT('',(31.43,-0.832071068427365,-2.86000000000001));
#18442=CARTESIAN_POINT('',(31.43,-0.832071068427371,0.93));
#18443=CARTESIAN_POINT('',(-40.8381958563148,-0.83207106842737,-2.22000000000001));
#18444=CARTESIAN_POINT('',(33.97,-0.832071068427365,-2.22000000000001));
#18445=CARTESIAN_POINT('',(34.61,-0.832071068427365,-2.22000000000001));
#18446=CARTESIAN_POINT('',(34.61,-0.832071068427371,0.93));
#18447=CARTESIAN_POINT('',(34.61,-0.83207106842737,-2.86000000000001));
#18448=CARTESIAN_POINT('',(-40.8381958563148,-0.83207106842737,-2.86000000000001));
#18449=CARTESIAN_POINT('',(33.97,-0.832071068427365,-2.86000000000001));
#18450=CARTESIAN_POINT('',(33.97,-0.832071068427371,0.93));
#18451=CARTESIAN_POINT('',(-40.8381958563148,-0.83207106842737,-2.22000000000001));
#18452=CARTESIAN_POINT('',(36.51,-0.832071068427365,-2.22000000000001));
#18453=CARTESIAN_POINT('',(37.15,-0.832071068427365,-2.22000000000001));
#18454=CARTESIAN_POINT('',(37.15,-0.832071068427371,0.93));
#18455=CARTESIAN_POINT('',(37.15,-0.83207106842737,-2.86000000000001));
#18456=CARTESIAN_POINT('',(-40.8381958563148,-0.83207106842737,-2.86000000000001));
#18457=CARTESIAN_POINT('',(36.51,-0.832071068427365,-2.86000000000001));
#18458=CARTESIAN_POINT('',(36.51,-0.832071068427371,0.93));
#18459=CARTESIAN_POINT('',(-40.8381958563148,-0.83207106842737,-2.22000000000001));
#18460=CARTESIAN_POINT('',(39.05,-0.832071068427365,-2.22000000000001));
#18461=CARTESIAN_POINT('',(39.69,-0.832071068427365,-2.22000000000001));
#18462=CARTESIAN_POINT('',(39.69,-0.832071068427371,0.93));
#18463=CARTESIAN_POINT('',(39.69,-0.83207106842737,-2.86000000000001));
#18464=CARTESIAN_POINT('',(-40.8381958563148,-0.83207106842737,-2.86000000000001));
#18465=CARTESIAN_POINT('',(39.05,-0.832071068427365,-2.86000000000001));
#18466=CARTESIAN_POINT('',(39.05,-0.832071068427371,0.93));
#18467=CARTESIAN_POINT('',(40.64,-1.27,-1.27));
#18468=CARTESIAN_POINT('',(-25.2000000000002,-1.27,31.6499999999998));
#18469=CARTESIAN_POINT('',(-40.39,-1.27000000000001,1.27000000000001));
#18470=CARTESIAN_POINT('',(-40.56,-1.27,0.93));
#18471=CARTESIAN_POINT('',(-40.8381958563148,-1.27,0.93));
#18472=CARTESIAN_POINT('',(-38.18,-1.27,0.93));
#18473=CARTESIAN_POINT('',(-21.5360000000002,-1.27,-32.3579999999998));
#18474=CARTESIAN_POINT('',(-38.35,-1.27000000000001,1.27000000000001));
#18475=CARTESIAN_POINT('',(40.64,-1.27,1.27));
#18476=CARTESIAN_POINT('',(40.64,-1.27,-1.27));
#18477=CARTESIAN_POINT('',(-23.1680000000002,-1.27,30.6339999999998));
#18478=CARTESIAN_POINT('',(-37.85,-1.27000000000001,1.27000000000001));
#18479=CARTESIAN_POINT('',(-38.02,-1.27,0.93));
#18480=CARTESIAN_POINT('',(-40.8381958563148,-1.27,0.93));
#18481=CARTESIAN_POINT('',(-35.64,-1.27,0.93));
#18482=CARTESIAN_POINT('',(-19.5040000000002,-1.27,-31.3419999999999));
#18483=CARTESIAN_POINT('',(-35.81,-1.27000000000001,1.27000000000001));
#18484=CARTESIAN_POINT('',(40.64,-1.27,1.27));
#18485=CARTESIAN_POINT('',(40.64,-1.27,-1.27));
#18486=CARTESIAN_POINT('',(-21.1360000000002,-1.27,29.6179999999998));
#18487=CARTESIAN_POINT('',(-35.31,-1.27000000000001,1.27000000000001));
#18488=CARTESIAN_POINT('',(-35.48,-1.27,0.93));
#18489=CARTESIAN_POINT('',(-40.8381958563148,-1.27,0.93));
#18490=CARTESIAN_POINT('',(-33.1,-1.27,0.93));
#18491=CARTESIAN_POINT('',(-17.4720000000002,-1.27,-30.3259999999999));
#18492=CARTESIAN_POINT('',(-33.27,-1.27000000000001,1.27000000000001));
#18493=CARTESIAN_POINT('',(40.64,-1.27,1.27));
#18494=CARTESIAN_POINT('',(40.64,-1.27,-1.27));
#18495=CARTESIAN_POINT('',(-19.1040000000002,-1.27,28.6019999999998));
#18496=CARTESIAN_POINT('',(-32.77,-1.27000000000001,1.27000000000001));
#18497=CARTESIAN_POINT('',(-32.94,-1.27,0.93));
#18498=CARTESIAN_POINT('',(-40.8381958563148,-1.27,0.93));
#18499=CARTESIAN_POINT('',(-30.56,-1.27,0.93));
#18500=CARTESIAN_POINT('',(-15.4400000000002,-1.27,-29.3099999999999));
#18501=CARTESIAN_POINT('',(-30.73,-1.27000000000001,1.27000000000001));
#18502=CARTESIAN_POINT('',(40.64,-1.27,1.27));
#18503=CARTESIAN_POINT('',(40.64,-1.27,-1.27));
#18504=CARTESIAN_POINT('',(-17.0720000000002,-1.27,27.5859999999998));
#18505=CARTESIAN_POINT('',(-30.23,-1.27000000000001,1.27000000000001));
#18506=CARTESIAN_POINT('',(-30.4,-1.27,0.93));
#18507=CARTESIAN_POINT('',(-40.8381958563148,-1.27,0.93));
#18508=CARTESIAN_POINT('',(-28.02,-1.27,0.93));
#18509=CARTESIAN_POINT('',(-13.4080000000002,-1.27,-28.2939999999999));
#18510=CARTESIAN_POINT('',(-28.19,-1.27000000000001,1.27000000000001));
#18511=CARTESIAN_POINT('',(40.64,-1.27,1.27));
#18512=CARTESIAN_POINT('',(40.64,-1.27,-1.27));
#18513=CARTESIAN_POINT('',(-15.0400000000002,-1.27,26.5699999999999));
#18514=CARTESIAN_POINT('',(-27.69,-1.27000000000001,1.27000000000001));
#18515=CARTESIAN_POINT('',(-27.86,-1.27,0.93));
#18516=CARTESIAN_POINT('',(-40.8381958563148,-1.27,0.93));
#18517=CARTESIAN_POINT('',(-25.48,-1.27,0.93));
#18518=CARTESIAN_POINT('',(-11.3760000000002,-1.27,-27.2779999999999));
#18519=CARTESIAN_POINT('',(-25.65,-1.27000000000001,1.27000000000001));
#18520=CARTESIAN_POINT('',(40.64,-1.27,1.27));
#18521=CARTESIAN_POINT('',(40.64,-1.27,-1.27));
#18522=CARTESIAN_POINT('',(-13.0080000000002,-1.27,25.5539999999999));
#18523=CARTESIAN_POINT('',(-25.15,-1.27000000000001,1.27000000000001));
#18524=CARTESIAN_POINT('',(-25.32,-1.27,0.93));
#18525=CARTESIAN_POINT('',(-40.8381958563148,-1.27,0.93));
#18526=CARTESIAN_POINT('',(-22.94,-1.27,0.93));
#18527=CARTESIAN_POINT('',(-9.34400000000018,-1.27,-26.2619999999999));
#18528=CARTESIAN_POINT('',(-23.11,-1.27000000000001,1.27000000000001));
#18529=CARTESIAN_POINT('',(40.64,-1.27,1.27));
#18530=CARTESIAN_POINT('',(40.64,-1.27,-1.27));
#18531=CARTESIAN_POINT('',(-10.9760000000002,-1.27,24.5379999999999));
#18532=CARTESIAN_POINT('',(-22.61,-1.27000000000001,1.27000000000001));
#18533=CARTESIAN_POINT('',(-22.78,-1.27,0.93));
#18534=CARTESIAN_POINT('',(-40.8381958563148,-1.27,0.93));
#18535=CARTESIAN_POINT('',(-20.4,-1.27,0.93));
#18536=CARTESIAN_POINT('',(-7.31200000000017,-1.27,-25.2459999999999));
#18537=CARTESIAN_POINT('',(-20.57,-1.27000000000001,1.27000000000001));
#18538=CARTESIAN_POINT('',(40.64,-1.27,1.27));
#18539=CARTESIAN_POINT('',(40.64,-1.27,-1.27));
#18540=CARTESIAN_POINT('',(-8.94400000000016,-1.27,23.5219999999999));
#18541=CARTESIAN_POINT('',(-20.07,-1.27000000000001,1.27000000000001));
#18542=CARTESIAN_POINT('',(-20.24,-1.27,0.93));
#18543=CARTESIAN_POINT('',(-40.8381958563148,-1.27,0.93));
#18544=CARTESIAN_POINT('',(-17.86,-1.27,0.93));
#18545=CARTESIAN_POINT('',(-5.28000000000016,-1.27,-24.2299999999999));
#18546=CARTESIAN_POINT('',(-18.03,-1.27000000000001,1.27000000000001));
#18547=CARTESIAN_POINT('',(40.64,-1.27,1.27));
#18548=CARTESIAN_POINT('',(40.64,-1.27,-1.27));
#18549=CARTESIAN_POINT('',(-6.91200000000015,-1.27,22.5059999999999));
#18550=CARTESIAN_POINT('',(-17.53,-1.27000000000001,1.27000000000001));
#18551=CARTESIAN_POINT('',(-17.7,-1.27,0.93));
#18552=CARTESIAN_POINT('',(-40.8381958563148,-1.27,0.93));
#18553=CARTESIAN_POINT('',(-15.32,-1.27,0.93));
#18554=CARTESIAN_POINT('',(-3.24800000000015,-1.27,-23.2139999999999));
#18555=CARTESIAN_POINT('',(-15.49,-1.27000000000001,1.27000000000001));
#18556=CARTESIAN_POINT('',(40.64,-1.27,1.27));
#18557=CARTESIAN_POINT('',(40.64,-1.27,-1.27));
#18558=CARTESIAN_POINT('',(-4.88000000000014,-1.27,21.4899999999999));
#18559=CARTESIAN_POINT('',(-14.99,-1.27000000000001,1.27000000000001));
#18560=CARTESIAN_POINT('',(-15.16,-1.27,0.93));
#18561=CARTESIAN_POINT('',(-40.8381958563148,-1.27,0.93));
#18562=CARTESIAN_POINT('',(-12.78,-1.27,0.93));
#18563=CARTESIAN_POINT('',(-1.21600000000015,-1.27,-22.1979999999999));
#18564=CARTESIAN_POINT('',(-12.95,-1.27000000000001,1.27000000000001));
#18565=CARTESIAN_POINT('',(40.64,-1.27,1.27));
#18566=CARTESIAN_POINT('',(40.64,-1.27,-1.27));
#18567=CARTESIAN_POINT('',(-2.84800000000014,-1.27,20.4739999999999));
#18568=CARTESIAN_POINT('',(-12.45,-1.27000000000001,1.27000000000001));
#18569=CARTESIAN_POINT('',(-12.62,-1.27,0.93));
#18570=CARTESIAN_POINT('',(-40.8381958563148,-1.27,0.93));
#18571=CARTESIAN_POINT('',(-10.24,-1.27,0.93));
#18572=CARTESIAN_POINT('',(0.815999999999859,-1.27,-21.1819999999999));
#18573=CARTESIAN_POINT('',(-10.41,-1.27000000000001,1.27000000000001));
#18574=CARTESIAN_POINT('',(40.64,-1.27,1.27));
#18575=CARTESIAN_POINT('',(40.64,-1.27,-1.27));
#18576=CARTESIAN_POINT('',(-0.816000000000136,-1.27,19.4579999999999));
#18577=CARTESIAN_POINT('',(-9.91,-1.27000000000001,1.27000000000001));
#18578=CARTESIAN_POINT('',(-10.08,-1.27,0.93));
#18579=CARTESIAN_POINT('',(-40.8381958563148,-1.27,0.93));
#18580=CARTESIAN_POINT('',(-7.7,-1.27,0.93));
#18581=CARTESIAN_POINT('',(2.84799999999986,-1.27,-20.1659999999999));
#18582=CARTESIAN_POINT('',(-7.87,-1.27000000000001,1.27000000000001));
#18583=CARTESIAN_POINT('',(40.64,-1.27,1.27));
#18584=CARTESIAN_POINT('',(40.64,-1.27,-1.27));
#18585=CARTESIAN_POINT('',(1.21599999999988,-1.27,18.4419999999999));
#18586=CARTESIAN_POINT('',(-7.37,-1.27000000000001,1.27000000000001));
#18587=CARTESIAN_POINT('',(-7.54000000000001,-1.27,0.93));
#18588=CARTESIAN_POINT('',(-40.8381958563148,-1.27,0.93));
#18589=CARTESIAN_POINT('',(-5.16,-1.27,0.93));
#18590=CARTESIAN_POINT('',(4.87999999999987,-1.27,-19.1499999999999));
#18591=CARTESIAN_POINT('',(-5.33,-1.27000000000001,1.27000000000001));
#18592=CARTESIAN_POINT('',(40.64,-1.27,1.27));
#18593=CARTESIAN_POINT('',(40.64,-1.27,-1.27));
#18594=CARTESIAN_POINT('',(3.24799999999988,-1.27,17.4259999999999));
#18595=CARTESIAN_POINT('',(-4.83,-1.27000000000001,1.27000000000001));
#18596=CARTESIAN_POINT('',(-5.,-1.27,0.93));
#18597=CARTESIAN_POINT('',(-40.8381958563148,-1.27,0.93));
#18598=CARTESIAN_POINT('',(-2.62,-1.27,0.93));
#18599=CARTESIAN_POINT('',(6.91199999999988,-1.27,-18.1339999999999));
#18600=CARTESIAN_POINT('',(-2.79,-1.27000000000001,1.27000000000001));
#18601=CARTESIAN_POINT('',(40.64,-1.27,1.27));
#18602=CARTESIAN_POINT('',(40.64,-1.27,-1.27));
#18603=CARTESIAN_POINT('',(5.27999999999989,-1.27,16.4099999999999));
#18604=CARTESIAN_POINT('',(-2.29,-1.27000000000001,1.27000000000001));
#18605=CARTESIAN_POINT('',(-2.46,-1.27,0.93));
#18606=CARTESIAN_POINT('',(-40.8381958563148,-1.27,0.93));
#18607=CARTESIAN_POINT('',(-0.0799999999999967,-1.27,0.93));
#18608=CARTESIAN_POINT('',(8.94399999999988,-1.27,-17.1179999999999));
#18609=CARTESIAN_POINT('',(-0.25,-1.27000000000001,1.27000000000001));
#18610=CARTESIAN_POINT('',(40.64,-1.27,1.27));
#18611=CARTESIAN_POINT('',(40.64,-1.27,-1.27));
#18612=CARTESIAN_POINT('',(7.31199999999989,-1.27,15.3939999999999));
#18613=CARTESIAN_POINT('',(0.25,-1.27000000000001,1.27000000000001));
#18614=CARTESIAN_POINT('',(0.0799999999999967,-1.27,0.93));
#18615=CARTESIAN_POINT('',(-40.8381958563148,-1.27,0.93));
#18616=CARTESIAN_POINT('',(2.46,-1.27,0.93));
#18617=CARTESIAN_POINT('',(10.9759999999999,-1.27,-16.1019999999999));
#18618=CARTESIAN_POINT('',(2.29,-1.27000000000001,1.27000000000001));
#18619=CARTESIAN_POINT('',(40.64,-1.27,1.27));
#18620=CARTESIAN_POINT('',(40.64,-1.27,-1.27));
#18621=CARTESIAN_POINT('',(9.3439999999999,-1.27,14.3779999999999));
#18622=CARTESIAN_POINT('',(2.79,-1.27000000000001,1.27000000000001));
#18623=CARTESIAN_POINT('',(2.62,-1.27,0.93));
#18624=CARTESIAN_POINT('',(-40.8381958563148,-1.27,0.93));
#18625=CARTESIAN_POINT('',(5.,-1.27,0.93));
#18626=CARTESIAN_POINT('',(13.0079999999999,-1.27,-15.0859999999999));
#18627=CARTESIAN_POINT('',(4.83,-1.27000000000001,1.27000000000001));
#18628=CARTESIAN_POINT('',(40.64,-1.27,1.27));
#18629=CARTESIAN_POINT('',(40.64,-1.27,-1.27));
#18630=CARTESIAN_POINT('',(11.3759999999999,-1.27,13.3619999999999));
#18631=CARTESIAN_POINT('',(5.33,-1.27000000000001,1.27000000000001));
#18632=CARTESIAN_POINT('',(5.16,-1.27,0.93));
#18633=CARTESIAN_POINT('',(-40.8381958563148,-1.27,0.93));
#18634=CARTESIAN_POINT('',(7.54000000000001,-1.27,0.93));
#18635=CARTESIAN_POINT('',(15.0399999999999,-1.27,-14.0699999999999));
#18636=CARTESIAN_POINT('',(7.37,-1.27000000000001,1.27000000000001));
#18637=CARTESIAN_POINT('',(40.64,-1.27,1.27));
#18638=CARTESIAN_POINT('',(40.64,-1.27,-1.27));
#18639=CARTESIAN_POINT('',(13.4079999999999,-1.27,12.3459999999999));
#18640=CARTESIAN_POINT('',(7.87,-1.27000000000001,1.27000000000001));
#18641=CARTESIAN_POINT('',(7.7,-1.27,0.93));
#18642=CARTESIAN_POINT('',(-40.8381958563148,-1.27,0.93));
#18643=CARTESIAN_POINT('',(10.08,-1.27,0.93));
#18644=CARTESIAN_POINT('',(17.0719999999999,-1.27,-13.0539999999999));
#18645=CARTESIAN_POINT('',(9.91,-1.27000000000001,1.27000000000001));
#18646=CARTESIAN_POINT('',(40.64,-1.27,1.27));
#18647=CARTESIAN_POINT('',(40.64,-1.27,-1.27));
#18648=CARTESIAN_POINT('',(15.4399999999999,-1.27,11.3299999999999));
#18649=CARTESIAN_POINT('',(10.41,-1.27000000000001,1.27000000000001));
#18650=CARTESIAN_POINT('',(10.24,-1.27,0.93));
#18651=CARTESIAN_POINT('',(-40.8381958563148,-1.27,0.93));
#18652=CARTESIAN_POINT('',(12.62,-1.27,0.93));
#18653=CARTESIAN_POINT('',(19.1039999999999,-1.27,-12.0379999999999));
#18654=CARTESIAN_POINT('',(12.45,-1.27000000000001,1.27000000000001));
#18655=CARTESIAN_POINT('',(40.64,-1.27,1.27));
#18656=CARTESIAN_POINT('',(40.64,-1.27,-1.27));
#18657=CARTESIAN_POINT('',(17.4719999999999,-1.27,10.3139999999999));
#18658=CARTESIAN_POINT('',(12.95,-1.27000000000001,1.27000000000001));
#18659=CARTESIAN_POINT('',(12.78,-1.27,0.93));
#18660=CARTESIAN_POINT('',(-40.8381958563148,-1.27,0.93));
#18661=CARTESIAN_POINT('',(15.16,-1.27,0.93));
#18662=CARTESIAN_POINT('',(21.1359999999999,-1.27,-11.022));
#18663=CARTESIAN_POINT('',(14.99,-1.27000000000001,1.27000000000001));
#18664=CARTESIAN_POINT('',(40.64,-1.27,1.27));
#18665=CARTESIAN_POINT('',(40.64,-1.27,-1.27));
#18666=CARTESIAN_POINT('',(19.5039999999999,-1.27,9.29799999999994));
#18667=CARTESIAN_POINT('',(15.49,-1.27000000000001,1.27000000000001));
#18668=CARTESIAN_POINT('',(15.32,-1.27,0.93));
#18669=CARTESIAN_POINT('',(-40.8381958563148,-1.27,0.93));
#18670=CARTESIAN_POINT('',(17.7,-1.27,0.93));
#18671=CARTESIAN_POINT('',(23.1679999999999,-1.27,-10.006));
#18672=CARTESIAN_POINT('',(17.53,-1.27000000000001,1.27000000000001));
#18673=CARTESIAN_POINT('',(40.64,-1.27,1.27));
#18674=CARTESIAN_POINT('',(40.64,-1.27,-1.27));
#18675=CARTESIAN_POINT('',(21.5359999999999,-1.27,8.28199999999995));
#18676=CARTESIAN_POINT('',(18.03,-1.27000000000001,1.27000000000001));
#18677=CARTESIAN_POINT('',(17.86,-1.27,0.93));
#18678=CARTESIAN_POINT('',(-40.8381958563148,-1.27,0.93));
#18679=CARTESIAN_POINT('',(20.24,-1.27,0.93));
#18680=CARTESIAN_POINT('',(25.1999999999999,-1.27,-8.98999999999997));
#18681=CARTESIAN_POINT('',(20.07,-1.27000000000001,1.27000000000001));
#18682=CARTESIAN_POINT('',(40.64,-1.27,1.27));
#18683=CARTESIAN_POINT('',(40.64,-1.27,-1.27));
#18684=CARTESIAN_POINT('',(23.5679999999999,-1.27,7.26599999999996));
#18685=CARTESIAN_POINT('',(20.57,-1.27000000000001,1.27000000000001));
#18686=CARTESIAN_POINT('',(20.4,-1.27,0.93));
#18687=CARTESIAN_POINT('',(-40.8381958563148,-1.27,0.93));
#18688=CARTESIAN_POINT('',(22.78,-1.27,0.93));
#18689=CARTESIAN_POINT('',(27.2319999999999,-1.27,-7.97399999999997));
#18690=CARTESIAN_POINT('',(22.61,-1.27000000000001,1.27000000000001));
#18691=CARTESIAN_POINT('',(40.64,-1.27,1.27));
#18692=CARTESIAN_POINT('',(40.64,-1.27,-1.27));
#18693=CARTESIAN_POINT('',(25.6,-1.27,6.24999999999996));
#18694=CARTESIAN_POINT('',(23.11,-1.27000000000001,1.27000000000001));
#18695=CARTESIAN_POINT('',(22.94,-1.27,0.93));
#18696=CARTESIAN_POINT('',(-40.8381958563148,-1.27,0.93));
#18697=CARTESIAN_POINT('',(25.32,-1.27,0.93));
#18698=CARTESIAN_POINT('',(29.264,-1.27,-6.95799999999998));
#18699=CARTESIAN_POINT('',(25.15,-1.27000000000001,1.27000000000001));
#18700=CARTESIAN_POINT('',(40.64,-1.27,1.27));
#18701=CARTESIAN_POINT('',(40.64,-1.27,-1.27));
#18702=CARTESIAN_POINT('',(27.632,-1.27,5.23399999999996));
#18703=CARTESIAN_POINT('',(25.65,-1.27000000000001,1.27000000000001));
#18704=CARTESIAN_POINT('',(25.48,-1.27,0.93));
#18705=CARTESIAN_POINT('',(-40.8381958563148,-1.27,0.93));
#18706=CARTESIAN_POINT('',(27.86,-1.27,0.93));
#18707=CARTESIAN_POINT('',(31.296,-1.27,-5.94199999999998));
#18708=CARTESIAN_POINT('',(27.69,-1.27000000000001,1.27000000000001));
#18709=CARTESIAN_POINT('',(40.64,-1.27,1.27));
#18710=CARTESIAN_POINT('',(40.64,-1.27,-1.27));
#18711=CARTESIAN_POINT('',(29.664,-1.27,4.21799999999997));
#18712=CARTESIAN_POINT('',(28.19,-1.27000000000001,1.27000000000001));
#18713=CARTESIAN_POINT('',(28.02,-1.27,0.93));
#18714=CARTESIAN_POINT('',(-40.8381958563148,-1.27,0.93));
#18715=CARTESIAN_POINT('',(30.4,-1.27,0.93));
#18716=CARTESIAN_POINT('',(33.328,-1.27,-4.92599999999999));
#18717=CARTESIAN_POINT('',(30.23,-1.27000000000001,1.27000000000001));
#18718=CARTESIAN_POINT('',(40.64,-1.27,1.27));
#18719=CARTESIAN_POINT('',(40.64,-1.27,-1.27));
#18720=CARTESIAN_POINT('',(31.696,-1.27,3.20199999999997));
#18721=CARTESIAN_POINT('',(30.73,-1.27000000000001,1.27000000000001));
#18722=CARTESIAN_POINT('',(30.56,-1.27,0.93));
#18723=CARTESIAN_POINT('',(-40.8381958563148,-1.27,0.93));
#18724=CARTESIAN_POINT('',(32.94,-1.27,0.93));
#18725=CARTESIAN_POINT('',(35.36,-1.27,-3.90999999999999));
#18726=CARTESIAN_POINT('',(32.77,-1.27000000000001,1.27000000000001));
#18727=CARTESIAN_POINT('',(40.64,-1.27,1.27));
#18728=CARTESIAN_POINT('',(40.64,-1.27,-1.27));
#18729=CARTESIAN_POINT('',(33.728,-1.27,2.18599999999998));
#18730=CARTESIAN_POINT('',(33.27,-1.27000000000001,1.27000000000001));
#18731=CARTESIAN_POINT('',(33.1,-1.27,0.93));
#18732=CARTESIAN_POINT('',(-40.8381958563148,-1.27,0.93));
#18733=CARTESIAN_POINT('',(35.48,-1.27,0.93));
#18734=CARTESIAN_POINT('',(37.392,-1.27,-2.894));
#18735=CARTESIAN_POINT('',(35.31,-1.27000000000001,1.27000000000001));
#18736=CARTESIAN_POINT('',(40.64,-1.27,1.27));
#18737=CARTESIAN_POINT('',(40.64,-1.27,-1.27));
#18738=CARTESIAN_POINT('',(35.76,-1.27,1.16999999999998));
#18739=CARTESIAN_POINT('',(35.81,-1.27000000000001,1.27000000000001));
#18740=CARTESIAN_POINT('',(35.64,-1.27,0.93));
#18741=CARTESIAN_POINT('',(-40.8381958563148,-1.27,0.93));
#18742=CARTESIAN_POINT('',(38.02,-1.27,0.93));
#18743=CARTESIAN_POINT('',(39.424,-1.27,-1.878));
#18744=CARTESIAN_POINT('',(37.85,-1.27000000000001,1.27000000000001));
#18745=CARTESIAN_POINT('',(40.64,-1.27,1.27));
#18746=CARTESIAN_POINT('',(40.64,-1.27,-1.27));
#18747=CARTESIAN_POINT('',(37.792,-1.27,0.153999999999989));
#18748=CARTESIAN_POINT('',(38.35,-1.27000000000001,1.27000000000001));
#18749=CARTESIAN_POINT('',(38.18,-1.27,0.93));
#18750=CARTESIAN_POINT('',(-40.8381958563148,-1.27,0.93));
#18751=CARTESIAN_POINT('',(40.56,-1.27,0.93));
#18752=CARTESIAN_POINT('',(41.456,-1.27,-0.862000000000006));
#18753=CARTESIAN_POINT('',(40.39,-1.27000000000001,1.27000000000001));
#18754=CARTESIAN_POINT('',(40.64,-1.27,1.27));
#18755=CARTESIAN_POINT('',(40.64,-1.27,-1.27));
#18756=CARTESIAN_POINT('',(41.456,-1.27,-1.678));
#18757=CARTESIAN_POINT('',(40.56,-1.27,-3.47));
#18758=CARTESIAN_POINT('',(40.39,-1.27000000000001,-3.81000000000001));
#18759=CARTESIAN_POINT('',(-40.8381958563148,-1.27,-3.47));
#18760=CARTESIAN_POINT('',(38.18,-1.27,-3.47));
#18761=CARTESIAN_POINT('',(37.792,-1.27,-2.69399999999999));
#18762=CARTESIAN_POINT('',(38.35,-1.27000000000001,-3.81000000000001));
#18763=CARTESIAN_POINT('',(40.64,-1.27,-3.81));
#18764=CARTESIAN_POINT('',(40.64,-1.27,-1.27));
#18765=CARTESIAN_POINT('',(39.424,-1.27,-0.662));
#18766=CARTESIAN_POINT('',(38.02,-1.27,-3.47));
#18767=CARTESIAN_POINT('',(37.85,-1.27000000000001,-3.81000000000001));
#18768=CARTESIAN_POINT('',(-40.8381958563148,-1.27,-3.47));
#18769=CARTESIAN_POINT('',(35.64,-1.27,-3.47));
#18770=CARTESIAN_POINT('',(35.76,-1.27,-3.70999999999998));
#18771=CARTESIAN_POINT('',(35.81,-1.27000000000001,-3.81000000000001));
#18772=CARTESIAN_POINT('',(40.64,-1.27,-3.81));
#18773=CARTESIAN_POINT('',(40.64,-1.27,-1.27));
#18774=CARTESIAN_POINT('',(37.392,-1.27,0.353999999999995));
#18775=CARTESIAN_POINT('',(35.48,-1.27,-3.47));
#18776=CARTESIAN_POINT('',(35.31,-1.27000000000001,-3.81000000000001));
#18777=CARTESIAN_POINT('',(-40.8381958563148,-1.27,-3.47));
#18778=CARTESIAN_POINT('',(33.1,-1.27,-3.47));
#18779=CARTESIAN_POINT('',(33.728,-1.27,-4.72599999999998));
#18780=CARTESIAN_POINT('',(33.27,-1.27000000000001,-3.81000000000001));
#18781=CARTESIAN_POINT('',(40.64,-1.27,-3.81));
#18782=CARTESIAN_POINT('',(40.64,-1.27,-1.27));
#18783=CARTESIAN_POINT('',(35.36,-1.27,1.36999999999999));
#18784=CARTESIAN_POINT('',(32.94,-1.27,-3.47));
#18785=CARTESIAN_POINT('',(32.77,-1.27000000000001,-3.81000000000001));
#18786=CARTESIAN_POINT('',(-40.8381958563148,-1.27,-3.47));
#18787=CARTESIAN_POINT('',(30.56,-1.27,-3.47));
#18788=CARTESIAN_POINT('',(31.696,-1.27,-5.74199999999998));
#18789=CARTESIAN_POINT('',(30.73,-1.27000000000001,-3.81000000000001));
#18790=CARTESIAN_POINT('',(40.64,-1.27,-3.81));
#18791=CARTESIAN_POINT('',(40.64,-1.27,-1.27));
#18792=CARTESIAN_POINT('',(33.328,-1.27,2.38599999999999));
#18793=CARTESIAN_POINT('',(30.4,-1.27,-3.47));
#18794=CARTESIAN_POINT('',(30.23,-1.27000000000001,-3.81000000000001));
#18795=CARTESIAN_POINT('',(-40.8381958563148,-1.27,-3.47));
#18796=CARTESIAN_POINT('',(28.02,-1.27,-3.47));
#18797=CARTESIAN_POINT('',(29.664,-1.27,-6.75799999999997));
#18798=CARTESIAN_POINT('',(28.19,-1.27000000000001,-3.81000000000001));
#18799=CARTESIAN_POINT('',(40.64,-1.27,-3.81));
#18800=CARTESIAN_POINT('',(40.64,-1.27,-1.27));
#18801=CARTESIAN_POINT('',(31.296,-1.27,3.40199999999998));
#18802=CARTESIAN_POINT('',(27.86,-1.27,-3.47));
#18803=CARTESIAN_POINT('',(27.69,-1.27000000000001,-3.81000000000001));
#18804=CARTESIAN_POINT('',(-40.8381958563148,-1.27,-3.47));
#18805=CARTESIAN_POINT('',(25.48,-1.27,-3.47));
#18806=CARTESIAN_POINT('',(27.632,-1.27,-7.77399999999997));
#18807=CARTESIAN_POINT('',(25.65,-1.27000000000001,-3.81000000000001));
#18808=CARTESIAN_POINT('',(40.64,-1.27,-3.81));
#18809=CARTESIAN_POINT('',(40.64,-1.27,-1.27));
#18810=CARTESIAN_POINT('',(29.264,-1.27,4.41799999999998));
#18811=CARTESIAN_POINT('',(25.32,-1.27,-3.47));
#18812=CARTESIAN_POINT('',(25.15,-1.27000000000001,-3.81000000000001));
#18813=CARTESIAN_POINT('',(-40.8381958563148,-1.27,-3.47));
#18814=CARTESIAN_POINT('',(22.94,-1.27,-3.47));
#18815=CARTESIAN_POINT('',(25.6,-1.27,-8.78999999999996));
#18816=CARTESIAN_POINT('',(23.11,-1.27000000000001,-3.81000000000001));
#18817=CARTESIAN_POINT('',(40.64,-1.27,-3.81));
#18818=CARTESIAN_POINT('',(40.64,-1.27,-1.27));
#18819=CARTESIAN_POINT('',(27.2319999999999,-1.27,5.43399999999997));
#18820=CARTESIAN_POINT('',(22.78,-1.27,-3.47));
#18821=CARTESIAN_POINT('',(22.61,-1.27000000000001,-3.81000000000001));
#18822=CARTESIAN_POINT('',(-40.8381958563148,-1.27,-3.47));
#18823=CARTESIAN_POINT('',(20.4,-1.27,-3.47));
#18824=CARTESIAN_POINT('',(23.5679999999999,-1.27,-9.80599999999996));
#18825=CARTESIAN_POINT('',(20.57,-1.27000000000001,-3.81000000000001));
#18826=CARTESIAN_POINT('',(40.64,-1.27,-3.81));
#18827=CARTESIAN_POINT('',(40.64,-1.27,-1.27));
#18828=CARTESIAN_POINT('',(25.1999999999999,-1.27,6.44999999999997));
#18829=CARTESIAN_POINT('',(20.24,-1.27,-3.47));
#18830=CARTESIAN_POINT('',(20.07,-1.27000000000001,-3.81000000000001));
#18831=CARTESIAN_POINT('',(-40.8381958563148,-1.27,-3.47));
#18832=CARTESIAN_POINT('',(17.86,-1.27,-3.47));
#18833=CARTESIAN_POINT('',(21.5359999999999,-1.27,-10.8219999999999));
#18834=CARTESIAN_POINT('',(18.03,-1.27000000000001,-3.81000000000001));
#18835=CARTESIAN_POINT('',(40.64,-1.27,-3.81));
#18836=CARTESIAN_POINT('',(40.64,-1.27,-1.27));
#18837=CARTESIAN_POINT('',(23.1679999999999,-1.27,7.46599999999996));
#18838=CARTESIAN_POINT('',(17.7,-1.27,-3.47));
#18839=CARTESIAN_POINT('',(17.53,-1.27000000000001,-3.81000000000001));
#18840=CARTESIAN_POINT('',(-40.8381958563148,-1.27,-3.47));
#18841=CARTESIAN_POINT('',(15.32,-1.27,-3.47));
#18842=CARTESIAN_POINT('',(19.5039999999999,-1.27,-11.8379999999999));
#18843=CARTESIAN_POINT('',(15.49,-1.27000000000001,-3.81000000000001));
#18844=CARTESIAN_POINT('',(40.64,-1.27,-3.81));
#18845=CARTESIAN_POINT('',(40.64,-1.27,-1.27));
#18846=CARTESIAN_POINT('',(21.1359999999999,-1.27,8.48199999999995));
#18847=CARTESIAN_POINT('',(15.16,-1.27,-3.47));
#18848=CARTESIAN_POINT('',(14.99,-1.27000000000001,-3.81000000000001));
#18849=CARTESIAN_POINT('',(-40.8381958563148,-1.27,-3.47));
#18850=CARTESIAN_POINT('',(12.78,-1.27,-3.47));
#18851=CARTESIAN_POINT('',(17.4719999999999,-1.27,-12.8539999999999));
#18852=CARTESIAN_POINT('',(12.95,-1.27000000000001,-3.81000000000001));
#18853=CARTESIAN_POINT('',(40.64,-1.27,-3.81));
#18854=CARTESIAN_POINT('',(40.64,-1.27,-1.27));
#18855=CARTESIAN_POINT('',(19.1039999999999,-1.27,9.49799999999995));
#18856=CARTESIAN_POINT('',(12.62,-1.27,-3.47));
#18857=CARTESIAN_POINT('',(12.45,-1.27000000000001,-3.81000000000001));
#18858=CARTESIAN_POINT('',(-40.8381958563148,-1.27,-3.47));
#18859=CARTESIAN_POINT('',(10.24,-1.27,-3.47));
#18860=CARTESIAN_POINT('',(15.4399999999999,-1.27,-13.8699999999999));
#18861=CARTESIAN_POINT('',(10.41,-1.27000000000001,-3.81000000000001));
#18862=CARTESIAN_POINT('',(40.64,-1.27,-3.81));
#18863=CARTESIAN_POINT('',(40.64,-1.27,-1.27));
#18864=CARTESIAN_POINT('',(17.0719999999999,-1.27,10.5139999999999));
#18865=CARTESIAN_POINT('',(10.08,-1.27,-3.47));
#18866=CARTESIAN_POINT('',(9.91,-1.27000000000001,-3.81000000000001));
#18867=CARTESIAN_POINT('',(-40.8381958563148,-1.27,-3.47));
#18868=CARTESIAN_POINT('',(7.7,-1.27,-3.47));
#18869=CARTESIAN_POINT('',(13.4079999999999,-1.27,-14.8859999999999));
#18870=CARTESIAN_POINT('',(7.87,-1.27000000000001,-3.81000000000001));
#18871=CARTESIAN_POINT('',(40.64,-1.27,-3.81));
#18872=CARTESIAN_POINT('',(40.64,-1.27,-1.27));
#18873=CARTESIAN_POINT('',(15.0399999999999,-1.27,11.5299999999999));
#18874=CARTESIAN_POINT('',(7.54000000000001,-1.27,-3.47));
#18875=CARTESIAN_POINT('',(7.37,-1.27000000000001,-3.81000000000001));
#18876=CARTESIAN_POINT('',(-40.8381958563148,-1.27,-3.47));
#18877=CARTESIAN_POINT('',(5.16,-1.27,-3.47));
#18878=CARTESIAN_POINT('',(11.3759999999999,-1.27,-15.9019999999999));
#18879=CARTESIAN_POINT('',(5.33,-1.27000000000001,-3.81000000000001));
#18880=CARTESIAN_POINT('',(40.64,-1.27,-3.81));
#18881=CARTESIAN_POINT('',(40.64,-1.27,-1.27));
#18882=CARTESIAN_POINT('',(13.0079999999999,-1.27,12.5459999999999));
#18883=CARTESIAN_POINT('',(5.,-1.27,-3.47));
#18884=CARTESIAN_POINT('',(4.83,-1.27000000000001,-3.81000000000001));
#18885=CARTESIAN_POINT('',(-40.8381958563148,-1.27,-3.47));
#18886=CARTESIAN_POINT('',(2.62,-1.27,-3.47));
#18887=CARTESIAN_POINT('',(9.3439999999999,-1.27,-16.9179999999999));
#18888=CARTESIAN_POINT('',(2.79,-1.27000000000001,-3.81000000000001));
#18889=CARTESIAN_POINT('',(40.64,-1.27,-3.81));
#18890=CARTESIAN_POINT('',(40.64,-1.27,-1.27));
#18891=CARTESIAN_POINT('',(10.9759999999999,-1.27,13.5619999999999));
#18892=CARTESIAN_POINT('',(2.46,-1.27,-3.47));
#18893=CARTESIAN_POINT('',(2.29,-1.27000000000001,-3.81000000000001));
#18894=CARTESIAN_POINT('',(-40.8381958563148,-1.27,-3.47));
#18895=CARTESIAN_POINT('',(0.0799999999999967,-1.27,-3.47));
#18896=CARTESIAN_POINT('',(7.31199999999989,-1.27,-17.9339999999999));
#18897=CARTESIAN_POINT('',(0.25,-1.27000000000001,-3.81000000000001));
#18898=CARTESIAN_POINT('',(40.64,-1.27,-3.81));
#18899=CARTESIAN_POINT('',(40.64,-1.27,-1.27));
#18900=CARTESIAN_POINT('',(8.94399999999988,-1.27,14.5779999999999));
#18901=CARTESIAN_POINT('',(-0.0799999999999967,-1.27,-3.47));
#18902=CARTESIAN_POINT('',(-0.25,-1.27000000000001,-3.81000000000001));
#18903=CARTESIAN_POINT('',(-40.8381958563148,-1.27,-3.47));
#18904=CARTESIAN_POINT('',(-2.46,-1.27,-3.47));
#18905=CARTESIAN_POINT('',(5.27999999999989,-1.27,-18.9499999999999));
#18906=CARTESIAN_POINT('',(-2.29,-1.27000000000001,-3.81000000000001));
#18907=CARTESIAN_POINT('',(40.64,-1.27,-3.81));
#18908=CARTESIAN_POINT('',(40.64,-1.27,-1.27));
#18909=CARTESIAN_POINT('',(6.91199999999988,-1.27,15.5939999999999));
#18910=CARTESIAN_POINT('',(-2.62,-1.27,-3.47));
#18911=CARTESIAN_POINT('',(-2.79,-1.27000000000001,-3.81000000000001));
#18912=CARTESIAN_POINT('',(-40.8381958563148,-1.27,-3.47));
#18913=CARTESIAN_POINT('',(-5.,-1.27,-3.47));
#18914=CARTESIAN_POINT('',(3.24799999999988,-1.27,-19.9659999999999));
#18915=CARTESIAN_POINT('',(-4.83,-1.27000000000001,-3.81000000000001));
#18916=CARTESIAN_POINT('',(40.64,-1.27,-3.81));
#18917=CARTESIAN_POINT('',(40.64,-1.27,-1.27));
#18918=CARTESIAN_POINT('',(4.87999999999987,-1.27,16.6099999999999));
#18919=CARTESIAN_POINT('',(-5.16,-1.27,-3.47));
#18920=CARTESIAN_POINT('',(-5.33,-1.27000000000001,-3.81000000000001));
#18921=CARTESIAN_POINT('',(-40.8381958563148,-1.27,-3.47));
#18922=CARTESIAN_POINT('',(-7.54000000000001,-1.27,-3.47));
#18923=CARTESIAN_POINT('',(1.21599999999988,-1.27,-20.9819999999999));
#18924=CARTESIAN_POINT('',(-7.37,-1.27000000000001,-3.81000000000001));
#18925=CARTESIAN_POINT('',(40.64,-1.27,-3.81));
#18926=CARTESIAN_POINT('',(40.64,-1.27,-1.27));
#18927=CARTESIAN_POINT('',(2.84799999999986,-1.27,17.6259999999999));
#18928=CARTESIAN_POINT('',(-7.7,-1.27,-3.47));
#18929=CARTESIAN_POINT('',(-7.87,-1.27000000000001,-3.81000000000001));
#18930=CARTESIAN_POINT('',(-40.8381958563148,-1.27,-3.47));
#18931=CARTESIAN_POINT('',(-10.08,-1.27,-3.47));
#18932=CARTESIAN_POINT('',(-0.816000000000136,-1.27,-21.9979999999999));
#18933=CARTESIAN_POINT('',(-9.91,-1.27000000000001,-3.81000000000001));
#18934=CARTESIAN_POINT('',(40.64,-1.27,-3.81));
#18935=CARTESIAN_POINT('',(40.64,-1.27,-1.27));
#18936=CARTESIAN_POINT('',(0.815999999999859,-1.27,18.6419999999999));
#18937=CARTESIAN_POINT('',(-10.24,-1.27,-3.47));
#18938=CARTESIAN_POINT('',(-10.41,-1.27000000000001,-3.81000000000001));
#18939=CARTESIAN_POINT('',(-40.8381958563148,-1.27,-3.47));
#18940=CARTESIAN_POINT('',(-12.62,-1.27,-3.47));
#18941=CARTESIAN_POINT('',(-2.84800000000014,-1.27,-23.0139999999999));
#18942=CARTESIAN_POINT('',(-12.45,-1.27000000000001,-3.81000000000001));
#18943=CARTESIAN_POINT('',(40.64,-1.27,-3.81));
#18944=CARTESIAN_POINT('',(40.64,-1.27,-1.27));
#18945=CARTESIAN_POINT('',(-1.21600000000015,-1.27,19.6579999999999));
#18946=CARTESIAN_POINT('',(-12.78,-1.27,-3.47));
#18947=CARTESIAN_POINT('',(-12.95,-1.27000000000001,-3.81000000000001));
#18948=CARTESIAN_POINT('',(-40.8381958563148,-1.27,-3.47));
#18949=CARTESIAN_POINT('',(-15.16,-1.27,-3.47));
#18950=CARTESIAN_POINT('',(-4.88000000000014,-1.27,-24.0299999999999));
#18951=CARTESIAN_POINT('',(-14.99,-1.27000000000001,-3.81000000000001));
#18952=CARTESIAN_POINT('',(40.64,-1.27,-3.81));
#18953=CARTESIAN_POINT('',(40.64,-1.27,-1.27));
#18954=CARTESIAN_POINT('',(-3.24800000000015,-1.27,20.6739999999999));
#18955=CARTESIAN_POINT('',(-15.32,-1.27,-3.47));
#18956=CARTESIAN_POINT('',(-15.49,-1.27000000000001,-3.81000000000001));
#18957=CARTESIAN_POINT('',(-40.8381958563148,-1.27,-3.47));
#18958=CARTESIAN_POINT('',(-17.7,-1.27,-3.47));
#18959=CARTESIAN_POINT('',(-6.91200000000015,-1.27,-25.0459999999999));
#18960=CARTESIAN_POINT('',(-17.53,-1.27000000000001,-3.81000000000001));
#18961=CARTESIAN_POINT('',(40.64,-1.27,-3.81));
#18962=CARTESIAN_POINT('',(40.64,-1.27,-1.27));
#18963=CARTESIAN_POINT('',(-5.28000000000016,-1.27,21.6899999999999));
#18964=CARTESIAN_POINT('',(-17.86,-1.27,-3.47));
#18965=CARTESIAN_POINT('',(-18.03,-1.27000000000001,-3.81000000000001));
#18966=CARTESIAN_POINT('',(-40.8381958563148,-1.27,-3.47));
#18967=CARTESIAN_POINT('',(-20.24,-1.27,-3.47));
#18968=CARTESIAN_POINT('',(-8.94400000000016,-1.27,-26.0619999999999));
#18969=CARTESIAN_POINT('',(-20.07,-1.27000000000001,-3.81000000000001));
#18970=CARTESIAN_POINT('',(40.64,-1.27,-3.81));
#18971=CARTESIAN_POINT('',(40.64,-1.27,-1.27));
#18972=CARTESIAN_POINT('',(-7.31200000000017,-1.27,22.7059999999999));
#18973=CARTESIAN_POINT('',(-20.4,-1.27,-3.47));
#18974=CARTESIAN_POINT('',(-20.57,-1.27000000000001,-3.81000000000001));
#18975=CARTESIAN_POINT('',(-40.8381958563148,-1.27,-3.47));
#18976=CARTESIAN_POINT('',(-22.78,-1.27,-3.47));
#18977=CARTESIAN_POINT('',(-10.9760000000002,-1.27,-27.0779999999999));
#18978=CARTESIAN_POINT('',(-22.61,-1.27000000000001,-3.81000000000001));
#18979=CARTESIAN_POINT('',(40.64,-1.27,-3.81));
#18980=CARTESIAN_POINT('',(40.64,-1.27,-1.27));
#18981=CARTESIAN_POINT('',(-9.34400000000018,-1.27,23.7219999999999));
#18982=CARTESIAN_POINT('',(-22.94,-1.27,-3.47));
#18983=CARTESIAN_POINT('',(-23.11,-1.27000000000001,-3.81000000000001));
#18984=CARTESIAN_POINT('',(-40.8381958563148,-1.27,-3.47));
#18985=CARTESIAN_POINT('',(-25.32,-1.27,-3.47));
#18986=CARTESIAN_POINT('',(-13.0080000000002,-1.27,-28.0939999999999));
#18987=CARTESIAN_POINT('',(-25.15,-1.27000000000001,-3.81000000000001));
#18988=CARTESIAN_POINT('',(40.64,-1.27,-3.81));
#18989=CARTESIAN_POINT('',(40.64,-1.27,-1.27));
#18990=CARTESIAN_POINT('',(-11.3760000000002,-1.27,24.7379999999999));
#18991=CARTESIAN_POINT('',(-25.48,-1.27,-3.47));
#18992=CARTESIAN_POINT('',(-25.65,-1.27000000000001,-3.81000000000001));
#18993=CARTESIAN_POINT('',(-40.8381958563148,-1.27,-3.47));
#18994=CARTESIAN_POINT('',(-27.86,-1.27,-3.47));
#18995=CARTESIAN_POINT('',(-15.0400000000002,-1.27,-29.1099999999999));
#18996=CARTESIAN_POINT('',(-27.69,-1.27000000000001,-3.81000000000001));
#18997=CARTESIAN_POINT('',(40.64,-1.27,-3.81));
#18998=CARTESIAN_POINT('',(40.64,-1.27,-1.27));
#18999=CARTESIAN_POINT('',(-13.4080000000002,-1.27,25.7539999999999));
#19000=CARTESIAN_POINT('',(-28.02,-1.27,-3.47));
#19001=CARTESIAN_POINT('',(-28.19,-1.27000000000001,-3.81000000000001));
#19002=CARTESIAN_POINT('',(-40.8381958563148,-1.27,-3.47));
#19003=CARTESIAN_POINT('',(-30.4,-1.27,-3.47));
#19004=CARTESIAN_POINT('',(-17.0720000000002,-1.27,-30.1259999999999));
#19005=CARTESIAN_POINT('',(-30.23,-1.27000000000001,-3.81000000000001));
#19006=CARTESIAN_POINT('',(40.64,-1.27,-3.81));
#19007=CARTESIAN_POINT('',(40.64,-1.27,-1.27));
#19008=CARTESIAN_POINT('',(-15.4400000000002,-1.27,26.7699999999999));
#19009=CARTESIAN_POINT('',(-30.56,-1.27,-3.47));
#19010=CARTESIAN_POINT('',(-30.73,-1.27000000000001,-3.81000000000001));
#19011=CARTESIAN_POINT('',(-40.8381958563148,-1.27,-3.47));
#19012=CARTESIAN_POINT('',(-32.94,-1.27,-3.47));
#19013=CARTESIAN_POINT('',(-19.1040000000002,-1.27,-31.1419999999998));
#19014=CARTESIAN_POINT('',(-32.77,-1.27000000000001,-3.81000000000001));
#19015=CARTESIAN_POINT('',(40.64,-1.27,-3.81));
#19016=CARTESIAN_POINT('',(40.64,-1.27,-1.27));
#19017=CARTESIAN_POINT('',(-17.4720000000002,-1.27,27.7859999999999));
#19018=CARTESIAN_POINT('',(-33.1,-1.27,-3.47));
#19019=CARTESIAN_POINT('',(-33.27,-1.27000000000001,-3.81000000000001));
#19020=CARTESIAN_POINT('',(-40.8381958563148,-1.27,-3.47));
#19021=CARTESIAN_POINT('',(-35.48,-1.27,-3.47));
#19022=CARTESIAN_POINT('',(-21.1360000000002,-1.27,-32.1579999999998));
#19023=CARTESIAN_POINT('',(-35.31,-1.27000000000001,-3.81000000000001));
#19024=CARTESIAN_POINT('',(40.64,-1.27,-3.81));
#19025=CARTESIAN_POINT('',(40.64,-1.27,-1.27));
#19026=CARTESIAN_POINT('',(-19.5040000000002,-1.27,28.8019999999999));
#19027=CARTESIAN_POINT('',(-35.64,-1.27,-3.47));
#19028=CARTESIAN_POINT('',(-35.81,-1.27000000000001,-3.81000000000001));
#19029=CARTESIAN_POINT('',(-40.8381958563148,-1.27,-3.47));
#19030=CARTESIAN_POINT('',(-38.02,-1.27,-3.47));
#19031=CARTESIAN_POINT('',(-23.1680000000002,-1.27,-33.1739999999998));
#19032=CARTESIAN_POINT('',(-37.85,-1.27000000000001,-3.81000000000001));
#19033=CARTESIAN_POINT('',(40.64,-1.27,-3.81));
#19034=CARTESIAN_POINT('',(40.64,-1.27,-1.27));
#19035=CARTESIAN_POINT('',(-21.5360000000002,-1.27,29.8179999999998));
#19036=CARTESIAN_POINT('',(-38.18,-1.27,-3.47));
#19037=CARTESIAN_POINT('',(-38.35,-1.27000000000001,-3.81000000000001));
#19038=CARTESIAN_POINT('',(-40.8381958563148,-1.27,-3.47));
#19039=CARTESIAN_POINT('',(-40.56,-1.27,-3.47));
#19040=CARTESIAN_POINT('',(-25.2000000000002,-1.27,-34.1899999999998));
#19041=CARTESIAN_POINT('',(-40.39,-1.27000000000001,-3.81000000000001));
#19042=CARTESIAN_POINT('',(40.64,-1.27,-3.81));
#19043=CARTESIAN_POINT('',(40.64,0.,0.));
#19044=CARTESIAN_POINT('',(40.64,-6.57350923475464E-17,-3.31));
#19045=CARTESIAN_POINT('',(40.64,-6.57350923475464E-17,0.770000000000001));
#19046=CARTESIAN_POINT('',(-40.64,0.,0.));
#19047=CARTESIAN_POINT('',(-40.64,-6.57350923475464E-17,-3.31));
#19048=CARTESIAN_POINT('',(-40.64,-6.57350923475464E-17,0.770000000000001));
#19049=CARTESIAN_POINT('',(-40.64,-80.339093243339,0.769999999999994));
#19050=CARTESIAN_POINT('',(-40.56,-80.339093243339,0.930000000000079));
#19051=CARTESIAN_POINT('',(-40.39,-80.339093243339,1.27));
#19052=CARTESIAN_POINT('',(-38.35,-80.0893362804786,1.27));
#19053=CARTESIAN_POINT('',(-38.18,-80.0893362804786,0.930000000000078));
#19054=CARTESIAN_POINT('',(-38.1,-80.0893362804786,0.769999999999994));
#19055=CARTESIAN_POINT('',(-38.35,-1.27000000000001,1.27));
#19056=CARTESIAN_POINT('',(-38.1,-80.0893362804786,0.769999999999994));
#19057=CARTESIAN_POINT('',(-38.02,-80.0893362804786,0.930000000000078));
#19058=CARTESIAN_POINT('',(-37.85,-1.26999999999999,1.27));
#19059=CARTESIAN_POINT('',(-35.81,-80.0893362804786,1.27));
#19060=CARTESIAN_POINT('',(-35.64,-80.0893362804786,0.930000000000078));
#19061=CARTESIAN_POINT('',(-35.56,-80.0893362804786,0.769999999999994));
#19062=CARTESIAN_POINT('',(-35.81,-1.27000000000001,1.27));
#19063=CARTESIAN_POINT('',(-35.56,-80.0893362804786,0.769999999999994));
#19064=CARTESIAN_POINT('',(-35.48,-80.0893362804786,0.930000000000078));
#19065=CARTESIAN_POINT('',(-35.31,-1.26999999999999,1.27));
#19066=CARTESIAN_POINT('',(-33.27,-80.0893362804786,1.27));
#19067=CARTESIAN_POINT('',(-33.1,-80.0893362804786,0.930000000000078));
#19068=CARTESIAN_POINT('',(-33.02,-80.0893362804786,0.769999999999994));
#19069=CARTESIAN_POINT('',(-33.27,-1.27000000000001,1.27));
#19070=CARTESIAN_POINT('',(-33.02,-80.0893362804786,0.769999999999994));
#19071=CARTESIAN_POINT('',(-32.94,-80.0893362804786,0.930000000000078));
#19072=CARTESIAN_POINT('',(-32.77,-1.26999999999999,1.27));
#19073=CARTESIAN_POINT('',(-30.73,-80.0893362804786,1.27));
#19074=CARTESIAN_POINT('',(-30.56,-80.0893362804786,0.930000000000078));
#19075=CARTESIAN_POINT('',(-30.48,-80.0893362804786,0.769999999999994));
#19076=CARTESIAN_POINT('',(-30.73,-1.27000000000001,1.27));
#19077=CARTESIAN_POINT('',(-30.48,-80.0893362804786,0.769999999999994));
#19078=CARTESIAN_POINT('',(-30.4,-80.0893362804786,0.930000000000078));
#19079=CARTESIAN_POINT('',(-30.23,-1.26999999999999,1.27));
#19080=CARTESIAN_POINT('',(-28.19,-80.0893362804786,1.27));
#19081=CARTESIAN_POINT('',(-28.02,-80.0893362804786,0.930000000000078));
#19082=CARTESIAN_POINT('',(-27.94,-80.0893362804786,0.769999999999994));
#19083=CARTESIAN_POINT('',(-28.19,-1.27000000000001,1.27));
#19084=CARTESIAN_POINT('',(-27.94,-80.0893362804786,0.769999999999994));
#19085=CARTESIAN_POINT('',(-27.86,-80.0893362804786,0.930000000000078));
#19086=CARTESIAN_POINT('',(-27.69,-1.26999999999999,1.27));
#19087=CARTESIAN_POINT('',(-25.65,-80.0893362804786,1.27));
#19088=CARTESIAN_POINT('',(-25.48,-80.0893362804786,0.930000000000078));
#19089=CARTESIAN_POINT('',(-25.4,-80.0893362804786,0.769999999999994));
#19090=CARTESIAN_POINT('',(-25.65,-1.27000000000001,1.27));
#19091=CARTESIAN_POINT('',(-25.4,-80.0893362804786,0.769999999999994));
#19092=CARTESIAN_POINT('',(-25.32,-80.0893362804786,0.930000000000078));
#19093=CARTESIAN_POINT('',(-25.15,-1.26999999999999,1.27));
#19094=CARTESIAN_POINT('',(-23.11,-80.0893362804786,1.27));
#19095=CARTESIAN_POINT('',(-22.94,-80.0893362804786,0.930000000000078));
#19096=CARTESIAN_POINT('',(-22.86,-80.0893362804786,0.769999999999994));
#19097=CARTESIAN_POINT('',(-23.11,-1.27000000000001,1.27));
#19098=CARTESIAN_POINT('',(-22.86,-80.0893362804786,0.769999999999994));
#19099=CARTESIAN_POINT('',(-22.78,-80.0893362804786,0.930000000000078));
#19100=CARTESIAN_POINT('',(-22.61,-1.26999999999999,1.27));
#19101=CARTESIAN_POINT('',(-20.57,-80.0893362804786,1.27));
#19102=CARTESIAN_POINT('',(-20.4,-80.0893362804786,0.930000000000078));
#19103=CARTESIAN_POINT('',(-20.32,-80.0893362804786,0.769999999999994));
#19104=CARTESIAN_POINT('',(-20.57,-1.27000000000001,1.27));
#19105=CARTESIAN_POINT('',(-20.32,-80.0893362804786,0.769999999999994));
#19106=CARTESIAN_POINT('',(-20.24,-80.0893362804786,0.930000000000078));
#19107=CARTESIAN_POINT('',(-20.07,-1.26999999999999,1.27));
#19108=CARTESIAN_POINT('',(-18.03,-80.0893362804786,1.27));
#19109=CARTESIAN_POINT('',(-17.86,-80.0893362804786,0.930000000000078));
#19110=CARTESIAN_POINT('',(-17.78,-80.0893362804786,0.769999999999994));
#19111=CARTESIAN_POINT('',(-18.03,-1.27000000000001,1.27));
#19112=CARTESIAN_POINT('',(-17.78,-80.0893362804786,0.769999999999994));
#19113=CARTESIAN_POINT('',(-17.7,-80.0893362804786,0.930000000000078));
#19114=CARTESIAN_POINT('',(-17.53,-1.26999999999999,1.27));
#19115=CARTESIAN_POINT('',(-15.49,-80.0893362804786,1.27));
#19116=CARTESIAN_POINT('',(-15.32,-80.0893362804786,0.930000000000078));
#19117=CARTESIAN_POINT('',(-15.24,-80.0893362804786,0.769999999999994));
#19118=CARTESIAN_POINT('',(-15.49,-1.27000000000001,1.27));
#19119=CARTESIAN_POINT('',(-15.24,-80.0893362804786,0.769999999999994));
#19120=CARTESIAN_POINT('',(-15.16,-80.0893362804786,0.930000000000078));
#19121=CARTESIAN_POINT('',(-14.99,-1.26999999999999,1.27));
#19122=CARTESIAN_POINT('',(-12.95,-80.0893362804786,1.27));
#19123=CARTESIAN_POINT('',(-12.78,-80.0893362804786,0.930000000000078));
#19124=CARTESIAN_POINT('',(-12.7,-80.0893362804786,0.769999999999994));
#19125=CARTESIAN_POINT('',(-12.95,-1.27000000000001,1.27));
#19126=CARTESIAN_POINT('',(-12.7,-80.0893362804786,0.769999999999994));
#19127=CARTESIAN_POINT('',(-12.62,-80.0893362804786,0.930000000000078));
#19128=CARTESIAN_POINT('',(-12.45,-1.26999999999999,1.27));
#19129=CARTESIAN_POINT('',(-10.41,-80.0893362804786,1.27));
#19130=CARTESIAN_POINT('',(-10.24,-80.0893362804786,0.930000000000078));
#19131=CARTESIAN_POINT('',(-10.16,-80.0893362804786,0.769999999999994));
#19132=CARTESIAN_POINT('',(-10.41,-1.27000000000001,1.27));
#19133=CARTESIAN_POINT('',(-10.16,-80.0893362804786,0.769999999999994));
#19134=CARTESIAN_POINT('',(-10.08,-80.0893362804786,0.930000000000078));
#19135=CARTESIAN_POINT('',(-9.91000000000001,-1.26999999999999,1.27));
#19136=CARTESIAN_POINT('',(-7.87,-80.0893362804786,1.27));
#19137=CARTESIAN_POINT('',(-7.70000000000004,-80.0893362804786,0.930000000000078));
#19138=CARTESIAN_POINT('',(-7.62,-80.0893362804786,0.769999999999994));
#19139=CARTESIAN_POINT('',(-7.87,-1.27000000000001,1.27));
#19140=CARTESIAN_POINT('',(-7.62,-80.0893362804786,0.769999999999994));
#19141=CARTESIAN_POINT('',(-7.53999999999996,-80.0893362804786,0.930000000000078));
#19142=CARTESIAN_POINT('',(-7.37000000000001,-1.26999999999999,1.27));
#19143=CARTESIAN_POINT('',(-5.33,-80.0893362804786,1.27));
#19144=CARTESIAN_POINT('',(-5.16000000000004,-80.0893362804786,0.930000000000078));
#19145=CARTESIAN_POINT('',(-5.08,-80.0893362804786,0.769999999999994));
#19146=CARTESIAN_POINT('',(-5.33,-1.27000000000001,1.27));
#19147=CARTESIAN_POINT('',(-5.08,-80.0893362804786,0.769999999999994));
#19148=CARTESIAN_POINT('',(-4.99999999999996,-80.0893362804786,0.930000000000078));
#19149=CARTESIAN_POINT('',(-4.83000000000001,-1.26999999999999,1.27));
#19150=CARTESIAN_POINT('',(-2.79,-80.0893362804786,1.27));
#19151=CARTESIAN_POINT('',(-2.62000000000004,-80.0893362804786,0.930000000000078));
#19152=CARTESIAN_POINT('',(-2.54,-80.0893362804786,0.769999999999994));
#19153=CARTESIAN_POINT('',(-2.79,-1.27000000000001,1.27));
#19154=CARTESIAN_POINT('',(-2.54,-80.0893362804786,0.769999999999994));
#19155=CARTESIAN_POINT('',(-2.45999999999996,-80.0893362804786,0.930000000000078));
#19156=CARTESIAN_POINT('',(-2.29,-1.27,1.27));
#19157=CARTESIAN_POINT('',(-0.25,-80.0893362804786,1.27));
#19158=CARTESIAN_POINT('',(-0.0800000000000414,-80.0893362804786,0.930000000000078));
#19159=CARTESIAN_POINT('',(0.,-80.0893362804786,0.769999999999994));
#19160=CARTESIAN_POINT('',(-0.25,-1.27000000000001,1.27));
#19161=CARTESIAN_POINT('',(0.,-80.0893362804786,0.769999999999994));
#19162=CARTESIAN_POINT('',(0.0800000000000414,-80.0893362804786,0.930000000000078));
#19163=CARTESIAN_POINT('',(0.25,-1.27,1.27));
#19164=CARTESIAN_POINT('',(2.29,-80.0893362804786,1.27));
#19165=CARTESIAN_POINT('',(2.45999999999996,-80.0893362804786,0.930000000000078));
#19166=CARTESIAN_POINT('',(2.54,-80.0893362804786,0.769999999999994));
#19167=CARTESIAN_POINT('',(2.29,-1.27000000000001,1.27));
#19168=CARTESIAN_POINT('',(2.54,-80.0893362804786,0.769999999999994));
#19169=CARTESIAN_POINT('',(2.62000000000004,-80.0893362804786,0.930000000000078));
#19170=CARTESIAN_POINT('',(2.79,-1.27,1.27));
#19171=CARTESIAN_POINT('',(4.83,-80.0893362804786,1.27));
#19172=CARTESIAN_POINT('',(4.99999999999996,-80.0893362804786,0.930000000000078));
#19173=CARTESIAN_POINT('',(5.08,-80.0893362804786,0.769999999999994));
#19174=CARTESIAN_POINT('',(4.83,-1.27000000000001,1.27));
#19175=CARTESIAN_POINT('',(5.08,-80.0893362804786,0.769999999999994));
#19176=CARTESIAN_POINT('',(5.16000000000004,-80.0893362804786,0.930000000000078));
#19177=CARTESIAN_POINT('',(5.33,-1.27,1.27));
#19178=CARTESIAN_POINT('',(7.37,-80.0893362804786,1.27));
#19179=CARTESIAN_POINT('',(7.53999999999996,-80.0893362804786,0.930000000000078));
#19180=CARTESIAN_POINT('',(7.62,-80.0893362804786,0.769999999999994));
#19181=CARTESIAN_POINT('',(7.37000000000001,-1.27000000000001,1.27));
#19182=CARTESIAN_POINT('',(7.62,-80.0893362804786,0.769999999999994));
#19183=CARTESIAN_POINT('',(7.70000000000004,-80.0893362804786,0.930000000000078));
#19184=CARTESIAN_POINT('',(7.87,-1.27,1.27));
#19185=CARTESIAN_POINT('',(9.91,-80.0893362804786,1.27));
#19186=CARTESIAN_POINT('',(10.08,-80.0893362804786,0.930000000000078));
#19187=CARTESIAN_POINT('',(10.16,-80.0893362804786,0.769999999999994));
#19188=CARTESIAN_POINT('',(9.91000000000001,-1.27,1.27));
#19189=CARTESIAN_POINT('',(10.16,-80.0893362804786,0.769999999999994));
#19190=CARTESIAN_POINT('',(10.24,-80.0893362804786,0.930000000000078));
#19191=CARTESIAN_POINT('',(10.41,-1.27,1.27));
#19192=CARTESIAN_POINT('',(12.45,-80.0893362804786,1.27));
#19193=CARTESIAN_POINT('',(12.62,-80.0893362804786,0.930000000000078));
#19194=CARTESIAN_POINT('',(12.7,-80.0893362804786,0.769999999999994));
#19195=CARTESIAN_POINT('',(12.45,-1.27,1.27));
#19196=CARTESIAN_POINT('',(12.7,-80.0893362804786,0.769999999999994));
#19197=CARTESIAN_POINT('',(12.78,-80.0893362804786,0.930000000000078));
#19198=CARTESIAN_POINT('',(12.95,-1.27,1.27));
#19199=CARTESIAN_POINT('',(14.99,-80.0893362804786,1.27));
#19200=CARTESIAN_POINT('',(15.16,-80.0893362804786,0.930000000000078));
#19201=CARTESIAN_POINT('',(15.24,-80.0893362804786,0.769999999999994));
#19202=CARTESIAN_POINT('',(14.99,-1.27,1.27));
#19203=CARTESIAN_POINT('',(15.24,-80.0893362804786,0.769999999999994));
#19204=CARTESIAN_POINT('',(15.32,-80.0893362804786,0.930000000000078));
#19205=CARTESIAN_POINT('',(15.49,-1.27,1.27));
#19206=CARTESIAN_POINT('',(17.53,-80.0893362804786,1.27));
#19207=CARTESIAN_POINT('',(17.7,-80.0893362804786,0.930000000000078));
#19208=CARTESIAN_POINT('',(17.78,-80.0893362804786,0.769999999999994));
#19209=CARTESIAN_POINT('',(17.53,-1.27,1.27));
#19210=CARTESIAN_POINT('',(17.78,-80.0893362804786,0.769999999999994));
#19211=CARTESIAN_POINT('',(17.86,-80.0893362804786,0.930000000000078));
#19212=CARTESIAN_POINT('',(18.03,-1.27,1.27));
#19213=CARTESIAN_POINT('',(20.07,-80.0893362804786,1.27));
#19214=CARTESIAN_POINT('',(20.24,-80.0893362804786,0.930000000000078));
#19215=CARTESIAN_POINT('',(20.32,-80.0893362804786,0.769999999999994));
#19216=CARTESIAN_POINT('',(20.07,-1.27,1.27));
#19217=CARTESIAN_POINT('',(20.32,-80.0893362804786,0.769999999999994));
#19218=CARTESIAN_POINT('',(20.4,-80.0893362804786,0.930000000000078));
#19219=CARTESIAN_POINT('',(20.57,-1.27,1.27));
#19220=CARTESIAN_POINT('',(22.61,-80.0893362804786,1.27));
#19221=CARTESIAN_POINT('',(22.78,-80.0893362804786,0.930000000000078));
#19222=CARTESIAN_POINT('',(22.86,-80.0893362804786,0.769999999999994));
#19223=CARTESIAN_POINT('',(22.61,-1.27,1.27));
#19224=CARTESIAN_POINT('',(22.86,-80.0893362804786,0.769999999999994));
#19225=CARTESIAN_POINT('',(22.94,-80.0893362804786,0.930000000000078));
#19226=CARTESIAN_POINT('',(23.11,-1.27,1.27));
#19227=CARTESIAN_POINT('',(25.15,-80.0893362804786,1.27));
#19228=CARTESIAN_POINT('',(25.32,-80.0893362804786,0.930000000000078));
#19229=CARTESIAN_POINT('',(25.4,-80.0893362804786,0.769999999999994));
#19230=CARTESIAN_POINT('',(25.15,-1.27,1.27));
#19231=CARTESIAN_POINT('',(25.4,-80.0893362804786,0.769999999999994));
#19232=CARTESIAN_POINT('',(25.48,-80.0893362804786,0.930000000000078));
#19233=CARTESIAN_POINT('',(25.65,-1.27,1.27));
#19234=CARTESIAN_POINT('',(27.69,-80.0893362804786,1.27));
#19235=CARTESIAN_POINT('',(27.86,-80.0893362804786,0.930000000000078));
#19236=CARTESIAN_POINT('',(27.94,-80.0893362804786,0.769999999999994));
#19237=CARTESIAN_POINT('',(27.69,-1.27,1.27));
#19238=CARTESIAN_POINT('',(27.94,-80.0893362804786,0.769999999999994));
#19239=CARTESIAN_POINT('',(28.02,-80.0893362804786,0.930000000000078));
#19240=CARTESIAN_POINT('',(28.19,-1.27,1.27));
#19241=CARTESIAN_POINT('',(30.23,-80.0893362804786,1.27));
#19242=CARTESIAN_POINT('',(30.4,-80.0893362804786,0.930000000000078));
#19243=CARTESIAN_POINT('',(30.48,-80.0893362804786,0.769999999999994));
#19244=CARTESIAN_POINT('',(30.23,-1.27,1.27));
#19245=CARTESIAN_POINT('',(30.48,-80.0893362804786,0.769999999999994));
#19246=CARTESIAN_POINT('',(30.56,-80.0893362804786,0.930000000000078));
#19247=CARTESIAN_POINT('',(30.73,-1.27,1.27));
#19248=CARTESIAN_POINT('',(32.77,-80.0893362804786,1.27));
#19249=CARTESIAN_POINT('',(32.94,-80.0893362804786,0.930000000000078));
#19250=CARTESIAN_POINT('',(33.02,-80.0893362804786,0.769999999999994));
#19251=CARTESIAN_POINT('',(32.77,-1.27,1.27));
#19252=CARTESIAN_POINT('',(33.02,-80.0893362804786,0.769999999999994));
#19253=CARTESIAN_POINT('',(33.1,-80.0893362804786,0.930000000000078));
#19254=CARTESIAN_POINT('',(33.27,-1.27,1.27));
#19255=CARTESIAN_POINT('',(35.31,-80.0893362804786,1.27));
#19256=CARTESIAN_POINT('',(35.48,-80.0893362804786,0.930000000000078));
#19257=CARTESIAN_POINT('',(35.56,-80.0893362804786,0.769999999999994));
#19258=CARTESIAN_POINT('',(35.31,-1.27,1.27));
#19259=CARTESIAN_POINT('',(35.56,-80.0893362804786,0.769999999999994));
#19260=CARTESIAN_POINT('',(35.64,-80.0893362804786,0.930000000000078));
#19261=CARTESIAN_POINT('',(35.81,-1.27,1.27));
#19262=CARTESIAN_POINT('',(37.85,-80.0893362804786,1.27));
#19263=CARTESIAN_POINT('',(38.02,-80.0893362804786,0.930000000000078));
#19264=CARTESIAN_POINT('',(38.1,-80.0893362804786,0.769999999999994));
#19265=CARTESIAN_POINT('',(37.85,-1.27,1.27));
#19266=CARTESIAN_POINT('',(38.1,-80.0893362804786,0.769999999999994));
#19267=CARTESIAN_POINT('',(38.18,-80.0893362804786,0.930000000000078));
#19268=CARTESIAN_POINT('',(38.35,-1.27,1.27));
#19269=CARTESIAN_POINT('',(40.39,-80.339093243339,1.27));
#19270=CARTESIAN_POINT('',(40.56,-80.339093243339,0.930000000000079));
#19271=CARTESIAN_POINT('',(40.39,-80.339093243339,1.27));
#19272=CARTESIAN_POINT('',(-40.64,-80.339093243339,-3.31));
#19273=CARTESIAN_POINT('',(-40.56,-80.339093243339,-3.47000000000008));
#19274=CARTESIAN_POINT('',(-40.39,-80.339093243339,-3.81));
#19275=CARTESIAN_POINT('',(-38.35,-80.0893362804786,-3.81));
#19276=CARTESIAN_POINT('',(-38.1,-80.0893362804786,-3.31));
#19277=CARTESIAN_POINT('',(-38.18,-80.0893362804786,-3.47000000000008));
#19278=CARTESIAN_POINT('',(-38.35,-1.27000000000001,-3.81));
#19279=CARTESIAN_POINT('',(-38.1,-80.0893362804786,-3.31));
#19280=CARTESIAN_POINT('',(-38.02,-80.0893362804786,-3.47000000000008));
#19281=CARTESIAN_POINT('',(-37.85,-1.26999999999999,-3.81));
#19282=CARTESIAN_POINT('',(-35.81,-80.0893362804786,-3.81));
#19283=CARTESIAN_POINT('',(-35.56,-80.0893362804786,-3.31));
#19284=CARTESIAN_POINT('',(-35.64,-80.0893362804786,-3.47000000000008));
#19285=CARTESIAN_POINT('',(-35.81,-1.27000000000001,-3.81));
#19286=CARTESIAN_POINT('',(-35.56,-80.0893362804786,-3.31));
#19287=CARTESIAN_POINT('',(-35.48,-80.0893362804786,-3.47000000000008));
#19288=CARTESIAN_POINT('',(-35.31,-1.26999999999999,-3.81));
#19289=CARTESIAN_POINT('',(-33.27,-80.0893362804786,-3.81));
#19290=CARTESIAN_POINT('',(-33.02,-80.0893362804786,-3.31));
#19291=CARTESIAN_POINT('',(-33.1,-80.0893362804786,-3.47000000000008));
#19292=CARTESIAN_POINT('',(-33.27,-1.27000000000001,-3.81));
#19293=CARTESIAN_POINT('',(-33.02,-80.0893362804786,-3.31));
#19294=CARTESIAN_POINT('',(-32.94,-80.0893362804786,-3.47000000000008));
#19295=CARTESIAN_POINT('',(-32.77,-1.26999999999999,-3.81));
#19296=CARTESIAN_POINT('',(-30.73,-80.0893362804786,-3.81));
#19297=CARTESIAN_POINT('',(-30.48,-80.0893362804786,-3.31));
#19298=CARTESIAN_POINT('',(-30.56,-80.0893362804786,-3.47000000000008));
#19299=CARTESIAN_POINT('',(-30.73,-1.27000000000001,-3.81));
#19300=CARTESIAN_POINT('',(-30.48,-80.0893362804786,-3.31));
#19301=CARTESIAN_POINT('',(-30.4,-80.0893362804786,-3.47000000000008));
#19302=CARTESIAN_POINT('',(-30.23,-1.26999999999999,-3.81));
#19303=CARTESIAN_POINT('',(-28.19,-80.0893362804786,-3.81));
#19304=CARTESIAN_POINT('',(-27.94,-80.0893362804786,-3.31));
#19305=CARTESIAN_POINT('',(-28.02,-80.0893362804786,-3.47000000000008));
#19306=CARTESIAN_POINT('',(-28.19,-1.27000000000001,-3.81));
#19307=CARTESIAN_POINT('',(-27.94,-80.0893362804786,-3.31));
#19308=CARTESIAN_POINT('',(-27.86,-80.0893362804786,-3.47000000000008));
#19309=CARTESIAN_POINT('',(-27.69,-1.26999999999999,-3.81));
#19310=CARTESIAN_POINT('',(-25.65,-80.0893362804786,-3.81));
#19311=CARTESIAN_POINT('',(-25.4,-80.0893362804786,-3.31));
#19312=CARTESIAN_POINT('',(-25.48,-80.0893362804786,-3.47000000000008));
#19313=CARTESIAN_POINT('',(-25.65,-1.27000000000001,-3.81));
#19314=CARTESIAN_POINT('',(-25.4,-80.0893362804786,-3.31));
#19315=CARTESIAN_POINT('',(-25.32,-80.0893362804786,-3.47000000000008));
#19316=CARTESIAN_POINT('',(-25.15,-1.26999999999999,-3.81));
#19317=CARTESIAN_POINT('',(-23.11,-80.0893362804786,-3.81));
#19318=CARTESIAN_POINT('',(-22.86,-80.0893362804786,-3.31));
#19319=CARTESIAN_POINT('',(-22.94,-80.0893362804786,-3.47000000000008));
#19320=CARTESIAN_POINT('',(-23.11,-1.27000000000001,-3.81));
#19321=CARTESIAN_POINT('',(-22.86,-80.0893362804786,-3.31));
#19322=CARTESIAN_POINT('',(-22.78,-80.0893362804786,-3.47000000000008));
#19323=CARTESIAN_POINT('',(-22.61,-1.26999999999999,-3.81));
#19324=CARTESIAN_POINT('',(-20.57,-80.0893362804786,-3.81));
#19325=CARTESIAN_POINT('',(-20.32,-80.0893362804786,-3.31));
#19326=CARTESIAN_POINT('',(-20.4,-80.0893362804786,-3.47000000000008));
#19327=CARTESIAN_POINT('',(-20.57,-1.27000000000001,-3.81));
#19328=CARTESIAN_POINT('',(-20.32,-80.0893362804786,-3.31));
#19329=CARTESIAN_POINT('',(-20.24,-80.0893362804786,-3.47000000000008));
#19330=CARTESIAN_POINT('',(-20.07,-1.26999999999999,-3.81));
#19331=CARTESIAN_POINT('',(-18.03,-80.0893362804786,-3.81));
#19332=CARTESIAN_POINT('',(-17.78,-80.0893362804786,-3.31));
#19333=CARTESIAN_POINT('',(-17.86,-80.0893362804786,-3.47000000000008));
#19334=CARTESIAN_POINT('',(-18.03,-1.27000000000001,-3.81));
#19335=CARTESIAN_POINT('',(-17.78,-80.0893362804786,-3.31));
#19336=CARTESIAN_POINT('',(-17.7,-80.0893362804786,-3.47000000000008));
#19337=CARTESIAN_POINT('',(-17.53,-1.26999999999999,-3.81));
#19338=CARTESIAN_POINT('',(-15.49,-80.0893362804786,-3.81));
#19339=CARTESIAN_POINT('',(-15.24,-80.0893362804786,-3.31));
#19340=CARTESIAN_POINT('',(-15.32,-80.0893362804786,-3.47000000000008));
#19341=CARTESIAN_POINT('',(-15.49,-1.27000000000001,-3.81));
#19342=CARTESIAN_POINT('',(-15.24,-80.0893362804786,-3.31));
#19343=CARTESIAN_POINT('',(-15.16,-80.0893362804786,-3.47000000000008));
#19344=CARTESIAN_POINT('',(-14.99,-1.26999999999999,-3.81));
#19345=CARTESIAN_POINT('',(-12.95,-80.0893362804786,-3.81));
#19346=CARTESIAN_POINT('',(-12.7,-80.0893362804786,-3.31));
#19347=CARTESIAN_POINT('',(-12.78,-80.0893362804786,-3.47000000000008));
#19348=CARTESIAN_POINT('',(-12.95,-1.27000000000001,-3.81));
#19349=CARTESIAN_POINT('',(-12.7,-80.0893362804786,-3.31));
#19350=CARTESIAN_POINT('',(-12.62,-80.0893362804786,-3.47000000000008));
#19351=CARTESIAN_POINT('',(-12.45,-1.26999999999999,-3.81));
#19352=CARTESIAN_POINT('',(-10.41,-80.0893362804786,-3.81));
#19353=CARTESIAN_POINT('',(-10.16,-80.0893362804786,-3.31));
#19354=CARTESIAN_POINT('',(-10.24,-80.0893362804786,-3.47000000000008));
#19355=CARTESIAN_POINT('',(-10.41,-1.27000000000001,-3.81));
#19356=CARTESIAN_POINT('',(-10.16,-80.0893362804786,-3.31));
#19357=CARTESIAN_POINT('',(-10.08,-80.0893362804786,-3.47000000000008));
#19358=CARTESIAN_POINT('',(-9.91000000000001,-1.26999999999999,-3.81));
#19359=CARTESIAN_POINT('',(-7.87,-80.0893362804786,-3.81));
#19360=CARTESIAN_POINT('',(-7.62,-80.0893362804786,-3.31));
#19361=CARTESIAN_POINT('',(-7.70000000000004,-80.0893362804786,-3.47000000000008));
#19362=CARTESIAN_POINT('',(-7.87,-1.27000000000001,-3.81));
#19363=CARTESIAN_POINT('',(-7.62,-80.0893362804786,-3.31));
#19364=CARTESIAN_POINT('',(-7.53999999999996,-80.0893362804786,-3.47000000000008));
#19365=CARTESIAN_POINT('',(-7.37000000000001,-1.26999999999999,-3.81));
#19366=CARTESIAN_POINT('',(-5.33,-80.0893362804786,-3.81));
#19367=CARTESIAN_POINT('',(-5.08,-80.0893362804786,-3.31));
#19368=CARTESIAN_POINT('',(-5.16000000000004,-80.0893362804786,-3.47000000000008));
#19369=CARTESIAN_POINT('',(-5.33,-1.27000000000001,-3.81));
#19370=CARTESIAN_POINT('',(-5.08,-80.0893362804786,-3.31));
#19371=CARTESIAN_POINT('',(-4.99999999999996,-80.0893362804786,-3.47000000000008));
#19372=CARTESIAN_POINT('',(-4.83000000000001,-1.26999999999999,-3.81));
#19373=CARTESIAN_POINT('',(-2.79,-80.0893362804786,-3.81));
#19374=CARTESIAN_POINT('',(-2.54,-80.0893362804786,-3.31));
#19375=CARTESIAN_POINT('',(-2.62000000000004,-80.0893362804786,-3.47000000000008));
#19376=CARTESIAN_POINT('',(-2.79,-1.27000000000001,-3.81));
#19377=CARTESIAN_POINT('',(-2.54,-80.0893362804786,-3.31));
#19378=CARTESIAN_POINT('',(-2.45999999999996,-80.0893362804786,-3.47000000000008));
#19379=CARTESIAN_POINT('',(-2.29,-1.27,-3.81));
#19380=CARTESIAN_POINT('',(-0.25,-80.0893362804786,-3.81));
#19381=CARTESIAN_POINT('',(0.,-80.0893362804786,-3.31));
#19382=CARTESIAN_POINT('',(-0.0800000000000411,-80.0893362804786,-3.47000000000008));
#19383=CARTESIAN_POINT('',(-0.25,-1.27000000000001,-3.81));
#19384=CARTESIAN_POINT('',(0.,-80.0893362804786,-3.31));
#19385=CARTESIAN_POINT('',(0.0800000000000411,-80.0893362804786,-3.47000000000008));
#19386=CARTESIAN_POINT('',(0.25,-1.27,-3.81));
#19387=CARTESIAN_POINT('',(2.29,-80.0893362804786,-3.81));
#19388=CARTESIAN_POINT('',(2.54,-80.0893362804786,-3.31));
#19389=CARTESIAN_POINT('',(2.45999999999996,-80.0893362804786,-3.47000000000008));
#19390=CARTESIAN_POINT('',(2.29,-1.27000000000001,-3.81));
#19391=CARTESIAN_POINT('',(2.54,-80.0893362804786,-3.31));
#19392=CARTESIAN_POINT('',(2.62000000000004,-80.0893362804786,-3.47000000000008));
#19393=CARTESIAN_POINT('',(2.79,-1.27,-3.81));
#19394=CARTESIAN_POINT('',(4.83,-80.0893362804786,-3.81));
#19395=CARTESIAN_POINT('',(5.08,-80.0893362804786,-3.31));
#19396=CARTESIAN_POINT('',(4.99999999999996,-80.0893362804786,-3.47000000000008));
#19397=CARTESIAN_POINT('',(4.83,-1.27000000000001,-3.81));
#19398=CARTESIAN_POINT('',(5.08,-80.0893362804786,-3.31));
#19399=CARTESIAN_POINT('',(5.16000000000004,-80.0893362804786,-3.47000000000008));
#19400=CARTESIAN_POINT('',(5.33,-1.27,-3.81));
#19401=CARTESIAN_POINT('',(7.37,-80.0893362804786,-3.81));
#19402=CARTESIAN_POINT('',(7.62,-80.0893362804786,-3.31));
#19403=CARTESIAN_POINT('',(7.53999999999996,-80.0893362804786,-3.47000000000008));
#19404=CARTESIAN_POINT('',(7.37000000000001,-1.27000000000001,-3.81));
#19405=CARTESIAN_POINT('',(7.62,-80.0893362804786,-3.31));
#19406=CARTESIAN_POINT('',(7.70000000000004,-80.0893362804786,-3.47000000000008));
#19407=CARTESIAN_POINT('',(7.87,-1.27,-3.81));
#19408=CARTESIAN_POINT('',(9.91,-80.0893362804786,-3.81));
#19409=CARTESIAN_POINT('',(10.16,-80.0893362804786,-3.31));
#19410=CARTESIAN_POINT('',(10.08,-80.0893362804786,-3.47000000000008));
#19411=CARTESIAN_POINT('',(9.91000000000001,-1.27,-3.81));
#19412=CARTESIAN_POINT('',(10.16,-80.0893362804786,-3.31));
#19413=CARTESIAN_POINT('',(10.24,-80.0893362804786,-3.47000000000008));
#19414=CARTESIAN_POINT('',(10.41,-1.27,-3.81));
#19415=CARTESIAN_POINT('',(12.45,-80.0893362804786,-3.81));
#19416=CARTESIAN_POINT('',(12.7,-80.0893362804786,-3.31));
#19417=CARTESIAN_POINT('',(12.62,-80.0893362804786,-3.47000000000008));
#19418=CARTESIAN_POINT('',(12.45,-1.27,-3.81));
#19419=CARTESIAN_POINT('',(12.7,-80.0893362804786,-3.31));
#19420=CARTESIAN_POINT('',(12.78,-80.0893362804786,-3.47000000000008));
#19421=CARTESIAN_POINT('',(12.95,-1.27,-3.81));
#19422=CARTESIAN_POINT('',(14.99,-80.0893362804786,-3.81));
#19423=CARTESIAN_POINT('',(15.24,-80.0893362804786,-3.31));
#19424=CARTESIAN_POINT('',(15.16,-80.0893362804786,-3.47000000000008));
#19425=CARTESIAN_POINT('',(14.99,-1.27,-3.81));
#19426=CARTESIAN_POINT('',(15.24,-80.0893362804786,-3.31));
#19427=CARTESIAN_POINT('',(15.32,-80.0893362804786,-3.47000000000008));
#19428=CARTESIAN_POINT('',(15.49,-1.27,-3.81));
#19429=CARTESIAN_POINT('',(17.53,-80.0893362804786,-3.81));
#19430=CARTESIAN_POINT('',(17.78,-80.0893362804786,-3.31));
#19431=CARTESIAN_POINT('',(17.7,-80.0893362804786,-3.47000000000008));
#19432=CARTESIAN_POINT('',(17.53,-1.27,-3.81));
#19433=CARTESIAN_POINT('',(17.78,-80.0893362804786,-3.31));
#19434=CARTESIAN_POINT('',(17.86,-80.0893362804786,-3.47000000000008));
#19435=CARTESIAN_POINT('',(18.03,-1.27,-3.81));
#19436=CARTESIAN_POINT('',(20.07,-80.0893362804786,-3.81));
#19437=CARTESIAN_POINT('',(20.32,-80.0893362804786,-3.31));
#19438=CARTESIAN_POINT('',(20.24,-80.0893362804786,-3.47000000000008));
#19439=CARTESIAN_POINT('',(20.07,-1.27,-3.81));
#19440=CARTESIAN_POINT('',(20.32,-80.0893362804786,-3.31));
#19441=CARTESIAN_POINT('',(20.4,-80.0893362804786,-3.47000000000008));
#19442=CARTESIAN_POINT('',(20.57,-1.27,-3.81));
#19443=CARTESIAN_POINT('',(22.61,-80.0893362804786,-3.81));
#19444=CARTESIAN_POINT('',(22.86,-80.0893362804786,-3.31));
#19445=CARTESIAN_POINT('',(22.78,-80.0893362804786,-3.47000000000008));
#19446=CARTESIAN_POINT('',(22.61,-1.27,-3.81));
#19447=CARTESIAN_POINT('',(22.86,-80.0893362804786,-3.31));
#19448=CARTESIAN_POINT('',(22.94,-80.0893362804786,-3.47000000000008));
#19449=CARTESIAN_POINT('',(23.11,-1.27,-3.81));
#19450=CARTESIAN_POINT('',(25.15,-80.0893362804786,-3.81));
#19451=CARTESIAN_POINT('',(25.4,-80.0893362804786,-3.31));
#19452=CARTESIAN_POINT('',(25.32,-80.0893362804786,-3.47000000000008));
#19453=CARTESIAN_POINT('',(25.15,-1.27,-3.81));
#19454=CARTESIAN_POINT('',(25.4,-80.0893362804786,-3.31));
#19455=CARTESIAN_POINT('',(25.48,-80.0893362804786,-3.47000000000008));
#19456=CARTESIAN_POINT('',(25.65,-1.27,-3.81));
#19457=CARTESIAN_POINT('',(27.69,-80.0893362804786,-3.81));
#19458=CARTESIAN_POINT('',(27.94,-80.0893362804786,-3.31));
#19459=CARTESIAN_POINT('',(27.86,-80.0893362804786,-3.47000000000008));
#19460=CARTESIAN_POINT('',(27.69,-1.27,-3.81));
#19461=CARTESIAN_POINT('',(27.94,-80.0893362804786,-3.31));
#19462=CARTESIAN_POINT('',(28.02,-80.0893362804786,-3.47000000000008));
#19463=CARTESIAN_POINT('',(28.19,-1.27,-3.81));
#19464=CARTESIAN_POINT('',(30.23,-80.0893362804786,-3.81));
#19465=CARTESIAN_POINT('',(30.48,-80.0893362804786,-3.31));
#19466=CARTESIAN_POINT('',(30.4,-80.0893362804786,-3.47000000000008));
#19467=CARTESIAN_POINT('',(30.23,-1.27,-3.81));
#19468=CARTESIAN_POINT('',(30.48,-80.0893362804786,-3.31));
#19469=CARTESIAN_POINT('',(30.56,-80.0893362804786,-3.47000000000008));
#19470=CARTESIAN_POINT('',(30.73,-1.27,-3.81));
#19471=CARTESIAN_POINT('',(32.77,-80.0893362804786,-3.81));
#19472=CARTESIAN_POINT('',(33.02,-80.0893362804786,-3.31));
#19473=CARTESIAN_POINT('',(32.94,-80.0893362804786,-3.47000000000008));
#19474=CARTESIAN_POINT('',(32.77,-1.27,-3.81));
#19475=CARTESIAN_POINT('',(33.02,-80.0893362804786,-3.31));
#19476=CARTESIAN_POINT('',(33.1,-80.0893362804786,-3.47000000000008));
#19477=CARTESIAN_POINT('',(33.27,-1.27,-3.81));
#19478=CARTESIAN_POINT('',(35.31,-80.0893362804786,-3.81));
#19479=CARTESIAN_POINT('',(35.56,-80.0893362804786,-3.31));
#19480=CARTESIAN_POINT('',(35.48,-80.0893362804786,-3.47000000000008));
#19481=CARTESIAN_POINT('',(35.31,-1.27,-3.81));
#19482=CARTESIAN_POINT('',(35.56,-80.0893362804786,-3.31));
#19483=CARTESIAN_POINT('',(35.64,-80.0893362804786,-3.47000000000008));
#19484=CARTESIAN_POINT('',(35.81,-1.27,-3.81));
#19485=CARTESIAN_POINT('',(37.85,-80.0893362804786,-3.81));
#19486=CARTESIAN_POINT('',(38.1,-80.0893362804786,-3.31));
#19487=CARTESIAN_POINT('',(38.02,-80.0893362804786,-3.47000000000008));
#19488=CARTESIAN_POINT('',(37.85,-1.27,-3.81));
#19489=CARTESIAN_POINT('',(38.1,-80.0893362804786,-3.31));
#19490=CARTESIAN_POINT('',(38.18,-80.0893362804786,-3.47000000000008));
#19491=CARTESIAN_POINT('',(38.35,-1.27,-3.81));
#19492=CARTESIAN_POINT('',(40.39,-80.339093243339,-3.81));
#19493=CARTESIAN_POINT('',(40.56,-80.339093243339,-3.47000000000008));
#19494=CARTESIAN_POINT('',(40.39,-80.339093243339,-3.81));
#19495=CARTESIAN_POINT('',(40.64,-1.27,1.27));
#19496=CARTESIAN_POINT('',(40.64,-1.27,1.27));
#19497=CARTESIAN_POINT('',(40.64,-1.27,1.27));
#19498=CARTESIAN_POINT('',(40.64,-1.27,1.27));
#19499=CARTESIAN_POINT('',(40.64,-1.27,1.27));
#19500=CARTESIAN_POINT('',(40.64,-1.27,1.27));
#19501=CARTESIAN_POINT('',(40.64,-1.27,1.27));
#19502=CARTESIAN_POINT('',(40.64,-1.27,1.27));
#19503=CARTESIAN_POINT('',(40.64,-1.27,1.27));
#19504=CARTESIAN_POINT('',(40.64,-1.27,1.27));
#19505=CARTESIAN_POINT('',(40.64,-1.27,1.27));
#19506=CARTESIAN_POINT('',(40.64,-1.27,1.27));
#19507=CARTESIAN_POINT('',(40.64,-1.27,1.27));
#19508=CARTESIAN_POINT('',(40.64,-1.27,1.27));
#19509=CARTESIAN_POINT('',(40.64,-1.27,1.27));
#19510=CARTESIAN_POINT('',(40.64,-1.27,1.27));
#19511=CARTESIAN_POINT('',(40.64,-1.27,1.27));
#19512=CARTESIAN_POINT('',(40.64,-1.27,1.27));
#19513=CARTESIAN_POINT('',(40.64,-1.27,1.27));
#19514=CARTESIAN_POINT('',(40.64,-1.27,1.27));
#19515=CARTESIAN_POINT('',(40.64,-1.27,1.27));
#19516=CARTESIAN_POINT('',(40.64,-1.27,1.27));
#19517=CARTESIAN_POINT('',(40.64,-1.27,1.27));
#19518=CARTESIAN_POINT('',(40.64,-1.27,1.27));
#19519=CARTESIAN_POINT('',(40.64,-1.27,1.27));
#19520=CARTESIAN_POINT('',(40.64,-1.27,1.27));
#19521=CARTESIAN_POINT('',(40.64,-1.27,1.27));
#19522=CARTESIAN_POINT('',(40.64,-1.27,1.27));
#19523=CARTESIAN_POINT('',(40.64,-1.27,1.27));
#19524=CARTESIAN_POINT('',(40.64,-1.27,1.27));
#19525=CARTESIAN_POINT('',(40.64,-1.27,1.27));
#19526=CARTESIAN_POINT('',(40.64,-1.27,1.27));
#19527=CARTESIAN_POINT('',(40.64,-1.27,-3.81));
#19528=CARTESIAN_POINT('',(40.64,-1.27,-3.81));
#19529=CARTESIAN_POINT('',(40.64,-1.27,-3.81));
#19530=CARTESIAN_POINT('',(40.64,-1.27,-3.81));
#19531=CARTESIAN_POINT('',(40.64,-1.27,-3.81));
#19532=CARTESIAN_POINT('',(40.64,-1.27,-3.81));
#19533=CARTESIAN_POINT('',(40.64,-1.27,-3.81));
#19534=CARTESIAN_POINT('',(40.64,-1.27,-3.81));
#19535=CARTESIAN_POINT('',(40.64,-1.27,-3.81));
#19536=CARTESIAN_POINT('',(40.64,-1.27,-3.81));
#19537=CARTESIAN_POINT('',(40.64,-1.27,-3.81));
#19538=CARTESIAN_POINT('',(40.64,-1.27,-3.81));
#19539=CARTESIAN_POINT('',(40.64,-1.27,-3.81));
#19540=CARTESIAN_POINT('',(40.64,-1.27,-3.81));
#19541=CARTESIAN_POINT('',(40.64,-1.27,-3.81));
#19542=CARTESIAN_POINT('',(40.64,-1.27,-3.81));
#19543=CARTESIAN_POINT('',(40.64,-1.27,-3.81));
#19544=CARTESIAN_POINT('',(40.64,-1.27,-3.81));
#19545=CARTESIAN_POINT('',(40.64,-1.27,-3.81));
#19546=CARTESIAN_POINT('',(40.64,-1.27,-3.81));
#19547=CARTESIAN_POINT('',(40.64,-1.27,-3.81));
#19548=CARTESIAN_POINT('',(40.64,-1.27,-3.81));
#19549=CARTESIAN_POINT('',(40.64,-1.27,-3.81));
#19550=CARTESIAN_POINT('',(40.64,-1.27,-3.81));
#19551=CARTESIAN_POINT('',(40.64,-1.27,-3.81));
#19552=CARTESIAN_POINT('',(40.64,-1.27,-3.81));
#19553=CARTESIAN_POINT('',(40.64,-1.27,-3.81));
#19554=CARTESIAN_POINT('',(40.64,-1.27,-3.81));
#19555=CARTESIAN_POINT('',(40.64,-1.27,-3.81));
#19556=CARTESIAN_POINT('',(40.64,-1.27,-3.81));
#19557=CARTESIAN_POINT('',(40.64,-1.27,-3.81));
#19558=CARTESIAN_POINT('',(40.64,-1.27,-3.81));
#19559=CARTESIAN_POINT('',(-40.8381958563148,-1.27,0.93));
#19560=CARTESIAN_POINT('',(-40.8381958563148,-1.27,0.93));
#19561=CARTESIAN_POINT('',(-40.8381958563148,-1.27,0.93));
#19562=CARTESIAN_POINT('',(-40.8381958563148,-1.27,0.93));
#19563=CARTESIAN_POINT('',(-40.8381958563148,-1.27,0.93));
#19564=CARTESIAN_POINT('',(-40.8381958563148,-1.27,0.93));
#19565=CARTESIAN_POINT('',(-40.8381958563148,-1.27,0.93));
#19566=CARTESIAN_POINT('',(-40.8381958563148,-1.27,0.93));
#19567=CARTESIAN_POINT('',(-40.8381958563148,-1.27,0.93));
#19568=CARTESIAN_POINT('',(-40.8381958563148,-1.27,0.93));
#19569=CARTESIAN_POINT('',(-40.8381958563148,-1.27,0.93));
#19570=CARTESIAN_POINT('',(-40.8381958563148,-1.27,0.93));
#19571=CARTESIAN_POINT('',(-40.8381958563148,-1.27,0.93));
#19572=CARTESIAN_POINT('',(-40.8381958563148,-1.27,0.93));
#19573=CARTESIAN_POINT('',(-40.8381958563148,-1.27,0.93));
#19574=CARTESIAN_POINT('',(-40.8381958563148,-1.27,0.93));
#19575=CARTESIAN_POINT('',(-40.8381958563148,-1.27,0.93));
#19576=CARTESIAN_POINT('',(-40.8381958563148,-1.27,0.93));
#19577=CARTESIAN_POINT('',(-40.8381958563148,-1.27,0.93));
#19578=CARTESIAN_POINT('',(-40.8381958563148,-1.27,0.93));
#19579=CARTESIAN_POINT('',(-40.8381958563148,-1.27,0.93));
#19580=CARTESIAN_POINT('',(-40.8381958563148,-1.27,0.93));
#19581=CARTESIAN_POINT('',(-40.8381958563148,-1.27,0.93));
#19582=CARTESIAN_POINT('',(-40.8381958563148,-1.27,0.93));
#19583=CARTESIAN_POINT('',(-40.8381958563148,-1.27,0.93));
#19584=CARTESIAN_POINT('',(-40.8381958563148,-1.27,0.93));
#19585=CARTESIAN_POINT('',(-40.8381958563148,-1.27,0.93));
#19586=CARTESIAN_POINT('',(-40.8381958563148,-1.27,0.93));
#19587=CARTESIAN_POINT('',(-40.8381958563148,-1.27,0.93));
#19588=CARTESIAN_POINT('',(-40.8381958563148,-1.27,0.93));
#19589=CARTESIAN_POINT('',(-40.8381958563148,-1.27,0.93));
#19590=CARTESIAN_POINT('',(-40.8381958563148,-1.27,0.93));
#19591=CARTESIAN_POINT('',(-40.8381958563148,-0.83207106842737,-3.47));
#19592=CARTESIAN_POINT('',(-40.8381958563148,-0.83207106842737,-3.47));
#19593=CARTESIAN_POINT('',(-40.8381958563148,-0.83207106842737,-3.47));
#19594=CARTESIAN_POINT('',(-40.8381958563148,-0.83207106842737,-3.47));
#19595=CARTESIAN_POINT('',(-40.8381958563148,-0.83207106842737,-3.47));
#19596=CARTESIAN_POINT('',(-40.8381958563148,-0.83207106842737,-3.47));
#19597=CARTESIAN_POINT('',(-40.8381958563148,-0.83207106842737,-3.47));
#19598=CARTESIAN_POINT('',(-40.8381958563148,-0.83207106842737,-3.47));
#19599=CARTESIAN_POINT('',(-40.8381958563148,-0.83207106842737,-3.47));
#19600=CARTESIAN_POINT('',(-40.8381958563148,-0.83207106842737,-3.47));
#19601=CARTESIAN_POINT('',(-40.8381958563148,-0.83207106842737,-3.47));
#19602=CARTESIAN_POINT('',(-40.8381958563148,-0.83207106842737,-3.47));
#19603=CARTESIAN_POINT('',(-40.8381958563148,-0.83207106842737,-3.47));
#19604=CARTESIAN_POINT('',(-40.8381958563148,-0.83207106842737,-3.47));
#19605=CARTESIAN_POINT('',(-40.8381958563148,-0.83207106842737,-3.47));
#19606=CARTESIAN_POINT('',(-40.8381958563148,-0.83207106842737,-3.47));
#19607=CARTESIAN_POINT('',(-40.8381958563148,-0.83207106842737,-3.47));
#19608=CARTESIAN_POINT('',(-40.8381958563148,-0.83207106842737,-3.47));
#19609=CARTESIAN_POINT('',(-40.8381958563148,-0.83207106842737,-3.47));
#19610=CARTESIAN_POINT('',(-40.8381958563148,-0.83207106842737,-3.47));
#19611=CARTESIAN_POINT('',(-40.8381958563148,-0.83207106842737,-3.47));
#19612=CARTESIAN_POINT('',(-40.8381958563148,-0.83207106842737,-3.47));
#19613=CARTESIAN_POINT('',(-40.8381958563148,-0.83207106842737,-3.47));
#19614=CARTESIAN_POINT('',(-40.8381958563148,-0.83207106842737,-3.47));
#19615=CARTESIAN_POINT('',(-40.8381958563148,-0.83207106842737,-3.47));
#19616=CARTESIAN_POINT('',(-40.8381958563148,-0.83207106842737,-3.47));
#19617=CARTESIAN_POINT('',(-40.8381958563148,-0.83207106842737,-3.47));
#19618=CARTESIAN_POINT('',(-40.8381958563148,-0.83207106842737,-3.47));
#19619=CARTESIAN_POINT('',(-40.8381958563148,-0.83207106842737,-3.47));
#19620=CARTESIAN_POINT('',(-40.8381958563148,-0.83207106842737,-3.47));
#19621=CARTESIAN_POINT('',(-40.8381958563148,-0.83207106842737,-3.47));
#19622=CARTESIAN_POINT('',(-40.8381958563148,-0.83207106842737,-3.47));
#19623=CARTESIAN_POINT('',(-39.05,-80.2081958563148,-0.320000000000004));
#19624=CARTESIAN_POINT('',(-39.05,-80.2081958563148,0.319999999999998));
#19625=CARTESIAN_POINT('',(-39.05,-80.2081958563148,-0.320000000000005));
#19626=CARTESIAN_POINT('',(-39.05,-80.2081958563148,0.319999999999998));
#19627=CARTESIAN_POINT('',(-39.69,-80.2081958563148,0.319999999999998));
#19628=CARTESIAN_POINT('',(-39.69,-80.2081958563148,0.319999999999998));
#19629=CARTESIAN_POINT('',(-39.69,-80.2081958563148,-0.320000000000004));
#19630=CARTESIAN_POINT('',(-39.69,-80.2081958563148,-0.320000000000005));
#19631=CARTESIAN_POINT('',(-39.05,-80.2081958563148,-2.86000000000002));
#19632=CARTESIAN_POINT('',(-39.05,-80.2081958563148,-2.22000000000002));
#19633=CARTESIAN_POINT('',(-39.05,-80.2081958563148,-2.86000000000002));
#19634=CARTESIAN_POINT('',(-39.05,-80.2081958563148,-2.22000000000002));
#19635=CARTESIAN_POINT('',(-39.69,-80.2081958563148,-2.22000000000002));
#19636=CARTESIAN_POINT('',(-39.69,-80.2081958563148,-2.22000000000002));
#19637=CARTESIAN_POINT('',(-39.69,-80.2081958563148,-2.86000000000002));
#19638=CARTESIAN_POINT('',(-39.69,-80.2081958563148,-2.86000000000002));
#19639=CARTESIAN_POINT('',(-36.51,-80.2081958563148,-0.320000000000004));
#19640=CARTESIAN_POINT('',(-36.51,-80.2081958563148,0.319999999999998));
#19641=CARTESIAN_POINT('',(-36.51,-80.2081958563148,-0.320000000000005));
#19642=CARTESIAN_POINT('',(-36.51,-80.2081958563148,0.319999999999998));
#19643=CARTESIAN_POINT('',(-37.15,-80.2081958563148,0.319999999999998));
#19644=CARTESIAN_POINT('',(-37.15,-80.2081958563148,0.319999999999998));
#19645=CARTESIAN_POINT('',(-37.15,-80.2081958563148,-0.320000000000004));
#19646=CARTESIAN_POINT('',(-37.15,-80.2081958563148,-0.320000000000005));
#19647=CARTESIAN_POINT('',(-36.51,-80.2081958563148,-2.86000000000002));
#19648=CARTESIAN_POINT('',(-36.51,-80.2081958563148,-2.22000000000002));
#19649=CARTESIAN_POINT('',(-36.51,-80.2081958563148,-2.86000000000002));
#19650=CARTESIAN_POINT('',(-36.51,-80.2081958563148,-2.22000000000002));
#19651=CARTESIAN_POINT('',(-37.15,-80.2081958563148,-2.22000000000002));
#19652=CARTESIAN_POINT('',(-37.15,-80.2081958563148,-2.22000000000002));
#19653=CARTESIAN_POINT('',(-37.15,-80.2081958563148,-2.86000000000002));
#19654=CARTESIAN_POINT('',(-37.15,-80.2081958563148,-2.86000000000002));
#19655=CARTESIAN_POINT('',(-33.97,-80.2081958563148,-0.320000000000004));
#19656=CARTESIAN_POINT('',(-33.97,-80.2081958563148,0.319999999999998));
#19657=CARTESIAN_POINT('',(-33.97,-80.2081958563148,-0.320000000000005));
#19658=CARTESIAN_POINT('',(-33.97,-80.2081958563148,0.319999999999998));
#19659=CARTESIAN_POINT('',(-34.61,-80.2081958563148,0.319999999999998));
#19660=CARTESIAN_POINT('',(-34.61,-80.2081958563148,0.319999999999998));
#19661=CARTESIAN_POINT('',(-34.61,-80.2081958563148,-0.320000000000004));
#19662=CARTESIAN_POINT('',(-34.61,-80.2081958563148,-0.320000000000005));
#19663=CARTESIAN_POINT('',(-33.97,-80.2081958563148,-2.86000000000002));
#19664=CARTESIAN_POINT('',(-33.97,-80.2081958563148,-2.22000000000002));
#19665=CARTESIAN_POINT('',(-33.97,-80.2081958563148,-2.86000000000002));
#19666=CARTESIAN_POINT('',(-33.97,-80.2081958563148,-2.22000000000002));
#19667=CARTESIAN_POINT('',(-34.61,-80.2081958563148,-2.22000000000002));
#19668=CARTESIAN_POINT('',(-34.61,-80.2081958563148,-2.22000000000002));
#19669=CARTESIAN_POINT('',(-34.61,-80.2081958563148,-2.86000000000002));
#19670=CARTESIAN_POINT('',(-34.61,-80.2081958563148,-2.86000000000002));
#19671=CARTESIAN_POINT('',(-31.43,-80.2081958563148,-0.320000000000004));
#19672=CARTESIAN_POINT('',(-31.43,-80.2081958563148,0.319999999999998));
#19673=CARTESIAN_POINT('',(-31.43,-80.2081958563148,-0.320000000000005));
#19674=CARTESIAN_POINT('',(-31.43,-80.2081958563148,0.319999999999998));
#19675=CARTESIAN_POINT('',(-32.07,-80.2081958563148,0.319999999999998));
#19676=CARTESIAN_POINT('',(-32.07,-80.2081958563148,0.319999999999998));
#19677=CARTESIAN_POINT('',(-32.07,-80.2081958563148,-0.320000000000004));
#19678=CARTESIAN_POINT('',(-32.07,-80.2081958563148,-0.320000000000005));
#19679=CARTESIAN_POINT('',(-31.43,-80.2081958563148,-2.86000000000002));
#19680=CARTESIAN_POINT('',(-31.43,-80.2081958563148,-2.22000000000002));
#19681=CARTESIAN_POINT('',(-31.43,-80.2081958563148,-2.86000000000002));
#19682=CARTESIAN_POINT('',(-31.43,-80.2081958563148,-2.22000000000002));
#19683=CARTESIAN_POINT('',(-32.07,-80.2081958563148,-2.22000000000002));
#19684=CARTESIAN_POINT('',(-32.07,-80.2081958563148,-2.22000000000002));
#19685=CARTESIAN_POINT('',(-32.07,-80.2081958563148,-2.86000000000002));
#19686=CARTESIAN_POINT('',(-32.07,-80.2081958563148,-2.86000000000002));
#19687=CARTESIAN_POINT('',(-28.89,-80.2081958563148,-0.320000000000004));
#19688=CARTESIAN_POINT('',(-28.89,-80.2081958563148,0.319999999999998));
#19689=CARTESIAN_POINT('',(-28.89,-80.2081958563148,-0.320000000000005));
#19690=CARTESIAN_POINT('',(-28.89,-80.2081958563148,0.319999999999998));
#19691=CARTESIAN_POINT('',(-29.53,-80.2081958563148,0.319999999999998));
#19692=CARTESIAN_POINT('',(-29.53,-80.2081958563148,0.319999999999998));
#19693=CARTESIAN_POINT('',(-29.53,-80.2081958563148,-0.320000000000004));
#19694=CARTESIAN_POINT('',(-29.53,-80.2081958563148,-0.320000000000005));
#19695=CARTESIAN_POINT('',(-28.89,-80.2081958563148,-2.86000000000002));
#19696=CARTESIAN_POINT('',(-28.89,-80.2081958563148,-2.22000000000002));
#19697=CARTESIAN_POINT('',(-28.89,-80.2081958563148,-2.86000000000002));
#19698=CARTESIAN_POINT('',(-28.89,-80.2081958563148,-2.22000000000002));
#19699=CARTESIAN_POINT('',(-29.53,-80.2081958563148,-2.22000000000002));
#19700=CARTESIAN_POINT('',(-29.53,-80.2081958563148,-2.22000000000002));
#19701=CARTESIAN_POINT('',(-29.53,-80.2081958563148,-2.86000000000002));
#19702=CARTESIAN_POINT('',(-29.53,-80.2081958563148,-2.86000000000002));
#19703=CARTESIAN_POINT('',(-26.35,-80.2081958563148,-0.320000000000004));
#19704=CARTESIAN_POINT('',(-26.35,-80.2081958563148,0.319999999999998));
#19705=CARTESIAN_POINT('',(-26.35,-80.2081958563148,-0.320000000000005));
#19706=CARTESIAN_POINT('',(-26.35,-80.2081958563148,0.319999999999998));
#19707=CARTESIAN_POINT('',(-26.99,-80.2081958563148,0.319999999999998));
#19708=CARTESIAN_POINT('',(-26.99,-80.2081958563148,0.319999999999998));
#19709=CARTESIAN_POINT('',(-26.99,-80.2081958563148,-0.320000000000004));
#19710=CARTESIAN_POINT('',(-26.99,-80.2081958563148,-0.320000000000005));
#19711=CARTESIAN_POINT('',(-26.35,-80.2081958563148,-2.86000000000002));
#19712=CARTESIAN_POINT('',(-26.35,-80.2081958563148,-2.22000000000002));
#19713=CARTESIAN_POINT('',(-26.35,-80.2081958563148,-2.86000000000002));
#19714=CARTESIAN_POINT('',(-26.35,-80.2081958563148,-2.22000000000002));
#19715=CARTESIAN_POINT('',(-26.99,-80.2081958563148,-2.22000000000002));
#19716=CARTESIAN_POINT('',(-26.99,-80.2081958563148,-2.22000000000002));
#19717=CARTESIAN_POINT('',(-26.99,-80.2081958563148,-2.86000000000002));
#19718=CARTESIAN_POINT('',(-26.99,-80.2081958563148,-2.86000000000002));
#19719=CARTESIAN_POINT('',(-23.81,-80.2081958563148,-0.320000000000004));
#19720=CARTESIAN_POINT('',(-23.81,-80.2081958563148,0.319999999999998));
#19721=CARTESIAN_POINT('',(-23.81,-80.2081958563148,-0.320000000000005));
#19722=CARTESIAN_POINT('',(-23.81,-80.2081958563148,0.319999999999998));
#19723=CARTESIAN_POINT('',(-24.45,-80.2081958563148,0.319999999999998));
#19724=CARTESIAN_POINT('',(-24.45,-80.2081958563148,0.319999999999998));
#19725=CARTESIAN_POINT('',(-24.45,-80.2081958563148,-0.320000000000004));
#19726=CARTESIAN_POINT('',(-24.45,-80.2081958563148,-0.320000000000005));
#19727=CARTESIAN_POINT('',(-23.81,-80.2081958563148,-2.86000000000002));
#19728=CARTESIAN_POINT('',(-23.81,-80.2081958563148,-2.22000000000002));
#19729=CARTESIAN_POINT('',(-23.81,-80.2081958563148,-2.86000000000002));
#19730=CARTESIAN_POINT('',(-23.81,-80.2081958563148,-2.22000000000002));
#19731=CARTESIAN_POINT('',(-24.45,-80.2081958563148,-2.22000000000002));
#19732=CARTESIAN_POINT('',(-24.45,-80.2081958563148,-2.22000000000002));
#19733=CARTESIAN_POINT('',(-24.45,-80.2081958563148,-2.86000000000002));
#19734=CARTESIAN_POINT('',(-24.45,-80.2081958563148,-2.86000000000002));
#19735=CARTESIAN_POINT('',(-21.27,-80.2081958563148,-0.320000000000004));
#19736=CARTESIAN_POINT('',(-21.27,-80.2081958563148,0.319999999999998));
#19737=CARTESIAN_POINT('',(-21.27,-80.2081958563148,-0.320000000000005));
#19738=CARTESIAN_POINT('',(-21.27,-80.2081958563148,0.319999999999998));
#19739=CARTESIAN_POINT('',(-21.91,-80.2081958563148,0.319999999999998));
#19740=CARTESIAN_POINT('',(-21.91,-80.2081958563148,0.319999999999998));
#19741=CARTESIAN_POINT('',(-21.91,-80.2081958563148,-0.320000000000004));
#19742=CARTESIAN_POINT('',(-21.91,-80.2081958563148,-0.320000000000005));
#19743=CARTESIAN_POINT('',(-21.27,-80.2081958563148,-2.86000000000002));
#19744=CARTESIAN_POINT('',(-21.27,-80.2081958563148,-2.22000000000002));
#19745=CARTESIAN_POINT('',(-21.27,-80.2081958563148,-2.86000000000002));
#19746=CARTESIAN_POINT('',(-21.27,-80.2081958563148,-2.22000000000002));
#19747=CARTESIAN_POINT('',(-21.91,-80.2081958563148,-2.22000000000002));
#19748=CARTESIAN_POINT('',(-21.91,-80.2081958563148,-2.22000000000002));
#19749=CARTESIAN_POINT('',(-21.91,-80.2081958563148,-2.86000000000002));
#19750=CARTESIAN_POINT('',(-21.91,-80.2081958563148,-2.86000000000002));
#19751=CARTESIAN_POINT('',(-18.73,-80.2081958563148,-0.320000000000004));
#19752=CARTESIAN_POINT('',(-18.73,-80.2081958563148,0.319999999999998));
#19753=CARTESIAN_POINT('',(-18.73,-80.2081958563148,-0.320000000000005));
#19754=CARTESIAN_POINT('',(-18.73,-80.2081958563148,0.319999999999998));
#19755=CARTESIAN_POINT('',(-19.37,-80.2081958563148,0.319999999999998));
#19756=CARTESIAN_POINT('',(-19.37,-80.2081958563148,0.319999999999998));
#19757=CARTESIAN_POINT('',(-19.37,-80.2081958563148,-0.320000000000004));
#19758=CARTESIAN_POINT('',(-19.37,-80.2081958563148,-0.320000000000005));
#19759=CARTESIAN_POINT('',(-18.73,-80.2081958563148,-2.86000000000002));
#19760=CARTESIAN_POINT('',(-18.73,-80.2081958563148,-2.22000000000002));
#19761=CARTESIAN_POINT('',(-18.73,-80.2081958563148,-2.86000000000002));
#19762=CARTESIAN_POINT('',(-18.73,-80.2081958563148,-2.22000000000002));
#19763=CARTESIAN_POINT('',(-19.37,-80.2081958563148,-2.22000000000002));
#19764=CARTESIAN_POINT('',(-19.37,-80.2081958563148,-2.22000000000002));
#19765=CARTESIAN_POINT('',(-19.37,-80.2081958563148,-2.86000000000002));
#19766=CARTESIAN_POINT('',(-19.37,-80.2081958563148,-2.86000000000002));
#19767=CARTESIAN_POINT('',(-16.19,-80.2081958563148,-0.320000000000004));
#19768=CARTESIAN_POINT('',(-16.19,-80.2081958563148,0.319999999999998));
#19769=CARTESIAN_POINT('',(-16.19,-80.2081958563148,-0.320000000000005));
#19770=CARTESIAN_POINT('',(-16.19,-80.2081958563148,0.319999999999998));
#19771=CARTESIAN_POINT('',(-16.83,-80.2081958563148,0.319999999999998));
#19772=CARTESIAN_POINT('',(-16.83,-80.2081958563148,0.319999999999998));
#19773=CARTESIAN_POINT('',(-16.83,-80.2081958563148,-0.320000000000004));
#19774=CARTESIAN_POINT('',(-16.83,-80.2081958563148,-0.320000000000005));
#19775=CARTESIAN_POINT('',(-16.19,-80.2081958563148,-2.86000000000002));
#19776=CARTESIAN_POINT('',(-16.19,-80.2081958563148,-2.22000000000002));
#19777=CARTESIAN_POINT('',(-16.19,-80.2081958563148,-2.86000000000002));
#19778=CARTESIAN_POINT('',(-16.19,-80.2081958563148,-2.22000000000002));
#19779=CARTESIAN_POINT('',(-16.83,-80.2081958563148,-2.22000000000002));
#19780=CARTESIAN_POINT('',(-16.83,-80.2081958563148,-2.22000000000002));
#19781=CARTESIAN_POINT('',(-16.83,-80.2081958563148,-2.86000000000002));
#19782=CARTESIAN_POINT('',(-16.83,-80.2081958563148,-2.86000000000002));
#19783=CARTESIAN_POINT('',(-13.65,-80.2081958563148,-0.320000000000004));
#19784=CARTESIAN_POINT('',(-13.65,-80.2081958563148,0.319999999999998));
#19785=CARTESIAN_POINT('',(-13.65,-80.2081958563148,-0.320000000000005));
#19786=CARTESIAN_POINT('',(-13.65,-80.2081958563148,0.319999999999998));
#19787=CARTESIAN_POINT('',(-14.29,-80.2081958563148,0.319999999999998));
#19788=CARTESIAN_POINT('',(-14.29,-80.2081958563148,0.319999999999998));
#19789=CARTESIAN_POINT('',(-14.29,-80.2081958563148,-0.320000000000004));
#19790=CARTESIAN_POINT('',(-14.29,-80.2081958563148,-0.320000000000005));
#19791=CARTESIAN_POINT('',(-13.65,-80.2081958563148,-2.86000000000002));
#19792=CARTESIAN_POINT('',(-13.65,-80.2081958563148,-2.22000000000002));
#19793=CARTESIAN_POINT('',(-13.65,-80.2081958563148,-2.86000000000002));
#19794=CARTESIAN_POINT('',(-13.65,-80.2081958563148,-2.22000000000002));
#19795=CARTESIAN_POINT('',(-14.29,-80.2081958563148,-2.22000000000002));
#19796=CARTESIAN_POINT('',(-14.29,-80.2081958563148,-2.22000000000002));
#19797=CARTESIAN_POINT('',(-14.29,-80.2081958563148,-2.86000000000002));
#19798=CARTESIAN_POINT('',(-14.29,-80.2081958563148,-2.86000000000002));
#19799=CARTESIAN_POINT('',(-11.11,-80.2081958563148,-0.320000000000004));
#19800=CARTESIAN_POINT('',(-11.11,-80.2081958563148,0.319999999999998));
#19801=CARTESIAN_POINT('',(-11.11,-80.2081958563148,-0.320000000000005));
#19802=CARTESIAN_POINT('',(-11.11,-80.2081958563148,0.319999999999998));
#19803=CARTESIAN_POINT('',(-11.75,-80.2081958563148,0.319999999999998));
#19804=CARTESIAN_POINT('',(-11.75,-80.2081958563148,0.319999999999998));
#19805=CARTESIAN_POINT('',(-11.75,-80.2081958563148,-0.320000000000004));
#19806=CARTESIAN_POINT('',(-11.75,-80.2081958563148,-0.320000000000005));
#19807=CARTESIAN_POINT('',(-11.11,-80.2081958563148,-2.86000000000002));
#19808=CARTESIAN_POINT('',(-11.11,-80.2081958563148,-2.22000000000002));
#19809=CARTESIAN_POINT('',(-11.11,-80.2081958563148,-2.86000000000002));
#19810=CARTESIAN_POINT('',(-11.11,-80.2081958563148,-2.22000000000002));
#19811=CARTESIAN_POINT('',(-11.75,-80.2081958563148,-2.22000000000002));
#19812=CARTESIAN_POINT('',(-11.75,-80.2081958563148,-2.22000000000002));
#19813=CARTESIAN_POINT('',(-11.75,-80.2081958563148,-2.86000000000002));
#19814=CARTESIAN_POINT('',(-11.75,-80.2081958563148,-2.86000000000002));
#19815=CARTESIAN_POINT('',(-8.57,-80.2081958563148,-0.320000000000004));
#19816=CARTESIAN_POINT('',(-8.57,-80.2081958563148,0.319999999999998));
#19817=CARTESIAN_POINT('',(-8.57,-80.2081958563148,-0.320000000000005));
#19818=CARTESIAN_POINT('',(-8.57,-80.2081958563148,0.319999999999998));
#19819=CARTESIAN_POINT('',(-9.21000000000001,-80.2081958563148,0.319999999999998));
#19820=CARTESIAN_POINT('',(-9.21000000000001,-80.2081958563148,0.319999999999998));
#19821=CARTESIAN_POINT('',(-9.21000000000001,-80.2081958563148,-0.320000000000004));
#19822=CARTESIAN_POINT('',(-9.21000000000001,-80.2081958563148,-0.320000000000005));
#19823=CARTESIAN_POINT('',(-8.57,-80.2081958563148,-2.86000000000002));
#19824=CARTESIAN_POINT('',(-8.57,-80.2081958563148,-2.22000000000002));
#19825=CARTESIAN_POINT('',(-8.57,-80.2081958563148,-2.86000000000002));
#19826=CARTESIAN_POINT('',(-8.57,-80.2081958563148,-2.22000000000002));
#19827=CARTESIAN_POINT('',(-9.21000000000001,-80.2081958563148,-2.22000000000002));
#19828=CARTESIAN_POINT('',(-9.21000000000001,-80.2081958563148,-2.22000000000002));
#19829=CARTESIAN_POINT('',(-9.21000000000001,-80.2081958563148,-2.86000000000002));
#19830=CARTESIAN_POINT('',(-9.21000000000001,-80.2081958563148,-2.86000000000002));
#19831=CARTESIAN_POINT('',(-6.03000000000001,-80.2081958563148,-0.320000000000004));
#19832=CARTESIAN_POINT('',(-6.03000000000001,-80.2081958563148,0.319999999999998));
#19833=CARTESIAN_POINT('',(-6.03000000000001,-80.2081958563148,-0.320000000000005));
#19834=CARTESIAN_POINT('',(-6.03000000000001,-80.2081958563148,0.319999999999998));
#19835=CARTESIAN_POINT('',(-6.67000000000001,-80.2081958563148,0.319999999999998));
#19836=CARTESIAN_POINT('',(-6.67000000000001,-80.2081958563148,0.319999999999998));
#19837=CARTESIAN_POINT('',(-6.67000000000001,-80.2081958563148,-0.320000000000004));
#19838=CARTESIAN_POINT('',(-6.67000000000001,-80.2081958563148,-0.320000000000005));
#19839=CARTESIAN_POINT('',(-6.03000000000001,-80.2081958563148,-2.86000000000002));
#19840=CARTESIAN_POINT('',(-6.03000000000001,-80.2081958563148,-2.22000000000002));
#19841=CARTESIAN_POINT('',(-6.03000000000001,-80.2081958563148,-2.86000000000002));
#19842=CARTESIAN_POINT('',(-6.03000000000001,-80.2081958563148,-2.22000000000002));
#19843=CARTESIAN_POINT('',(-6.67000000000001,-80.2081958563148,-2.22000000000002));
#19844=CARTESIAN_POINT('',(-6.67000000000001,-80.2081958563148,-2.22000000000002));
#19845=CARTESIAN_POINT('',(-6.67000000000001,-80.2081958563148,-2.86000000000002));
#19846=CARTESIAN_POINT('',(-6.67000000000001,-80.2081958563148,-2.86000000000002));
#19847=CARTESIAN_POINT('',(-3.49000000000001,-80.2081958563148,-0.320000000000004));
#19848=CARTESIAN_POINT('',(-3.49000000000001,-80.2081958563148,0.319999999999998));
#19849=CARTESIAN_POINT('',(-3.49000000000001,-80.2081958563148,-0.320000000000005));
#19850=CARTESIAN_POINT('',(-3.49000000000001,-80.2081958563148,0.319999999999998));
#19851=CARTESIAN_POINT('',(-4.13000000000001,-80.2081958563148,0.319999999999998));
#19852=CARTESIAN_POINT('',(-4.13000000000001,-80.2081958563148,0.319999999999998));
#19853=CARTESIAN_POINT('',(-4.13000000000001,-80.2081958563148,-0.320000000000004));
#19854=CARTESIAN_POINT('',(-4.13000000000001,-80.2081958563148,-0.320000000000005));
#19855=CARTESIAN_POINT('',(-3.49000000000001,-80.2081958563148,-2.86000000000002));
#19856=CARTESIAN_POINT('',(-3.49000000000001,-80.2081958563148,-2.22000000000002));
#19857=CARTESIAN_POINT('',(-3.49000000000001,-80.2081958563148,-2.86000000000002));
#19858=CARTESIAN_POINT('',(-3.49000000000001,-80.2081958563148,-2.22000000000002));
#19859=CARTESIAN_POINT('',(-4.13000000000001,-80.2081958563148,-2.22000000000002));
#19860=CARTESIAN_POINT('',(-4.13000000000001,-80.2081958563148,-2.22000000000002));
#19861=CARTESIAN_POINT('',(-4.13000000000001,-80.2081958563148,-2.86000000000002));
#19862=CARTESIAN_POINT('',(-4.13000000000001,-80.2081958563148,-2.86000000000002));
#19863=CARTESIAN_POINT('',(-0.950000000000006,-80.2081958563148,-0.320000000000004));
#19864=CARTESIAN_POINT('',(-0.950000000000006,-80.2081958563148,0.319999999999998));
#19865=CARTESIAN_POINT('',(-0.950000000000006,-80.2081958563148,-0.320000000000005));
#19866=CARTESIAN_POINT('',(-0.950000000000006,-80.2081958563148,0.319999999999998));
#19867=CARTESIAN_POINT('',(-1.59000000000001,-80.2081958563148,0.319999999999998));
#19868=CARTESIAN_POINT('',(-1.59000000000001,-80.2081958563148,0.319999999999998));
#19869=CARTESIAN_POINT('',(-1.59000000000001,-80.2081958563148,-0.320000000000004));
#19870=CARTESIAN_POINT('',(-1.59000000000001,-80.2081958563148,-0.320000000000005));
#19871=CARTESIAN_POINT('',(-0.950000000000006,-80.2081958563148,-2.86000000000002));
#19872=CARTESIAN_POINT('',(-0.950000000000006,-80.2081958563148,-2.22000000000002));
#19873=CARTESIAN_POINT('',(-0.950000000000006,-80.2081958563148,-2.86000000000002));
#19874=CARTESIAN_POINT('',(-0.950000000000006,-80.2081958563148,-2.22000000000002));
#19875=CARTESIAN_POINT('',(-1.59000000000001,-80.2081958563148,-2.22000000000002));
#19876=CARTESIAN_POINT('',(-1.59000000000001,-80.2081958563148,-2.22000000000002));
#19877=CARTESIAN_POINT('',(-1.59000000000001,-80.2081958563148,-2.86000000000002));
#19878=CARTESIAN_POINT('',(-1.59000000000001,-80.2081958563148,-2.86000000000002));
#19879=CARTESIAN_POINT('',(1.58999999999999,-80.2081958563148,-0.320000000000004));
#19880=CARTESIAN_POINT('',(1.58999999999999,-80.2081958563148,0.319999999999998));
#19881=CARTESIAN_POINT('',(1.58999999999999,-80.2081958563148,-0.320000000000005));
#19882=CARTESIAN_POINT('',(1.58999999999999,-80.2081958563148,0.319999999999998));
#19883=CARTESIAN_POINT('',(0.949999999999993,-80.2081958563148,0.319999999999998));
#19884=CARTESIAN_POINT('',(0.949999999999993,-80.2081958563148,0.319999999999998));
#19885=CARTESIAN_POINT('',(0.949999999999993,-80.2081958563148,-0.320000000000004));
#19886=CARTESIAN_POINT('',(0.949999999999993,-80.2081958563148,-0.320000000000005));
#19887=CARTESIAN_POINT('',(1.58999999999999,-80.2081958563148,-2.86000000000002));
#19888=CARTESIAN_POINT('',(1.58999999999999,-80.2081958563148,-2.22000000000002));
#19889=CARTESIAN_POINT('',(1.58999999999999,-80.2081958563148,-2.86000000000002));
#19890=CARTESIAN_POINT('',(1.58999999999999,-80.2081958563148,-2.22000000000002));
#19891=CARTESIAN_POINT('',(0.949999999999993,-80.2081958563148,-2.22000000000002));
#19892=CARTESIAN_POINT('',(0.949999999999993,-80.2081958563148,-2.22000000000002));
#19893=CARTESIAN_POINT('',(0.949999999999993,-80.2081958563148,-2.86000000000002));
#19894=CARTESIAN_POINT('',(0.949999999999993,-80.2081958563148,-2.86000000000002));
#19895=CARTESIAN_POINT('',(4.12999999999999,-80.2081958563148,-0.320000000000004));
#19896=CARTESIAN_POINT('',(4.12999999999999,-80.2081958563148,0.319999999999998));
#19897=CARTESIAN_POINT('',(4.12999999999999,-80.2081958563148,-0.320000000000005));
#19898=CARTESIAN_POINT('',(4.12999999999999,-80.2081958563148,0.319999999999998));
#19899=CARTESIAN_POINT('',(3.48999999999999,-80.2081958563148,0.319999999999998));
#19900=CARTESIAN_POINT('',(3.48999999999999,-80.2081958563148,0.319999999999998));
#19901=CARTESIAN_POINT('',(3.48999999999999,-80.2081958563148,-0.320000000000004));
#19902=CARTESIAN_POINT('',(3.48999999999999,-80.2081958563148,-0.320000000000005));
#19903=CARTESIAN_POINT('',(4.12999999999999,-80.2081958563148,-2.86000000000002));
#19904=CARTESIAN_POINT('',(4.12999999999999,-80.2081958563148,-2.22000000000002));
#19905=CARTESIAN_POINT('',(4.12999999999999,-80.2081958563148,-2.86000000000002));
#19906=CARTESIAN_POINT('',(4.12999999999999,-80.2081958563148,-2.22000000000002));
#19907=CARTESIAN_POINT('',(3.48999999999999,-80.2081958563148,-2.22000000000002));
#19908=CARTESIAN_POINT('',(3.48999999999999,-80.2081958563148,-2.22000000000002));
#19909=CARTESIAN_POINT('',(3.48999999999999,-80.2081958563148,-2.86000000000002));
#19910=CARTESIAN_POINT('',(3.48999999999999,-80.2081958563148,-2.86000000000002));
#19911=CARTESIAN_POINT('',(6.67,-80.2081958563148,-0.320000000000004));
#19912=CARTESIAN_POINT('',(6.67,-80.2081958563148,0.319999999999998));
#19913=CARTESIAN_POINT('',(6.67,-80.2081958563148,-0.320000000000005));
#19914=CARTESIAN_POINT('',(6.67,-80.2081958563148,0.319999999999998));
#19915=CARTESIAN_POINT('',(6.02999999999999,-80.2081958563148,0.319999999999998));
#19916=CARTESIAN_POINT('',(6.02999999999999,-80.2081958563148,0.319999999999998));
#19917=CARTESIAN_POINT('',(6.02999999999999,-80.2081958563148,-0.320000000000004));
#19918=CARTESIAN_POINT('',(6.02999999999999,-80.2081958563148,-0.320000000000005));
#19919=CARTESIAN_POINT('',(6.67,-80.2081958563148,-2.86000000000002));
#19920=CARTESIAN_POINT('',(6.67,-80.2081958563148,-2.22000000000002));
#19921=CARTESIAN_POINT('',(6.67,-80.2081958563148,-2.86000000000002));
#19922=CARTESIAN_POINT('',(6.67,-80.2081958563148,-2.22000000000002));
#19923=CARTESIAN_POINT('',(6.02999999999999,-80.2081958563148,-2.22000000000002));
#19924=CARTESIAN_POINT('',(6.02999999999999,-80.2081958563148,-2.22000000000002));
#19925=CARTESIAN_POINT('',(6.02999999999999,-80.2081958563148,-2.86000000000002));
#19926=CARTESIAN_POINT('',(6.02999999999999,-80.2081958563148,-2.86000000000002));
#19927=CARTESIAN_POINT('',(9.21,-80.2081958563148,-0.320000000000004));
#19928=CARTESIAN_POINT('',(9.21,-80.2081958563148,0.319999999999998));
#19929=CARTESIAN_POINT('',(9.21,-80.2081958563148,-0.320000000000005));
#19930=CARTESIAN_POINT('',(9.21,-80.2081958563148,0.319999999999998));
#19931=CARTESIAN_POINT('',(8.56999999999999,-80.2081958563148,0.319999999999998));
#19932=CARTESIAN_POINT('',(8.56999999999999,-80.2081958563148,0.319999999999998));
#19933=CARTESIAN_POINT('',(8.56999999999999,-80.2081958563148,-0.320000000000004));
#19934=CARTESIAN_POINT('',(8.56999999999999,-80.2081958563148,-0.320000000000005));
#19935=CARTESIAN_POINT('',(9.21,-80.2081958563148,-2.86000000000002));
#19936=CARTESIAN_POINT('',(9.21,-80.2081958563148,-2.22000000000002));
#19937=CARTESIAN_POINT('',(9.21,-80.2081958563148,-2.86000000000002));
#19938=CARTESIAN_POINT('',(9.21,-80.2081958563148,-2.22000000000002));
#19939=CARTESIAN_POINT('',(8.56999999999999,-80.2081958563148,-2.22000000000002));
#19940=CARTESIAN_POINT('',(8.56999999999999,-80.2081958563148,-2.22000000000002));
#19941=CARTESIAN_POINT('',(8.56999999999999,-80.2081958563148,-2.86000000000002));
#19942=CARTESIAN_POINT('',(8.56999999999999,-80.2081958563148,-2.86000000000002));
#19943=CARTESIAN_POINT('',(11.75,-80.2081958563148,-0.320000000000004));
#19944=CARTESIAN_POINT('',(11.75,-80.2081958563148,0.319999999999998));
#19945=CARTESIAN_POINT('',(11.75,-80.2081958563148,-0.320000000000005));
#19946=CARTESIAN_POINT('',(11.75,-80.2081958563148,0.319999999999998));
#19947=CARTESIAN_POINT('',(11.11,-80.2081958563148,0.319999999999998));
#19948=CARTESIAN_POINT('',(11.11,-80.2081958563148,0.319999999999998));
#19949=CARTESIAN_POINT('',(11.11,-80.2081958563148,-0.320000000000004));
#19950=CARTESIAN_POINT('',(11.11,-80.2081958563148,-0.320000000000005));
#19951=CARTESIAN_POINT('',(11.75,-80.2081958563148,-2.86000000000002));
#19952=CARTESIAN_POINT('',(11.75,-80.2081958563148,-2.22000000000002));
#19953=CARTESIAN_POINT('',(11.75,-80.2081958563148,-2.86000000000002));
#19954=CARTESIAN_POINT('',(11.75,-80.2081958563148,-2.22000000000002));
#19955=CARTESIAN_POINT('',(11.11,-80.2081958563148,-2.22000000000002));
#19956=CARTESIAN_POINT('',(11.11,-80.2081958563148,-2.22000000000002));
#19957=CARTESIAN_POINT('',(11.11,-80.2081958563148,-2.86000000000002));
#19958=CARTESIAN_POINT('',(11.11,-80.2081958563148,-2.86000000000002));
#19959=CARTESIAN_POINT('',(14.29,-80.2081958563148,-0.320000000000004));
#19960=CARTESIAN_POINT('',(14.29,-80.2081958563148,0.319999999999998));
#19961=CARTESIAN_POINT('',(14.29,-80.2081958563148,-0.320000000000005));
#19962=CARTESIAN_POINT('',(14.29,-80.2081958563148,0.319999999999998));
#19963=CARTESIAN_POINT('',(13.65,-80.2081958563148,0.319999999999998));
#19964=CARTESIAN_POINT('',(13.65,-80.2081958563148,0.319999999999998));
#19965=CARTESIAN_POINT('',(13.65,-80.2081958563148,-0.320000000000004));
#19966=CARTESIAN_POINT('',(13.65,-80.2081958563148,-0.320000000000005));
#19967=CARTESIAN_POINT('',(14.29,-80.2081958563148,-2.86000000000002));
#19968=CARTESIAN_POINT('',(14.29,-80.2081958563148,-2.22000000000002));
#19969=CARTESIAN_POINT('',(14.29,-80.2081958563148,-2.86000000000002));
#19970=CARTESIAN_POINT('',(14.29,-80.2081958563148,-2.22000000000002));
#19971=CARTESIAN_POINT('',(13.65,-80.2081958563148,-2.22000000000002));
#19972=CARTESIAN_POINT('',(13.65,-80.2081958563148,-2.22000000000002));
#19973=CARTESIAN_POINT('',(13.65,-80.2081958563148,-2.86000000000002));
#19974=CARTESIAN_POINT('',(13.65,-80.2081958563148,-2.86000000000002));
#19975=CARTESIAN_POINT('',(16.83,-80.2081958563148,-0.320000000000004));
#19976=CARTESIAN_POINT('',(16.83,-80.2081958563148,0.319999999999998));
#19977=CARTESIAN_POINT('',(16.83,-80.2081958563148,-0.320000000000005));
#19978=CARTESIAN_POINT('',(16.83,-80.2081958563148,0.319999999999998));
#19979=CARTESIAN_POINT('',(16.19,-80.2081958563148,0.319999999999998));
#19980=CARTESIAN_POINT('',(16.19,-80.2081958563148,0.319999999999998));
#19981=CARTESIAN_POINT('',(16.19,-80.2081958563148,-0.320000000000004));
#19982=CARTESIAN_POINT('',(16.19,-80.2081958563148,-0.320000000000005));
#19983=CARTESIAN_POINT('',(16.83,-80.2081958563148,-2.86000000000002));
#19984=CARTESIAN_POINT('',(16.83,-80.2081958563148,-2.22000000000002));
#19985=CARTESIAN_POINT('',(16.83,-80.2081958563148,-2.86000000000002));
#19986=CARTESIAN_POINT('',(16.83,-80.2081958563148,-2.22000000000002));
#19987=CARTESIAN_POINT('',(16.19,-80.2081958563148,-2.22000000000002));
#19988=CARTESIAN_POINT('',(16.19,-80.2081958563148,-2.22000000000002));
#19989=CARTESIAN_POINT('',(16.19,-80.2081958563148,-2.86000000000002));
#19990=CARTESIAN_POINT('',(16.19,-80.2081958563148,-2.86000000000002));
#19991=CARTESIAN_POINT('',(19.37,-80.2081958563148,-0.320000000000004));
#19992=CARTESIAN_POINT('',(19.37,-80.2081958563148,0.319999999999998));
#19993=CARTESIAN_POINT('',(19.37,-80.2081958563148,-0.320000000000005));
#19994=CARTESIAN_POINT('',(19.37,-80.2081958563148,0.319999999999998));
#19995=CARTESIAN_POINT('',(18.73,-80.2081958563148,0.319999999999998));
#19996=CARTESIAN_POINT('',(18.73,-80.2081958563148,0.319999999999998));
#19997=CARTESIAN_POINT('',(18.73,-80.2081958563148,-0.320000000000004));
#19998=CARTESIAN_POINT('',(18.73,-80.2081958563148,-0.320000000000005));
#19999=CARTESIAN_POINT('',(19.37,-80.2081958563148,-2.86000000000002));
#20000=CARTESIAN_POINT('',(19.37,-80.2081958563148,-2.22000000000002));
#20001=CARTESIAN_POINT('',(19.37,-80.2081958563148,-2.86000000000002));
#20002=CARTESIAN_POINT('',(19.37,-80.2081958563148,-2.22000000000002));
#20003=CARTESIAN_POINT('',(18.73,-80.2081958563148,-2.22000000000002));
#20004=CARTESIAN_POINT('',(18.73,-80.2081958563148,-2.22000000000002));
#20005=CARTESIAN_POINT('',(18.73,-80.2081958563148,-2.86000000000002));
#20006=CARTESIAN_POINT('',(18.73,-80.2081958563148,-2.86000000000002));
#20007=CARTESIAN_POINT('',(21.91,-80.2081958563148,-0.320000000000004));
#20008=CARTESIAN_POINT('',(21.91,-80.2081958563148,0.319999999999998));
#20009=CARTESIAN_POINT('',(21.91,-80.2081958563148,-0.320000000000005));
#20010=CARTESIAN_POINT('',(21.91,-80.2081958563148,0.319999999999998));
#20011=CARTESIAN_POINT('',(21.27,-80.2081958563148,0.319999999999998));
#20012=CARTESIAN_POINT('',(21.27,-80.2081958563148,0.319999999999998));
#20013=CARTESIAN_POINT('',(21.27,-80.2081958563148,-0.320000000000004));
#20014=CARTESIAN_POINT('',(21.27,-80.2081958563148,-0.320000000000005));
#20015=CARTESIAN_POINT('',(21.91,-80.2081958563148,-2.86000000000002));
#20016=CARTESIAN_POINT('',(21.91,-80.2081958563148,-2.22000000000002));
#20017=CARTESIAN_POINT('',(21.91,-80.2081958563148,-2.86000000000002));
#20018=CARTESIAN_POINT('',(21.91,-80.2081958563148,-2.22000000000002));
#20019=CARTESIAN_POINT('',(21.27,-80.2081958563148,-2.22000000000002));
#20020=CARTESIAN_POINT('',(21.27,-80.2081958563148,-2.22000000000002));
#20021=CARTESIAN_POINT('',(21.27,-80.2081958563148,-2.86000000000002));
#20022=CARTESIAN_POINT('',(21.27,-80.2081958563148,-2.86000000000002));
#20023=CARTESIAN_POINT('',(24.45,-80.2081958563148,-0.320000000000004));
#20024=CARTESIAN_POINT('',(24.45,-80.2081958563148,0.319999999999998));
#20025=CARTESIAN_POINT('',(24.45,-80.2081958563148,-0.320000000000005));
#20026=CARTESIAN_POINT('',(24.45,-80.2081958563148,0.319999999999998));
#20027=CARTESIAN_POINT('',(23.81,-80.2081958563148,0.319999999999998));
#20028=CARTESIAN_POINT('',(23.81,-80.2081958563148,0.319999999999998));
#20029=CARTESIAN_POINT('',(23.81,-80.2081958563148,-0.320000000000004));
#20030=CARTESIAN_POINT('',(23.81,-80.2081958563148,-0.320000000000005));
#20031=CARTESIAN_POINT('',(24.45,-80.2081958563148,-2.86000000000002));
#20032=CARTESIAN_POINT('',(24.45,-80.2081958563148,-2.22000000000002));
#20033=CARTESIAN_POINT('',(24.45,-80.2081958563148,-2.86000000000002));
#20034=CARTESIAN_POINT('',(24.45,-80.2081958563148,-2.22000000000002));
#20035=CARTESIAN_POINT('',(23.81,-80.2081958563148,-2.22000000000002));
#20036=CARTESIAN_POINT('',(23.81,-80.2081958563148,-2.22000000000002));
#20037=CARTESIAN_POINT('',(23.81,-80.2081958563148,-2.86000000000002));
#20038=CARTESIAN_POINT('',(23.81,-80.2081958563148,-2.86000000000002));
#20039=CARTESIAN_POINT('',(26.99,-80.2081958563148,-0.320000000000004));
#20040=CARTESIAN_POINT('',(26.99,-80.2081958563148,0.319999999999998));
#20041=CARTESIAN_POINT('',(26.99,-80.2081958563148,-0.320000000000005));
#20042=CARTESIAN_POINT('',(26.99,-80.2081958563148,0.319999999999998));
#20043=CARTESIAN_POINT('',(26.35,-80.2081958563148,0.319999999999998));
#20044=CARTESIAN_POINT('',(26.35,-80.2081958563148,0.319999999999998));
#20045=CARTESIAN_POINT('',(26.35,-80.2081958563148,-0.320000000000004));
#20046=CARTESIAN_POINT('',(26.35,-80.2081958563148,-0.320000000000005));
#20047=CARTESIAN_POINT('',(26.99,-80.2081958563148,-2.86000000000002));
#20048=CARTESIAN_POINT('',(26.99,-80.2081958563148,-2.22000000000002));
#20049=CARTESIAN_POINT('',(26.99,-80.2081958563148,-2.86000000000002));
#20050=CARTESIAN_POINT('',(26.99,-80.2081958563148,-2.22000000000002));
#20051=CARTESIAN_POINT('',(26.35,-80.2081958563148,-2.22000000000002));
#20052=CARTESIAN_POINT('',(26.35,-80.2081958563148,-2.22000000000002));
#20053=CARTESIAN_POINT('',(26.35,-80.2081958563148,-2.86000000000002));
#20054=CARTESIAN_POINT('',(26.35,-80.2081958563148,-2.86000000000002));
#20055=CARTESIAN_POINT('',(29.53,-80.2081958563148,-0.320000000000004));
#20056=CARTESIAN_POINT('',(29.53,-80.2081958563148,0.319999999999998));
#20057=CARTESIAN_POINT('',(29.53,-80.2081958563148,-0.320000000000005));
#20058=CARTESIAN_POINT('',(29.53,-80.2081958563148,0.319999999999998));
#20059=CARTESIAN_POINT('',(28.89,-80.2081958563148,0.319999999999998));
#20060=CARTESIAN_POINT('',(28.89,-80.2081958563148,0.319999999999998));
#20061=CARTESIAN_POINT('',(28.89,-80.2081958563148,-0.320000000000004));
#20062=CARTESIAN_POINT('',(28.89,-80.2081958563148,-0.320000000000005));
#20063=CARTESIAN_POINT('',(29.53,-80.2081958563148,-2.86000000000002));
#20064=CARTESIAN_POINT('',(29.53,-80.2081958563148,-2.22000000000002));
#20065=CARTESIAN_POINT('',(29.53,-80.2081958563148,-2.86000000000002));
#20066=CARTESIAN_POINT('',(29.53,-80.2081958563148,-2.22000000000002));
#20067=CARTESIAN_POINT('',(28.89,-80.2081958563148,-2.22000000000002));
#20068=CARTESIAN_POINT('',(28.89,-80.2081958563148,-2.22000000000002));
#20069=CARTESIAN_POINT('',(28.89,-80.2081958563148,-2.86000000000002));
#20070=CARTESIAN_POINT('',(28.89,-80.2081958563148,-2.86000000000002));
#20071=CARTESIAN_POINT('',(32.07,-80.2081958563148,-0.320000000000004));
#20072=CARTESIAN_POINT('',(32.07,-80.2081958563148,0.319999999999998));
#20073=CARTESIAN_POINT('',(32.07,-80.2081958563148,-0.320000000000005));
#20074=CARTESIAN_POINT('',(32.07,-80.2081958563148,0.319999999999998));
#20075=CARTESIAN_POINT('',(31.43,-80.2081958563148,0.319999999999998));
#20076=CARTESIAN_POINT('',(31.43,-80.2081958563148,0.319999999999998));
#20077=CARTESIAN_POINT('',(31.43,-80.2081958563148,-0.320000000000004));
#20078=CARTESIAN_POINT('',(31.43,-80.2081958563148,-0.320000000000005));
#20079=CARTESIAN_POINT('',(32.07,-80.2081958563148,-2.86000000000002));
#20080=CARTESIAN_POINT('',(32.07,-80.2081958563148,-2.22000000000002));
#20081=CARTESIAN_POINT('',(32.07,-80.2081958563148,-2.86000000000002));
#20082=CARTESIAN_POINT('',(32.07,-80.2081958563148,-2.22000000000002));
#20083=CARTESIAN_POINT('',(31.43,-80.2081958563148,-2.22000000000002));
#20084=CARTESIAN_POINT('',(31.43,-80.2081958563148,-2.22000000000002));
#20085=CARTESIAN_POINT('',(31.43,-80.2081958563148,-2.86000000000002));
#20086=CARTESIAN_POINT('',(31.43,-80.2081958563148,-2.86000000000002));
#20087=CARTESIAN_POINT('',(34.61,-80.2081958563148,-0.320000000000004));
#20088=CARTESIAN_POINT('',(34.61,-80.2081958563148,0.319999999999998));
#20089=CARTESIAN_POINT('',(34.61,-80.2081958563148,-0.320000000000005));
#20090=CARTESIAN_POINT('',(34.61,-80.2081958563148,0.319999999999998));
#20091=CARTESIAN_POINT('',(33.97,-80.2081958563148,0.319999999999998));
#20092=CARTESIAN_POINT('',(33.97,-80.2081958563148,0.319999999999998));
#20093=CARTESIAN_POINT('',(33.97,-80.2081958563148,-0.320000000000004));
#20094=CARTESIAN_POINT('',(33.97,-80.2081958563148,-0.320000000000005));
#20095=CARTESIAN_POINT('',(34.61,-80.2081958563148,-2.86000000000002));
#20096=CARTESIAN_POINT('',(34.61,-80.2081958563148,-2.22000000000002));
#20097=CARTESIAN_POINT('',(34.61,-80.2081958563148,-2.86000000000002));
#20098=CARTESIAN_POINT('',(34.61,-80.2081958563148,-2.22000000000002));
#20099=CARTESIAN_POINT('',(33.97,-80.2081958563148,-2.22000000000002));
#20100=CARTESIAN_POINT('',(33.97,-80.2081958563148,-2.22000000000002));
#20101=CARTESIAN_POINT('',(33.97,-80.2081958563148,-2.86000000000002));
#20102=CARTESIAN_POINT('',(33.97,-80.2081958563148,-2.86000000000002));
#20103=CARTESIAN_POINT('',(37.15,-80.2081958563148,-0.320000000000004));
#20104=CARTESIAN_POINT('',(37.15,-80.2081958563148,0.319999999999998));
#20105=CARTESIAN_POINT('',(37.15,-80.2081958563148,-0.320000000000005));
#20106=CARTESIAN_POINT('',(37.15,-80.2081958563148,0.319999999999998));
#20107=CARTESIAN_POINT('',(36.51,-80.2081958563148,0.319999999999998));
#20108=CARTESIAN_POINT('',(36.51,-80.2081958563148,0.319999999999998));
#20109=CARTESIAN_POINT('',(36.51,-80.2081958563148,-0.320000000000004));
#20110=CARTESIAN_POINT('',(36.51,-80.2081958563148,-0.320000000000005));
#20111=CARTESIAN_POINT('',(37.15,-80.2081958563148,-2.86000000000002));
#20112=CARTESIAN_POINT('',(37.15,-80.2081958563148,-2.22000000000002));
#20113=CARTESIAN_POINT('',(37.15,-80.2081958563148,-2.86000000000002));
#20114=CARTESIAN_POINT('',(37.15,-80.2081958563148,-2.22000000000002));
#20115=CARTESIAN_POINT('',(36.51,-80.2081958563148,-2.22000000000002));
#20116=CARTESIAN_POINT('',(36.51,-80.2081958563148,-2.22000000000002));
#20117=CARTESIAN_POINT('',(36.51,-80.2081958563148,-2.86000000000002));
#20118=CARTESIAN_POINT('',(36.51,-80.2081958563148,-2.86000000000002));
#20119=CARTESIAN_POINT('',(39.69,-80.2081958563148,-0.320000000000004));
#20120=CARTESIAN_POINT('',(39.69,-80.2081958563148,0.319999999999998));
#20121=CARTESIAN_POINT('',(39.69,-80.2081958563148,-0.320000000000005));
#20122=CARTESIAN_POINT('',(39.69,-80.2081958563148,0.319999999999998));
#20123=CARTESIAN_POINT('',(39.05,-80.2081958563148,0.319999999999998));
#20124=CARTESIAN_POINT('',(39.05,-80.2081958563148,0.319999999999998));
#20125=CARTESIAN_POINT('',(39.05,-80.2081958563148,-0.320000000000004));
#20126=CARTESIAN_POINT('',(39.05,-80.2081958563148,-0.320000000000005));
#20127=CARTESIAN_POINT('',(39.69,-80.2081958563148,-2.86000000000002));
#20128=CARTESIAN_POINT('',(39.69,-80.2081958563148,-2.22000000000002));
#20129=CARTESIAN_POINT('',(39.69,-80.2081958563148,-2.86000000000002));
#20130=CARTESIAN_POINT('',(39.69,-80.2081958563148,-2.22000000000002));
#20131=CARTESIAN_POINT('',(39.05,-80.2081958563148,-2.22000000000002));
#20132=CARTESIAN_POINT('',(39.05,-80.2081958563148,-2.22000000000002));
#20133=CARTESIAN_POINT('',(39.05,-80.2081958563148,-2.86000000000002));
#20134=CARTESIAN_POINT('',(39.05,-80.2081958563148,-2.86000000000002));
#20135=CARTESIAN_POINT('',(0.,0.,0.));
#20136=CARTESIAN_POINT('',(0.319999999999999,-0.32,5.77));
#20137=CARTESIAN_POINT('',(0.119999999999999,-0.32,5.77));
#20138=CARTESIAN_POINT('',(0.119999999999999,-0.12,5.77));
#20139=CARTESIAN_POINT('',(0.119999999999999,0.12,5.77));
#20140=CARTESIAN_POINT('',(0.319999999999999,0.12,5.77));
#20141=CARTESIAN_POINT('',(-0.119999999999994,0.12,5.77));
#20142=CARTESIAN_POINT('',(-0.119999999999994,-0.32,5.77));
#20143=CARTESIAN_POINT('',(-0.119999999999994,-0.12,5.77));
#20144=CARTESIAN_POINT('',(0.319999999999999,-0.12,5.77));
#20145=CARTESIAN_POINT('',(-0.319999999999994,-0.32,5.77));
#20146=CARTESIAN_POINT('',(-0.319999999999994,0.32,5.77));
#20147=CARTESIAN_POINT('',(-0.319999999999994,0.32,5.57));
#20148=CARTESIAN_POINT('',(-0.319999999999995,0.32,-5.57));
#20149=CARTESIAN_POINT('',(-0.319999999999995,-0.32,-5.57));
#20150=CARTESIAN_POINT('',(-0.319999999999995,-0.32,-5.57));
#20151=CARTESIAN_POINT('',(-0.319999999999994,-0.32,5.77));
#20152=CARTESIAN_POINT('',(-0.319999999999994,-0.32,5.57));
#20153=CARTESIAN_POINT('',(-0.319999999999994,-0.32,5.57));
#20154=CARTESIAN_POINT('',(-0.319999999999996,-0.32,-5.77));
#20155=CARTESIAN_POINT('',(0.120000000000001,-0.32,-5.77));
#20156=CARTESIAN_POINT('',(0.120000000000001,0.12,-5.77));
#20157=CARTESIAN_POINT('',(0.120000000000001,-0.12,-5.77));
#20158=CARTESIAN_POINT('',(-0.319999999999995,-0.12,-5.77));
#20159=CARTESIAN_POINT('',(-0.119999999999993,-0.12,-5.77));
#20160=CARTESIAN_POINT('',(-0.119999999999993,-0.32,-5.77));
#20161=CARTESIAN_POINT('',(-0.119999999999993,0.12,-5.77));
#20162=CARTESIAN_POINT('',(-0.319999999999996,0.12,-5.77));
#20163=CARTESIAN_POINT('',(0.319999999999999,-0.32,-5.77));
#20164=CARTESIAN_POINT('',(0.319999999999999,-0.32,-5.77));
#20165=CARTESIAN_POINT('',(0.319999999999999,-0.32,-5.57));
#20166=CARTESIAN_POINT('',(0.319999999999999,-0.32,5.57));
#20167=CARTESIAN_POINT('',(0.319999999999999,-0.32,-5.57));
#20168=CARTESIAN_POINT('',(0.319999999999999,0.32,-5.57));
#20169=CARTESIAN_POINT('',(0.319999999999999,0.32,-5.77));
#20170=CARTESIAN_POINT('',(0.319999999999999,0.32,5.57));
#20171=CARTESIAN_POINT('',(0.319999999999999,-0.32,5.57));
#20172=CARTESIAN_POINT('',(0.,-0.32,0.));
#20173=CARTESIAN_POINT('',(0.319999999999997,-0.32,-5.57));
#20174=CARTESIAN_POINT('',(-0.319999999999994,-0.32,5.57));
#20175=CARTESIAN_POINT('',(0.,0.32,0.));
#20176=CARTESIAN_POINT('',(4.52925457555824E-14,0.32,-5.57));
#20177=CARTESIAN_POINT('',(0.,0.32,5.57));
#20178=CARTESIAN_POINT('',(-0.319999999999996,0.12,-5.77));
#20179=CARTESIAN_POINT('',(0.106666666666667,0.106666666666666,-5.78333333333333));
#20180=CARTESIAN_POINT('',(-0.18666666666666,0.186666666666667,-5.70333333333334));
#20181=CARTESIAN_POINT('',(-0.119999999999993,-0.32,-5.77));
#20182=CARTESIAN_POINT('',(-0.18666666666666,-0.186666666666667,-5.70333333333334));
#20183=CARTESIAN_POINT('',(0.319999999999999,-0.32,-5.57));
#20184=CARTESIAN_POINT('',(0.32,-0.319999999999999,-5.57));
#20185=CARTESIAN_POINT('',(4.52925457555824E-14,-0.32,-5.57));
#20186=CARTESIAN_POINT('',(0.,-0.32,5.57));
#20187=CARTESIAN_POINT('',(-0.213333333333329,-0.213333333333335,5.67666666666666));
#20188=CARTESIAN_POINT('',(0.186666666666666,-0.186666666666667,5.70333333333333));
#20189=CARTESIAN_POINT('',(0.119999999999999,-0.32,5.77));
#20190=CARTESIAN_POINT('',(-0.0266666666666671,-0.0266666666666681,5.91666666666667));
#20191=CARTESIAN_POINT('',(-0.319999999999994,-0.32,5.57));
#20192=CARTESIAN_POINT('',(-0.10666666666666,0.106666666666666,5.78333333333333));
#20193=CARTESIAN_POINT('',(0.319999999999999,0.12,5.77));
#20194=CARTESIAN_POINT('',(-39.37,1.49999999999999,2.45639541801785E-15));
#20195=CARTESIAN_POINT('',(-39.37,1.49999999999999,-2.54000000000001));
#20196=CARTESIAN_POINT('',(-36.83,1.49999999999999,2.45639541801785E-15));
#20197=CARTESIAN_POINT('',(-36.83,1.49999999999999,-2.54000000000001));
#20198=CARTESIAN_POINT('',(-34.29,1.49999999999999,2.45639541801785E-15));
#20199=CARTESIAN_POINT('',(-34.29,1.49999999999999,-2.54000000000001));
#20200=CARTESIAN_POINT('',(-31.75,1.49999999999999,2.45639541801785E-15));
#20201=CARTESIAN_POINT('',(-31.75,1.49999999999999,-2.54000000000001));
#20202=CARTESIAN_POINT('',(-29.21,1.49999999999999,2.45639541801785E-15));
#20203=CARTESIAN_POINT('',(-29.21,1.49999999999999,-2.54000000000001));
#20204=CARTESIAN_POINT('',(-26.67,1.49999999999999,2.45639541801785E-15));
#20205=CARTESIAN_POINT('',(-26.67,1.49999999999999,-2.54000000000001));
#20206=CARTESIAN_POINT('',(-24.13,1.49999999999999,2.45639541801785E-15));
#20207=CARTESIAN_POINT('',(-24.13,1.49999999999999,-2.54000000000001));
#20208=CARTESIAN_POINT('',(-21.59,1.49999999999999,2.45639541801785E-15));
#20209=CARTESIAN_POINT('',(-21.59,1.49999999999999,-2.54000000000001));
#20210=CARTESIAN_POINT('',(-19.05,1.49999999999999,2.45639541801785E-15));
#20211=CARTESIAN_POINT('',(-19.05,1.49999999999999,-2.54000000000001));
#20212=CARTESIAN_POINT('',(-16.51,1.49999999999999,2.45639541801785E-15));
#20213=CARTESIAN_POINT('',(-16.51,1.49999999999999,-2.54000000000001));
#20214=CARTESIAN_POINT('',(-13.97,1.49999999999999,2.45639541801785E-15));
#20215=CARTESIAN_POINT('',(-13.97,1.49999999999999,-2.54000000000001));
#20216=CARTESIAN_POINT('',(-11.43,1.49999999999999,2.45639541801785E-15));
#20217=CARTESIAN_POINT('',(-11.43,1.49999999999999,-2.54000000000001));
#20218=CARTESIAN_POINT('',(-8.89000000000001,1.49999999999999,2.45639541801785E-15));
#20219=CARTESIAN_POINT('',(-8.89000000000001,1.49999999999999,-2.54000000000001));
#20220=CARTESIAN_POINT('',(-6.35000000000001,1.49999999999999,2.45639541801785E-15));
#20221=CARTESIAN_POINT('',(-6.35000000000001,1.49999999999999,-2.54000000000001));
#20222=CARTESIAN_POINT('',(-3.81000000000001,1.49999999999999,2.45639541801785E-15));
#20223=CARTESIAN_POINT('',(-3.81000000000001,1.49999999999999,-2.54000000000001));
#20224=CARTESIAN_POINT('',(-1.27000000000001,1.49999999999999,2.45639541801785E-15));
#20225=CARTESIAN_POINT('',(-1.27000000000001,1.49999999999999,-2.54000000000001));
#20226=CARTESIAN_POINT('',(1.26999999999999,1.49999999999999,2.45639541801785E-15));
#20227=CARTESIAN_POINT('',(1.26999999999999,1.49999999999999,-2.54000000000001));
#20228=CARTESIAN_POINT('',(3.80999999999999,1.49999999999999,2.45639541801785E-15));
#20229=CARTESIAN_POINT('',(3.80999999999999,1.49999999999999,-2.54000000000001));
#20230=CARTESIAN_POINT('',(6.34999999999999,1.49999999999999,2.45639541801785E-15));
#20231=CARTESIAN_POINT('',(6.34999999999999,1.49999999999999,-2.54000000000001));
#20232=CARTESIAN_POINT('',(8.89,1.49999999999999,2.45639541801785E-15));
#20233=CARTESIAN_POINT('',(8.89,1.49999999999999,-2.54000000000001));
#20234=CARTESIAN_POINT('',(11.43,1.49999999999999,2.45639541801785E-15));
#20235=CARTESIAN_POINT('',(11.43,1.49999999999999,-2.54000000000001));
#20236=CARTESIAN_POINT('',(13.97,1.49999999999999,2.45639541801785E-15));
#20237=CARTESIAN_POINT('',(13.97,1.49999999999999,-2.54000000000001));
#20238=CARTESIAN_POINT('',(16.51,1.49999999999999,2.45639541801785E-15));
#20239=CARTESIAN_POINT('',(16.51,1.49999999999999,-2.54000000000001));
#20240=CARTESIAN_POINT('',(19.05,1.49999999999999,2.45639541801785E-15));
#20241=CARTESIAN_POINT('',(19.05,1.49999999999999,-2.54000000000001));
#20242=CARTESIAN_POINT('',(21.59,1.49999999999999,2.45639541801785E-15));
#20243=CARTESIAN_POINT('',(21.59,1.49999999999999,-2.54000000000001));
#20244=CARTESIAN_POINT('',(24.13,1.49999999999999,2.45639541801785E-15));
#20245=CARTESIAN_POINT('',(24.13,1.49999999999999,-2.54000000000001));
#20246=CARTESIAN_POINT('',(26.67,1.49999999999999,2.45639541801785E-15));
#20247=CARTESIAN_POINT('',(26.67,1.49999999999999,-2.54000000000001));
#20248=CARTESIAN_POINT('',(29.21,1.49999999999999,2.45639541801785E-15));
#20249=CARTESIAN_POINT('',(29.21,1.49999999999999,-2.54000000000001));
#20250=CARTESIAN_POINT('',(31.75,1.49999999999999,2.45639541801785E-15));
#20251=CARTESIAN_POINT('',(31.75,1.49999999999999,-2.54000000000001));
#20252=CARTESIAN_POINT('',(34.29,1.49999999999999,2.45639541801785E-15));
#20253=CARTESIAN_POINT('',(34.29,1.49999999999999,-2.54000000000001));
#20254=CARTESIAN_POINT('',(36.83,1.49999999999999,2.45639541801785E-15));
#20255=CARTESIAN_POINT('',(36.83,1.49999999999999,-2.54000000000001));
#20256=CARTESIAN_POINT('',(39.37,1.49999999999999,2.45639541801785E-15));
#20257=CARTESIAN_POINT('',(39.37,1.49999999999999,-2.54000000000001));
#20258=MECHANICAL_DESIGN_GEOMETRIC_PRESENTATION_REPRESENTATION('',(#12898,
#12899),#20259);
#20259=(
GEOMETRIC_REPRESENTATION_CONTEXT(3)
GLOBAL_UNCERTAINTY_ASSIGNED_CONTEXT((#20262))
GLOBAL_UNIT_ASSIGNED_CONTEXT((#20267,#20266,#20265))
REPRESENTATION_CONTEXT('6130xx21121','TOP_LEVEL_ASSEMBLY_PART')
);
#20260=(
GEOMETRIC_REPRESENTATION_CONTEXT(3)
GLOBAL_UNCERTAINTY_ASSIGNED_CONTEXT((#20263))
GLOBAL_UNIT_ASSIGNED_CONTEXT((#20267,#20266,#20265))
REPRESENTATION_CONTEXT('61306421121','COMPONENT_PART')
);
#20261=(
GEOMETRIC_REPRESENTATION_CONTEXT(3)
GLOBAL_UNCERTAINTY_ASSIGNED_CONTEXT((#20264))
GLOBAL_UNIT_ASSIGNED_CONTEXT((#20267,#20266,#20265))
REPRESENTATION_CONTEXT('6130xx21121_PIN','COMPONENT_PART')
);
#20262=UNCERTAINTY_MEASURE_WITH_UNIT(LENGTH_MEASURE(0.005),#20267,
'DISTANCE_ACCURACY_VALUE','Maximum Tolerance applied to model');
#20263=UNCERTAINTY_MEASURE_WITH_UNIT(LENGTH_MEASURE(0.005),#20267,
'DISTANCE_ACCURACY_VALUE','Maximum Tolerance applied to model');
#20264=UNCERTAINTY_MEASURE_WITH_UNIT(LENGTH_MEASURE(0.005),#20267,
'DISTANCE_ACCURACY_VALUE','Maximum Tolerance applied to model');
#20265=(
NAMED_UNIT(*)
SI_UNIT($,.STERADIAN.)
SOLID_ANGLE_UNIT()
);
#20266=(
NAMED_UNIT(*)
PLANE_ANGLE_UNIT()
SI_UNIT($,.RADIAN.)
);
#20267=(
LENGTH_UNIT()
NAMED_UNIT(*)
SI_UNIT(.MILLI.,.METRE.)
);
#20268=PRODUCT_DEFINITION_SHAPE('','',#20336);
#20269=PRODUCT_DEFINITION_SHAPE('','',#20337);
#20270=PRODUCT_DEFINITION_SHAPE(' ','NAUO PRDDFN',#83);
#20271=PRODUCT_DEFINITION_SHAPE('','',#20338);
#20272=PRODUCT_DEFINITION_SHAPE(' ','NAUO PRDDFN',#84);
#20273=PRODUCT_DEFINITION_SHAPE(' ','NAUO PRDDFN',#85);
#20274=PRODUCT_DEFINITION_SHAPE(' ','NAUO PRDDFN',#86);
#20275=PRODUCT_DEFINITION_SHAPE(' ','NAUO PRDDFN',#87);
#20276=PRODUCT_DEFINITION_SHAPE(' ','NAUO PRDDFN',#88);
#20277=PRODUCT_DEFINITION_SHAPE(' ','NAUO PRDDFN',#89);
#20278=PRODUCT_DEFINITION_SHAPE(' ','NAUO PRDDFN',#90);
#20279=PRODUCT_DEFINITION_SHAPE(' ','NAUO PRDDFN',#91);
#20280=PRODUCT_DEFINITION_SHAPE(' ','NAUO PRDDFN',#92);
#20281=PRODUCT_DEFINITION_SHAPE(' ','NAUO PRDDFN',#93);
#20282=PRODUCT_DEFINITION_SHAPE(' ','NAUO PRDDFN',#94);
#20283=PRODUCT_DEFINITION_SHAPE(' ','NAUO PRDDFN',#95);
#20284=PRODUCT_DEFINITION_SHAPE(' ','NAUO PRDDFN',#96);
#20285=PRODUCT_DEFINITION_SHAPE(' ','NAUO PRDDFN',#97);
#20286=PRODUCT_DEFINITION_SHAPE(' ','NAUO PRDDFN',#98);
#20287=PRODUCT_DEFINITION_SHAPE(' ','NAUO PRDDFN',#99);
#20288=PRODUCT_DEFINITION_SHAPE(' ','NAUO PRDDFN',#100);
#20289=PRODUCT_DEFINITION_SHAPE(' ','NAUO PRDDFN',#101);
#20290=PRODUCT_DEFINITION_SHAPE(' ','NAUO PRDDFN',#102);
#20291=PRODUCT_DEFINITION_SHAPE(' ','NAUO PRDDFN',#103);
#20292=PRODUCT_DEFINITION_SHAPE(' ','NAUO PRDDFN',#104);
#20293=PRODUCT_DEFINITION_SHAPE(' ','NAUO PRDDFN',#105);
#20294=PRODUCT_DEFINITION_SHAPE(' ','NAUO PRDDFN',#106);
#20295=PRODUCT_DEFINITION_SHAPE(' ','NAUO PRDDFN',#107);
#20296=PRODUCT_DEFINITION_SHAPE(' ','NAUO PRDDFN',#108);
#20297=PRODUCT_DEFINITION_SHAPE(' ','NAUO PRDDFN',#109);
#20298=PRODUCT_DEFINITION_SHAPE(' ','NAUO PRDDFN',#110);
#20299=PRODUCT_DEFINITION_SHAPE(' ','NAUO PRDDFN',#111);
#20300=PRODUCT_DEFINITION_SHAPE(' ','NAUO PRDDFN',#112);
#20301=PRODUCT_DEFINITION_SHAPE(' ','NAUO PRDDFN',#113);
#20302=PRODUCT_DEFINITION_SHAPE(' ','NAUO PRDDFN',#114);
#20303=PRODUCT_DEFINITION_SHAPE(' ','NAUO PRDDFN',#115);
#20304=PRODUCT_DEFINITION_SHAPE(' ','NAUO PRDDFN',#116);
#20305=PRODUCT_DEFINITION_SHAPE(' ','NAUO PRDDFN',#117);
#20306=PRODUCT_DEFINITION_SHAPE(' ','NAUO PRDDFN',#118);
#20307=PRODUCT_DEFINITION_SHAPE(' ','NAUO PRDDFN',#119);
#20308=PRODUCT_DEFINITION_SHAPE(' ','NAUO PRDDFN',#120);
#20309=PRODUCT_DEFINITION_SHAPE(' ','NAUO PRDDFN',#121);
#20310=PRODUCT_DEFINITION_SHAPE(' ','NAUO PRDDFN',#122);
#20311=PRODUCT_DEFINITION_SHAPE(' ','NAUO PRDDFN',#123);
#20312=PRODUCT_DEFINITION_SHAPE(' ','NAUO PRDDFN',#124);
#20313=PRODUCT_DEFINITION_SHAPE(' ','NAUO PRDDFN',#125);
#20314=PRODUCT_DEFINITION_SHAPE(' ','NAUO PRDDFN',#126);
#20315=PRODUCT_DEFINITION_SHAPE(' ','NAUO PRDDFN',#127);
#20316=PRODUCT_DEFINITION_SHAPE(' ','NAUO PRDDFN',#128);
#20317=PRODUCT_DEFINITION_SHAPE(' ','NAUO PRDDFN',#129);
#20318=PRODUCT_DEFINITION_SHAPE(' ','NAUO PRDDFN',#130);
#20319=PRODUCT_DEFINITION_SHAPE(' ','NAUO PRDDFN',#131);
#20320=PRODUCT_DEFINITION_SHAPE(' ','NAUO PRDDFN',#132);
#20321=PRODUCT_DEFINITION_SHAPE(' ','NAUO PRDDFN',#133);
#20322=PRODUCT_DEFINITION_SHAPE(' ','NAUO PRDDFN',#134);
#20323=PRODUCT_DEFINITION_SHAPE(' ','NAUO PRDDFN',#135);
#20324=PRODUCT_DEFINITION_SHAPE(' ','NAUO PRDDFN',#136);
#20325=PRODUCT_DEFINITION_SHAPE(' ','NAUO PRDDFN',#137);
#20326=PRODUCT_DEFINITION_SHAPE(' ','NAUO PRDDFN',#138);
#20327=PRODUCT_DEFINITION_SHAPE(' ','NAUO PRDDFN',#139);
#20328=PRODUCT_DEFINITION_SHAPE(' ','NAUO PRDDFN',#140);
#20329=PRODUCT_DEFINITION_SHAPE(' ','NAUO PRDDFN',#141);
#20330=PRODUCT_DEFINITION_SHAPE(' ','NAUO PRDDFN',#142);
#20331=PRODUCT_DEFINITION_SHAPE(' ','NAUO PRDDFN',#143);
#20332=PRODUCT_DEFINITION_SHAPE(' ','NAUO PRDDFN',#144);
#20333=PRODUCT_DEFINITION_SHAPE(' ','NAUO PRDDFN',#145);
#20334=PRODUCT_DEFINITION_SHAPE(' ','NAUO PRDDFN',#146);
#20335=PRODUCT_DEFINITION_SHAPE(' ','NAUO PRDDFN',#147);
#20336=PRODUCT_DEFINITION('','',#20342,#20339);
#20337=PRODUCT_DEFINITION('','',#20343,#20340);
#20338=PRODUCT_DEFINITION('','',#20344,#20341);
#20339=PRODUCT_DEFINITION_CONTEXT('',#20358,'design');
#20340=PRODUCT_DEFINITION_CONTEXT('',#20358,'design');
#20341=PRODUCT_DEFINITION_CONTEXT('',#20358,'design');
#20342=PRODUCT_DEFINITION_FORMATION_WITH_SPECIFIED_SOURCE('','',#20348,
 .NOT_KNOWN.);
#20343=PRODUCT_DEFINITION_FORMATION_WITH_SPECIFIED_SOURCE('','',#20349,
 .NOT_KNOWN.);
#20344=PRODUCT_DEFINITION_FORMATION_WITH_SPECIFIED_SOURCE('','',#20350,
 .NOT_KNOWN.);
#20345=PRODUCT_RELATED_PRODUCT_CATEGORY('','',(#20348));
#20346=PRODUCT_RELATED_PRODUCT_CATEGORY('','',(#20349));
#20347=PRODUCT_RELATED_PRODUCT_CATEGORY('','',(#20350));
#20348=PRODUCT('6130xx21121','6130xx21121','6130xx21121',(#20354));
#20349=PRODUCT('61306421121','61306421121','61306421121',(#20355));
#20350=PRODUCT('6130xx21121_PIN','6130xx21121_PIN','6130xx21121_PIN',(#20356));
#20351=PRODUCT_CATEGORY('','');
#20352=PRODUCT_CATEGORY('','');
#20353=PRODUCT_CATEGORY('','');
#20354=PRODUCT_CONTEXT('',#20358,'mechanical');
#20355=PRODUCT_CONTEXT('',#20358,'mechanical');
#20356=PRODUCT_CONTEXT('',#20358,'mechanical');
#20357=APPLICATION_PROTOCOL_DEFINITION('international standard',
'automotive_design',2010,#20358);
#20358=APPLICATION_CONTEXT(
'core data for automotive mechanical design processes');
ENDSEC;
END-ISO-10303-21;
