ISO-10303-21;
HEADER;
/****************************************************************
 * Generated by software with PDElib inside                    *
 * PDElib Version v51a, created Fri 09/10/2010                  *
 * ITI Transcendata (http://www.transcendata.com/)              *
 ****************************************************************/
FILE_DESCRIPTION((' '),'2;1');
FILE_NAME('P:\\E-Switch Secure\\3D_MODELS_STP_FORMAT\\TL2201xxYA.stp','2017-07-31T08:54:48',(' '),(' '),' ','ACIS',' ');
FILE_SCHEMA(('CONFIG_CONTROL_DESIGN'));
ENDSEC;
DATA;
#5=APPLICATION_CONTEXT('configuration controlled 3D designs of mechanical parts and assemblies');
#6=APPLICATION_PROTOCOL_DEFINITION('International Standard','config_control_design',1995,#5);
#7=MECHANICAL_CONTEXT('None',#5,'mechanical');
#8=PRODUCT('P:\\E-Switch Secure\\3D_MODELS_STP_FORMAT\\TL2201xxYA.stp','P:\\E-Switch Secure\\3D_MODELS_STP_FORMAT\\TL2201xxYA.stp','None',(#7));
#9=PRODUCT_RELATED_PRODUCT_CATEGORY('detail',$,(#8));
#10=PRODUCT_CATEGORY('part',$);
#11=PRODUCT_CATEGORY_RELATIONSHIP('None','None',#10,#9);
#12=PERSON('PERSON1','None','None',$,$,$);
#13=ORGANIZATION('','None','None');
#14=PERSON_AND_ORGANIZATION(#12,#13);
#15=PERSON_AND_ORGANIZATION_ROLE('design_owner');
#16=CC_DESIGN_PERSON_AND_ORGANIZATION_ASSIGNMENT(#14,#15,(#8));
#17=PRODUCT_DEFINITION_FORMATION_WITH_SPECIFIED_SOURCE('None','None',#8,.NOT_KNOWN.);
#18=PERSON('PERSON2','None','None',$,$,$);
#19=ORGANIZATION('','None','None');
#20=PERSON_AND_ORGANIZATION(#18,#19);
#21=PERSON_AND_ORGANIZATION_ROLE('creator');
#22=CC_DESIGN_PERSON_AND_ORGANIZATION_ASSIGNMENT(#20,#21,(#17));
#23=PERSON('PERSON3','None','None',$,$,$);
#24=ORGANIZATION('','None','None');
#25=PERSON_AND_ORGANIZATION(#23,#24);
#26=PERSON_AND_ORGANIZATION_ROLE('part_supplier');
#27=CC_DESIGN_PERSON_AND_ORGANIZATION_ASSIGNMENT(#25,#26,(#17));
#28=APPROVAL_STATUS('approved');
#29=APPROVAL(#28,'None');
#30=PERSON('PERSON4','None','None',$,$,$);
#31=ORGANIZATION('','None','None');
#32=PERSON_AND_ORGANIZATION(#30,#31);
#33=APPROVAL_ROLE('None');
#34=APPROVAL_PERSON_ORGANIZATION(#32,#29,#33);
#35=CALENDAR_DATE(2017,31,7);
#36=COORDINATED_UNIVERSAL_TIME_OFFSET(0,0,.AHEAD.);
#37=LOCAL_TIME(8,54,48.0,#36);
#38=DATE_AND_TIME(#35,#37);
#39=APPROVAL_DATE_TIME(#38,#29);
#40=CC_DESIGN_APPROVAL(#29,(#17));
#41=SECURITY_CLASSIFICATION_LEVEL('unclassified');
#42=SECURITY_CLASSIFICATION('None','None',#41);
#43=CC_DESIGN_SECURITY_CLASSIFICATION(#42,(#17));
#44=APPROVAL_STATUS('approved');
#45=APPROVAL(#44,'None');
#46=PERSON('PERSON5','None','None',$,$,$);
#47=ORGANIZATION('','None','None');
#48=PERSON_AND_ORGANIZATION(#46,#47);
#49=APPROVAL_ROLE('None');
#50=APPROVAL_PERSON_ORGANIZATION(#48,#45,#49);
#51=CALENDAR_DATE(2017,31,7);
#52=COORDINATED_UNIVERSAL_TIME_OFFSET(0,0,.AHEAD.);
#53=LOCAL_TIME(8,54,48.0,#52);
#54=DATE_AND_TIME(#51,#53);
#55=APPROVAL_DATE_TIME(#54,#45);
#56=CC_DESIGN_APPROVAL(#45,(#42));
#57=PERSON('PERSON6','None','None',$,$,$);
#58=ORGANIZATION('','None','None');
#59=PERSON_AND_ORGANIZATION(#57,#58);
#60=PERSON_AND_ORGANIZATION_ROLE('classification_officer');
#61=CC_DESIGN_PERSON_AND_ORGANIZATION_ASSIGNMENT(#59,#60,(#42));
#62=DATE_TIME_ROLE('classification_date');
#63=CALENDAR_DATE(2017,31,7);
#64=COORDINATED_UNIVERSAL_TIME_OFFSET(0,0,.AHEAD.);
#65=LOCAL_TIME(8,54,48.0,#64);
#66=DATE_AND_TIME(#63,#65);
#67=CC_DESIGN_DATE_AND_TIME_ASSIGNMENT(#66,#62,(#42));
#68=DESIGN_CONTEXT('part definition',#5,'design');
#69=PRODUCT_DEFINITION('None','None',#17,#68);
#70=PERSON('PERSON7','None','None',$,$,$);
#71=ORGANIZATION('','None','None');
#72=PERSON_AND_ORGANIZATION(#70,#71);
#73=PERSON_AND_ORGANIZATION_ROLE('creator');
#74=CC_DESIGN_PERSON_AND_ORGANIZATION_ASSIGNMENT(#72,#73,(#69));
#75=DATE_TIME_ROLE('creation_date');
#76=CALENDAR_DATE(2017,31,7);
#77=COORDINATED_UNIVERSAL_TIME_OFFSET(0,0,.AHEAD.);
#78=LOCAL_TIME(8,54,48.0,#77);
#79=DATE_AND_TIME(#76,#78);
#80=CC_DESIGN_DATE_AND_TIME_ASSIGNMENT(#79,#75,(#69));
#81=APPROVAL_STATUS('approved');
#82=APPROVAL(#81,'None');
#83=PERSON('PERSON8','None','None',$,$,$);
#84=ORGANIZATION('','None','None');
#85=PERSON_AND_ORGANIZATION(#83,#84);
#86=APPROVAL_ROLE('None');
#87=APPROVAL_PERSON_ORGANIZATION(#85,#82,#86);
#88=CALENDAR_DATE(2017,31,7);
#89=COORDINATED_UNIVERSAL_TIME_OFFSET(0,0,.AHEAD.);
#90=LOCAL_TIME(8,54,48.0,#89);
#91=DATE_AND_TIME(#88,#90);
#92=APPROVAL_DATE_TIME(#91,#82);
#93=CC_DESIGN_APPROVAL(#82,(#69));
#99=(NAMED_UNIT(*)PLANE_ANGLE_UNIT()SI_UNIT($,.RADIAN.));
#100=DIMENSIONAL_EXPONENTS(0.0,0.0,0.0,0.0,0.0,0.0,0.0);
#101=PLANE_ANGLE_MEASURE_WITH_UNIT(PLANE_ANGLE_MEASURE(0.0174532925),#99);
#105=(CONVERSION_BASED_UNIT('DEGREE',#101)NAMED_UNIT(#100)PLANE_ANGLE_UNIT());
#109=(NAMED_UNIT(*)SI_UNIT($,.STERADIAN.)SOLID_ANGLE_UNIT());
#113=(LENGTH_UNIT()NAMED_UNIT(*)SI_UNIT(.CENTI.,.METRE.));
#114=DIMENSIONAL_EXPONENTS(1.0,0.0,0.0,0.0,0.0,0.0,0.0);
#115=LENGTH_MEASURE_WITH_UNIT(LENGTH_MEASURE(2.54),#113);
#119=(CONVERSION_BASED_UNIT('INCH',#115)LENGTH_UNIT()NAMED_UNIT(#114));
#121=UNCERTAINTY_MEASURE_WITH_UNIT(LENGTH_MEASURE(0.001),#119,'DISTANCE_ACCURACY_VALUE','');
#123=(GEOMETRIC_REPRESENTATION_CONTEXT(3)GLOBAL_UNCERTAINTY_ASSIGNED_CONTEXT((#121))GLOBAL_UNIT_ASSIGNED_CONTEXT((#105,#109,#119))REPRESENTATION_CONTEXT('None','None'));
#124=AXIS2_PLACEMENT_3D('',#125,#126,#127);
#125=CARTESIAN_POINT('',(0.0,0.0,0.0));
#126=DIRECTION('',(0.0,0.0,1.0));
#127=DIRECTION('',(1.0,0.0,0.0));
#128=SHAPE_REPRESENTATION('',(#124),#123);
#129=PRODUCT_DEFINITION_SHAPE('','',#69);
#130=SHAPE_DEFINITION_REPRESENTATION(#129,#128);
#136=(NAMED_UNIT(*)PLANE_ANGLE_UNIT()SI_UNIT($,.RADIAN.));
#137=DIMENSIONAL_EXPONENTS(0.0,0.0,0.0,0.0,0.0,0.0,0.0);
#138=PLANE_ANGLE_MEASURE_WITH_UNIT(PLANE_ANGLE_MEASURE(0.0174532925),#136);
#142=(CONVERSION_BASED_UNIT('DEGREE',#138)NAMED_UNIT(#137)PLANE_ANGLE_UNIT());
#146=(NAMED_UNIT(*)SI_UNIT($,.STERADIAN.)SOLID_ANGLE_UNIT());
#150=(LENGTH_UNIT()NAMED_UNIT(*)SI_UNIT(.CENTI.,.METRE.));
#152=UNCERTAINTY_MEASURE_WITH_UNIT(LENGTH_MEASURE(0.000001),#150,'DISTANCE_ACCURACY_VALUE','');
#154=(GEOMETRIC_REPRESENTATION_CONTEXT(3)GLOBAL_UNCERTAINTY_ASSIGNED_CONTEXT((#152))GLOBAL_UNIT_ASSIGNED_CONTEXT((#142,#146,#150))REPRESENTATION_CONTEXT('','3D'));
#155=CARTESIAN_POINT('',(-0.068897637795276,-0.154921259842519,-0.139271653543307));
#156=DIRECTION('',(1.0,0.0,0.0));
#157=DIRECTION('',(0.0,0.0,-1.0));
#158=AXIS2_PLACEMENT_3D('',#155,#156,#157);
#159=PLANE('',#158);
#160=CARTESIAN_POINT('',(-0.068897637795276,-0.167322834645669,-0.108267716535433));
#161=VERTEX_POINT('',#160);
#162=CARTESIAN_POINT('',(-0.068897637795276,-0.155511811023622,-0.137795275590551));
#163=VERTEX_POINT('',#162);
#164=CARTESIAN_POINT('',(-0.068897637795276,-0.167322834645669,-0.108267716535433));
#165=DIRECTION('',(0.0,0.371390676354103,-0.92847669088526));
#166=VECTOR('',#165,0.031802154372841);
#167=LINE('',#164,#166);
#168=EDGE_CURVE('',#161,#163,#167,.T.);
#169=ORIENTED_EDGE('',*,*,#168,.T.);
#170=CARTESIAN_POINT('',(-0.068897637795276,-0.167322834645669,-0.137795275590551));
#171=VERTEX_POINT('',#170);
#172=CARTESIAN_POINT('',(-0.068897637795276,-0.167322834645669,-0.137795275590551));
#173=DIRECTION('',(0.0,1.0,0.0));
#174=VECTOR('',#173,0.011811023622047);
#175=LINE('',#172,#174);
#176=EDGE_CURVE('',#171,#163,#175,.T.);
#177=ORIENTED_EDGE('',*,*,#176,.F.);
#178=CARTESIAN_POINT('',(-0.068897637795276,-0.167322834645669,-0.108267716535433));
#179=DIRECTION('',(0.0,0.0,-1.0));
#180=VECTOR('',#179,0.029527559055118);
#181=LINE('',#178,#180);
#182=EDGE_CURVE('',#161,#171,#181,.T.);
#183=ORIENTED_EDGE('',*,*,#182,.F.);
#184=EDGE_LOOP('',(#169,#177,#183));
#185=FACE_OUTER_BOUND('',#184,.T.);
#186=ADVANCED_FACE('',(#185),#159,.F.);
#187=CARTESIAN_POINT('',(-0.068897637795276,0.167913385826771,-0.139271653543307));
#188=DIRECTION('',(1.0,0.0,0.0));
#189=DIRECTION('',(0.0,0.0,-1.0));
#190=AXIS2_PLACEMENT_3D('',#187,#188,#189);
#191=PLANE('',#190);
#192=CARTESIAN_POINT('',(-0.068897637795276,0.167322834645669,-0.108267716535433));
#193=VERTEX_POINT('',#192);
#194=CARTESIAN_POINT('',(-0.068897637795276,0.155511811023622,-0.137795275590551));
#195=VERTEX_POINT('',#194);
#196=CARTESIAN_POINT('',(-0.068897637795276,0.167322834645669,-0.108267716535433));
#197=DIRECTION('',(0.0,-0.371390676354103,-0.92847669088526));
#198=VECTOR('',#197,0.031802154372841);
#199=LINE('',#196,#198);
#200=EDGE_CURVE('',#193,#195,#199,.T.);
#201=ORIENTED_EDGE('',*,*,#200,.F.);
#202=CARTESIAN_POINT('',(-0.068897637795276,0.167322834645669,-0.137795275590551));
#203=VERTEX_POINT('',#202);
#204=CARTESIAN_POINT('',(-0.068897637795276,0.167322834645669,-0.137795275590551));
#205=DIRECTION('',(0.0,0.0,1.0));
#206=VECTOR('',#205,0.029527559055118);
#207=LINE('',#204,#206);
#208=EDGE_CURVE('',#203,#193,#207,.T.);
#209=ORIENTED_EDGE('',*,*,#208,.F.);
#210=CARTESIAN_POINT('',(-0.068897637795276,0.155511811023622,-0.137795275590551));
#211=DIRECTION('',(0.0,1.0,0.0));
#212=VECTOR('',#211,0.011811023622047);
#213=LINE('',#210,#212);
#214=EDGE_CURVE('',#195,#203,#213,.T.);
#215=ORIENTED_EDGE('',*,*,#214,.F.);
#216=EDGE_LOOP('',(#201,#209,#215));
#217=FACE_OUTER_BOUND('',#216,.T.);
#218=ADVANCED_FACE('',(#217),#191,.F.);
#219=CARTESIAN_POINT('',(-0.12263779527559,0.167913385826771,-0.137795275590551));
#220=DIRECTION('',(0.0,0.0,-1.0));
#221=DIRECTION('',(-1.0,0.0,0.0));
#222=AXIS2_PLACEMENT_3D('',#219,#220,#221);
#223=PLANE('',#222);
#224=CARTESIAN_POINT('',(-0.12007874015748,0.155511811023622,-0.137795275590551));
#225=VERTEX_POINT('',#224);
#226=CARTESIAN_POINT('',(-0.12007874015748,0.167322834645669,-0.137795275590551));
#227=VERTEX_POINT('',#226);
#228=CARTESIAN_POINT('',(-0.12007874015748,0.155511811023622,-0.137795275590551));
#229=DIRECTION('',(0.0,1.0,0.0));
#230=VECTOR('',#229,0.011811023622047);
#231=LINE('',#228,#230);
#232=EDGE_CURVE('',#225,#227,#231,.T.);
#233=ORIENTED_EDGE('',*,*,#232,.F.);
#234=CARTESIAN_POINT('',(-0.068897637795276,0.155511811023622,-0.137795275590551));
#235=DIRECTION('',(-1.0,0.0,0.0));
#236=VECTOR('',#235,0.051181102362204);
#237=LINE('',#234,#236);
#238=EDGE_CURVE('',#195,#225,#237,.T.);
#239=ORIENTED_EDGE('',*,*,#238,.F.);
#240=ORIENTED_EDGE('',*,*,#214,.T.);
#241=CARTESIAN_POINT('',(-0.12007874015748,0.167322834645669,-0.137795275590551));
#242=DIRECTION('',(1.0,0.0,0.0));
#243=VECTOR('',#242,0.051181102362204);
#244=LINE('',#241,#243);
#245=EDGE_CURVE('',#227,#203,#244,.T.);
#246=ORIENTED_EDGE('',*,*,#245,.F.);
#247=EDGE_LOOP('',(#233,#239,#240,#246));
#248=FACE_OUTER_BOUND('',#247,.T.);
#249=ADVANCED_FACE('',(#248),#223,.F.);
#250=CARTESIAN_POINT('',(-0.151771653543307,0.058070866141732,-0.137795275590551));
#251=DIRECTION('',(0.0,0.0,-1.0));
#252=DIRECTION('',(-1.0,0.0,0.0));
#253=AXIS2_PLACEMENT_3D('',#250,#251,#252);
#254=PLANE('',#253);
#255=CARTESIAN_POINT('',(-0.147637795275591,-0.127952755905512,-0.137795275590551));
#256=VERTEX_POINT('',#255);
#257=CARTESIAN_POINT('',(-0.151574803149606,-0.127952755905512,-0.137795275590551));
#258=VERTEX_POINT('',#257);
#259=CARTESIAN_POINT('',(-0.147637795275591,-0.127952755905512,-0.137795275590551));
#260=DIRECTION('',(-1.0,0.0,0.0));
#261=VECTOR('',#260,0.003937007874015);
#262=LINE('',#259,#261);
#263=EDGE_CURVE('',#256,#258,#262,.T.);
#264=ORIENTED_EDGE('',*,*,#263,.F.);
#265=CARTESIAN_POINT('',(-0.147637795275591,0.049212598425197,-0.137795275590551));
#266=VERTEX_POINT('',#265);
#267=CARTESIAN_POINT('',(-0.147637795275591,0.049212598425197,-0.137795275590551));
#268=DIRECTION('',(0.0,-1.0,0.0));
#269=VECTOR('',#268,0.177165354330709);
#270=LINE('',#267,#269);
#271=EDGE_CURVE('',#266,#256,#270,.T.);
#272=ORIENTED_EDGE('',*,*,#271,.F.);
#273=CARTESIAN_POINT('',(-0.151574803149606,0.049212598425197,-0.137795275590551));
#274=VERTEX_POINT('',#273);
#275=CARTESIAN_POINT('',(-0.151574803149606,0.049212598425197,-0.137795275590551));
#276=DIRECTION('',(1.0,0.0,0.0));
#277=VECTOR('',#276,0.003937007874015);
#278=LINE('',#275,#277);
#279=EDGE_CURVE('',#274,#266,#278,.T.);
#280=ORIENTED_EDGE('',*,*,#279,.F.);
#281=CARTESIAN_POINT('',(-0.151574803149606,-0.127952755905512,-0.137795275590551));
#282=DIRECTION('',(0.0,1.0,0.0));
#283=VECTOR('',#282,0.177165354330709);
#284=LINE('',#281,#283);
#285=EDGE_CURVE('',#258,#274,#284,.T.);
#286=ORIENTED_EDGE('',*,*,#285,.F.);
#287=EDGE_LOOP('',(#264,#272,#280,#286));
#288=FACE_OUTER_BOUND('',#287,.T.);
#289=ADVANCED_FACE('',(#288),#254,.F.);
#290=CARTESIAN_POINT('',(-0.12263779527559,-0.15492125984252,-0.137795275590551));
#291=DIRECTION('',(0.0,0.0,-1.0));
#292=DIRECTION('',(-1.0,0.0,0.0));
#293=AXIS2_PLACEMENT_3D('',#290,#291,#292);
#294=PLANE('',#293);
#295=CARTESIAN_POINT('',(-0.12007874015748,-0.155511811023622,-0.137795275590551));
#296=VERTEX_POINT('',#295);
#297=CARTESIAN_POINT('',(-0.12007874015748,-0.155511811023622,-0.137795275590551));
#298=DIRECTION('',(1.0,0.0,0.0));
#299=VECTOR('',#298,0.051181102362204);
#300=LINE('',#297,#299);
#301=EDGE_CURVE('',#296,#163,#300,.T.);
#302=ORIENTED_EDGE('',*,*,#301,.F.);
#303=CARTESIAN_POINT('',(-0.12007874015748,-0.167322834645669,-0.137795275590551));
#304=VERTEX_POINT('',#303);
#305=CARTESIAN_POINT('',(-0.12007874015748,-0.167322834645669,-0.137795275590551));
#306=DIRECTION('',(0.0,1.0,0.0));
#307=VECTOR('',#306,0.011811023622047);
#308=LINE('',#305,#307);
#309=EDGE_CURVE('',#304,#296,#308,.T.);
#310=ORIENTED_EDGE('',*,*,#309,.F.);
#311=CARTESIAN_POINT('',(-0.068897637795276,-0.167322834645669,-0.137795275590551));
#312=DIRECTION('',(-1.0,0.0,0.0));
#313=VECTOR('',#312,0.051181102362204);
#314=LINE('',#311,#313);
#315=EDGE_CURVE('',#171,#304,#314,.T.);
#316=ORIENTED_EDGE('',*,*,#315,.F.);
#317=ORIENTED_EDGE('',*,*,#176,.T.);
#318=EDGE_LOOP('',(#302,#310,#316,#317));
#319=FACE_OUTER_BOUND('',#318,.T.);
#320=ADVANCED_FACE('',(#319),#294,.F.);
#321=CARTESIAN_POINT('',(0.068897637795276,0.167913385826771,-0.106791338582677));
#322=DIRECTION('',(-1.0,0.0,0.0));
#323=DIRECTION('',(0.0,0.0,1.0));
#324=AXIS2_PLACEMENT_3D('',#321,#322,#323);
#325=PLANE('',#324);
#326=CARTESIAN_POINT('',(0.068897637795276,0.167322834645669,-0.108267716535433));
#327=VERTEX_POINT('',#326);
#328=CARTESIAN_POINT('',(0.068897637795276,0.155511811023622,-0.137795275590551));
#329=VERTEX_POINT('',#328);
#330=CARTESIAN_POINT('',(0.068897637795276,0.167322834645669,-0.108267716535433));
#331=DIRECTION('',(0.0,-0.371390676354103,-0.92847669088526));
#332=VECTOR('',#331,0.031802154372841);
#333=LINE('',#330,#332);
#334=EDGE_CURVE('',#327,#329,#333,.T.);
#335=ORIENTED_EDGE('',*,*,#334,.T.);
#336=CARTESIAN_POINT('',(0.068897637795276,0.167322834645669,-0.137795275590551));
#337=VERTEX_POINT('',#336);
#338=CARTESIAN_POINT('',(0.068897637795276,0.155511811023622,-0.137795275590551));
#339=DIRECTION('',(0.0,1.0,0.0));
#340=VECTOR('',#339,0.011811023622047);
#341=LINE('',#338,#340);
#342=EDGE_CURVE('',#329,#337,#341,.T.);
#343=ORIENTED_EDGE('',*,*,#342,.T.);
#344=CARTESIAN_POINT('',(0.068897637795276,0.167322834645669,-0.108267716535433));
#345=DIRECTION('',(0.0,0.0,-1.0));
#346=VECTOR('',#345,0.029527559055118);
#347=LINE('',#344,#346);
#348=EDGE_CURVE('',#327,#337,#347,.T.);
#349=ORIENTED_EDGE('',*,*,#348,.F.);
#350=EDGE_LOOP('',(#335,#343,#349));
#351=FACE_OUTER_BOUND('',#350,.T.);
#352=ADVANCED_FACE('',(#351),#325,.F.);
#353=CARTESIAN_POINT('',(-0.012992125984252,0.179724409448818,-0.019685039370079));
#354=DIRECTION('',(0.0,0.0,-1.0));
#355=DIRECTION('',(-1.0,0.0,0.0));
#356=AXIS2_PLACEMENT_3D('',#353,#354,#355);
#357=PLANE('',#356);
#358=CARTESIAN_POINT('',(0.011811023622047,0.167322834645669,-0.019685039370079));
#359=VERTEX_POINT('',#358);
#360=CARTESIAN_POINT('',(-0.011811023622047,0.167322834645669,-0.019685039370079));
#361=VERTEX_POINT('',#360);
#362=CARTESIAN_POINT('',(0.011811023622047,0.167322834645669,-0.019685039370079));
#363=DIRECTION('',(-1.0,0.0,0.0));
#364=VECTOR('',#363,0.023622047244094);
#365=LINE('',#362,#364);
#366=EDGE_CURVE('',#359,#361,#365,.T.);
#367=ORIENTED_EDGE('',*,*,#366,.F.);
#368=CARTESIAN_POINT('',(0.0,0.167322834645669,-0.019685039370079));
#369=DIRECTION('',(0.0,0.0,-1.0));
#370=DIRECTION('',(1.0,0.0,0.0));
#371=AXIS2_PLACEMENT_3D('',#368,#369,#370);
#372=CIRCLE('',#371,0.011811023622047);
#373=EDGE_CURVE('',#361,#359,#372,.T.);
#374=ORIENTED_EDGE('',*,*,#373,.F.);
#375=EDGE_LOOP('',(#367,#374));
#376=FACE_OUTER_BOUND('',#375,.T.);
#377=ADVANCED_FACE('',(#376),#357,.F.);
#378=CARTESIAN_POINT('',(0.14744094488189,0.058070866141732,-0.137795275590551));
#379=DIRECTION('',(0.0,0.0,-1.0));
#380=DIRECTION('',(-1.0,0.0,0.0));
#381=AXIS2_PLACEMENT_3D('',#378,#379,#380);
#382=PLANE('',#381);
#383=CARTESIAN_POINT('',(0.151574803149606,-0.127952755905512,-0.137795275590551));
#384=VERTEX_POINT('',#383);
#385=CARTESIAN_POINT('',(0.147637795275591,-0.127952755905512,-0.137795275590551));
#386=VERTEX_POINT('',#385);
#387=CARTESIAN_POINT('',(0.151574803149606,-0.127952755905512,-0.137795275590551));
#388=DIRECTION('',(-1.0,0.0,0.0));
#389=VECTOR('',#388,0.003937007874015);
#390=LINE('',#387,#389);
#391=EDGE_CURVE('',#384,#386,#390,.T.);
#392=ORIENTED_EDGE('',*,*,#391,.F.);
#393=CARTESIAN_POINT('',(0.151574803149606,0.049212598425197,-0.137795275590551));
#394=VERTEX_POINT('',#393);
#395=CARTESIAN_POINT('',(0.151574803149606,0.049212598425197,-0.137795275590551));
#396=DIRECTION('',(0.0,-1.0,0.0));
#397=VECTOR('',#396,0.177165354330709);
#398=LINE('',#395,#397);
#399=EDGE_CURVE('',#394,#384,#398,.T.);
#400=ORIENTED_EDGE('',*,*,#399,.F.);
#401=CARTESIAN_POINT('',(0.147637795275591,0.049212598425197,-0.137795275590551));
#402=VERTEX_POINT('',#401);
#403=CARTESIAN_POINT('',(0.147637795275591,0.049212598425197,-0.137795275590551));
#404=DIRECTION('',(1.0,0.0,0.0));
#405=VECTOR('',#404,0.003937007874015);
#406=LINE('',#403,#405);
#407=EDGE_CURVE('',#402,#394,#406,.T.);
#408=ORIENTED_EDGE('',*,*,#407,.F.);
#409=CARTESIAN_POINT('',(0.147637795275591,-0.127952755905512,-0.137795275590551));
#410=DIRECTION('',(0.0,1.0,0.0));
#411=VECTOR('',#410,0.177165354330709);
#412=LINE('',#409,#411);
#413=EDGE_CURVE('',#386,#402,#412,.T.);
#414=ORIENTED_EDGE('',*,*,#413,.F.);
#415=EDGE_LOOP('',(#392,#400,#408,#414));
#416=FACE_OUTER_BOUND('',#415,.T.);
#417=ADVANCED_FACE('',(#416),#382,.F.);
#418=CARTESIAN_POINT('',(0.066338582677166,0.167913385826771,-0.137795275590551));
#419=DIRECTION('',(0.0,0.0,-1.0));
#420=DIRECTION('',(-1.0,0.0,0.0));
#421=AXIS2_PLACEMENT_3D('',#418,#419,#420);
#422=PLANE('',#421);
#423=CARTESIAN_POINT('',(0.12007874015748,0.155511811023622,-0.137795275590551));
#424=VERTEX_POINT('',#423);
#425=CARTESIAN_POINT('',(0.12007874015748,0.155511811023622,-0.137795275590551));
#426=DIRECTION('',(-1.0,0.0,0.0));
#427=VECTOR('',#426,0.051181102362204);
#428=LINE('',#425,#427);
#429=EDGE_CURVE('',#424,#329,#428,.T.);
#430=ORIENTED_EDGE('',*,*,#429,.F.);
#431=CARTESIAN_POINT('',(0.12007874015748,0.167322834645669,-0.137795275590551));
#432=VERTEX_POINT('',#431);
#433=CARTESIAN_POINT('',(0.12007874015748,0.167322834645669,-0.137795275590551));
#434=DIRECTION('',(0.0,-1.0,0.0));
#435=VECTOR('',#434,0.011811023622047);
#436=LINE('',#433,#435);
#437=EDGE_CURVE('',#432,#424,#436,.T.);
#438=ORIENTED_EDGE('',*,*,#437,.F.);
#439=CARTESIAN_POINT('',(0.068897637795276,0.167322834645669,-0.137795275590551));
#440=DIRECTION('',(1.0,0.0,0.0));
#441=VECTOR('',#440,0.051181102362204);
#442=LINE('',#439,#441);
#443=EDGE_CURVE('',#337,#432,#442,.T.);
#444=ORIENTED_EDGE('',*,*,#443,.F.);
#445=ORIENTED_EDGE('',*,*,#342,.F.);
#446=EDGE_LOOP('',(#430,#438,#444,#445));
#447=FACE_OUTER_BOUND('',#446,.T.);
#448=ADVANCED_FACE('',(#447),#422,.F.);
#449=CARTESIAN_POINT('',(0.147637795275591,0.16240157480315,-0.28248031496063));
#450=DIRECTION('',(1.0,0.0,0.0));
#451=DIRECTION('',(0.0,0.0,-1.0));
#452=AXIS2_PLACEMENT_3D('',#449,#450,#451);
#453=PLANE('',#452);
#454=CARTESIAN_POINT('',(0.147637795275591,0.049212598425197,-0.187007874015748));
#455=VERTEX_POINT('',#454);
#456=CARTESIAN_POINT('',(0.147637795275591,0.049212598425197,-0.187007874015748));
#457=DIRECTION('',(0.0,0.0,1.0));
#458=VECTOR('',#457,0.049212598425197);
#459=LINE('',#456,#458);
#460=EDGE_CURVE('',#455,#402,#459,.T.);
#461=ORIENTED_EDGE('',*,*,#460,.F.);
#462=CARTESIAN_POINT('',(0.147637795275591,0.147637795275591,-0.187007874015748));
#463=VERTEX_POINT('',#462);
#464=CARTESIAN_POINT('',(0.147637795275591,0.147637795275591,-0.187007874015748));
#465=DIRECTION('',(0.0,-1.0,0.0));
#466=VECTOR('',#465,0.098425196850394);
#467=LINE('',#464,#466);
#468=EDGE_CURVE('',#463,#455,#467,.T.);
#469=ORIENTED_EDGE('',*,*,#468,.F.);
#470=CARTESIAN_POINT('',(0.147637795275591,0.147637795275591,-0.275590551181102));
#471=VERTEX_POINT('',#470);
#472=CARTESIAN_POINT('',(0.147637795275591,0.147637795275591,-0.275590551181102));
#473=DIRECTION('',(0.0,0.0,1.0));
#474=VECTOR('',#473,0.088582677165354);
#475=LINE('',#472,#474);
#476=EDGE_CURVE('',#471,#463,#475,.T.);
#477=ORIENTED_EDGE('',*,*,#476,.F.);
#478=CARTESIAN_POINT('',(0.147637795275591,-0.147637795275591,-0.275590551181102));
#479=VERTEX_POINT('',#478);
#480=CARTESIAN_POINT('',(0.147637795275591,-0.147637795275591,-0.275590551181102));
#481=DIRECTION('',(0.0,1.0,0.0));
#482=VECTOR('',#481,0.295275590551182);
#483=LINE('',#480,#482);
#484=EDGE_CURVE('',#479,#471,#483,.T.);
#485=ORIENTED_EDGE('',*,*,#484,.F.);
#486=CARTESIAN_POINT('',(0.147637795275591,-0.147637795275591,-0.137795275590551));
#487=VERTEX_POINT('',#486);
#488=CARTESIAN_POINT('',(0.147637795275591,-0.147637795275591,-0.275590551181102));
#489=DIRECTION('',(0.0,0.0,1.0));
#490=VECTOR('',#489,0.137795275590551);
#491=LINE('',#488,#490);
#492=EDGE_CURVE('',#479,#487,#491,.T.);
#493=ORIENTED_EDGE('',*,*,#492,.T.);
#494=CARTESIAN_POINT('',(0.147637795275591,-0.127952755905512,-0.137795275590551));
#495=DIRECTION('',(0.0,-1.0,0.0));
#496=VECTOR('',#495,0.019685039370079);
#497=LINE('',#494,#496);
#498=EDGE_CURVE('',#386,#487,#497,.T.);
#499=ORIENTED_EDGE('',*,*,#498,.F.);
#500=ORIENTED_EDGE('',*,*,#413,.T.);
#501=EDGE_LOOP('',(#461,#469,#477,#485,#493,#499,#500));
#502=FACE_OUTER_BOUND('',#501,.T.);
#503=ADVANCED_FACE('',(#502),#453,.F.);
#504=CARTESIAN_POINT('',(-0.16240157480315,0.147637795275591,-0.288385826771653));
#505=DIRECTION('',(0.0,1.0,0.0));
#506=DIRECTION('',(0.0,0.0,1.0));
#507=AXIS2_PLACEMENT_3D('',#504,#505,#506);
#508=PLANE('',#507);
#509=CARTESIAN_POINT('',(-0.147637795275591,0.147637795275591,-0.187007874015748));
#510=VERTEX_POINT('',#509);
#511=CARTESIAN_POINT('',(-0.049212598425197,0.147637795275591,-0.187007874015748));
#512=VERTEX_POINT('',#511);
#513=CARTESIAN_POINT('',(-0.147637795275591,0.147637795275591,-0.187007874015748));
#514=DIRECTION('',(1.0,0.0,0.0));
#515=VECTOR('',#514,0.098425196850394);
#516=LINE('',#513,#515);
#517=EDGE_CURVE('',#510,#512,#516,.T.);
#518=ORIENTED_EDGE('',*,*,#517,.F.);
#519=CARTESIAN_POINT('',(-0.147637795275591,0.147637795275591,-0.275590551181102));
#520=VERTEX_POINT('',#519);
#521=CARTESIAN_POINT('',(-0.147637795275591,0.147637795275591,-0.187007874015748));
#522=DIRECTION('',(0.0,0.0,-1.0));
#523=VECTOR('',#522,0.088582677165354);
#524=LINE('',#521,#523);
#525=EDGE_CURVE('',#510,#520,#524,.T.);
#526=ORIENTED_EDGE('',*,*,#525,.T.);
#527=CARTESIAN_POINT('',(0.147637795275591,0.147637795275591,-0.275590551181102));
#528=DIRECTION('',(-1.0,0.0,0.0));
#529=VECTOR('',#528,0.295275590551182);
#530=LINE('',#527,#529);
#531=EDGE_CURVE('',#471,#520,#530,.T.);
#532=ORIENTED_EDGE('',*,*,#531,.F.);
#533=ORIENTED_EDGE('',*,*,#476,.T.);
#534=CARTESIAN_POINT('',(0.049212598425197,0.147637795275591,-0.187007874015748));
#535=VERTEX_POINT('',#534);
#536=CARTESIAN_POINT('',(0.147637795275591,0.147637795275591,-0.187007874015748));
#537=DIRECTION('',(-1.0,0.0,0.0));
#538=VECTOR('',#537,0.098425196850394);
#539=LINE('',#536,#538);
#540=EDGE_CURVE('',#463,#535,#539,.T.);
#541=ORIENTED_EDGE('',*,*,#540,.T.);
#542=CARTESIAN_POINT('',(0.049212598425197,0.147637795275591,-0.019685039370079));
#543=VERTEX_POINT('',#542);
#544=CARTESIAN_POINT('',(0.049212598425197,0.147637795275591,-0.019685039370079));
#545=DIRECTION('',(0.0,0.0,-1.0));
#546=VECTOR('',#545,0.167322834645669);
#547=LINE('',#544,#546);
#548=EDGE_CURVE('',#543,#535,#547,.T.);
#549=ORIENTED_EDGE('',*,*,#548,.F.);
#550=CARTESIAN_POINT('',(-0.049212598425197,0.147637795275591,-0.019685039370079));
#551=VERTEX_POINT('',#550);
#552=CARTESIAN_POINT('',(-0.049212598425197,0.147637795275591,-0.019685039370079));
#553=DIRECTION('',(1.0,0.0,0.0));
#554=VECTOR('',#553,0.098425196850394);
#555=LINE('',#552,#554);
#556=EDGE_CURVE('',#551,#543,#555,.T.);
#557=ORIENTED_EDGE('',*,*,#556,.F.);
#558=CARTESIAN_POINT('',(-0.049212598425197,0.147637795275591,-0.019685039370079));
#559=DIRECTION('',(0.0,0.0,-1.0));
#560=VECTOR('',#559,0.167322834645669);
#561=LINE('',#558,#560);
#562=EDGE_CURVE('',#551,#512,#561,.T.);
#563=ORIENTED_EDGE('',*,*,#562,.T.);
#564=EDGE_LOOP('',(#518,#526,#532,#533,#541,#549,#557,#563));
#565=FACE_OUTER_BOUND('',#564,.T.);
#566=ADVANCED_FACE('',(#565),#508,.F.);
#567=CARTESIAN_POINT('',(-0.012992125984252,0.179724409448818,-0.275590551181102));
#568=DIRECTION('',(0.0,0.0,-1.0));
#569=DIRECTION('',(-1.0,0.0,0.0));
#570=AXIS2_PLACEMENT_3D('',#567,#568,#569);
#571=PLANE('',#570);
#572=CARTESIAN_POINT('',(0.011811023622047,0.167322834645669,-0.275590551181102));
#573=VERTEX_POINT('',#572);
#574=CARTESIAN_POINT('',(-0.011811023622047,0.167322834645669,-0.275590551181102));
#575=VERTEX_POINT('',#574);
#576=CARTESIAN_POINT('',(0.011811023622047,0.167322834645669,-0.275590551181102));
#577=DIRECTION('',(-1.0,0.0,0.0));
#578=VECTOR('',#577,0.023622047244094);
#579=LINE('',#576,#578);
#580=EDGE_CURVE('',#573,#575,#579,.T.);
#581=ORIENTED_EDGE('',*,*,#580,.T.);
#582=CARTESIAN_POINT('',(0.0,0.167322834645669,-0.275590551181102));
#583=DIRECTION('',(0.0,0.0,1.0));
#584=DIRECTION('',(1.0,0.0,0.0));
#585=AXIS2_PLACEMENT_3D('',#582,#583,#584);
#586=CIRCLE('',#585,0.011811023622047);
#587=EDGE_CURVE('',#573,#575,#586,.T.);
#588=ORIENTED_EDGE('',*,*,#587,.F.);
#589=EDGE_LOOP('',(#581,#588));
#590=FACE_OUTER_BOUND('',#589,.T.);
#591=ADVANCED_FACE('',(#590),#571,.T.);
#592=CARTESIAN_POINT('',(0.0,0.167322834645669,-0.006889763779528));
#593=DIRECTION('',(0.0,0.0,-1.0));
#594=DIRECTION('',(0.0,-1.0,0.0));
#595=AXIS2_PLACEMENT_3D('',#592,#593,#594);
#596=CYLINDRICAL_SURFACE('',#595,0.011811023622047);
#597=ORIENTED_EDGE('',*,*,#587,.T.);
#598=CARTESIAN_POINT('',(-0.011811023622047,0.167322834645669,-0.275590551181102));
#599=DIRECTION('',(0.0,0.0,1.0));
#600=VECTOR('',#599,0.255905511811023);
#601=LINE('',#598,#600);
#602=EDGE_CURVE('',#575,#361,#601,.T.);
#603=ORIENTED_EDGE('',*,*,#602,.T.);
#604=ORIENTED_EDGE('',*,*,#373,.T.);
#605=CARTESIAN_POINT('',(0.011811023622047,0.167322834645669,-0.275590551181102));
#606=DIRECTION('',(0.0,0.0,1.0));
#607=VECTOR('',#606,0.255905511811023);
#608=LINE('',#605,#607);
#609=EDGE_CURVE('',#573,#359,#608,.T.);
#610=ORIENTED_EDGE('',*,*,#609,.F.);
#611=EDGE_LOOP('',(#597,#603,#604,#610));
#612=FACE_OUTER_BOUND('',#611,.T.);
#613=ADVANCED_FACE('',(#612),#596,.T.);
#614=CARTESIAN_POINT('',(0.068897637795276,-0.154921259842519,-0.106791338582677));
#615=DIRECTION('',(-1.0,0.0,0.0));
#616=DIRECTION('',(0.0,0.0,1.0));
#617=AXIS2_PLACEMENT_3D('',#614,#615,#616);
#618=PLANE('',#617);
#619=CARTESIAN_POINT('',(0.068897637795276,-0.167322834645669,-0.108267716535433));
#620=VERTEX_POINT('',#619);
#621=CARTESIAN_POINT('',(0.068897637795276,-0.155511811023622,-0.137795275590551));
#622=VERTEX_POINT('',#621);
#623=CARTESIAN_POINT('',(0.068897637795276,-0.167322834645669,-0.108267716535433));
#624=DIRECTION('',(0.0,0.371390676354103,-0.92847669088526));
#625=VECTOR('',#624,0.031802154372841);
#626=LINE('',#623,#625);
#627=EDGE_CURVE('',#620,#622,#626,.T.);
#628=ORIENTED_EDGE('',*,*,#627,.F.);
#629=CARTESIAN_POINT('',(0.068897637795276,-0.167322834645669,-0.137795275590551));
#630=VERTEX_POINT('',#629);
#631=CARTESIAN_POINT('',(0.068897637795276,-0.167322834645669,-0.137795275590551));
#632=DIRECTION('',(0.0,0.0,1.0));
#633=VECTOR('',#632,0.029527559055118);
#634=LINE('',#631,#633);
#635=EDGE_CURVE('',#630,#620,#634,.T.);
#636=ORIENTED_EDGE('',*,*,#635,.F.);
#637=CARTESIAN_POINT('',(0.068897637795276,-0.167322834645669,-0.137795275590551));
#638=DIRECTION('',(0.0,1.0,0.0));
#639=VECTOR('',#638,0.011811023622047);
#640=LINE('',#637,#639);
#641=EDGE_CURVE('',#630,#622,#640,.T.);
#642=ORIENTED_EDGE('',*,*,#641,.T.);
#643=EDGE_LOOP('',(#628,#636,#642));
#644=FACE_OUTER_BOUND('',#643,.T.);
#645=ADVANCED_FACE('',(#644),#618,.F.);
#646=CARTESIAN_POINT('',(0.066338582677166,-0.15492125984252,-0.137795275590551));
#647=DIRECTION('',(0.0,0.0,-1.0));
#648=DIRECTION('',(-1.0,0.0,0.0));
#649=AXIS2_PLACEMENT_3D('',#646,#647,#648);
#650=PLANE('',#649);
#651=CARTESIAN_POINT('',(0.12007874015748,-0.155511811023622,-0.137795275590551));
#652=VERTEX_POINT('',#651);
#653=CARTESIAN_POINT('',(0.068897637795276,-0.155511811023622,-0.137795275590551));
#654=DIRECTION('',(1.0,0.0,0.0));
#655=VECTOR('',#654,0.051181102362204);
#656=LINE('',#653,#655);
#657=EDGE_CURVE('',#622,#652,#656,.T.);
#658=ORIENTED_EDGE('',*,*,#657,.F.);
#659=ORIENTED_EDGE('',*,*,#641,.F.);
#660=CARTESIAN_POINT('',(0.12007874015748,-0.167322834645669,-0.137795275590551));
#661=VERTEX_POINT('',#660);
#662=CARTESIAN_POINT('',(0.12007874015748,-0.167322834645669,-0.137795275590551));
#663=DIRECTION('',(-1.0,0.0,0.0));
#664=VECTOR('',#663,0.051181102362204);
#665=LINE('',#662,#664);
#666=EDGE_CURVE('',#661,#630,#665,.T.);
#667=ORIENTED_EDGE('',*,*,#666,.F.);
#668=CARTESIAN_POINT('',(0.12007874015748,-0.155511811023622,-0.137795275590551));
#669=DIRECTION('',(0.0,-1.0,0.0));
#670=VECTOR('',#669,0.011811023622047);
#671=LINE('',#668,#670);
#672=EDGE_CURVE('',#652,#661,#671,.T.);
#673=ORIENTED_EDGE('',*,*,#672,.F.);
#674=EDGE_LOOP('',(#658,#659,#667,#673));
#675=FACE_OUTER_BOUND('',#674,.T.);
#676=ADVANCED_FACE('',(#675),#650,.F.);
#677=CARTESIAN_POINT('',(-0.048720472440945,-0.074803149606299,-0.274606299212598));
#678=DIRECTION('',(0.0,-1.0,0.0));
#679=DIRECTION('',(0.0,0.0,-1.0));
#680=AXIS2_PLACEMENT_3D('',#677,#678,#679);
#681=PLANE('',#680);
#682=CARTESIAN_POINT('',(0.044291338582677,-0.074803149606299,-0.275590551181103));
#683=VERTEX_POINT('',#682);
#684=CARTESIAN_POINT('',(0.044291338582677,-0.074803149606299,-0.295275590551181));
#685=VERTEX_POINT('',#684);
#686=CARTESIAN_POINT('',(0.044291338582677,-0.074803149606299,-0.275590551181103));
#687=DIRECTION('',(0.0,0.0,-1.0));
#688=VECTOR('',#687,0.019685039370078);
#689=LINE('',#686,#688);
#690=EDGE_CURVE('',#683,#685,#689,.T.);
#691=ORIENTED_EDGE('',*,*,#690,.T.);
#692=CARTESIAN_POINT('',(-0.044291338582677,-0.074803149606299,-0.295275590551181));
#693=VERTEX_POINT('',#692);
#694=CARTESIAN_POINT('',(-0.044291338582677,-0.074803149606299,-0.295275590551181));
#695=DIRECTION('',(1.0,0.0,0.0));
#696=VECTOR('',#695,0.088582677165354);
#697=LINE('',#694,#696);
#698=EDGE_CURVE('',#693,#685,#697,.T.);
#699=ORIENTED_EDGE('',*,*,#698,.F.);
#700=CARTESIAN_POINT('',(-0.044291338582677,-0.074803149606299,-0.275590551181103));
#701=VERTEX_POINT('',#700);
#702=CARTESIAN_POINT('',(-0.044291338582677,-0.074803149606299,-0.295275590551181));
#703=DIRECTION('',(0.0,0.0,1.0));
#704=VECTOR('',#703,0.019685039370078);
#705=LINE('',#702,#704);
#706=EDGE_CURVE('',#693,#701,#705,.T.);
#707=ORIENTED_EDGE('',*,*,#706,.T.);
#708=CARTESIAN_POINT('',(0.044291338582677,-0.074803149606299,-0.275590551181102));
#709=DIRECTION('',(-1.0,0.0,0.0));
#710=VECTOR('',#709,0.088582677165354);
#711=LINE('',#708,#710);
#712=EDGE_CURVE('',#683,#701,#711,.T.);
#713=ORIENTED_EDGE('',*,*,#712,.F.);
#714=EDGE_LOOP('',(#691,#699,#707,#713));
#715=FACE_OUTER_BOUND('',#714,.T.);
#716=ADVANCED_FACE('',(#715),#681,.F.);
#717=CARTESIAN_POINT('',(-0.147637795275591,0.16240157480315,-0.130905511811023));
#718=DIRECTION('',(-1.0,0.0,0.0));
#719=DIRECTION('',(0.0,0.0,1.0));
#720=AXIS2_PLACEMENT_3D('',#717,#718,#719);
#721=PLANE('',#720);
#722=CARTESIAN_POINT('',(-0.147637795275591,0.049212598425197,-0.187007874015748));
#723=VERTEX_POINT('',#722);
#724=CARTESIAN_POINT('',(-0.147637795275591,0.049212598425197,-0.137795275590551));
#725=DIRECTION('',(0.0,0.0,-1.0));
#726=VECTOR('',#725,0.049212598425197);
#727=LINE('',#724,#726);
#728=EDGE_CURVE('',#266,#723,#727,.T.);
#729=ORIENTED_EDGE('',*,*,#728,.F.);
#730=ORIENTED_EDGE('',*,*,#271,.T.);
#731=CARTESIAN_POINT('',(-0.147637795275591,-0.147637795275591,-0.137795275590551));
#732=VERTEX_POINT('',#731);
#733=CARTESIAN_POINT('',(-0.147637795275591,-0.147637795275591,-0.137795275590551));
#734=DIRECTION('',(0.0,1.0,0.0));
#735=VECTOR('',#734,0.019685039370079);
#736=LINE('',#733,#735);
#737=EDGE_CURVE('',#732,#256,#736,.T.);
#738=ORIENTED_EDGE('',*,*,#737,.F.);
#739=CARTESIAN_POINT('',(-0.147637795275591,-0.147637795275591,-0.275590551181102));
#740=VERTEX_POINT('',#739);
#741=CARTESIAN_POINT('',(-0.147637795275591,-0.147637795275591,-0.275590551181102));
#742=DIRECTION('',(0.0,0.0,1.0));
#743=VECTOR('',#742,0.137795275590551);
#744=LINE('',#741,#743);
#745=EDGE_CURVE('',#740,#732,#744,.T.);
#746=ORIENTED_EDGE('',*,*,#745,.F.);
#747=CARTESIAN_POINT('',(-0.147637795275591,0.147637795275591,-0.275590551181102));
#748=DIRECTION('',(0.0,-1.0,0.0));
#749=VECTOR('',#748,0.295275590551182);
#750=LINE('',#747,#749);
#751=EDGE_CURVE('',#520,#740,#750,.T.);
#752=ORIENTED_EDGE('',*,*,#751,.F.);
#753=ORIENTED_EDGE('',*,*,#525,.F.);
#754=CARTESIAN_POINT('',(-0.147637795275591,0.049212598425197,-0.187007874015748));
#755=DIRECTION('',(0.0,1.0,0.0));
#756=VECTOR('',#755,0.098425196850394);
#757=LINE('',#754,#756);
#758=EDGE_CURVE('',#723,#510,#757,.T.);
#759=ORIENTED_EDGE('',*,*,#758,.F.);
#760=EDGE_LOOP('',(#729,#730,#738,#746,#752,#753,#759));
#761=FACE_OUTER_BOUND('',#760,.T.);
#762=ADVANCED_FACE('',(#761),#721,.F.);
#763=CARTESIAN_POINT('',(-0.16240157480315,0.16240157480315,-0.275590551181102));
#764=DIRECTION('',(0.0,0.0,-1.0));
#765=DIRECTION('',(-1.0,0.0,0.0));
#766=AXIS2_PLACEMENT_3D('',#763,#764,#765);
#767=PLANE('',#766);
#768=ORIENTED_EDGE('',*,*,#531,.T.);
#769=ORIENTED_EDGE('',*,*,#751,.T.);
#770=CARTESIAN_POINT('',(-0.147637795275591,-0.147637795275591,-0.275590551181102));
#771=DIRECTION('',(1.0,0.0,0.0));
#772=VECTOR('',#771,0.295275590551182);
#773=LINE('',#770,#772);
#774=EDGE_CURVE('',#740,#479,#773,.T.);
#775=ORIENTED_EDGE('',*,*,#774,.T.);
#776=ORIENTED_EDGE('',*,*,#484,.T.);
#777=EDGE_LOOP('',(#768,#769,#775,#776));
#778=FACE_OUTER_BOUND('',#777,.T.);
#779=CARTESIAN_POINT('',(0.044291338582677,-0.098425196850394,-0.275590551181103));
#780=VERTEX_POINT('',#779);
#781=CARTESIAN_POINT('',(0.044291338582677,-0.098425196850394,-0.275590551181103));
#782=DIRECTION('',(0.0,1.0,0.0));
#783=VECTOR('',#782,0.023622047244095);
#784=LINE('',#781,#783);
#785=EDGE_CURVE('',#780,#683,#784,.T.);
#786=ORIENTED_EDGE('',*,*,#785,.T.);
#787=ORIENTED_EDGE('',*,*,#712,.T.);
#788=CARTESIAN_POINT('',(-0.044291338582677,-0.098425196850394,-0.275590551181103));
#789=VERTEX_POINT('',#788);
#790=CARTESIAN_POINT('',(-0.044291338582677,-0.074803149606299,-0.275590551181103));
#791=DIRECTION('',(0.0,-1.0,0.0));
#792=VECTOR('',#791,0.023622047244095);
#793=LINE('',#790,#792);
#794=EDGE_CURVE('',#701,#789,#793,.T.);
#795=ORIENTED_EDGE('',*,*,#794,.T.);
#796=CARTESIAN_POINT('',(-0.078740157480315,-0.098425196850394,-0.275590551181103));
#797=VERTEX_POINT('',#796);
#798=CARTESIAN_POINT('',(-0.078740157480315,-0.098425196850394,-0.275590551181103));
#799=DIRECTION('',(1.0,0.0,0.0));
#800=VECTOR('',#799,0.034448818897638);
#801=LINE('',#798,#800);
#802=EDGE_CURVE('',#797,#789,#801,.T.);
#803=ORIENTED_EDGE('',*,*,#802,.F.);
#804=CARTESIAN_POINT('',(-0.078740157480315,0.098425196850394,-0.275590551181103));
#805=VERTEX_POINT('',#804);
#806=CARTESIAN_POINT('',(-0.078740157480315,0.098425196850394,-0.275590551181103));
#807=DIRECTION('',(0.0,-1.0,0.0));
#808=VECTOR('',#807,0.196850393700788);
#809=LINE('',#806,#808);
#810=EDGE_CURVE('',#805,#797,#809,.T.);
#811=ORIENTED_EDGE('',*,*,#810,.F.);
#812=CARTESIAN_POINT('',(0.078740157480315,0.098425196850394,-0.275590551181103));
#813=VERTEX_POINT('',#812);
#814=CARTESIAN_POINT('',(0.078740157480315,0.098425196850394,-0.275590551181103));
#815=DIRECTION('',(-1.0,0.0,0.0));
#816=VECTOR('',#815,0.15748031496063);
#817=LINE('',#814,#816);
#818=EDGE_CURVE('',#813,#805,#817,.T.);
#819=ORIENTED_EDGE('',*,*,#818,.F.);
#820=CARTESIAN_POINT('',(0.078740157480315,-0.098425196850394,-0.275590551181103));
#821=VERTEX_POINT('',#820);
#822=CARTESIAN_POINT('',(0.078740157480315,-0.098425196850394,-0.275590551181103));
#823=DIRECTION('',(0.0,1.0,0.0));
#824=VECTOR('',#823,0.196850393700788);
#825=LINE('',#822,#824);
#826=EDGE_CURVE('',#821,#813,#825,.T.);
#827=ORIENTED_EDGE('',*,*,#826,.F.);
#828=CARTESIAN_POINT('',(0.044291338582677,-0.098425196850394,-0.275590551181103));
#829=DIRECTION('',(1.0,0.0,0.0));
#830=VECTOR('',#829,0.034448818897638);
#831=LINE('',#828,#830);
#832=EDGE_CURVE('',#780,#821,#831,.T.);
#833=ORIENTED_EDGE('',*,*,#832,.F.);
#834=EDGE_LOOP('',(#786,#787,#795,#803,#811,#819,#827,#833));
#835=FACE_BOUND('',#834,.T.);
#836=ADVANCED_FACE('',(#778,#835),#767,.F.);
#837=CARTESIAN_POINT('',(-0.184055118110236,0.184055118110236,-0.295275590551181));
#838=DIRECTION('',(0.0,0.0,-1.0));
#839=DIRECTION('',(-1.0,0.0,0.0));
#840=AXIS2_PLACEMENT_3D('',#837,#838,#839);
#841=PLANE('',#840);
#842=CARTESIAN_POINT('',(0.167322834645669,0.167322834645669,-0.295275590551181));
#843=VERTEX_POINT('',#842);
#844=CARTESIAN_POINT('',(-0.167322834645669,0.167322834645669,-0.295275590551181));
#845=VERTEX_POINT('',#844);
#846=CARTESIAN_POINT('',(0.167322834645669,0.167322834645669,-0.295275590551181));
#847=DIRECTION('',(-1.0,0.0,0.0));
#848=VECTOR('',#847,0.334645669291338);
#849=LINE('',#846,#848);
#850=EDGE_CURVE('',#843,#845,#849,.T.);
#851=ORIENTED_EDGE('',*,*,#850,.F.);
#852=CARTESIAN_POINT('',(0.167322834645669,-0.167322834645669,-0.295275590551181));
#853=VERTEX_POINT('',#852);
#854=CARTESIAN_POINT('',(0.167322834645669,-0.167322834645669,-0.295275590551181));
#855=DIRECTION('',(0.0,1.0,0.0));
#856=VECTOR('',#855,0.334645669291338);
#857=LINE('',#854,#856);
#858=EDGE_CURVE('',#853,#843,#857,.T.);
#859=ORIENTED_EDGE('',*,*,#858,.F.);
#860=CARTESIAN_POINT('',(-0.167322834645669,-0.167322834645669,-0.295275590551181));
#861=VERTEX_POINT('',#860);
#862=CARTESIAN_POINT('',(-0.167322834645669,-0.167322834645669,-0.295275590551181));
#863=DIRECTION('',(1.0,0.0,0.0));
#864=VECTOR('',#863,0.334645669291338);
#865=LINE('',#862,#864);
#866=EDGE_CURVE('',#861,#853,#865,.T.);
#867=ORIENTED_EDGE('',*,*,#866,.F.);
#868=CARTESIAN_POINT('',(-0.167322834645669,0.167322834645669,-0.295275590551181));
#869=DIRECTION('',(0.0,-1.0,0.0));
#870=VECTOR('',#869,0.334645669291338);
#871=LINE('',#868,#870);
#872=EDGE_CURVE('',#845,#861,#871,.T.);
#873=ORIENTED_EDGE('',*,*,#872,.F.);
#874=EDGE_LOOP('',(#851,#859,#867,#873));
#875=FACE_OUTER_BOUND('',#874,.T.);
#876=CARTESIAN_POINT('',(0.048228346456693,0.078740157480315,-0.295275590551181));
#877=VERTEX_POINT('',#876);
#878=CARTESIAN_POINT('',(0.063976377952756,0.078740157480315,-0.295275590551181));
#879=VERTEX_POINT('',#878);
#880=CARTESIAN_POINT('',(0.048228346456693,0.078740157480315,-0.295275590551181));
#881=DIRECTION('',(1.0,0.0,0.0));
#882=VECTOR('',#881,0.015748031496063);
#883=LINE('',#880,#882);
#884=EDGE_CURVE('',#877,#879,#883,.T.);
#885=ORIENTED_EDGE('',*,*,#884,.F.);
#886=CARTESIAN_POINT('',(0.048228346456693,0.074803149606299,-0.295275590551181));
#887=VERTEX_POINT('',#886);
#888=CARTESIAN_POINT('',(0.048228346456693,0.074803149606299,-0.295275590551181));
#889=DIRECTION('',(0.0,1.0,0.0));
#890=VECTOR('',#889,0.003937007874016);
#891=LINE('',#888,#890);
#892=EDGE_CURVE('',#887,#877,#891,.T.);
#893=ORIENTED_EDGE('',*,*,#892,.F.);
#894=CARTESIAN_POINT('',(-0.048228346456693,0.074803149606299,-0.295275590551181));
#895=VERTEX_POINT('',#894);
#896=CARTESIAN_POINT('',(-0.048228346456693,0.074803149606299,-0.295275590551181));
#897=DIRECTION('',(1.0,0.0,0.0));
#898=VECTOR('',#897,0.096456692913386);
#899=LINE('',#896,#898);
#900=EDGE_CURVE('',#895,#887,#899,.T.);
#901=ORIENTED_EDGE('',*,*,#900,.F.);
#902=CARTESIAN_POINT('',(-0.048228346456693,0.078740157480315,-0.295275590551181));
#903=VERTEX_POINT('',#902);
#904=CARTESIAN_POINT('',(-0.048228346456693,0.078740157480315,-0.295275590551181));
#905=DIRECTION('',(0.0,-1.0,0.0));
#906=VECTOR('',#905,0.003937007874016);
#907=LINE('',#904,#906);
#908=EDGE_CURVE('',#903,#895,#907,.T.);
#909=ORIENTED_EDGE('',*,*,#908,.F.);
#910=CARTESIAN_POINT('',(-0.063976377952756,0.078740157480315,-0.295275590551181));
#911=VERTEX_POINT('',#910);
#912=CARTESIAN_POINT('',(-0.063976377952756,0.078740157480315,-0.295275590551181));
#913=DIRECTION('',(1.0,0.0,0.0));
#914=VECTOR('',#913,0.015748031496063);
#915=LINE('',#912,#914);
#916=EDGE_CURVE('',#911,#903,#915,.T.);
#917=ORIENTED_EDGE('',*,*,#916,.F.);
#918=CARTESIAN_POINT('',(-0.063976377952756,-0.029527559055118,-0.295275590551181));
#919=VERTEX_POINT('',#918);
#920=CARTESIAN_POINT('',(-0.063976377952756,-0.029527559055118,-0.295275590551181));
#921=DIRECTION('',(0.0,1.0,0.0));
#922=VECTOR('',#921,0.108267716535433);
#923=LINE('',#920,#922);
#924=EDGE_CURVE('',#919,#911,#923,.T.);
#925=ORIENTED_EDGE('',*,*,#924,.F.);
#926=CARTESIAN_POINT('',(-0.078740157480315,-0.029527559055118,-0.295275590551181));
#927=VERTEX_POINT('',#926);
#928=CARTESIAN_POINT('',(-0.078740157480315,-0.029527559055118,-0.295275590551181));
#929=DIRECTION('',(1.0,0.0,0.0));
#930=VECTOR('',#929,0.014763779527559);
#931=LINE('',#928,#930);
#932=EDGE_CURVE('',#927,#919,#931,.T.);
#933=ORIENTED_EDGE('',*,*,#932,.F.);
#934=CARTESIAN_POINT('',(-0.078740157480315,-0.078740157480315,-0.295275590551181));
#935=VERTEX_POINT('',#934);
#936=CARTESIAN_POINT('',(-0.078740157480315,-0.078740157480315,-0.295275590551181));
#937=DIRECTION('',(0.0,1.0,0.0));
#938=VECTOR('',#937,0.049212598425197);
#939=LINE('',#936,#938);
#940=EDGE_CURVE('',#935,#927,#939,.T.);
#941=ORIENTED_EDGE('',*,*,#940,.F.);
#942=CARTESIAN_POINT('',(-0.059055118110236,-0.078740157480315,-0.295275590551181));
#943=VERTEX_POINT('',#942);
#944=CARTESIAN_POINT('',(-0.059055118110236,-0.078740157480315,-0.295275590551181));
#945=DIRECTION('',(-1.0,0.0,0.0));
#946=VECTOR('',#945,0.019685039370079);
#947=LINE('',#944,#946);
#948=EDGE_CURVE('',#943,#935,#947,.T.);
#949=ORIENTED_EDGE('',*,*,#948,.F.);
#950=CARTESIAN_POINT('',(-0.059055118110236,-0.074803149606299,-0.295275590551181));
#951=VERTEX_POINT('',#950);
#952=CARTESIAN_POINT('',(-0.059055118110236,-0.074803149606299,-0.295275590551181));
#953=DIRECTION('',(0.0,-1.0,0.0));
#954=VECTOR('',#953,0.003937007874016);
#955=LINE('',#952,#954);
#956=EDGE_CURVE('',#951,#943,#955,.T.);
#957=ORIENTED_EDGE('',*,*,#956,.F.);
#958=CARTESIAN_POINT('',(-0.044291338582677,-0.074803149606299,-0.295275590551181));
#959=DIRECTION('',(-1.0,0.0,0.0));
#960=VECTOR('',#959,0.014763779527559);
#961=LINE('',#958,#960);
#962=EDGE_CURVE('',#693,#951,#961,.T.);
#963=ORIENTED_EDGE('',*,*,#962,.F.);
#964=ORIENTED_EDGE('',*,*,#698,.T.);
#965=CARTESIAN_POINT('',(0.059055118110236,-0.074803149606299,-0.295275590551181));
#966=VERTEX_POINT('',#965);
#967=CARTESIAN_POINT('',(0.059055118110236,-0.074803149606299,-0.295275590551181));
#968=DIRECTION('',(-1.0,0.0,0.0));
#969=VECTOR('',#968,0.014763779527559);
#970=LINE('',#967,#969);
#971=EDGE_CURVE('',#966,#685,#970,.T.);
#972=ORIENTED_EDGE('',*,*,#971,.F.);
#973=CARTESIAN_POINT('',(0.059055118110236,-0.078740157480315,-0.295275590551181));
#974=VERTEX_POINT('',#973);
#975=CARTESIAN_POINT('',(0.059055118110236,-0.078740157480315,-0.295275590551181));
#976=DIRECTION('',(0.0,1.0,0.0));
#977=VECTOR('',#976,0.003937007874016);
#978=LINE('',#975,#977);
#979=EDGE_CURVE('',#974,#966,#978,.T.);
#980=ORIENTED_EDGE('',*,*,#979,.F.);
#981=CARTESIAN_POINT('',(0.078740157480315,-0.078740157480315,-0.295275590551181));
#982=VERTEX_POINT('',#981);
#983=CARTESIAN_POINT('',(0.078740157480315,-0.078740157480315,-0.295275590551181));
#984=DIRECTION('',(-1.0,0.0,0.0));
#985=VECTOR('',#984,0.019685039370079);
#986=LINE('',#983,#985);
#987=EDGE_CURVE('',#982,#974,#986,.T.);
#988=ORIENTED_EDGE('',*,*,#987,.F.);
#989=CARTESIAN_POINT('',(0.078740157480315,-0.029527559055118,-0.295275590551181));
#990=VERTEX_POINT('',#989);
#991=CARTESIAN_POINT('',(0.078740157480315,-0.029527559055118,-0.295275590551181));
#992=DIRECTION('',(0.0,-1.0,0.0));
#993=VECTOR('',#992,0.049212598425197);
#994=LINE('',#991,#993);
#995=EDGE_CURVE('',#990,#982,#994,.T.);
#996=ORIENTED_EDGE('',*,*,#995,.F.);
#997=CARTESIAN_POINT('',(0.063976377952756,-0.029527559055118,-0.295275590551181));
#998=VERTEX_POINT('',#997);
#999=CARTESIAN_POINT('',(0.063976377952756,-0.029527559055118,-0.295275590551181));
#1000=DIRECTION('',(1.0,0.0,0.0));
#1001=VECTOR('',#1000,0.014763779527559);
#1002=LINE('',#999,#1001);
#1003=EDGE_CURVE('',#998,#990,#1002,.T.);
#1004=ORIENTED_EDGE('',*,*,#1003,.F.);
#1005=CARTESIAN_POINT('',(0.063976377952756,0.078740157480315,-0.295275590551181));
#1006=DIRECTION('',(0.0,-1.0,0.0));
#1007=VECTOR('',#1006,0.108267716535433);
#1008=LINE('',#1005,#1007);
#1009=EDGE_CURVE('',#879,#998,#1008,.T.);
#1010=ORIENTED_EDGE('',*,*,#1009,.F.);
#1011=EDGE_LOOP('',(#885,#893,#901,#909,#917,#925,#933,#941,#949,#957,#963,#964,#972,#980,#988,#996,#1004,#1010));
#1012=FACE_BOUND('',#1011,.T.);
#1013=ADVANCED_FACE('',(#875,#1012),#841,.T.);
#1014=CARTESIAN_POINT('',(-0.152559055118111,-0.148622047244095,-0.137795275590551));
#1015=DIRECTION('',(0.0,0.0,1.0));
#1016=DIRECTION('',(1.0,0.0,0.0));
#1017=AXIS2_PLACEMENT_3D('',#1014,#1015,#1016);
#1018=PLANE('',#1017);
#1019=CARTESIAN_POINT('',(-0.049212598425197,-0.147637795275591,-0.137795275590551));
#1020=VERTEX_POINT('',#1019);
#1021=CARTESIAN_POINT('',(-0.147637795275591,-0.147637795275591,-0.137795275590551));
#1022=DIRECTION('',(1.0,0.0,0.0));
#1023=VECTOR('',#1022,0.098425196850394);
#1024=LINE('',#1021,#1023);
#1025=EDGE_CURVE('',#732,#1020,#1024,.T.);
#1026=ORIENTED_EDGE('',*,*,#1025,.F.);
#1027=ORIENTED_EDGE('',*,*,#737,.T.);
#1028=CARTESIAN_POINT('',(-0.049212598425197,-0.127952755905512,-0.137795275590551));
#1029=VERTEX_POINT('',#1028);
#1030=CARTESIAN_POINT('',(-0.049212598425197,-0.127952755905512,-0.137795275590551));
#1031=DIRECTION('',(-1.0,0.0,0.0));
#1032=VECTOR('',#1031,0.098425196850394);
#1033=LINE('',#1030,#1032);
#1034=EDGE_CURVE('',#1029,#256,#1033,.T.);
#1035=ORIENTED_EDGE('',*,*,#1034,.F.);
#1036=CARTESIAN_POINT('',(-0.049212598425197,-0.147637795275591,-0.137795275590551));
#1037=DIRECTION('',(0.0,1.0,0.0));
#1038=VECTOR('',#1037,0.019685039370079);
#1039=LINE('',#1036,#1038);
#1040=EDGE_CURVE('',#1020,#1029,#1039,.T.);
#1041=ORIENTED_EDGE('',*,*,#1040,.F.);
#1042=EDGE_LOOP('',(#1026,#1027,#1035,#1041));
#1043=FACE_OUTER_BOUND('',#1042,.T.);
#1044=ADVANCED_FACE('',(#1043),#1018,.F.);
#1045=CARTESIAN_POINT('',(0.066338582677166,-0.167913385826771,-0.106791338582677));
#1046=DIRECTION('',(0.0,-0.928476690885259,-0.371390676354104));
#1047=DIRECTION('',(0.0,0.371390676354104,-0.928476690885259));
#1048=AXIS2_PLACEMENT_3D('',#1045,#1046,#1047);
#1049=PLANE('',#1048);
#1050=ORIENTED_EDGE('',*,*,#657,.T.);
#1051=CARTESIAN_POINT('',(0.12007874015748,-0.167322834645669,-0.108267716535433));
#1052=VERTEX_POINT('',#1051);
#1053=CARTESIAN_POINT('',(0.12007874015748,-0.167322834645669,-0.108267716535433));
#1054=DIRECTION('',(0.0,0.371390676354103,-0.92847669088526));
#1055=VECTOR('',#1054,0.031802154372841);
#1056=LINE('',#1053,#1055);
#1057=EDGE_CURVE('',#1052,#652,#1056,.T.);
#1058=ORIENTED_EDGE('',*,*,#1057,.F.);
#1059=CARTESIAN_POINT('',(0.12007874015748,-0.167322834645669,-0.108267716535433));
#1060=DIRECTION('',(-1.0,0.0,0.0));
#1061=VECTOR('',#1060,0.051181102362204);
#1062=LINE('',#1059,#1061);
#1063=EDGE_CURVE('',#1052,#620,#1062,.T.);
#1064=ORIENTED_EDGE('',*,*,#1063,.T.);
#1065=ORIENTED_EDGE('',*,*,#627,.T.);
#1066=EDGE_LOOP('',(#1050,#1058,#1064,#1065));
#1067=FACE_OUTER_BOUND('',#1066,.T.);
#1068=ADVANCED_FACE('',(#1067),#1049,.T.);
#1069=CARTESIAN_POINT('',(-0.12263779527559,0.154921259842519,-0.139271653543307));
#1070=DIRECTION('',(0.0,0.928476690885259,-0.371390676354104));
#1071=DIRECTION('',(0.0,0.371390676354104,0.928476690885259));
#1072=AXIS2_PLACEMENT_3D('',#1069,#1070,#1071);
#1073=PLANE('',#1072);
#1074=ORIENTED_EDGE('',*,*,#238,.T.);
#1075=CARTESIAN_POINT('',(-0.12007874015748,0.167322834645669,-0.108267716535433));
#1076=VERTEX_POINT('',#1075);
#1077=CARTESIAN_POINT('',(-0.12007874015748,0.167322834645669,-0.108267716535433));
#1078=DIRECTION('',(0.0,-0.371390676354103,-0.92847669088526));
#1079=VECTOR('',#1078,0.031802154372841);
#1080=LINE('',#1077,#1079);
#1081=EDGE_CURVE('',#1076,#225,#1080,.T.);
#1082=ORIENTED_EDGE('',*,*,#1081,.F.);
#1083=CARTESIAN_POINT('',(-0.12007874015748,0.167322834645669,-0.108267716535433));
#1084=DIRECTION('',(1.0,0.0,0.0));
#1085=VECTOR('',#1084,0.051181102362204);
#1086=LINE('',#1083,#1085);
#1087=EDGE_CURVE('',#1076,#193,#1086,.T.);
#1088=ORIENTED_EDGE('',*,*,#1087,.T.);
#1089=ORIENTED_EDGE('',*,*,#200,.T.);
#1090=EDGE_LOOP('',(#1074,#1082,#1088,#1089));
#1091=FACE_OUTER_BOUND('',#1090,.T.);
#1092=ADVANCED_FACE('',(#1091),#1073,.T.);
#1093=CARTESIAN_POINT('',(-0.151968503937008,0.049212598425197,-0.195374015748031));
#1094=DIRECTION('',(0.0,1.0,0.0));
#1095=DIRECTION('',(0.0,0.0,1.0));
#1096=AXIS2_PLACEMENT_3D('',#1093,#1094,#1095);
#1097=PLANE('',#1096);
#1098=ORIENTED_EDGE('',*,*,#279,.T.);
#1099=ORIENTED_EDGE('',*,*,#728,.T.);
#1100=CARTESIAN_POINT('',(-0.143700787401575,0.049212598425197,-0.187007874015748));
#1101=VERTEX_POINT('',#1100);
#1102=CARTESIAN_POINT('',(-0.143700787401575,0.049212598425197,-0.187007874015748));
#1103=DIRECTION('',(-1.0,0.0,0.0));
#1104=VECTOR('',#1103,0.003937007874016);
#1105=LINE('',#1102,#1104);
#1106=EDGE_CURVE('',#1101,#723,#1105,.T.);
#1107=ORIENTED_EDGE('',*,*,#1106,.F.);
#1108=CARTESIAN_POINT('',(-0.143700787401575,0.049212598425197,-0.019685039370079));
#1109=VERTEX_POINT('',#1108);
#1110=CARTESIAN_POINT('',(-0.143700787401575,0.049212598425197,-0.187007874015748));
#1111=DIRECTION('',(0.0,0.0,1.0));
#1112=VECTOR('',#1111,0.167322834645669);
#1113=LINE('',#1110,#1112);
#1114=EDGE_CURVE('',#1101,#1109,#1113,.T.);
#1115=ORIENTED_EDGE('',*,*,#1114,.T.);
#1116=CARTESIAN_POINT('',(-0.151574803149606,0.049212598425197,-0.019685039370079));
#1117=VERTEX_POINT('',#1116);
#1118=CARTESIAN_POINT('',(-0.151574803149606,0.049212598425197,-0.019685039370079));
#1119=DIRECTION('',(1.0,0.0,0.0));
#1120=VECTOR('',#1119,0.007874015748031);
#1121=LINE('',#1118,#1120);
#1122=EDGE_CURVE('',#1117,#1109,#1121,.T.);
#1123=ORIENTED_EDGE('',*,*,#1122,.F.);
#1124=CARTESIAN_POINT('',(-0.151574803149606,0.049212598425197,-0.019685039370079));
#1125=DIRECTION('',(0.0,0.0,-1.0));
#1126=VECTOR('',#1125,0.118110236220472);
#1127=LINE('',#1124,#1126);
#1128=EDGE_CURVE('',#1117,#274,#1127,.T.);
#1129=ORIENTED_EDGE('',*,*,#1128,.T.);
#1130=EDGE_LOOP('',(#1098,#1099,#1107,#1115,#1123,#1129));
#1131=FACE_OUTER_BOUND('',#1130,.T.);
#1132=ADVANCED_FACE('',(#1131),#1097,.F.);
#1133=CARTESIAN_POINT('',(-0.044291338582677,0.044291338582677,-0.187007874015748));
#1134=DIRECTION('',(0.0,0.0,-1.0));
#1135=DIRECTION('',(-1.0,0.0,0.0));
#1136=AXIS2_PLACEMENT_3D('',#1133,#1134,#1135);
#1137=PLANE('',#1136);
#1138=ORIENTED_EDGE('',*,*,#758,.T.);
#1139=ORIENTED_EDGE('',*,*,#517,.T.);
#1140=CARTESIAN_POINT('',(-0.049212598425197,0.127952755905512,-0.187007874015748));
#1141=VERTEX_POINT('',#1140);
#1142=CARTESIAN_POINT('',(-0.049212598425197,0.147637795275591,-0.187007874015748));
#1143=DIRECTION('',(0.0,-1.0,0.0));
#1144=VECTOR('',#1143,0.019685039370079);
#1145=LINE('',#1142,#1144);
#1146=EDGE_CURVE('',#512,#1141,#1145,.T.);
#1147=ORIENTED_EDGE('',*,*,#1146,.T.);
#1148=CARTESIAN_POINT('',(-0.084645669291339,0.127952755905512,-0.187007874015748));
#1149=VERTEX_POINT('',#1148);
#1150=CARTESIAN_POINT('',(-0.049212598425197,0.127952755905512,-0.187007874015748));
#1151=DIRECTION('',(-1.0,0.0,0.0));
#1152=VECTOR('',#1151,0.035433070866142);
#1153=LINE('',#1150,#1152);
#1154=EDGE_CURVE('',#1141,#1149,#1153,.T.);
#1155=ORIENTED_EDGE('',*,*,#1154,.T.);
#1156=CARTESIAN_POINT('',(-0.131889763779528,0.127952755905512,-0.187007874015748));
#1157=VERTEX_POINT('',#1156);
#1158=CARTESIAN_POINT('',(-0.084645669291339,0.127952755905512,-0.187007874015748));
#1159=DIRECTION('',(-1.0,0.0,0.0));
#1160=VECTOR('',#1159,0.047244094488189);
#1161=LINE('',#1158,#1160);
#1162=EDGE_CURVE('',#1149,#1157,#1161,.T.);
#1163=ORIENTED_EDGE('',*,*,#1162,.T.);
#1164=CARTESIAN_POINT('',(-0.131889763779528,0.049212598425197,-0.187007874015748));
#1165=VERTEX_POINT('',#1164);
#1166=CARTESIAN_POINT('',(-0.131889763779528,0.127952755905512,-0.187007874015748));
#1167=DIRECTION('',(0.0,-1.0,0.0));
#1168=VECTOR('',#1167,0.078740157480315);
#1169=LINE('',#1166,#1168);
#1170=EDGE_CURVE('',#1157,#1165,#1169,.T.);
#1171=ORIENTED_EDGE('',*,*,#1170,.T.);
#1172=CARTESIAN_POINT('',(-0.131889763779528,0.049212598425197,-0.187007874015748));
#1173=DIRECTION('',(-1.0,0.0,0.0));
#1174=VECTOR('',#1173,0.011811023622047);
#1175=LINE('',#1172,#1174);
#1176=EDGE_CURVE('',#1165,#1101,#1175,.T.);
#1177=ORIENTED_EDGE('',*,*,#1176,.T.);
#1178=ORIENTED_EDGE('',*,*,#1106,.T.);
#1179=EDGE_LOOP('',(#1138,#1139,#1147,#1155,#1163,#1171,#1177,#1178));
#1180=FACE_OUTER_BOUND('',#1179,.T.);
#1181=ADVANCED_FACE('',(#1180),#1137,.T.);
#1182=CARTESIAN_POINT('',(0.063976377952756,0.084153543307087,-0.398622047244095));
#1183=DIRECTION('',(1.0,0.0,0.0));
#1184=DIRECTION('',(0.0,0.0,-1.0));
#1185=AXIS2_PLACEMENT_3D('',#1182,#1183,#1184);
#1186=PLANE('',#1185);
#1187=ORIENTED_EDGE('',*,*,#1009,.T.);
#1188=CARTESIAN_POINT('',(0.063976377952756,-0.029527559055118,-0.393700787401575));
#1189=VERTEX_POINT('',#1188);
#1190=CARTESIAN_POINT('',(0.063976377952756,-0.029527559055118,-0.393700787401575));
#1191=DIRECTION('',(0.0,0.0,1.0));
#1192=VECTOR('',#1191,0.098425196850394);
#1193=LINE('',#1190,#1192);
#1194=EDGE_CURVE('',#1189,#998,#1193,.T.);
#1195=ORIENTED_EDGE('',*,*,#1194,.F.);
#1196=CARTESIAN_POINT('',(0.063976377952756,0.078740157480315,-0.393700787401575));
#1197=VERTEX_POINT('',#1196);
#1198=CARTESIAN_POINT('',(0.063976377952756,0.078740157480315,-0.393700787401575));
#1199=DIRECTION('',(0.0,-1.0,0.0));
#1200=VECTOR('',#1199,0.108267716535433);
#1201=LINE('',#1198,#1200);
#1202=EDGE_CURVE('',#1197,#1189,#1201,.T.);
#1203=ORIENTED_EDGE('',*,*,#1202,.F.);
#1204=CARTESIAN_POINT('',(0.063976377952756,0.078740157480315,-0.393700787401575));
#1205=DIRECTION('',(0.0,0.0,1.0));
#1206=VECTOR('',#1205,0.098425196850394);
#1207=LINE('',#1204,#1206);
#1208=EDGE_CURVE('',#1197,#879,#1207,.T.);
#1209=ORIENTED_EDGE('',*,*,#1208,.T.);
#1210=EDGE_LOOP('',(#1187,#1195,#1203,#1209));
#1211=FACE_OUTER_BOUND('',#1210,.T.);
#1212=ADVANCED_FACE('',(#1211),#1186,.T.);
#1213=CARTESIAN_POINT('',(0.063238188976378,-0.029527559055118,-0.398622047244095));
#1214=DIRECTION('',(0.0,1.0,0.0));
#1215=DIRECTION('',(0.0,0.0,1.0));
#1216=AXIS2_PLACEMENT_3D('',#1213,#1214,#1215);
#1217=PLANE('',#1216);
#1218=ORIENTED_EDGE('',*,*,#1003,.T.);
#1219=CARTESIAN_POINT('',(0.078740157480315,-0.029527559055118,-0.393700787401575));
#1220=VERTEX_POINT('',#1219);
#1221=CARTESIAN_POINT('',(0.078740157480315,-0.029527559055118,-0.393700787401575));
#1222=DIRECTION('',(0.0,0.0,1.0));
#1223=VECTOR('',#1222,0.098425196850394);
#1224=LINE('',#1221,#1223);
#1225=EDGE_CURVE('',#1220,#990,#1224,.T.);
#1226=ORIENTED_EDGE('',*,*,#1225,.F.);
#1227=CARTESIAN_POINT('',(0.078740157480315,-0.029527559055118,-0.393700787401575));
#1228=DIRECTION('',(-1.0,0.0,0.0));
#1229=VECTOR('',#1228,0.014763779527559);
#1230=LINE('',#1227,#1229);
#1231=EDGE_CURVE('',#1220,#1189,#1230,.T.);
#1232=ORIENTED_EDGE('',*,*,#1231,.T.);
#1233=ORIENTED_EDGE('',*,*,#1194,.T.);
#1234=EDGE_LOOP('',(#1218,#1226,#1232,#1233));
#1235=FACE_OUTER_BOUND('',#1234,.T.);
#1236=ADVANCED_FACE('',(#1235),#1217,.T.);
#1237=CARTESIAN_POINT('',(0.078740157480315,0.108267716535433,-0.283070866141733));
#1238=DIRECTION('',(1.0,0.0,0.0));
#1239=DIRECTION('',(0.0,0.0,-1.0));
#1240=AXIS2_PLACEMENT_3D('',#1237,#1238,#1239);
#1241=PLANE('',#1240);
#1242=ORIENTED_EDGE('',*,*,#826,.T.);
#1243=CARTESIAN_POINT('',(0.078740157480315,0.098425196850394,-0.125984251968504));
#1244=VERTEX_POINT('',#1243);
#1245=CARTESIAN_POINT('',(0.078740157480315,0.098425196850394,-0.275590551181103));
#1246=DIRECTION('',(0.0,0.0,1.0));
#1247=VECTOR('',#1246,0.149606299212599);
#1248=LINE('',#1245,#1247);
#1249=EDGE_CURVE('',#813,#1244,#1248,.T.);
#1250=ORIENTED_EDGE('',*,*,#1249,.T.);
#1251=CARTESIAN_POINT('',(0.078740157480315,0.049212598425197,-0.125984251968504));
#1252=VERTEX_POINT('',#1251);
#1253=CARTESIAN_POINT('',(0.078740157480315,0.098425196850394,-0.125984251968504));
#1254=DIRECTION('',(0.0,-1.0,0.0));
#1255=VECTOR('',#1254,0.049212598425197);
#1256=LINE('',#1253,#1255);
#1257=EDGE_CURVE('',#1244,#1252,#1256,.T.);
#1258=ORIENTED_EDGE('',*,*,#1257,.T.);
#1259=CARTESIAN_POINT('',(0.078740157480315,0.049212598425197,-0.265748031496063));
#1260=VERTEX_POINT('',#1259);
#1261=CARTESIAN_POINT('',(0.078740157480315,0.049212598425197,-0.265748031496063));
#1262=DIRECTION('',(0.0,0.0,1.0));
#1263=VECTOR('',#1262,0.139763779527559);
#1264=LINE('',#1261,#1263);
#1265=EDGE_CURVE('',#1260,#1252,#1264,.T.);
#1266=ORIENTED_EDGE('',*,*,#1265,.F.);
#1267=CARTESIAN_POINT('',(0.078740157480315,-0.023622047244094,-0.265748031496063));
#1268=VERTEX_POINT('',#1267);
#1269=CARTESIAN_POINT('',(0.078740157480315,-0.023622047244094,-0.265748031496063));
#1270=DIRECTION('',(0.0,1.0,0.0));
#1271=VECTOR('',#1270,0.072834645669291);
#1272=LINE('',#1269,#1271);
#1273=EDGE_CURVE('',#1268,#1260,#1272,.T.);
#1274=ORIENTED_EDGE('',*,*,#1273,.F.);
#1275=CARTESIAN_POINT('',(0.078740157480315,-0.023622047244094,-0.125984251968504));
#1276=VERTEX_POINT('',#1275);
#1277=CARTESIAN_POINT('',(0.078740157480315,-0.023622047244094,-0.125984251968504));
#1278=DIRECTION('',(0.0,0.0,-1.0));
#1279=VECTOR('',#1278,0.139763779527559);
#1280=LINE('',#1277,#1279);
#1281=EDGE_CURVE('',#1276,#1268,#1280,.T.);
#1282=ORIENTED_EDGE('',*,*,#1281,.F.);
#1283=CARTESIAN_POINT('',(0.078740157480315,-0.098425196850394,-0.125984251968504));
#1284=VERTEX_POINT('',#1283);
#1285=CARTESIAN_POINT('',(0.078740157480315,-0.023622047244094,-0.125984251968504));
#1286=DIRECTION('',(0.0,-1.0,0.0));
#1287=VECTOR('',#1286,0.0748031496063);
#1288=LINE('',#1285,#1287);
#1289=EDGE_CURVE('',#1276,#1284,#1288,.T.);
#1290=ORIENTED_EDGE('',*,*,#1289,.T.);
#1291=CARTESIAN_POINT('',(0.078740157480315,-0.098425196850394,-0.275590551181103));
#1292=DIRECTION('',(0.0,0.0,1.0));
#1293=VECTOR('',#1292,0.149606299212599);
#1294=LINE('',#1291,#1293);
#1295=EDGE_CURVE('',#821,#1284,#1294,.T.);
#1296=ORIENTED_EDGE('',*,*,#1295,.F.);
#1297=EDGE_LOOP('',(#1242,#1250,#1258,#1266,#1274,#1282,#1290,#1296));
#1298=FACE_OUTER_BOUND('',#1297,.T.);
#1299=ADVANCED_FACE('',(#1298),#1241,.T.);
#1300=CARTESIAN_POINT('',(-0.059055118110236,-0.074606299212598,-0.398622047244095));
#1301=DIRECTION('',(1.0,0.0,0.0));
#1302=DIRECTION('',(0.0,0.0,-1.0));
#1303=AXIS2_PLACEMENT_3D('',#1300,#1301,#1302);
#1304=PLANE('',#1303);
#1305=ORIENTED_EDGE('',*,*,#956,.T.);
#1306=CARTESIAN_POINT('',(-0.059055118110236,-0.078740157480315,-0.393700787401575));
#1307=VERTEX_POINT('',#1306);
#1308=CARTESIAN_POINT('',(-0.059055118110236,-0.078740157480315,-0.393700787401575));
#1309=DIRECTION('',(0.0,0.0,1.0));
#1310=VECTOR('',#1309,0.098425196850394);
#1311=LINE('',#1308,#1310);
#1312=EDGE_CURVE('',#1307,#943,#1311,.T.);
#1313=ORIENTED_EDGE('',*,*,#1312,.F.);
#1314=CARTESIAN_POINT('',(-0.059055118110236,-0.074803149606299,-0.393700787401575));
#1315=VERTEX_POINT('',#1314);
#1316=CARTESIAN_POINT('',(-0.059055118110236,-0.078740157480315,-0.393700787401575));
#1317=DIRECTION('',(0.0,1.0,0.0));
#1318=VECTOR('',#1317,0.003937007874016);
#1319=LINE('',#1316,#1318);
#1320=EDGE_CURVE('',#1307,#1315,#1319,.T.);
#1321=ORIENTED_EDGE('',*,*,#1320,.T.);
#1322=CARTESIAN_POINT('',(-0.059055118110236,-0.074803149606299,-0.393700787401575));
#1323=DIRECTION('',(0.0,0.0,1.0));
#1324=VECTOR('',#1323,0.098425196850394);
#1325=LINE('',#1322,#1324);
#1326=EDGE_CURVE('',#1315,#951,#1325,.T.);
#1327=ORIENTED_EDGE('',*,*,#1326,.T.);
#1328=EDGE_LOOP('',(#1305,#1313,#1321,#1327));
#1329=FACE_OUTER_BOUND('',#1328,.T.);
#1330=ADVANCED_FACE('',(#1329),#1304,.T.);
#1331=CARTESIAN_POINT('',(-0.079724409448819,-0.078740157480315,-0.290354330708661));
#1332=DIRECTION('',(0.0,-1.0,0.0));
#1333=DIRECTION('',(0.0,0.0,-1.0));
#1334=AXIS2_PLACEMENT_3D('',#1331,#1332,#1333);
#1335=PLANE('',#1334);
#1336=ORIENTED_EDGE('',*,*,#948,.T.);
#1337=CARTESIAN_POINT('',(-0.078740157480315,-0.078740157480315,-0.393700787401575));
#1338=VERTEX_POINT('',#1337);
#1339=CARTESIAN_POINT('',(-0.078740157480315,-0.078740157480315,-0.393700787401575));
#1340=DIRECTION('',(0.0,0.0,1.0));
#1341=VECTOR('',#1340,0.098425196850394);
#1342=LINE('',#1339,#1341);
#1343=EDGE_CURVE('',#1338,#935,#1342,.T.);
#1344=ORIENTED_EDGE('',*,*,#1343,.F.);
#1345=CARTESIAN_POINT('',(-0.078740157480315,-0.078740157480315,-0.393700787401575));
#1346=DIRECTION('',(1.0,0.0,0.0));
#1347=VECTOR('',#1346,0.019685039370079);
#1348=LINE('',#1345,#1347);
#1349=EDGE_CURVE('',#1338,#1307,#1348,.T.);
#1350=ORIENTED_EDGE('',*,*,#1349,.T.);
#1351=ORIENTED_EDGE('',*,*,#1312,.T.);
#1352=EDGE_LOOP('',(#1336,#1344,#1350,#1351));
#1353=FACE_OUTER_BOUND('',#1352,.T.);
#1354=ADVANCED_FACE('',(#1353),#1335,.T.);
#1355=CARTESIAN_POINT('',(-0.078740157480315,-0.027066929133858,-0.290354330708661));
#1356=DIRECTION('',(-1.0,0.0,0.0));
#1357=DIRECTION('',(0.0,0.0,1.0));
#1358=AXIS2_PLACEMENT_3D('',#1355,#1356,#1357);
#1359=PLANE('',#1358);
#1360=ORIENTED_EDGE('',*,*,#940,.T.);
#1361=CARTESIAN_POINT('',(-0.078740157480315,-0.029527559055118,-0.393700787401575));
#1362=VERTEX_POINT('',#1361);
#1363=CARTESIAN_POINT('',(-0.078740157480315,-0.029527559055118,-0.393700787401575));
#1364=DIRECTION('',(0.0,0.0,1.0));
#1365=VECTOR('',#1364,0.098425196850394);
#1366=LINE('',#1363,#1365);
#1367=EDGE_CURVE('',#1362,#927,#1366,.T.);
#1368=ORIENTED_EDGE('',*,*,#1367,.F.);
#1369=CARTESIAN_POINT('',(-0.078740157480315,-0.029527559055118,-0.393700787401575));
#1370=DIRECTION('',(0.0,-1.0,0.0));
#1371=VECTOR('',#1370,0.049212598425197);
#1372=LINE('',#1369,#1371);
#1373=EDGE_CURVE('',#1362,#1338,#1372,.T.);
#1374=ORIENTED_EDGE('',*,*,#1373,.T.);
#1375=ORIENTED_EDGE('',*,*,#1343,.T.);
#1376=EDGE_LOOP('',(#1360,#1368,#1374,#1375));
#1377=FACE_OUTER_BOUND('',#1376,.T.);
#1378=ADVANCED_FACE('',(#1377),#1359,.T.);
#1379=CARTESIAN_POINT('',(0.078740157480315,-0.027066929133858,-0.398622047244095));
#1380=DIRECTION('',(1.0,0.0,0.0));
#1381=DIRECTION('',(0.0,0.0,-1.0));
#1382=AXIS2_PLACEMENT_3D('',#1379,#1380,#1381);
#1383=PLANE('',#1382);
#1384=ORIENTED_EDGE('',*,*,#995,.T.);
#1385=CARTESIAN_POINT('',(0.078740157480315,-0.078740157480315,-0.393700787401575));
#1386=VERTEX_POINT('',#1385);
#1387=CARTESIAN_POINT('',(0.078740157480315,-0.078740157480315,-0.393700787401575));
#1388=DIRECTION('',(0.0,0.0,1.0));
#1389=VECTOR('',#1388,0.098425196850394);
#1390=LINE('',#1387,#1389);
#1391=EDGE_CURVE('',#1386,#982,#1390,.T.);
#1392=ORIENTED_EDGE('',*,*,#1391,.F.);
#1393=CARTESIAN_POINT('',(0.078740157480315,-0.078740157480315,-0.393700787401575));
#1394=DIRECTION('',(0.0,1.0,0.0));
#1395=VECTOR('',#1394,0.049212598425197);
#1396=LINE('',#1393,#1395);
#1397=EDGE_CURVE('',#1386,#1220,#1396,.T.);
#1398=ORIENTED_EDGE('',*,*,#1397,.T.);
#1399=ORIENTED_EDGE('',*,*,#1225,.T.);
#1400=EDGE_LOOP('',(#1384,#1392,#1398,#1399));
#1401=FACE_OUTER_BOUND('',#1400,.T.);
#1402=ADVANCED_FACE('',(#1401),#1383,.T.);
#1403=CARTESIAN_POINT('',(-0.078740157480315,0.108267716535433,-0.118503937007874));
#1404=DIRECTION('',(-1.0,0.0,0.0));
#1405=DIRECTION('',(0.0,0.0,1.0));
#1406=AXIS2_PLACEMENT_3D('',#1403,#1404,#1405);
#1407=PLANE('',#1406);
#1408=ORIENTED_EDGE('',*,*,#810,.T.);
#1409=CARTESIAN_POINT('',(-0.078740157480315,-0.098425196850394,-0.125984251968504));
#1410=VERTEX_POINT('',#1409);
#1411=CARTESIAN_POINT('',(-0.078740157480315,-0.098425196850394,-0.275590551181103));
#1412=DIRECTION('',(0.0,0.0,1.0));
#1413=VECTOR('',#1412,0.149606299212599);
#1414=LINE('',#1411,#1413);
#1415=EDGE_CURVE('',#797,#1410,#1414,.T.);
#1416=ORIENTED_EDGE('',*,*,#1415,.T.);
#1417=CARTESIAN_POINT('',(-0.078740157480315,-0.023622047244094,-0.125984251968504));
#1418=VERTEX_POINT('',#1417);
#1419=CARTESIAN_POINT('',(-0.078740157480315,-0.098425196850394,-0.125984251968504));
#1420=DIRECTION('',(0.0,1.0,0.0));
#1421=VECTOR('',#1420,0.0748031496063);
#1422=LINE('',#1419,#1421);
#1423=EDGE_CURVE('',#1410,#1418,#1422,.T.);
#1424=ORIENTED_EDGE('',*,*,#1423,.T.);
#1425=CARTESIAN_POINT('',(-0.078740157480315,-0.023622047244094,-0.265748031496063));
#1426=VERTEX_POINT('',#1425);
#1427=CARTESIAN_POINT('',(-0.078740157480315,-0.023622047244094,-0.265748031496063));
#1428=DIRECTION('',(0.0,0.0,1.0));
#1429=VECTOR('',#1428,0.139763779527559);
#1430=LINE('',#1427,#1429);
#1431=EDGE_CURVE('',#1426,#1418,#1430,.T.);
#1432=ORIENTED_EDGE('',*,*,#1431,.F.);
#1433=CARTESIAN_POINT('',(-0.078740157480315,0.049212598425197,-0.265748031496063));
#1434=VERTEX_POINT('',#1433);
#1435=CARTESIAN_POINT('',(-0.078740157480315,0.049212598425197,-0.265748031496063));
#1436=DIRECTION('',(0.0,-1.0,0.0));
#1437=VECTOR('',#1436,0.072834645669291);
#1438=LINE('',#1435,#1437);
#1439=EDGE_CURVE('',#1434,#1426,#1438,.T.);
#1440=ORIENTED_EDGE('',*,*,#1439,.F.);
#1441=CARTESIAN_POINT('',(-0.078740157480315,0.049212598425197,-0.125984251968504));
#1442=VERTEX_POINT('',#1441);
#1443=CARTESIAN_POINT('',(-0.078740157480315,0.049212598425197,-0.125984251968504));
#1444=DIRECTION('',(0.0,0.0,-1.0));
#1445=VECTOR('',#1444,0.139763779527559);
#1446=LINE('',#1443,#1445);
#1447=EDGE_CURVE('',#1442,#1434,#1446,.T.);
#1448=ORIENTED_EDGE('',*,*,#1447,.F.);
#1449=CARTESIAN_POINT('',(-0.078740157480315,0.098425196850394,-0.125984251968504));
#1450=VERTEX_POINT('',#1449);
#1451=CARTESIAN_POINT('',(-0.078740157480315,0.049212598425197,-0.125984251968504));
#1452=DIRECTION('',(0.0,1.0,0.0));
#1453=VECTOR('',#1452,0.049212598425197);
#1454=LINE('',#1451,#1453);
#1455=EDGE_CURVE('',#1442,#1450,#1454,.T.);
#1456=ORIENTED_EDGE('',*,*,#1455,.T.);
#1457=CARTESIAN_POINT('',(-0.078740157480315,0.098425196850394,-0.275590551181103));
#1458=DIRECTION('',(0.0,0.0,1.0));
#1459=VECTOR('',#1458,0.149606299212599);
#1460=LINE('',#1457,#1459);
#1461=EDGE_CURVE('',#805,#1450,#1460,.T.);
#1462=ORIENTED_EDGE('',*,*,#1461,.F.);
#1463=EDGE_LOOP('',(#1408,#1416,#1424,#1432,#1440,#1448,#1456,#1462));
#1464=FACE_OUTER_BOUND('',#1463,.T.);
#1465=ADVANCED_FACE('',(#1464),#1407,.T.);
#1466=CARTESIAN_POINT('',(-0.039370078740157,0.043307086614173,-0.391732283464567));
#1467=DIRECTION('',(-1.0,0.0,0.0));
#1468=DIRECTION('',(0.0,0.0,1.0));
#1469=AXIS2_PLACEMENT_3D('',#1466,#1467,#1468);
#1470=PLANE('',#1469);
#1471=CARTESIAN_POINT('',(-0.039370078740157,-0.039370078740157,-0.393700787401575));
#1472=VERTEX_POINT('',#1471);
#1473=CARTESIAN_POINT('',(-0.039370078740157,0.039370078740157,-0.393700787401575));
#1474=VERTEX_POINT('',#1473);
#1475=CARTESIAN_POINT('',(-0.039370078740157,-0.039370078740157,-0.393700787401575));
#1476=DIRECTION('',(0.0,1.0,0.0));
#1477=VECTOR('',#1476,0.078740157480314);
#1478=LINE('',#1475,#1477);
#1479=EDGE_CURVE('',#1472,#1474,#1478,.T.);
#1480=ORIENTED_EDGE('',*,*,#1479,.T.);
#1481=CARTESIAN_POINT('',(-0.039370078740157,0.039370078740157,-0.433070866141733));
#1482=VERTEX_POINT('',#1481);
#1483=CARTESIAN_POINT('',(-0.039370078740157,0.039370078740157,-0.433070866141733));
#1484=DIRECTION('',(0.0,0.0,1.0));
#1485=VECTOR('',#1484,0.039370078740158);
#1486=LINE('',#1483,#1485);
#1487=EDGE_CURVE('',#1482,#1474,#1486,.T.);
#1488=ORIENTED_EDGE('',*,*,#1487,.F.);
#1489=CARTESIAN_POINT('',(-0.039370078740157,-0.039370078740157,-0.433070866141733));
#1490=VERTEX_POINT('',#1489);
#1491=CARTESIAN_POINT('',(-0.039370078740157,0.039370078740157,-0.433070866141733));
#1492=DIRECTION('',(0.0,-1.0,0.0));
#1493=VECTOR('',#1492,0.078740157480314);
#1494=LINE('',#1491,#1493);
#1495=EDGE_CURVE('',#1482,#1490,#1494,.T.);
#1496=ORIENTED_EDGE('',*,*,#1495,.T.);
#1497=CARTESIAN_POINT('',(-0.039370078740157,-0.039370078740157,-0.433070866141733));
#1498=DIRECTION('',(0.0,0.0,1.0));
#1499=VECTOR('',#1498,0.039370078740158);
#1500=LINE('',#1497,#1499);
#1501=EDGE_CURVE('',#1490,#1472,#1500,.T.);
#1502=ORIENTED_EDGE('',*,*,#1501,.T.);
#1503=EDGE_LOOP('',(#1480,#1488,#1496,#1502));
#1504=FACE_OUTER_BOUND('',#1503,.T.);
#1505=ADVANCED_FACE('',(#1504),#1470,.T.);
#1506=CARTESIAN_POINT('',(-0.043307086614173,0.039370078740157,-0.435039370078741));
#1507=DIRECTION('',(0.0,1.0,0.0));
#1508=DIRECTION('',(0.0,0.0,1.0));
#1509=AXIS2_PLACEMENT_3D('',#1506,#1507,#1508);
#1510=PLANE('',#1509);
#1511=CARTESIAN_POINT('',(0.039370078740157,0.039370078740157,-0.393700787401575));
#1512=VERTEX_POINT('',#1511);
#1513=CARTESIAN_POINT('',(-0.039370078740157,0.039370078740157,-0.393700787401575));
#1514=DIRECTION('',(1.0,0.0,0.0));
#1515=VECTOR('',#1514,0.078740157480314);
#1516=LINE('',#1513,#1515);
#1517=EDGE_CURVE('',#1474,#1512,#1516,.T.);
#1518=ORIENTED_EDGE('',*,*,#1517,.T.);
#1519=CARTESIAN_POINT('',(0.039370078740157,0.039370078740157,-0.433070866141733));
#1520=VERTEX_POINT('',#1519);
#1521=CARTESIAN_POINT('',(0.039370078740157,0.039370078740157,-0.433070866141733));
#1522=DIRECTION('',(0.0,0.0,1.0));
#1523=VECTOR('',#1522,0.039370078740158);
#1524=LINE('',#1521,#1523);
#1525=EDGE_CURVE('',#1520,#1512,#1524,.T.);
#1526=ORIENTED_EDGE('',*,*,#1525,.F.);
#1527=CARTESIAN_POINT('',(0.039370078740157,0.039370078740157,-0.433070866141733));
#1528=DIRECTION('',(-1.0,0.0,0.0));
#1529=VECTOR('',#1528,0.078740157480314);
#1530=LINE('',#1527,#1529);
#1531=EDGE_CURVE('',#1520,#1482,#1530,.T.);
#1532=ORIENTED_EDGE('',*,*,#1531,.T.);
#1533=ORIENTED_EDGE('',*,*,#1487,.T.);
#1534=EDGE_LOOP('',(#1518,#1526,#1532,#1533));
#1535=FACE_OUTER_BOUND('',#1534,.T.);
#1536=ADVANCED_FACE('',(#1535),#1510,.T.);
#1537=CARTESIAN_POINT('',(0.039370078740157,0.043307086614173,-0.435039370078741));
#1538=DIRECTION('',(1.0,0.0,0.0));
#1539=DIRECTION('',(0.0,0.0,-1.0));
#1540=AXIS2_PLACEMENT_3D('',#1537,#1538,#1539);
#1541=PLANE('',#1540);
#1542=CARTESIAN_POINT('',(0.039370078740157,-0.039370078740157,-0.393700787401575));
#1543=VERTEX_POINT('',#1542);
#1544=CARTESIAN_POINT('',(0.039370078740157,0.039370078740157,-0.393700787401575));
#1545=DIRECTION('',(0.0,-1.0,0.0));
#1546=VECTOR('',#1545,0.078740157480314);
#1547=LINE('',#1544,#1546);
#1548=EDGE_CURVE('',#1512,#1543,#1547,.T.);
#1549=ORIENTED_EDGE('',*,*,#1548,.T.);
#1550=CARTESIAN_POINT('',(0.039370078740157,-0.039370078740157,-0.433070866141733));
#1551=VERTEX_POINT('',#1550);
#1552=CARTESIAN_POINT('',(0.039370078740157,-0.039370078740157,-0.433070866141733));
#1553=DIRECTION('',(0.0,0.0,1.0));
#1554=VECTOR('',#1553,0.039370078740158);
#1555=LINE('',#1552,#1554);
#1556=EDGE_CURVE('',#1551,#1543,#1555,.T.);
#1557=ORIENTED_EDGE('',*,*,#1556,.F.);
#1558=CARTESIAN_POINT('',(0.039370078740157,-0.039370078740157,-0.433070866141733));
#1559=DIRECTION('',(0.0,1.0,0.0));
#1560=VECTOR('',#1559,0.078740157480314);
#1561=LINE('',#1558,#1560);
#1562=EDGE_CURVE('',#1551,#1520,#1561,.T.);
#1563=ORIENTED_EDGE('',*,*,#1562,.T.);
#1564=ORIENTED_EDGE('',*,*,#1525,.T.);
#1565=EDGE_LOOP('',(#1549,#1557,#1563,#1564));
#1566=FACE_OUTER_BOUND('',#1565,.T.);
#1567=ADVANCED_FACE('',(#1566),#1541,.T.);
#1568=CARTESIAN_POINT('',(-0.043307086614173,-0.039370078740157,-0.391732283464567));
#1569=DIRECTION('',(0.0,-1.0,0.0));
#1570=DIRECTION('',(0.0,0.0,-1.0));
#1571=AXIS2_PLACEMENT_3D('',#1568,#1569,#1570);
#1572=PLANE('',#1571);
#1573=CARTESIAN_POINT('',(0.039370078740157,-0.039370078740157,-0.393700787401575));
#1574=DIRECTION('',(-1.0,0.0,0.0));
#1575=VECTOR('',#1574,0.078740157480314);
#1576=LINE('',#1573,#1575);
#1577=EDGE_CURVE('',#1543,#1472,#1576,.T.);
#1578=ORIENTED_EDGE('',*,*,#1577,.T.);
#1579=ORIENTED_EDGE('',*,*,#1501,.F.);
#1580=CARTESIAN_POINT('',(-0.039370078740157,-0.039370078740157,-0.433070866141733));
#1581=DIRECTION('',(1.0,0.0,0.0));
#1582=VECTOR('',#1581,0.078740157480314);
#1583=LINE('',#1580,#1582);
#1584=EDGE_CURVE('',#1490,#1551,#1583,.T.);
#1585=ORIENTED_EDGE('',*,*,#1584,.T.);
#1586=ORIENTED_EDGE('',*,*,#1556,.T.);
#1587=EDGE_LOOP('',(#1578,#1579,#1585,#1586));
#1588=FACE_OUTER_BOUND('',#1587,.T.);
#1589=ADVANCED_FACE('',(#1588),#1572,.T.);
#1590=CARTESIAN_POINT('',(-0.071456692913386,0.071456692913386,-0.433070866141733));
#1591=DIRECTION('',(0.0,0.0,-1.0));
#1592=DIRECTION('',(-1.0,0.0,0.0));
#1593=AXIS2_PLACEMENT_3D('',#1590,#1591,#1592);
#1594=PLANE('',#1593);
#1595=CARTESIAN_POINT('',(0.06496062992126,-0.06496062992126,-0.433070866141733));
#1596=VERTEX_POINT('',#1595);
#1597=CARTESIAN_POINT('',(-0.06496062992126,-0.06496062992126,-0.433070866141733));
#1598=VERTEX_POINT('',#1597);
#1599=CARTESIAN_POINT('',(0.06496062992126,-0.06496062992126,-0.433070866141733));
#1600=DIRECTION('',(-1.0,0.0,0.0));
#1601=VECTOR('',#1600,0.12992125984252);
#1602=LINE('',#1599,#1601);
#1603=EDGE_CURVE('',#1596,#1598,#1602,.T.);
#1604=ORIENTED_EDGE('',*,*,#1603,.F.);
#1605=CARTESIAN_POINT('',(0.06496062992126,0.06496062992126,-0.433070866141733));
#1606=VERTEX_POINT('',#1605);
#1607=CARTESIAN_POINT('',(0.06496062992126,0.06496062992126,-0.433070866141733));
#1608=DIRECTION('',(0.0,-1.0,0.0));
#1609=VECTOR('',#1608,0.12992125984252);
#1610=LINE('',#1607,#1609);
#1611=EDGE_CURVE('',#1606,#1596,#1610,.T.);
#1612=ORIENTED_EDGE('',*,*,#1611,.F.);
#1613=CARTESIAN_POINT('',(-0.06496062992126,0.06496062992126,-0.433070866141733));
#1614=VERTEX_POINT('',#1613);
#1615=CARTESIAN_POINT('',(-0.06496062992126,0.06496062992126,-0.433070866141733));
#1616=DIRECTION('',(1.0,0.0,0.0));
#1617=VECTOR('',#1616,0.12992125984252);
#1618=LINE('',#1615,#1617);
#1619=EDGE_CURVE('',#1614,#1606,#1618,.T.);
#1620=ORIENTED_EDGE('',*,*,#1619,.F.);
#1621=CARTESIAN_POINT('',(-0.06496062992126,-0.06496062992126,-0.433070866141733));
#1622=DIRECTION('',(0.0,1.0,0.0));
#1623=VECTOR('',#1622,0.12992125984252);
#1624=LINE('',#1621,#1623);
#1625=EDGE_CURVE('',#1598,#1614,#1624,.T.);
#1626=ORIENTED_EDGE('',*,*,#1625,.F.);
#1627=EDGE_LOOP('',(#1604,#1612,#1620,#1626));
#1628=FACE_OUTER_BOUND('',#1627,.T.);
#1629=ORIENTED_EDGE('',*,*,#1495,.F.);
#1630=ORIENTED_EDGE('',*,*,#1531,.F.);
#1631=ORIENTED_EDGE('',*,*,#1562,.F.);
#1632=ORIENTED_EDGE('',*,*,#1584,.F.);
#1633=EDGE_LOOP('',(#1629,#1630,#1631,#1632));
#1634=FACE_BOUND('',#1633,.T.);
#1635=ADVANCED_FACE('',(#1628,#1634),#1594,.F.);
#1636=CARTESIAN_POINT('',(-0.071456692913386,0.06496062992126,-0.513681102480086));
#1637=DIRECTION('',(0.0,1.0,0.0));
#1638=DIRECTION('',(0.0,0.0,1.0));
#1639=AXIS2_PLACEMENT_3D('',#1636,#1637,#1638);
#1640=PLANE('',#1639);
#1641=ORIENTED_EDGE('',*,*,#1619,.T.);
#1642=CARTESIAN_POINT('',(0.06496062992126,0.06496062992126,-0.509842519741173));
#1643=VERTEX_POINT('',#1642);
#1644=CARTESIAN_POINT('',(0.06496062992126,0.06496062992126,-0.509842519741174));
#1645=DIRECTION('',(0.0,0.0,1.0));
#1646=VECTOR('',#1645,0.076771653599441);
#1647=LINE('',#1644,#1646);
#1648=EDGE_CURVE('',#1643,#1606,#1647,.T.);
#1649=ORIENTED_EDGE('',*,*,#1648,.F.);
#1650=CARTESIAN_POINT('',(-0.06496062992126,0.06496062992126,-0.509842519741173));
#1651=VERTEX_POINT('',#1650);
#1652=CARTESIAN_POINT('',(-0.06496062992126,0.06496062992126,-0.50984251968504));
#1653=DIRECTION('',(1.0,0.0,0.0));
#1654=VECTOR('',#1653,0.12992125984252);
#1655=LINE('',#1652,#1654);
#1656=EDGE_CURVE('',#1651,#1643,#1655,.T.);
#1657=ORIENTED_EDGE('',*,*,#1656,.F.);
#1658=CARTESIAN_POINT('',(-0.06496062992126,0.06496062992126,-0.509842519741174));
#1659=DIRECTION('',(0.0,0.0,1.0));
#1660=VECTOR('',#1659,0.076771653599441);
#1661=LINE('',#1658,#1660);
#1662=EDGE_CURVE('',#1651,#1614,#1661,.T.);
#1663=ORIENTED_EDGE('',*,*,#1662,.T.);
#1664=EDGE_LOOP('',(#1641,#1649,#1657,#1663));
#1665=FACE_OUTER_BOUND('',#1664,.T.);
#1666=ADVANCED_FACE('',(#1665),#1640,.T.);
#1667=CARTESIAN_POINT('',(0.06496062992126,0.071456692913386,-0.513681102480086));
#1668=DIRECTION('',(1.0,0.0,0.0));
#1669=DIRECTION('',(0.0,0.0,-1.0));
#1670=AXIS2_PLACEMENT_3D('',#1667,#1668,#1669);
#1671=PLANE('',#1670);
#1672=ORIENTED_EDGE('',*,*,#1611,.T.);
#1673=CARTESIAN_POINT('',(0.06496062992126,-0.06496062992126,-0.509842519741173));
#1674=VERTEX_POINT('',#1673);
#1675=CARTESIAN_POINT('',(0.06496062992126,-0.06496062992126,-0.509842519741174));
#1676=DIRECTION('',(0.0,0.0,1.0));
#1677=VECTOR('',#1676,0.076771653599441);
#1678=LINE('',#1675,#1677);
#1679=EDGE_CURVE('',#1674,#1596,#1678,.T.);
#1680=ORIENTED_EDGE('',*,*,#1679,.F.);
#1681=CARTESIAN_POINT('',(0.06496062992126,0.06496062992126,-0.50984251968504));
#1682=DIRECTION('',(0.0,-1.0,0.0));
#1683=VECTOR('',#1682,0.12992125984252);
#1684=LINE('',#1681,#1683);
#1685=EDGE_CURVE('',#1643,#1674,#1684,.T.);
#1686=ORIENTED_EDGE('',*,*,#1685,.F.);
#1687=ORIENTED_EDGE('',*,*,#1648,.T.);
#1688=EDGE_LOOP('',(#1672,#1680,#1686,#1687));
#1689=FACE_OUTER_BOUND('',#1688,.T.);
#1690=ADVANCED_FACE('',(#1689),#1671,.T.);
#1691=CARTESIAN_POINT('',(-0.048720472440945,0.048474409448819,-0.344488188976378));
#1692=DIRECTION('',(0.0,0.0,-1.0));
#1693=DIRECTION('',(-1.0,0.0,0.0));
#1694=AXIS2_PLACEMENT_3D('',#1691,#1692,#1693);
#1695=PLANE('',#1694);
#1696=CARTESIAN_POINT('',(0.044291338582677,-0.039370078740157,-0.344488188976378));
#1697=VERTEX_POINT('',#1696);
#1698=CARTESIAN_POINT('',(0.044291338582677,5.955428E-018,-0.344488188976378));
#1699=VERTEX_POINT('',#1698);
#1700=CARTESIAN_POINT('',(0.044291338582677,-0.039370078740157,-0.344488188976378));
#1701=DIRECTION('',(0.0,1.0,0.0));
#1702=VECTOR('',#1701,0.039370078740157);
#1703=LINE('',#1700,#1702);
#1704=EDGE_CURVE('',#1697,#1699,#1703,.T.);
#1705=ORIENTED_EDGE('',*,*,#1704,.T.);
#1706=CARTESIAN_POINT('',(-0.044291338582677,7.284927E-018,-0.344488188976378));
#1707=VERTEX_POINT('',#1706);
#1708=CARTESIAN_POINT('',(-1.639109E-017,9.062303E-032,-0.344488188976378));
#1709=DIRECTION('',(0.0,0.0,1.0));
#1710=DIRECTION('',(-1.0,0.0,0.0));
#1711=AXIS2_PLACEMENT_3D('',#1708,#1709,#1710);
#1712=CIRCLE('',#1711,0.044291338582677);
#1713=EDGE_CURVE('',#1699,#1707,#1712,.T.);
#1714=ORIENTED_EDGE('',*,*,#1713,.T.);
#1715=CARTESIAN_POINT('',(-0.044291338582677,-0.039370078740157,-0.344488188976378));
#1716=VERTEX_POINT('',#1715);
#1717=CARTESIAN_POINT('',(-0.044291338582677,7.284927E-018,-0.344488188976378));
#1718=DIRECTION('',(0.0,-1.0,0.0));
#1719=VECTOR('',#1718,0.039370078740157);
#1720=LINE('',#1717,#1719);
#1721=EDGE_CURVE('',#1707,#1716,#1720,.T.);
#1722=ORIENTED_EDGE('',*,*,#1721,.T.);
#1723=CARTESIAN_POINT('',(0.044291338582677,-0.039370078740157,-0.344488188976378));
#1724=DIRECTION('',(-1.0,0.0,0.0));
#1725=VECTOR('',#1724,0.088582677165354);
#1726=LINE('',#1723,#1725);
#1727=EDGE_CURVE('',#1697,#1716,#1726,.T.);
#1728=ORIENTED_EDGE('',*,*,#1727,.F.);
#1729=EDGE_LOOP('',(#1705,#1714,#1722,#1728));
#1730=FACE_OUTER_BOUND('',#1729,.T.);
#1731=ADVANCED_FACE('',(#1730),#1695,.F.);
#1732=CARTESIAN_POINT('',(-1.639109E-017,8.936315E-032,-0.166732283464567));
#1733=DIRECTION('',(0.0,0.0,-1.0));
#1734=DIRECTION('',(0.0,-1.0,0.0));
#1735=AXIS2_PLACEMENT_3D('',#1732,#1733,#1734);
#1736=CYLINDRICAL_SURFACE('',#1735,0.044291338582677);
#1737=ORIENTED_EDGE('',*,*,#1713,.F.);
#1738=CARTESIAN_POINT('',(0.044291338582677,7.284927E-018,-0.175196850393701));
#1739=VERTEX_POINT('',#1738);
#1740=CARTESIAN_POINT('',(0.044291338582677,1.092739E-017,-0.175196850393701));
#1741=DIRECTION('',(0.0,0.0,-1.0));
#1742=VECTOR('',#1741,0.169291338582677);
#1743=LINE('',#1740,#1742);
#1744=EDGE_CURVE('',#1739,#1699,#1743,.T.);
#1745=ORIENTED_EDGE('',*,*,#1744,.F.);
#1746=CARTESIAN_POINT('',(-0.044291338582677,7.284927E-018,-0.175196850393701));
#1747=VERTEX_POINT('',#1746);
#1748=CARTESIAN_POINT('',(-1.639109E-017,9.062303E-032,-0.175196850393701));
#1749=DIRECTION('',(0.0,0.0,-1.0));
#1750=DIRECTION('',(-1.0,0.0,0.0));
#1751=AXIS2_PLACEMENT_3D('',#1748,#1749,#1750);
#1752=CIRCLE('',#1751,0.044291338582677);
#1753=EDGE_CURVE('',#1747,#1739,#1752,.T.);
#1754=ORIENTED_EDGE('',*,*,#1753,.F.);
#1755=CARTESIAN_POINT('',(-0.044291338582677,1.092739E-017,-0.175196850393701));
#1756=DIRECTION('',(0.0,0.0,-1.0));
#1757=VECTOR('',#1756,0.169291338582677);
#1758=LINE('',#1755,#1757);
#1759=EDGE_CURVE('',#1747,#1707,#1758,.T.);
#1760=ORIENTED_EDGE('',*,*,#1759,.T.);
#1761=EDGE_LOOP('',(#1737,#1745,#1754,#1760));
#1762=FACE_OUTER_BOUND('',#1761,.T.);
#1763=ADVANCED_FACE('',(#1762),#1736,.F.);
#1764=CARTESIAN_POINT('',(-0.048720472440945,-0.039370078740157,-0.343996062992126));
#1765=DIRECTION('',(0.0,-1.0,0.0));
#1766=DIRECTION('',(0.0,0.0,-1.0));
#1767=AXIS2_PLACEMENT_3D('',#1764,#1765,#1766);
#1768=PLANE('',#1767);
#1769=ORIENTED_EDGE('',*,*,#1727,.T.);
#1770=CARTESIAN_POINT('',(-0.044291338582677,-0.039370078740157,-0.354330708661418));
#1771=VERTEX_POINT('',#1770);
#1772=CARTESIAN_POINT('',(-0.044291338582677,-0.039370078740157,-0.344488188976378));
#1773=DIRECTION('',(0.0,0.0,-1.0));
#1774=VECTOR('',#1773,0.00984251968504);
#1775=LINE('',#1772,#1774);
#1776=EDGE_CURVE('',#1716,#1771,#1775,.T.);
#1777=ORIENTED_EDGE('',*,*,#1776,.T.);
#1778=CARTESIAN_POINT('',(0.044291338582677,-0.039370078740157,-0.354330708661418));
#1779=VERTEX_POINT('',#1778);
#1780=CARTESIAN_POINT('',(-0.044291338582677,-0.039370078740157,-0.354330708661418));
#1781=DIRECTION('',(1.0,0.0,0.0));
#1782=VECTOR('',#1781,0.088582677165354);
#1783=LINE('',#1780,#1782);
#1784=EDGE_CURVE('',#1771,#1779,#1783,.T.);
#1785=ORIENTED_EDGE('',*,*,#1784,.T.);
#1786=CARTESIAN_POINT('',(0.044291338582677,-0.039370078740157,-0.354330708661418));
#1787=DIRECTION('',(0.0,0.0,1.0));
#1788=VECTOR('',#1787,0.00984251968504);
#1789=LINE('',#1786,#1788);
#1790=EDGE_CURVE('',#1779,#1697,#1789,.T.);
#1791=ORIENTED_EDGE('',*,*,#1790,.T.);
#1792=EDGE_LOOP('',(#1769,#1777,#1785,#1791));
#1793=FACE_OUTER_BOUND('',#1792,.T.);
#1794=ADVANCED_FACE('',(#1793),#1768,.T.);
#1795=CARTESIAN_POINT('',(-0.048720472440945,0.103346456692914,-0.175196850393701));
#1796=DIRECTION('',(0.0,0.0,-1.0));
#1797=DIRECTION('',(-1.0,0.0,0.0));
#1798=AXIS2_PLACEMENT_3D('',#1795,#1796,#1797);
#1799=PLANE('',#1798);
#1800=ORIENTED_EDGE('',*,*,#1753,.T.);
#1801=CARTESIAN_POINT('',(0.044291338582677,0.098425196850394,-0.175196850393701));
#1802=VERTEX_POINT('',#1801);
#1803=CARTESIAN_POINT('',(0.044291338582677,7.284927E-018,-0.175196850393701));
#1804=DIRECTION('',(0.0,1.0,0.0));
#1805=VECTOR('',#1804,0.098425196850394);
#1806=LINE('',#1803,#1805);
#1807=EDGE_CURVE('',#1739,#1802,#1806,.T.);
#1808=ORIENTED_EDGE('',*,*,#1807,.T.);
#1809=CARTESIAN_POINT('',(-0.044291338582677,0.098425196850394,-0.175196850393701));
#1810=VERTEX_POINT('',#1809);
#1811=CARTESIAN_POINT('',(-0.044291338582677,0.098425196850394,-0.175196850393701));
#1812=DIRECTION('',(1.0,0.0,0.0));
#1813=VECTOR('',#1812,0.088582677165354);
#1814=LINE('',#1811,#1813);
#1815=EDGE_CURVE('',#1810,#1802,#1814,.T.);
#1816=ORIENTED_EDGE('',*,*,#1815,.F.);
#1817=CARTESIAN_POINT('',(-0.044291338582677,7.284927E-018,-0.175196850393701));
#1818=DIRECTION('',(0.0,1.0,0.0));
#1819=VECTOR('',#1818,0.098425196850394);
#1820=LINE('',#1817,#1819);
#1821=EDGE_CURVE('',#1747,#1810,#1820,.T.);
#1822=ORIENTED_EDGE('',*,*,#1821,.F.);
#1823=EDGE_LOOP('',(#1800,#1808,#1816,#1822));
#1824=FACE_OUTER_BOUND('',#1823,.T.);
#1825=ADVANCED_FACE('',(#1824),#1799,.F.);
#1826=CARTESIAN_POINT('',(0.044291338582677,0.108267716535433,-0.365748031496064));
#1827=DIRECTION('',(1.0,0.0,0.0));
#1828=DIRECTION('',(0.0,0.0,-1.0));
#1829=AXIS2_PLACEMENT_3D('',#1826,#1827,#1828);
#1830=PLANE('',#1829);
#1831=ORIENTED_EDGE('',*,*,#1790,.F.);
#1832=CARTESIAN_POINT('',(0.044291338582677,-0.074803149606299,-0.354330708661418));
#1833=VERTEX_POINT('',#1832);
#1834=CARTESIAN_POINT('',(0.044291338582677,-0.074803149606299,-0.354330708661418));
#1835=DIRECTION('',(0.0,1.0,0.0));
#1836=VECTOR('',#1835,0.035433070866142);
#1837=LINE('',#1834,#1836);
#1838=EDGE_CURVE('',#1833,#1779,#1837,.T.);
#1839=ORIENTED_EDGE('',*,*,#1838,.F.);
#1840=CARTESIAN_POINT('',(0.044291338582677,-0.074803149606299,-0.295275590551181));
#1841=DIRECTION('',(0.0,0.0,-1.0));
#1842=VECTOR('',#1841,0.059055118110237);
#1843=LINE('',#1840,#1842);
#1844=EDGE_CURVE('',#685,#1833,#1843,.T.);
#1845=ORIENTED_EDGE('',*,*,#1844,.F.);
#1846=ORIENTED_EDGE('',*,*,#690,.F.);
#1847=ORIENTED_EDGE('',*,*,#785,.F.);
#1848=CARTESIAN_POINT('',(0.044291338582677,-0.098425196850394,-0.125984251968504));
#1849=VERTEX_POINT('',#1848);
#1850=CARTESIAN_POINT('',(0.044291338582677,-0.098425196850394,-0.125984251968504));
#1851=DIRECTION('',(0.0,0.0,-1.0));
#1852=VECTOR('',#1851,0.149606299212599);
#1853=LINE('',#1850,#1852);
#1854=EDGE_CURVE('',#1849,#780,#1853,.T.);
#1855=ORIENTED_EDGE('',*,*,#1854,.F.);
#1856=CARTESIAN_POINT('',(0.044291338582677,0.098425196850394,-0.125984251968504));
#1857=VERTEX_POINT('',#1856);
#1858=CARTESIAN_POINT('',(0.044291338582677,0.098425196850394,-0.125984251968504));
#1859=DIRECTION('',(0.0,-1.0,0.0));
#1860=VECTOR('',#1859,0.196850393700788);
#1861=LINE('',#1858,#1860);
#1862=EDGE_CURVE('',#1857,#1849,#1861,.T.);
#1863=ORIENTED_EDGE('',*,*,#1862,.F.);
#1864=CARTESIAN_POINT('',(0.044291338582677,0.098425196850394,-0.175196850393701));
#1865=DIRECTION('',(0.0,0.0,1.0));
#1866=VECTOR('',#1865,0.049212598425197);
#1867=LINE('',#1864,#1866);
#1868=EDGE_CURVE('',#1802,#1857,#1867,.T.);
#1869=ORIENTED_EDGE('',*,*,#1868,.F.);
#1870=ORIENTED_EDGE('',*,*,#1807,.F.);
#1871=ORIENTED_EDGE('',*,*,#1744,.T.);
#1872=ORIENTED_EDGE('',*,*,#1704,.F.);
#1873=EDGE_LOOP('',(#1831,#1839,#1845,#1846,#1847,#1855,#1863,#1869,#1870,#1871,#1872));
#1874=FACE_OUTER_BOUND('',#1873,.T.);
#1875=ADVANCED_FACE('',(#1874),#1830,.F.);
#1876=CARTESIAN_POINT('',(-0.044291338582677,0.108267716535433,-0.114566929133858));
#1877=DIRECTION('',(-1.0,0.0,0.0));
#1878=DIRECTION('',(0.0,0.0,1.0));
#1879=AXIS2_PLACEMENT_3D('',#1876,#1877,#1878);
#1880=PLANE('',#1879);
#1881=CARTESIAN_POINT('',(-0.044291338582677,-0.098425196850394,-0.125984251968504));
#1882=VERTEX_POINT('',#1881);
#1883=CARTESIAN_POINT('',(-0.044291338582677,-0.098425196850394,-0.275590551181103));
#1884=DIRECTION('',(0.0,0.0,1.0));
#1885=VECTOR('',#1884,0.149606299212599);
#1886=LINE('',#1883,#1885);
#1887=EDGE_CURVE('',#789,#1882,#1886,.T.);
#1888=ORIENTED_EDGE('',*,*,#1887,.F.);
#1889=ORIENTED_EDGE('',*,*,#794,.F.);
#1890=ORIENTED_EDGE('',*,*,#706,.F.);
#1891=CARTESIAN_POINT('',(-0.044291338582677,-0.074803149606299,-0.354330708661418));
#1892=VERTEX_POINT('',#1891);
#1893=CARTESIAN_POINT('',(-0.044291338582677,-0.074803149606299,-0.354330708661418));
#1894=DIRECTION('',(0.0,0.0,1.0));
#1895=VECTOR('',#1894,0.059055118110237);
#1896=LINE('',#1893,#1895);
#1897=EDGE_CURVE('',#1892,#693,#1896,.T.);
#1898=ORIENTED_EDGE('',*,*,#1897,.F.);
#1899=CARTESIAN_POINT('',(-0.044291338582677,-0.074803149606299,-0.354330708661418));
#1900=DIRECTION('',(0.0,1.0,0.0));
#1901=VECTOR('',#1900,0.035433070866142);
#1902=LINE('',#1899,#1901);
#1903=EDGE_CURVE('',#1892,#1771,#1902,.T.);
#1904=ORIENTED_EDGE('',*,*,#1903,.T.);
#1905=ORIENTED_EDGE('',*,*,#1776,.F.);
#1906=ORIENTED_EDGE('',*,*,#1721,.F.);
#1907=ORIENTED_EDGE('',*,*,#1759,.F.);
#1908=ORIENTED_EDGE('',*,*,#1821,.T.);
#1909=CARTESIAN_POINT('',(-0.044291338582677,0.098425196850394,-0.125984251968504));
#1910=VERTEX_POINT('',#1909);
#1911=CARTESIAN_POINT('',(-0.044291338582677,0.098425196850394,-0.125984251968504));
#1912=DIRECTION('',(0.0,0.0,-1.0));
#1913=VECTOR('',#1912,0.049212598425197);
#1914=LINE('',#1911,#1913);
#1915=EDGE_CURVE('',#1910,#1810,#1914,.T.);
#1916=ORIENTED_EDGE('',*,*,#1915,.F.);
#1917=CARTESIAN_POINT('',(-0.044291338582677,-0.098425196850394,-0.125984251968504));
#1918=DIRECTION('',(0.0,1.0,0.0));
#1919=VECTOR('',#1918,0.196850393700788);
#1920=LINE('',#1917,#1919);
#1921=EDGE_CURVE('',#1882,#1910,#1920,.T.);
#1922=ORIENTED_EDGE('',*,*,#1921,.F.);
#1923=EDGE_LOOP('',(#1888,#1889,#1890,#1898,#1904,#1905,#1906,#1907,#1908,#1916,#1922));
#1924=FACE_OUTER_BOUND('',#1923,.T.);
#1925=ADVANCED_FACE('',(#1924),#1880,.F.);
#1926=CARTESIAN_POINT('',(-0.080462598425197,0.108267716535433,-0.125984251968504));
#1927=DIRECTION('',(0.0,0.0,-1.0));
#1928=DIRECTION('',(-1.0,0.0,0.0));
#1929=AXIS2_PLACEMENT_3D('',#1926,#1927,#1928);
#1930=PLANE('',#1929);
#1931=CARTESIAN_POINT('',(-0.072834645669291,-0.023622047244094,-0.125984251968504));
#1932=VERTEX_POINT('',#1931);
#1933=CARTESIAN_POINT('',(-0.078740157480315,-0.023622047244094,-0.125984251968504));
#1934=DIRECTION('',(1.0,0.0,0.0));
#1935=VECTOR('',#1934,0.005905511811024);
#1936=LINE('',#1933,#1935);
#1937=EDGE_CURVE('',#1418,#1932,#1936,.T.);
#1938=ORIENTED_EDGE('',*,*,#1937,.F.);
#1939=ORIENTED_EDGE('',*,*,#1423,.F.);
#1940=CARTESIAN_POINT('',(-0.044291338582677,-0.098425196850394,-0.125984251968504));
#1941=DIRECTION('',(-1.0,0.0,0.0));
#1942=VECTOR('',#1941,0.034448818897638);
#1943=LINE('',#1940,#1942);
#1944=EDGE_CURVE('',#1882,#1410,#1943,.T.);
#1945=ORIENTED_EDGE('',*,*,#1944,.F.);
#1946=ORIENTED_EDGE('',*,*,#1921,.T.);
#1947=CARTESIAN_POINT('',(-0.078740157480315,0.098425196850394,-0.125984251968504));
#1948=DIRECTION('',(1.0,0.0,0.0));
#1949=VECTOR('',#1948,0.034448818897638);
#1950=LINE('',#1947,#1949);
#1951=EDGE_CURVE('',#1450,#1910,#1950,.T.);
#1952=ORIENTED_EDGE('',*,*,#1951,.F.);
#1953=ORIENTED_EDGE('',*,*,#1455,.F.);
#1954=CARTESIAN_POINT('',(-0.072834645669291,0.049212598425197,-0.125984251968504));
#1955=VERTEX_POINT('',#1954);
#1956=CARTESIAN_POINT('',(-0.072834645669291,0.049212598425197,-0.125984251968504));
#1957=DIRECTION('',(-1.0,0.0,0.0));
#1958=VECTOR('',#1957,0.005905511811024);
#1959=LINE('',#1956,#1958);
#1960=EDGE_CURVE('',#1955,#1442,#1959,.T.);
#1961=ORIENTED_EDGE('',*,*,#1960,.F.);
#1962=CARTESIAN_POINT('',(-0.072834645669291,-0.023622047244094,-0.125984251968504));
#1963=DIRECTION('',(0.0,1.0,0.0));
#1964=VECTOR('',#1963,0.072834645669291);
#1965=LINE('',#1962,#1964);
#1966=EDGE_CURVE('',#1932,#1955,#1965,.T.);
#1967=ORIENTED_EDGE('',*,*,#1966,.F.);
#1968=EDGE_LOOP('',(#1938,#1939,#1945,#1946,#1952,#1953,#1961,#1967));
#1969=FACE_OUTER_BOUND('',#1968,.T.);
#1970=ADVANCED_FACE('',(#1969),#1930,.F.);
#1971=CARTESIAN_POINT('',(0.042568897637795,0.108267716535433,-0.125984251968504));
#1972=DIRECTION('',(0.0,0.0,-1.0));
#1973=DIRECTION('',(-1.0,0.0,0.0));
#1974=AXIS2_PLACEMENT_3D('',#1971,#1972,#1973);
#1975=PLANE('',#1974);
#1976=CARTESIAN_POINT('',(0.072834645669291,0.049212598425197,-0.125984251968504));
#1977=VERTEX_POINT('',#1976);
#1978=CARTESIAN_POINT('',(0.078740157480315,0.049212598425197,-0.125984251968504));
#1979=DIRECTION('',(-1.0,0.0,0.0));
#1980=VECTOR('',#1979,0.005905511811024);
#1981=LINE('',#1978,#1980);
#1982=EDGE_CURVE('',#1252,#1977,#1981,.T.);
#1983=ORIENTED_EDGE('',*,*,#1982,.F.);
#1984=ORIENTED_EDGE('',*,*,#1257,.F.);
#1985=CARTESIAN_POINT('',(0.044291338582677,0.098425196850394,-0.125984251968504));
#1986=DIRECTION('',(1.0,0.0,0.0));
#1987=VECTOR('',#1986,0.034448818897638);
#1988=LINE('',#1985,#1987);
#1989=EDGE_CURVE('',#1857,#1244,#1988,.T.);
#1990=ORIENTED_EDGE('',*,*,#1989,.F.);
#1991=ORIENTED_EDGE('',*,*,#1862,.T.);
#1992=CARTESIAN_POINT('',(0.078740157480315,-0.098425196850394,-0.125984251968504));
#1993=DIRECTION('',(-1.0,0.0,0.0));
#1994=VECTOR('',#1993,0.034448818897638);
#1995=LINE('',#1992,#1994);
#1996=EDGE_CURVE('',#1284,#1849,#1995,.T.);
#1997=ORIENTED_EDGE('',*,*,#1996,.F.);
#1998=ORIENTED_EDGE('',*,*,#1289,.F.);
#1999=CARTESIAN_POINT('',(0.072834645669291,-0.023622047244094,-0.125984251968504));
#2000=VERTEX_POINT('',#1999);
#2001=CARTESIAN_POINT('',(0.072834645669291,-0.023622047244094,-0.125984251968504));
#2002=DIRECTION('',(1.0,0.0,0.0));
#2003=VECTOR('',#2002,0.005905511811024);
#2004=LINE('',#2001,#2003);
#2005=EDGE_CURVE('',#2000,#1276,#2004,.T.);
#2006=ORIENTED_EDGE('',*,*,#2005,.F.);
#2007=CARTESIAN_POINT('',(0.072834645669291,0.049212598425197,-0.125984251968504));
#2008=DIRECTION('',(0.0,-1.0,0.0));
#2009=VECTOR('',#2008,0.072834645669291);
#2010=LINE('',#2007,#2009);
#2011=EDGE_CURVE('',#1977,#2000,#2010,.T.);
#2012=ORIENTED_EDGE('',*,*,#2011,.F.);
#2013=EDGE_LOOP('',(#1983,#1984,#1990,#1991,#1997,#1998,#2006,#2012));
#2014=FACE_OUTER_BOUND('',#2013,.T.);
#2015=ADVANCED_FACE('',(#2014),#1975,.F.);
#2016=CARTESIAN_POINT('',(-0.048720472440945,-0.03759842519685,-0.354330708661418));
#2017=DIRECTION('',(0.0,0.0,-1.0));
#2018=DIRECTION('',(-1.0,0.0,0.0));
#2019=AXIS2_PLACEMENT_3D('',#2016,#2017,#2018);
#2020=PLANE('',#2019);
#2021=CARTESIAN_POINT('',(0.044291338582677,-0.074803149606299,-0.354330708661418));
#2022=DIRECTION('',(-1.0,0.0,0.0));
#2023=VECTOR('',#2022,0.088582677165354);
#2024=LINE('',#2021,#2023);
#2025=EDGE_CURVE('',#1833,#1892,#2024,.T.);
#2026=ORIENTED_EDGE('',*,*,#2025,.F.);
#2027=ORIENTED_EDGE('',*,*,#1838,.T.);
#2028=ORIENTED_EDGE('',*,*,#1784,.F.);
#2029=ORIENTED_EDGE('',*,*,#1903,.F.);
#2030=EDGE_LOOP('',(#2026,#2027,#2028,#2029));
#2031=FACE_OUTER_BOUND('',#2030,.T.);
#2032=ADVANCED_FACE('',(#2031),#2020,.F.);
#2033=CARTESIAN_POINT('',(-0.06496062992126,-0.074803149606299,-0.290354330708661));
#2034=DIRECTION('',(0.0,-1.0,0.0));
#2035=DIRECTION('',(0.0,0.0,-1.0));
#2036=AXIS2_PLACEMENT_3D('',#2033,#2034,#2035);
#2037=PLANE('',#2036);
#2038=ORIENTED_EDGE('',*,*,#971,.T.);
#2039=ORIENTED_EDGE('',*,*,#1844,.T.);
#2040=ORIENTED_EDGE('',*,*,#2025,.T.);
#2041=ORIENTED_EDGE('',*,*,#1897,.T.);
#2042=ORIENTED_EDGE('',*,*,#962,.T.);
#2043=ORIENTED_EDGE('',*,*,#1326,.F.);
#2044=CARTESIAN_POINT('',(0.059055118110236,-0.074803149606299,-0.393700787401575));
#2045=VERTEX_POINT('',#2044);
#2046=CARTESIAN_POINT('',(-0.059055118110236,-0.074803149606299,-0.393700787401575));
#2047=DIRECTION('',(1.0,0.0,0.0));
#2048=VECTOR('',#2047,0.118110236220472);
#2049=LINE('',#2046,#2048);
#2050=EDGE_CURVE('',#1315,#2045,#2049,.T.);
#2051=ORIENTED_EDGE('',*,*,#2050,.T.);
#2052=CARTESIAN_POINT('',(0.059055118110236,-0.074803149606299,-0.393700787401575));
#2053=DIRECTION('',(0.0,0.0,1.0));
#2054=VECTOR('',#2053,0.098425196850394);
#2055=LINE('',#2052,#2054);
#2056=EDGE_CURVE('',#2045,#966,#2055,.T.);
#2057=ORIENTED_EDGE('',*,*,#2056,.T.);
#2058=EDGE_LOOP('',(#2038,#2039,#2040,#2041,#2042,#2043,#2051,#2057));
#2059=FACE_OUTER_BOUND('',#2058,.T.);
#2060=ADVANCED_FACE('',(#2059),#2037,.T.);
#2061=CARTESIAN_POINT('',(-0.080462598425197,-0.098425196850394,-0.118503937007874));
#2062=DIRECTION('',(0.0,-1.0,0.0));
#2063=DIRECTION('',(0.0,0.0,-1.0));
#2064=AXIS2_PLACEMENT_3D('',#2061,#2062,#2063);
#2065=PLANE('',#2064);
#2066=ORIENTED_EDGE('',*,*,#1887,.T.);
#2067=ORIENTED_EDGE('',*,*,#1944,.T.);
#2068=ORIENTED_EDGE('',*,*,#1415,.F.);
#2069=ORIENTED_EDGE('',*,*,#802,.T.);
#2070=EDGE_LOOP('',(#2066,#2067,#2068,#2069));
#2071=FACE_OUTER_BOUND('',#2070,.T.);
#2072=ADVANCED_FACE('',(#2071),#2065,.T.);
#2073=CARTESIAN_POINT('',(0.042568897637795,-0.098425196850394,-0.118503937007874));
#2074=DIRECTION('',(0.0,-1.0,0.0));
#2075=DIRECTION('',(0.0,0.0,-1.0));
#2076=AXIS2_PLACEMENT_3D('',#2073,#2074,#2075);
#2077=PLANE('',#2076);
#2078=ORIENTED_EDGE('',*,*,#1854,.T.);
#2079=ORIENTED_EDGE('',*,*,#832,.T.);
#2080=ORIENTED_EDGE('',*,*,#1295,.T.);
#2081=ORIENTED_EDGE('',*,*,#1996,.T.);
#2082=EDGE_LOOP('',(#2078,#2079,#2080,#2081));
#2083=FACE_OUTER_BOUND('',#2082,.T.);
#2084=ADVANCED_FACE('',(#2083),#2077,.T.);
#2085=CARTESIAN_POINT('',(-0.071456692913386,-0.05511811023622,-0.50984251968504));
#2086=DIRECTION('',(1.0,0.0,0.0));
#2087=DIRECTION('',(0.0,0.707106781186547,0.707106781186548));
#2088=AXIS2_PLACEMENT_3D('',#2085,#2086,#2087);
#2089=CYLINDRICAL_SURFACE('',#2088,0.009842519685039);
#2090=CARTESIAN_POINT('',(-0.05511811023622,-0.05511811023622,-0.519685039370079));
#2091=VERTEX_POINT('',#2090);
#2092=CARTESIAN_POINT('',(0.05511811023622,-0.05511811023622,-0.519685039370079));
#2093=VERTEX_POINT('',#2092);
#2094=CARTESIAN_POINT('',(-0.05511811023622,-0.05511811023622,-0.519685039370079));
#2095=DIRECTION('',(1.0,0.0,0.0));
#2096=VECTOR('',#2095,0.11023622047244);
#2097=LINE('',#2094,#2096);
#2098=EDGE_CURVE('',#2091,#2093,#2097,.T.);
#2099=ORIENTED_EDGE('',*,*,#2098,.T.);
#2100=CARTESIAN_POINT('',(0.05511811023622,-0.05511811023622,-0.50984251968504));
#2101=DIRECTION('',(-0.707106781186548,-0.707106781186547,0.0));
#2102=DIRECTION('',(-0.707106781186547,0.707106781186548,0.0));
#2103=AXIS2_PLACEMENT_3D('',#2100,#2101,#2102);
#2104=ELLIPSE('',#2103,0.013919424826507,0.009842519685039);
#2105=EDGE_CURVE('',#2093,#1674,#2104,.T.);
#2106=ORIENTED_EDGE('',*,*,#2105,.T.);
#2107=CARTESIAN_POINT('',(-0.06496062992126,-0.06496062992126,-0.50984251968504));
#2108=VERTEX_POINT('',#2107);
#2109=CARTESIAN_POINT('',(0.06496062992126,-0.06496062992126,-0.50984251968504));
#2110=DIRECTION('',(-1.0,0.0,0.0));
#2111=VECTOR('',#2110,0.12992125984252);
#2112=LINE('',#2109,#2111);
#2113=EDGE_CURVE('',#1674,#2108,#2112,.T.);
#2114=ORIENTED_EDGE('',*,*,#2113,.T.);
#2115=CARTESIAN_POINT('',(-0.05511811023622,-0.05511811023622,-0.50984251968504));
#2116=DIRECTION('',(0.707106781186548,-0.707106781186547,0.0));
#2117=DIRECTION('',(-0.707106781186547,-0.707106781186548,0.0));
#2118=AXIS2_PLACEMENT_3D('',#2115,#2116,#2117);
#2119=ELLIPSE('',#2118,0.013919424826507,0.009842519685039);
#2120=EDGE_CURVE('',#2108,#2091,#2119,.T.);
#2121=ORIENTED_EDGE('',*,*,#2120,.T.);
#2122=EDGE_LOOP('',(#2099,#2106,#2114,#2121));
#2123=FACE_OUTER_BOUND('',#2122,.T.);
#2124=ADVANCED_FACE('',(#2123),#2089,.T.);
#2125=CARTESIAN_POINT('',(0.071456692913386,0.055118110236221,-0.50984251968504));
#2126=DIRECTION('',(-1.0,0.0,0.0));
#2127=DIRECTION('',(0.0,-0.707106781186511,0.707106781186584));
#2128=AXIS2_PLACEMENT_3D('',#2125,#2126,#2127);
#2129=CYLINDRICAL_SURFACE('',#2128,0.009842519685039);
#2130=CARTESIAN_POINT('',(0.05511811023622,0.05511811023622,-0.519685039370079));
#2131=VERTEX_POINT('',#2130);
#2132=CARTESIAN_POINT('',(-0.05511811023622,0.055118110236221,-0.519685039370079));
#2133=VERTEX_POINT('',#2132);
#2134=CARTESIAN_POINT('',(0.05511811023622,0.055118110236221,-0.519685039370079));
#2135=DIRECTION('',(-1.0,0.0,0.0));
#2136=VECTOR('',#2135,0.11023622047244);
#2137=LINE('',#2134,#2136);
#2138=EDGE_CURVE('',#2131,#2133,#2137,.T.);
#2139=ORIENTED_EDGE('',*,*,#2138,.T.);
#2140=CARTESIAN_POINT('',(-0.05511811023622,0.055118110236221,-0.50984251968504));
#2141=DIRECTION('',(0.707106781186548,0.707106781186548,0.0));
#2142=DIRECTION('',(0.707106781186548,-0.707106781186548,0.0));
#2143=AXIS2_PLACEMENT_3D('',#2140,#2141,#2142);
#2144=ELLIPSE('',#2143,0.013919424826507,0.009842519685039);
#2145=EDGE_CURVE('',#2133,#1651,#2144,.T.);
#2146=ORIENTED_EDGE('',*,*,#2145,.T.);
#2147=ORIENTED_EDGE('',*,*,#1656,.T.);
#2148=CARTESIAN_POINT('',(0.05511811023622,0.05511811023622,-0.50984251968504));
#2149=DIRECTION('',(0.707106781186548,-0.707106781186548,0.0));
#2150=DIRECTION('',(-0.707106781186548,-0.707106781186548,0.0));
#2151=AXIS2_PLACEMENT_3D('',#2148,#2149,#2150);
#2152=ELLIPSE('',#2151,0.013919424826507,0.009842519685039);
#2153=EDGE_CURVE('',#2131,#1643,#2152,.T.);
#2154=ORIENTED_EDGE('',*,*,#2153,.F.);
#2155=EDGE_LOOP('',(#2139,#2146,#2147,#2154));
#2156=FACE_OUTER_BOUND('',#2155,.T.);
#2157=ADVANCED_FACE('',(#2156),#2129,.T.);
#2158=CARTESIAN_POINT('',(-0.05511811023622,0.071456692913386,-0.50984251968504));
#2159=DIRECTION('',(0.0,-1.0,0.0));
#2160=DIRECTION('',(0.707106781186547,0.0,0.707106781186548));
#2161=AXIS2_PLACEMENT_3D('',#2158,#2159,#2160);
#2162=CYLINDRICAL_SURFACE('',#2161,0.009842519685039);
#2163=CARTESIAN_POINT('',(-0.05511811023622,0.055118110236221,-0.519685039370079));
#2164=DIRECTION('',(0.0,-1.0,0.0));
#2165=VECTOR('',#2164,0.110236220472441);
#2166=LINE('',#2163,#2165);
#2167=EDGE_CURVE('',#2133,#2091,#2166,.T.);
#2168=ORIENTED_EDGE('',*,*,#2167,.T.);
#2169=ORIENTED_EDGE('',*,*,#2120,.F.);
#2170=CARTESIAN_POINT('',(-0.06496062992126,-0.06496062992126,-0.50984251968504));
#2171=DIRECTION('',(0.0,1.0,0.0));
#2172=VECTOR('',#2171,0.12992125984252);
#2173=LINE('',#2170,#2172);
#2174=EDGE_CURVE('',#2108,#1651,#2173,.T.);
#2175=ORIENTED_EDGE('',*,*,#2174,.T.);
#2176=ORIENTED_EDGE('',*,*,#2145,.F.);
#2177=EDGE_LOOP('',(#2168,#2169,#2175,#2176));
#2178=FACE_OUTER_BOUND('',#2177,.T.);
#2179=ADVANCED_FACE('',(#2178),#2162,.T.);
#2180=CARTESIAN_POINT('',(0.05511811023622,-0.071456692913386,-0.50984251968504));
#2181=DIRECTION('',(0.0,1.0,0.0));
#2182=DIRECTION('',(-0.707106781186548,0.0,0.707106781186547));
#2183=AXIS2_PLACEMENT_3D('',#2180,#2181,#2182);
#2184=CYLINDRICAL_SURFACE('',#2183,0.009842519685039);
#2185=CARTESIAN_POINT('',(0.05511811023622,-0.05511811023622,-0.519685039370079));
#2186=DIRECTION('',(0.0,1.0,0.0));
#2187=VECTOR('',#2186,0.11023622047244);
#2188=LINE('',#2185,#2187);
#2189=EDGE_CURVE('',#2093,#2131,#2188,.T.);
#2190=ORIENTED_EDGE('',*,*,#2189,.T.);
#2191=ORIENTED_EDGE('',*,*,#2153,.T.);
#2192=ORIENTED_EDGE('',*,*,#1685,.T.);
#2193=ORIENTED_EDGE('',*,*,#2105,.F.);
#2194=EDGE_LOOP('',(#2190,#2191,#2192,#2193));
#2195=FACE_OUTER_BOUND('',#2194,.T.);
#2196=ADVANCED_FACE('',(#2195),#2184,.T.);
#2197=CARTESIAN_POINT('',(-0.060629921259842,0.060629921259843,-0.519685039370079));
#2198=DIRECTION('',(0.0,0.0,-1.0));
#2199=DIRECTION('',(-1.0,0.0,0.0));
#2200=AXIS2_PLACEMENT_3D('',#2197,#2198,#2199);
#2201=PLANE('',#2200);
#2202=ORIENTED_EDGE('',*,*,#2138,.F.);
#2203=ORIENTED_EDGE('',*,*,#2189,.F.);
#2204=ORIENTED_EDGE('',*,*,#2098,.F.);
#2205=ORIENTED_EDGE('',*,*,#2167,.F.);
#2206=EDGE_LOOP('',(#2202,#2203,#2204,#2205));
#2207=FACE_OUTER_BOUND('',#2206,.T.);
#2208=ADVANCED_FACE('',(#2207),#2201,.T.);
#2209=CARTESIAN_POINT('',(-0.086614173228346,0.098425196850394,-0.283070866141733));
#2210=DIRECTION('',(0.0,1.0,0.0));
#2211=DIRECTION('',(0.0,0.0,1.0));
#2212=AXIS2_PLACEMENT_3D('',#2209,#2210,#2211);
#2213=PLANE('',#2212);
#2214=ORIENTED_EDGE('',*,*,#1868,.T.);
#2215=ORIENTED_EDGE('',*,*,#1989,.T.);
#2216=ORIENTED_EDGE('',*,*,#1249,.F.);
#2217=ORIENTED_EDGE('',*,*,#818,.T.);
#2218=ORIENTED_EDGE('',*,*,#1461,.T.);
#2219=ORIENTED_EDGE('',*,*,#1951,.T.);
#2220=ORIENTED_EDGE('',*,*,#1915,.T.);
#2221=ORIENTED_EDGE('',*,*,#1815,.T.);
#2222=EDGE_LOOP('',(#2214,#2215,#2216,#2217,#2218,#2219,#2220,#2221));
#2223=FACE_OUTER_BOUND('',#2222,.T.);
#2224=ADVANCED_FACE('',(#2223),#2213,.T.);
#2225=CARTESIAN_POINT('',(-0.086614173228346,0.086614173228346,-0.393700787401575));
#2226=DIRECTION('',(0.0,0.0,-1.0));
#2227=DIRECTION('',(-1.0,0.0,0.0));
#2228=AXIS2_PLACEMENT_3D('',#2225,#2226,#2227);
#2229=PLANE('',#2228);
#2230=CARTESIAN_POINT('',(-0.063976377952756,0.078740157480315,-0.393700787401575));
#2231=VERTEX_POINT('',#2230);
#2232=CARTESIAN_POINT('',(-0.063976377952756,-0.029527559055118,-0.393700787401575));
#2233=VERTEX_POINT('',#2232);
#2234=CARTESIAN_POINT('',(-0.063976377952756,0.078740157480315,-0.393700787401575));
#2235=DIRECTION('',(0.0,-1.0,0.0));
#2236=VECTOR('',#2235,0.108267716535433);
#2237=LINE('',#2234,#2236);
#2238=EDGE_CURVE('',#2231,#2233,#2237,.T.);
#2239=ORIENTED_EDGE('',*,*,#2238,.F.);
#2240=CARTESIAN_POINT('',(-0.048228346456693,0.078740157480315,-0.393700787401575));
#2241=VERTEX_POINT('',#2240);
#2242=CARTESIAN_POINT('',(-0.048228346456693,0.078740157480315,-0.393700787401575));
#2243=DIRECTION('',(-1.0,0.0,0.0));
#2244=VECTOR('',#2243,0.015748031496063);
#2245=LINE('',#2242,#2244);
#2246=EDGE_CURVE('',#2241,#2231,#2245,.T.);
#2247=ORIENTED_EDGE('',*,*,#2246,.F.);
#2248=CARTESIAN_POINT('',(-0.048228346456693,0.074803149606299,-0.393700787401575));
#2249=VERTEX_POINT('',#2248);
#2250=CARTESIAN_POINT('',(-0.048228346456693,0.074803149606299,-0.393700787401575));
#2251=DIRECTION('',(0.0,1.0,0.0));
#2252=VECTOR('',#2251,0.003937007874016);
#2253=LINE('',#2250,#2252);
#2254=EDGE_CURVE('',#2249,#2241,#2253,.T.);
#2255=ORIENTED_EDGE('',*,*,#2254,.F.);
#2256=CARTESIAN_POINT('',(0.048228346456693,0.074803149606299,-0.393700787401575));
#2257=VERTEX_POINT('',#2256);
#2258=CARTESIAN_POINT('',(0.048228346456693,0.074803149606299,-0.393700787401575));
#2259=DIRECTION('',(-1.0,0.0,0.0));
#2260=VECTOR('',#2259,0.096456692913386);
#2261=LINE('',#2258,#2260);
#2262=EDGE_CURVE('',#2257,#2249,#2261,.T.);
#2263=ORIENTED_EDGE('',*,*,#2262,.F.);
#2264=CARTESIAN_POINT('',(0.048228346456693,0.078740157480315,-0.393700787401575));
#2265=VERTEX_POINT('',#2264);
#2266=CARTESIAN_POINT('',(0.048228346456693,0.078740157480315,-0.393700787401575));
#2267=DIRECTION('',(0.0,-1.0,0.0));
#2268=VECTOR('',#2267,0.003937007874016);
#2269=LINE('',#2266,#2268);
#2270=EDGE_CURVE('',#2265,#2257,#2269,.T.);
#2271=ORIENTED_EDGE('',*,*,#2270,.F.);
#2272=CARTESIAN_POINT('',(0.063976377952756,0.078740157480315,-0.393700787401575));
#2273=DIRECTION('',(-1.0,0.0,0.0));
#2274=VECTOR('',#2273,0.015748031496063);
#2275=LINE('',#2272,#2274);
#2276=EDGE_CURVE('',#1197,#2265,#2275,.T.);
#2277=ORIENTED_EDGE('',*,*,#2276,.F.);
#2278=ORIENTED_EDGE('',*,*,#1202,.T.);
#2279=ORIENTED_EDGE('',*,*,#1231,.F.);
#2280=ORIENTED_EDGE('',*,*,#1397,.F.);
#2281=CARTESIAN_POINT('',(0.059055118110236,-0.078740157480315,-0.393700787401575));
#2282=VERTEX_POINT('',#2281);
#2283=CARTESIAN_POINT('',(0.059055118110236,-0.078740157480315,-0.393700787401575));
#2284=DIRECTION('',(1.0,0.0,0.0));
#2285=VECTOR('',#2284,0.019685039370079);
#2286=LINE('',#2283,#2285);
#2287=EDGE_CURVE('',#2282,#1386,#2286,.T.);
#2288=ORIENTED_EDGE('',*,*,#2287,.F.);
#2289=CARTESIAN_POINT('',(0.059055118110236,-0.074803149606299,-0.393700787401575));
#2290=DIRECTION('',(0.0,-1.0,0.0));
#2291=VECTOR('',#2290,0.003937007874016);
#2292=LINE('',#2289,#2291);
#2293=EDGE_CURVE('',#2045,#2282,#2292,.T.);
#2294=ORIENTED_EDGE('',*,*,#2293,.F.);
#2295=ORIENTED_EDGE('',*,*,#2050,.F.);
#2296=ORIENTED_EDGE('',*,*,#1320,.F.);
#2297=ORIENTED_EDGE('',*,*,#1349,.F.);
#2298=ORIENTED_EDGE('',*,*,#1373,.F.);
#2299=CARTESIAN_POINT('',(-0.078740157480315,-0.029527559055118,-0.393700787401575));
#2300=DIRECTION('',(1.0,0.0,0.0));
#2301=VECTOR('',#2300,0.014763779527559);
#2302=LINE('',#2299,#2301);
#2303=EDGE_CURVE('',#1362,#2233,#2302,.T.);
#2304=ORIENTED_EDGE('',*,*,#2303,.T.);
#2305=EDGE_LOOP('',(#2239,#2247,#2255,#2263,#2271,#2277,#2278,#2279,#2280,#2288,#2294,#2295,#2296,#2297,#2298,#2304));
#2306=FACE_OUTER_BOUND('',#2305,.T.);
#2307=ORIENTED_EDGE('',*,*,#1479,.F.);
#2308=ORIENTED_EDGE('',*,*,#1577,.F.);
#2309=ORIENTED_EDGE('',*,*,#1548,.F.);
#2310=ORIENTED_EDGE('',*,*,#1517,.F.);
#2311=EDGE_LOOP('',(#2307,#2308,#2309,#2310));
#2312=FACE_BOUND('',#2311,.T.);
#2313=ADVANCED_FACE('',(#2306,#2312),#2229,.T.);
#2314=CARTESIAN_POINT('',(0.058070866141732,-0.078740157480315,-0.290354330708661));
#2315=DIRECTION('',(0.0,-1.0,0.0));
#2316=DIRECTION('',(0.0,0.0,-1.0));
#2317=AXIS2_PLACEMENT_3D('',#2314,#2315,#2316);
#2318=PLANE('',#2317);
#2319=ORIENTED_EDGE('',*,*,#987,.T.);
#2320=CARTESIAN_POINT('',(0.059055118110236,-0.078740157480315,-0.393700787401575));
#2321=DIRECTION('',(0.0,0.0,1.0));
#2322=VECTOR('',#2321,0.098425196850394);
#2323=LINE('',#2320,#2322);
#2324=EDGE_CURVE('',#2282,#974,#2323,.T.);
#2325=ORIENTED_EDGE('',*,*,#2324,.F.);
#2326=ORIENTED_EDGE('',*,*,#2287,.T.);
#2327=ORIENTED_EDGE('',*,*,#1391,.T.);
#2328=EDGE_LOOP('',(#2319,#2325,#2326,#2327));
#2329=FACE_OUTER_BOUND('',#2328,.T.);
#2330=ADVANCED_FACE('',(#2329),#2318,.T.);
#2331=CARTESIAN_POINT('',(0.059055118110236,-0.074606299212598,-0.290354330708661));
#2332=DIRECTION('',(-1.0,0.0,0.0));
#2333=DIRECTION('',(0.0,0.0,1.0));
#2334=AXIS2_PLACEMENT_3D('',#2331,#2332,#2333);
#2335=PLANE('',#2334);
#2336=ORIENTED_EDGE('',*,*,#979,.T.);
#2337=ORIENTED_EDGE('',*,*,#2056,.F.);
#2338=ORIENTED_EDGE('',*,*,#2293,.T.);
#2339=ORIENTED_EDGE('',*,*,#2324,.T.);
#2340=EDGE_LOOP('',(#2336,#2337,#2338,#2339));
#2341=FACE_OUTER_BOUND('',#2340,.T.);
#2342=ADVANCED_FACE('',(#2341),#2335,.T.);
#2343=CARTESIAN_POINT('',(-0.079478346456693,-0.029527559055118,-0.398622047244095));
#2344=DIRECTION('',(0.0,1.0,0.0));
#2345=DIRECTION('',(0.0,0.0,1.0));
#2346=AXIS2_PLACEMENT_3D('',#2343,#2344,#2345);
#2347=PLANE('',#2346);
#2348=ORIENTED_EDGE('',*,*,#932,.T.);
#2349=CARTESIAN_POINT('',(-0.063976377952756,-0.029527559055118,-0.393700787401575));
#2350=DIRECTION('',(0.0,0.0,1.0));
#2351=VECTOR('',#2350,0.098425196850394);
#2352=LINE('',#2349,#2351);
#2353=EDGE_CURVE('',#2233,#919,#2352,.T.);
#2354=ORIENTED_EDGE('',*,*,#2353,.F.);
#2355=ORIENTED_EDGE('',*,*,#2303,.F.);
#2356=ORIENTED_EDGE('',*,*,#1367,.T.);
#2357=EDGE_LOOP('',(#2348,#2354,#2355,#2356));
#2358=FACE_OUTER_BOUND('',#2357,.T.);
#2359=ADVANCED_FACE('',(#2358),#2347,.T.);
#2360=CARTESIAN_POINT('',(-0.063976377952756,0.084153543307087,-0.290354330708661));
#2361=DIRECTION('',(-1.0,0.0,0.0));
#2362=DIRECTION('',(0.0,0.0,1.0));
#2363=AXIS2_PLACEMENT_3D('',#2360,#2361,#2362);
#2364=PLANE('',#2363);
#2365=ORIENTED_EDGE('',*,*,#924,.T.);
#2366=CARTESIAN_POINT('',(-0.063976377952756,0.078740157480315,-0.393700787401575));
#2367=DIRECTION('',(0.0,0.0,1.0));
#2368=VECTOR('',#2367,0.098425196850394);
#2369=LINE('',#2366,#2368);
#2370=EDGE_CURVE('',#2231,#911,#2369,.T.);
#2371=ORIENTED_EDGE('',*,*,#2370,.F.);
#2372=ORIENTED_EDGE('',*,*,#2238,.T.);
#2373=ORIENTED_EDGE('',*,*,#2353,.T.);
#2374=EDGE_LOOP('',(#2365,#2371,#2372,#2373));
#2375=FACE_OUTER_BOUND('',#2374,.T.);
#2376=ADVANCED_FACE('',(#2375),#2364,.T.);
#2377=CARTESIAN_POINT('',(-0.064763779527559,0.078740157480315,-0.398622047244095));
#2378=DIRECTION('',(0.0,1.0,0.0));
#2379=DIRECTION('',(0.0,0.0,1.0));
#2380=AXIS2_PLACEMENT_3D('',#2377,#2378,#2379);
#2381=PLANE('',#2380);
#2382=ORIENTED_EDGE('',*,*,#916,.T.);
#2383=CARTESIAN_POINT('',(-0.048228346456693,0.078740157480315,-0.393700787401575));
#2384=DIRECTION('',(0.0,0.0,1.0));
#2385=VECTOR('',#2384,0.098425196850394);
#2386=LINE('',#2383,#2385);
#2387=EDGE_CURVE('',#2241,#903,#2386,.T.);
#2388=ORIENTED_EDGE('',*,*,#2387,.F.);
#2389=ORIENTED_EDGE('',*,*,#2246,.T.);
#2390=ORIENTED_EDGE('',*,*,#2370,.T.);
#2391=EDGE_LOOP('',(#2382,#2388,#2389,#2390));
#2392=FACE_OUTER_BOUND('',#2391,.T.);
#2393=ADVANCED_FACE('',(#2392),#2381,.T.);
#2394=CARTESIAN_POINT('',(-0.048228346456693,0.078937007874016,-0.398622047244095));
#2395=DIRECTION('',(1.0,0.0,0.0));
#2396=DIRECTION('',(0.0,0.0,-1.0));
#2397=AXIS2_PLACEMENT_3D('',#2394,#2395,#2396);
#2398=PLANE('',#2397);
#2399=ORIENTED_EDGE('',*,*,#908,.T.);
#2400=CARTESIAN_POINT('',(-0.048228346456693,0.074803149606299,-0.393700787401575));
#2401=DIRECTION('',(0.0,0.0,1.0));
#2402=VECTOR('',#2401,0.098425196850394);
#2403=LINE('',#2400,#2402);
#2404=EDGE_CURVE('',#2249,#895,#2403,.T.);
#2405=ORIENTED_EDGE('',*,*,#2404,.F.);
#2406=ORIENTED_EDGE('',*,*,#2254,.T.);
#2407=ORIENTED_EDGE('',*,*,#2387,.T.);
#2408=EDGE_LOOP('',(#2399,#2405,#2406,#2407));
#2409=FACE_OUTER_BOUND('',#2408,.T.);
#2410=ADVANCED_FACE('',(#2409),#2398,.T.);
#2411=CARTESIAN_POINT('',(-0.053051181102362,0.074803149606299,-0.398622047244095));
#2412=DIRECTION('',(0.0,1.0,0.0));
#2413=DIRECTION('',(0.0,0.0,1.0));
#2414=AXIS2_PLACEMENT_3D('',#2411,#2412,#2413);
#2415=PLANE('',#2414);
#2416=ORIENTED_EDGE('',*,*,#900,.T.);
#2417=CARTESIAN_POINT('',(0.048228346456693,0.074803149606299,-0.393700787401575));
#2418=DIRECTION('',(0.0,0.0,1.0));
#2419=VECTOR('',#2418,0.098425196850394);
#2420=LINE('',#2417,#2419);
#2421=EDGE_CURVE('',#2257,#887,#2420,.T.);
#2422=ORIENTED_EDGE('',*,*,#2421,.F.);
#2423=ORIENTED_EDGE('',*,*,#2262,.T.);
#2424=ORIENTED_EDGE('',*,*,#2404,.T.);
#2425=EDGE_LOOP('',(#2416,#2422,#2423,#2424));
#2426=FACE_OUTER_BOUND('',#2425,.T.);
#2427=ADVANCED_FACE('',(#2426),#2415,.T.);
#2428=CARTESIAN_POINT('',(0.048228346456693,0.078937007874016,-0.290354330708661));
#2429=DIRECTION('',(-1.0,0.0,0.0));
#2430=DIRECTION('',(0.0,0.0,1.0));
#2431=AXIS2_PLACEMENT_3D('',#2428,#2429,#2430);
#2432=PLANE('',#2431);
#2433=ORIENTED_EDGE('',*,*,#892,.T.);
#2434=CARTESIAN_POINT('',(0.048228346456693,0.078740157480315,-0.393700787401575));
#2435=DIRECTION('',(0.0,0.0,1.0));
#2436=VECTOR('',#2435,0.098425196850394);
#2437=LINE('',#2434,#2436);
#2438=EDGE_CURVE('',#2265,#877,#2437,.T.);
#2439=ORIENTED_EDGE('',*,*,#2438,.F.);
#2440=ORIENTED_EDGE('',*,*,#2270,.T.);
#2441=ORIENTED_EDGE('',*,*,#2421,.T.);
#2442=EDGE_LOOP('',(#2433,#2439,#2440,#2441));
#2443=FACE_OUTER_BOUND('',#2442,.T.);
#2444=ADVANCED_FACE('',(#2443),#2432,.T.);
#2445=CARTESIAN_POINT('',(0.04744094488189,0.078740157480315,-0.398622047244095));
#2446=DIRECTION('',(0.0,1.0,0.0));
#2447=DIRECTION('',(0.0,0.0,1.0));
#2448=AXIS2_PLACEMENT_3D('',#2445,#2446,#2447);
#2449=PLANE('',#2448);
#2450=ORIENTED_EDGE('',*,*,#884,.T.);
#2451=ORIENTED_EDGE('',*,*,#1208,.F.);
#2452=ORIENTED_EDGE('',*,*,#2276,.T.);
#2453=ORIENTED_EDGE('',*,*,#2438,.T.);
#2454=EDGE_LOOP('',(#2450,#2451,#2452,#2453));
#2455=FACE_OUTER_BOUND('',#2454,.T.);
#2456=ADVANCED_FACE('',(#2455),#2449,.T.);
#2457=CARTESIAN_POINT('',(-0.06496062992126,0.071456692913386,-0.429232283458954));
#2458=DIRECTION('',(-1.0,0.0,0.0));
#2459=DIRECTION('',(0.0,0.0,1.0));
#2460=AXIS2_PLACEMENT_3D('',#2457,#2458,#2459);
#2461=PLANE('',#2460);
#2462=ORIENTED_EDGE('',*,*,#1625,.T.);
#2463=ORIENTED_EDGE('',*,*,#1662,.F.);
#2464=ORIENTED_EDGE('',*,*,#2174,.F.);
#2465=CARTESIAN_POINT('',(-0.06496062992126,-0.06496062992126,-0.50984251968504));
#2466=DIRECTION('',(0.0,0.0,1.0));
#2467=VECTOR('',#2466,0.076771653543307);
#2468=LINE('',#2465,#2467);
#2469=EDGE_CURVE('',#2108,#1598,#2468,.T.);
#2470=ORIENTED_EDGE('',*,*,#2469,.T.);
#2471=EDGE_LOOP('',(#2462,#2463,#2464,#2470));
#2472=FACE_OUTER_BOUND('',#2471,.T.);
#2473=ADVANCED_FACE('',(#2472),#2461,.T.);
#2474=CARTESIAN_POINT('',(-0.071456692913386,-0.06496062992126,-0.429232283458954));
#2475=DIRECTION('',(0.0,-1.0,0.0));
#2476=DIRECTION('',(0.0,0.0,-1.0));
#2477=AXIS2_PLACEMENT_3D('',#2474,#2475,#2476);
#2478=PLANE('',#2477);
#2479=ORIENTED_EDGE('',*,*,#1603,.T.);
#2480=ORIENTED_EDGE('',*,*,#2469,.F.);
#2481=ORIENTED_EDGE('',*,*,#2113,.F.);
#2482=ORIENTED_EDGE('',*,*,#1679,.T.);
#2483=EDGE_LOOP('',(#2479,#2480,#2481,#2482));
#2484=FACE_OUTER_BOUND('',#2483,.T.);
#2485=ADVANCED_FACE('',(#2484),#2478,.T.);
#2486=CARTESIAN_POINT('',(0.072834645669291,-0.027263779527559,-0.131299212598425));
#2487=DIRECTION('',(-1.0,0.0,0.0));
#2488=DIRECTION('',(0.0,0.0,1.0));
#2489=AXIS2_PLACEMENT_3D('',#2486,#2487,#2488);
#2490=PLANE('',#2489);
#2491=ORIENTED_EDGE('',*,*,#2011,.T.);
#2492=CARTESIAN_POINT('',(0.072834645669291,-0.023622047244094,-0.019685039370079));
#2493=VERTEX_POINT('',#2492);
#2494=CARTESIAN_POINT('',(0.072834645669291,-0.023622047244094,-0.019685039370079));
#2495=DIRECTION('',(0.0,0.0,-1.0));
#2496=VECTOR('',#2495,0.106299212598425);
#2497=LINE('',#2494,#2496);
#2498=EDGE_CURVE('',#2493,#2000,#2497,.T.);
#2499=ORIENTED_EDGE('',*,*,#2498,.F.);
#2500=CARTESIAN_POINT('',(0.072834645669291,0.049212598425197,-0.019685039370079));
#2501=VERTEX_POINT('',#2500);
#2502=CARTESIAN_POINT('',(0.072834645669291,0.049212598425197,-0.019685039370079));
#2503=DIRECTION('',(0.0,-1.0,0.0));
#2504=VECTOR('',#2503,0.072834645669291);
#2505=LINE('',#2502,#2504);
#2506=EDGE_CURVE('',#2501,#2493,#2505,.T.);
#2507=ORIENTED_EDGE('',*,*,#2506,.F.);
#2508=CARTESIAN_POINT('',(0.072834645669291,0.049212598425197,-0.019685039370079));
#2509=DIRECTION('',(0.0,0.0,-1.0));
#2510=VECTOR('',#2509,0.106299212598425);
#2511=LINE('',#2508,#2510);
#2512=EDGE_CURVE('',#2501,#1977,#2511,.T.);
#2513=ORIENTED_EDGE('',*,*,#2512,.T.);
#2514=EDGE_LOOP('',(#2491,#2499,#2507,#2513));
#2515=FACE_OUTER_BOUND('',#2514,.T.);
#2516=ADVANCED_FACE('',(#2515),#2490,.T.);
#2517=CARTESIAN_POINT('',(0.069291338582677,-0.023622047244094,-0.00738188976378));
#2518=DIRECTION('',(0.0,-1.0,0.0));
#2519=DIRECTION('',(0.0,0.0,-1.0));
#2520=AXIS2_PLACEMENT_3D('',#2517,#2518,#2519);
#2521=PLANE('',#2520);
#2522=ORIENTED_EDGE('',*,*,#2005,.T.);
#2523=ORIENTED_EDGE('',*,*,#1281,.T.);
#2524=CARTESIAN_POINT('',(0.143700787401575,-0.023622047244094,-0.265748031496063));
#2525=VERTEX_POINT('',#2524);
#2526=CARTESIAN_POINT('',(0.078740157480315,-0.023622047244094,-0.265748031496063));
#2527=DIRECTION('',(1.0,0.0,0.0));
#2528=VECTOR('',#2527,0.06496062992126);
#2529=LINE('',#2526,#2528);
#2530=EDGE_CURVE('',#1268,#2525,#2529,.T.);
#2531=ORIENTED_EDGE('',*,*,#2530,.T.);
#2532=CARTESIAN_POINT('',(0.143700787401575,-0.023622047244094,-0.019685039370079));
#2533=VERTEX_POINT('',#2532);
#2534=CARTESIAN_POINT('',(0.143700787401575,-0.023622047244094,-0.019685039370079));
#2535=DIRECTION('',(0.0,0.0,-1.0));
#2536=VECTOR('',#2535,0.246062992125984);
#2537=LINE('',#2534,#2536);
#2538=EDGE_CURVE('',#2533,#2525,#2537,.T.);
#2539=ORIENTED_EDGE('',*,*,#2538,.F.);
#2540=CARTESIAN_POINT('',(0.072834645669291,-0.023622047244094,-0.019685039370079));
#2541=DIRECTION('',(1.0,0.0,0.0));
#2542=VECTOR('',#2541,0.070866141732284);
#2543=LINE('',#2540,#2542);
#2544=EDGE_CURVE('',#2493,#2533,#2543,.T.);
#2545=ORIENTED_EDGE('',*,*,#2544,.F.);
#2546=ORIENTED_EDGE('',*,*,#2498,.T.);
#2547=EDGE_LOOP('',(#2522,#2523,#2531,#2539,#2545,#2546));
#2548=FACE_OUTER_BOUND('',#2547,.T.);
#2549=CARTESIAN_POINT('',(0.100393700787402,-0.023622047244094,-0.098425196850394));
#2550=VERTEX_POINT('',#2549);
#2551=CARTESIAN_POINT('',(0.100393700787402,-0.023622047244094,-0.049212598425197));
#2552=VERTEX_POINT('',#2551);
#2553=CARTESIAN_POINT('',(0.100393700787402,-0.023622047244094,-0.098425196850394));
#2554=DIRECTION('',(0.0,0.0,1.0));
#2555=VECTOR('',#2554,0.049212598425197);
#2556=LINE('',#2553,#2555);
#2557=EDGE_CURVE('',#2550,#2552,#2556,.T.);
#2558=ORIENTED_EDGE('',*,*,#2557,.T.);
#2559=CARTESIAN_POINT('',(0.116141732283465,-0.023622047244094,-0.049212598425197));
#2560=VERTEX_POINT('',#2559);
#2561=CARTESIAN_POINT('',(0.100393700787402,-0.023622047244094,-0.049212598425197));
#2562=DIRECTION('',(1.0,0.0,0.0));
#2563=VECTOR('',#2562,0.015748031496063);
#2564=LINE('',#2561,#2563);
#2565=EDGE_CURVE('',#2552,#2560,#2564,.T.);
#2566=ORIENTED_EDGE('',*,*,#2565,.T.);
#2567=CARTESIAN_POINT('',(0.116141732283465,-0.023622047244094,-0.098425196850394));
#2568=VERTEX_POINT('',#2567);
#2569=CARTESIAN_POINT('',(0.116141732283465,-0.023622047244094,-0.049212598425197));
#2570=DIRECTION('',(0.0,0.0,-1.0));
#2571=VECTOR('',#2570,0.049212598425197);
#2572=LINE('',#2569,#2571);
#2573=EDGE_CURVE('',#2560,#2568,#2572,.T.);
#2574=ORIENTED_EDGE('',*,*,#2573,.T.);
#2575=CARTESIAN_POINT('',(0.116141732283465,-0.023622047244094,-0.098425196850394));
#2576=DIRECTION('',(-1.0,0.0,0.0));
#2577=VECTOR('',#2576,0.015748031496063);
#2578=LINE('',#2575,#2577);
#2579=EDGE_CURVE('',#2568,#2550,#2578,.T.);
#2580=ORIENTED_EDGE('',*,*,#2579,.T.);
#2581=EDGE_LOOP('',(#2558,#2566,#2574,#2580));
#2582=FACE_BOUND('',#2581,.T.);
#2583=CARTESIAN_POINT('',(0.100393700787402,-0.023622047244094,-0.246062992125984));
#2584=VERTEX_POINT('',#2583);
#2585=CARTESIAN_POINT('',(0.100393700787402,-0.023622047244094,-0.206692913385827));
#2586=VERTEX_POINT('',#2585);
#2587=CARTESIAN_POINT('',(0.100393700787402,-0.023622047244094,-0.246062992125984));
#2588=DIRECTION('',(0.0,0.0,1.0));
#2589=VECTOR('',#2588,0.039370078740157);
#2590=LINE('',#2587,#2589);
#2591=EDGE_CURVE('',#2584,#2586,#2590,.T.);
#2592=ORIENTED_EDGE('',*,*,#2591,.T.);
#2593=CARTESIAN_POINT('',(0.116141732283465,-0.023622047244094,-0.206692913385827));
#2594=VERTEX_POINT('',#2593);
#2595=CARTESIAN_POINT('',(0.100393700787402,-0.023622047244094,-0.206692913385827));
#2596=DIRECTION('',(1.0,0.0,0.0));
#2597=VECTOR('',#2596,0.015748031496063);
#2598=LINE('',#2595,#2597);
#2599=EDGE_CURVE('',#2586,#2594,#2598,.T.);
#2600=ORIENTED_EDGE('',*,*,#2599,.T.);
#2601=CARTESIAN_POINT('',(0.116141732283465,-0.023622047244094,-0.246062992125984));
#2602=VERTEX_POINT('',#2601);
#2603=CARTESIAN_POINT('',(0.116141732283465,-0.023622047244094,-0.206692913385827));
#2604=DIRECTION('',(0.0,0.0,-1.0));
#2605=VECTOR('',#2604,0.039370078740157);
#2606=LINE('',#2603,#2605);
#2607=EDGE_CURVE('',#2594,#2602,#2606,.T.);
#2608=ORIENTED_EDGE('',*,*,#2607,.T.);
#2609=CARTESIAN_POINT('',(0.116141732283465,-0.023622047244094,-0.246062992125984));
#2610=DIRECTION('',(-1.0,0.0,0.0));
#2611=VECTOR('',#2610,0.015748031496063);
#2612=LINE('',#2609,#2611);
#2613=EDGE_CURVE('',#2602,#2584,#2612,.T.);
#2614=ORIENTED_EDGE('',*,*,#2613,.T.);
#2615=EDGE_LOOP('',(#2592,#2600,#2608,#2614));
#2616=FACE_BOUND('',#2615,.T.);
#2617=CARTESIAN_POINT('',(0.100393700787402,-0.023622047244094,-0.187007874015748));
#2618=VERTEX_POINT('',#2617);
#2619=CARTESIAN_POINT('',(0.100393700787402,-0.023622047244094,-0.118110236220472));
#2620=VERTEX_POINT('',#2619);
#2621=CARTESIAN_POINT('',(0.100393700787402,-0.023622047244094,-0.187007874015748));
#2622=DIRECTION('',(0.0,0.0,1.0));
#2623=VECTOR('',#2622,0.068897637795276);
#2624=LINE('',#2621,#2623);
#2625=EDGE_CURVE('',#2618,#2620,#2624,.T.);
#2626=ORIENTED_EDGE('',*,*,#2625,.T.);
#2627=CARTESIAN_POINT('',(0.116141732283465,-0.023622047244094,-0.118110236220472));
#2628=VERTEX_POINT('',#2627);
#2629=CARTESIAN_POINT('',(0.100393700787402,-0.023622047244094,-0.118110236220472));
#2630=DIRECTION('',(1.0,0.0,0.0));
#2631=VECTOR('',#2630,0.015748031496063);
#2632=LINE('',#2629,#2631);
#2633=EDGE_CURVE('',#2620,#2628,#2632,.T.);
#2634=ORIENTED_EDGE('',*,*,#2633,.T.);
#2635=CARTESIAN_POINT('',(0.116141732283465,-0.023622047244094,-0.187007874015748));
#2636=VERTEX_POINT('',#2635);
#2637=CARTESIAN_POINT('',(0.116141732283465,-0.023622047244094,-0.118110236220472));
#2638=DIRECTION('',(0.0,0.0,-1.0));
#2639=VECTOR('',#2638,0.068897637795276);
#2640=LINE('',#2637,#2639);
#2641=EDGE_CURVE('',#2628,#2636,#2640,.T.);
#2642=ORIENTED_EDGE('',*,*,#2641,.T.);
#2643=CARTESIAN_POINT('',(0.116141732283465,-0.023622047244094,-0.187007874015748));
#2644=DIRECTION('',(-1.0,0.0,0.0));
#2645=VECTOR('',#2644,0.015748031496063);
#2646=LINE('',#2643,#2645);
#2647=EDGE_CURVE('',#2636,#2618,#2646,.T.);
#2648=ORIENTED_EDGE('',*,*,#2647,.T.);
#2649=EDGE_LOOP('',(#2626,#2634,#2642,#2648));
#2650=FACE_BOUND('',#2649,.T.);
#2651=ADVANCED_FACE('',(#2548,#2582,#2616,#2650),#2521,.T.);
#2652=CARTESIAN_POINT('',(-0.072834645669291,-0.027263779527559,-0.014370078740158));
#2653=DIRECTION('',(1.0,0.0,0.0));
#2654=DIRECTION('',(0.0,0.0,-1.0));
#2655=AXIS2_PLACEMENT_3D('',#2652,#2653,#2654);
#2656=PLANE('',#2655);
#2657=ORIENTED_EDGE('',*,*,#1966,.T.);
#2658=CARTESIAN_POINT('',(-0.072834645669291,0.049212598425197,-0.019685039370079));
#2659=VERTEX_POINT('',#2658);
#2660=CARTESIAN_POINT('',(-0.072834645669291,0.049212598425197,-0.019685039370079));
#2661=DIRECTION('',(0.0,0.0,-1.0));
#2662=VECTOR('',#2661,0.106299212598425);
#2663=LINE('',#2660,#2662);
#2664=EDGE_CURVE('',#2659,#1955,#2663,.T.);
#2665=ORIENTED_EDGE('',*,*,#2664,.F.);
#2666=CARTESIAN_POINT('',(-0.072834645669291,-0.023622047244094,-0.019685039370079));
#2667=VERTEX_POINT('',#2666);
#2668=CARTESIAN_POINT('',(-0.072834645669291,-0.023622047244094,-0.019685039370079));
#2669=DIRECTION('',(0.0,1.0,0.0));
#2670=VECTOR('',#2669,0.072834645669291);
#2671=LINE('',#2668,#2670);
#2672=EDGE_CURVE('',#2667,#2659,#2671,.T.);
#2673=ORIENTED_EDGE('',*,*,#2672,.F.);
#2674=CARTESIAN_POINT('',(-0.072834645669291,-0.023622047244094,-0.019685039370079));
#2675=DIRECTION('',(0.0,0.0,-1.0));
#2676=VECTOR('',#2675,0.106299212598425);
#2677=LINE('',#2674,#2676);
#2678=EDGE_CURVE('',#2667,#1932,#2677,.T.);
#2679=ORIENTED_EDGE('',*,*,#2678,.T.);
#2680=EDGE_LOOP('',(#2657,#2665,#2673,#2679));
#2681=FACE_OUTER_BOUND('',#2680,.T.);
#2682=ADVANCED_FACE('',(#2681),#2656,.T.);
#2683=CARTESIAN_POINT('',(-0.147244094488189,0.049212598425197,-0.278051181102362));
#2684=DIRECTION('',(0.0,1.0,0.0));
#2685=DIRECTION('',(0.0,0.0,1.0));
#2686=AXIS2_PLACEMENT_3D('',#2683,#2684,#2685);
#2687=PLANE('',#2686);
#2688=ORIENTED_EDGE('',*,*,#1960,.T.);
#2689=ORIENTED_EDGE('',*,*,#1447,.T.);
#2690=CARTESIAN_POINT('',(-0.143700787401575,0.049212598425197,-0.265748031496063));
#2691=VERTEX_POINT('',#2690);
#2692=CARTESIAN_POINT('',(-0.078740157480315,0.049212598425197,-0.265748031496063));
#2693=DIRECTION('',(-1.0,0.0,0.0));
#2694=VECTOR('',#2693,0.06496062992126);
#2695=LINE('',#2692,#2694);
#2696=EDGE_CURVE('',#1434,#2691,#2695,.T.);
#2697=ORIENTED_EDGE('',*,*,#2696,.T.);
#2698=CARTESIAN_POINT('',(-0.143700787401575,0.049212598425197,-0.187007874015748));
#2699=DIRECTION('',(0.0,0.0,-1.0));
#2700=VECTOR('',#2699,0.078740157480315);
#2701=LINE('',#2698,#2700);
#2702=EDGE_CURVE('',#1101,#2691,#2701,.T.);
#2703=ORIENTED_EDGE('',*,*,#2702,.F.);
#2704=ORIENTED_EDGE('',*,*,#1176,.F.);
#2705=CARTESIAN_POINT('',(-0.131889763779528,0.049212598425197,-0.255905511811024));
#2706=VERTEX_POINT('',#2705);
#2707=CARTESIAN_POINT('',(-0.131889763779528,0.049212598425197,-0.187007874015748));
#2708=DIRECTION('',(0.0,0.0,-1.0));
#2709=VECTOR('',#2708,0.068897637795276);
#2710=LINE('',#2707,#2709);
#2711=EDGE_CURVE('',#1165,#2706,#2710,.T.);
#2712=ORIENTED_EDGE('',*,*,#2711,.T.);
#2713=CARTESIAN_POINT('',(-0.084645669291339,0.049212598425197,-0.255905511811024));
#2714=VERTEX_POINT('',#2713);
#2715=CARTESIAN_POINT('',(-0.084645669291339,0.049212598425197,-0.255905511811024));
#2716=DIRECTION('',(-1.0,0.0,0.0));
#2717=VECTOR('',#2716,0.047244094488189);
#2718=LINE('',#2715,#2717);
#2719=EDGE_CURVE('',#2714,#2706,#2718,.T.);
#2720=ORIENTED_EDGE('',*,*,#2719,.F.);
#2721=CARTESIAN_POINT('',(-0.084645669291339,0.049212598425197,-0.019685039370079));
#2722=VERTEX_POINT('',#2721);
#2723=CARTESIAN_POINT('',(-0.084645669291339,0.049212598425197,-0.255905511811024));
#2724=DIRECTION('',(0.0,0.0,1.0));
#2725=VECTOR('',#2724,0.236220472440945);
#2726=LINE('',#2723,#2725);
#2727=EDGE_CURVE('',#2714,#2722,#2726,.T.);
#2728=ORIENTED_EDGE('',*,*,#2727,.T.);
#2729=CARTESIAN_POINT('',(-0.072834645669291,0.049212598425197,-0.019685039370079));
#2730=DIRECTION('',(-1.0,0.0,0.0));
#2731=VECTOR('',#2730,0.011811023622048);
#2732=LINE('',#2729,#2731);
#2733=EDGE_CURVE('',#2659,#2722,#2732,.T.);
#2734=ORIENTED_EDGE('',*,*,#2733,.F.);
#2735=ORIENTED_EDGE('',*,*,#2664,.T.);
#2736=EDGE_LOOP('',(#2688,#2689,#2697,#2703,#2704,#2712,#2720,#2728,#2734,#2735));
#2737=FACE_OUTER_BOUND('',#2736,.T.);
#2738=ADVANCED_FACE('',(#2737),#2687,.T.);
#2739=CARTESIAN_POINT('',(-0.16240157480315,-0.147637795275591,-0.006889763779528));
#2740=DIRECTION('',(0.0,-1.0,0.0));
#2741=DIRECTION('',(0.0,0.0,-1.0));
#2742=AXIS2_PLACEMENT_3D('',#2739,#2740,#2741);
#2743=PLANE('',#2742);
#2744=ORIENTED_EDGE('',*,*,#1025,.T.);
#2745=CARTESIAN_POINT('',(-0.049212598425197,-0.147637795275591,-0.019685039370079));
#2746=VERTEX_POINT('',#2745);
#2747=CARTESIAN_POINT('',(-0.049212598425197,-0.147637795275591,-0.019685039370079));
#2748=DIRECTION('',(0.0,0.0,-1.0));
#2749=VECTOR('',#2748,0.118110236220472);
#2750=LINE('',#2747,#2749);
#2751=EDGE_CURVE('',#2746,#1020,#2750,.T.);
#2752=ORIENTED_EDGE('',*,*,#2751,.F.);
#2753=CARTESIAN_POINT('',(0.049212598425197,-0.147637795275591,-0.019685039370079));
#2754=VERTEX_POINT('',#2753);
#2755=CARTESIAN_POINT('',(0.049212598425197,-0.147637795275591,-0.019685039370079));
#2756=DIRECTION('',(-1.0,0.0,0.0));
#2757=VECTOR('',#2756,0.098425196850394);
#2758=LINE('',#2755,#2757);
#2759=EDGE_CURVE('',#2754,#2746,#2758,.T.);
#2760=ORIENTED_EDGE('',*,*,#2759,.F.);
#2761=CARTESIAN_POINT('',(0.049212598425197,-0.147637795275591,-0.137795275590551));
#2762=VERTEX_POINT('',#2761);
#2763=CARTESIAN_POINT('',(0.049212598425197,-0.147637795275591,-0.019685039370079));
#2764=DIRECTION('',(0.0,0.0,-1.0));
#2765=VECTOR('',#2764,0.118110236220472);
#2766=LINE('',#2763,#2765);
#2767=EDGE_CURVE('',#2754,#2762,#2766,.T.);
#2768=ORIENTED_EDGE('',*,*,#2767,.T.);
#2769=CARTESIAN_POINT('',(0.147637795275591,-0.147637795275591,-0.137795275590551));
#2770=DIRECTION('',(-1.0,0.0,0.0));
#2771=VECTOR('',#2770,0.098425196850394);
#2772=LINE('',#2769,#2771);
#2773=EDGE_CURVE('',#487,#2762,#2772,.T.);
#2774=ORIENTED_EDGE('',*,*,#2773,.F.);
#2775=ORIENTED_EDGE('',*,*,#492,.F.);
#2776=ORIENTED_EDGE('',*,*,#774,.F.);
#2777=ORIENTED_EDGE('',*,*,#745,.T.);
#2778=EDGE_LOOP('',(#2744,#2752,#2760,#2768,#2774,#2775,#2776,#2777));
#2779=FACE_OUTER_BOUND('',#2778,.T.);
#2780=ADVANCED_FACE('',(#2779),#2743,.F.);
#2781=CARTESIAN_POINT('',(-0.049212598425197,-0.148622047244095,-0.143700787401575));
#2782=DIRECTION('',(-1.0,0.0,0.0));
#2783=DIRECTION('',(0.0,0.0,1.0));
#2784=AXIS2_PLACEMENT_3D('',#2781,#2782,#2783);
#2785=PLANE('',#2784);
#2786=ORIENTED_EDGE('',*,*,#1040,.T.);
#2787=CARTESIAN_POINT('',(-0.049212598425197,-0.127952755905512,-0.019685039370079));
#2788=VERTEX_POINT('',#2787);
#2789=CARTESIAN_POINT('',(-0.049212598425197,-0.127952755905512,-0.019685039370079));
#2790=DIRECTION('',(0.0,0.0,-1.0));
#2791=VECTOR('',#2790,0.118110236220472);
#2792=LINE('',#2789,#2791);
#2793=EDGE_CURVE('',#2788,#1029,#2792,.T.);
#2794=ORIENTED_EDGE('',*,*,#2793,.F.);
#2795=CARTESIAN_POINT('',(-0.049212598425197,-0.147637795275591,-0.019685039370079));
#2796=DIRECTION('',(0.0,1.0,0.0));
#2797=VECTOR('',#2796,0.019685039370079);
#2798=LINE('',#2795,#2797);
#2799=EDGE_CURVE('',#2746,#2788,#2798,.T.);
#2800=ORIENTED_EDGE('',*,*,#2799,.F.);
#2801=ORIENTED_EDGE('',*,*,#2751,.T.);
#2802=EDGE_LOOP('',(#2786,#2794,#2800,#2801));
#2803=FACE_OUTER_BOUND('',#2802,.T.);
#2804=ADVANCED_FACE('',(#2803),#2785,.F.);
#2805=CARTESIAN_POINT('',(-0.156692913385826,-0.127952755905512,-0.013779527559055));
#2806=DIRECTION('',(0.0,-1.0,0.0));
#2807=DIRECTION('',(0.0,0.0,-1.0));
#2808=AXIS2_PLACEMENT_3D('',#2805,#2806,#2807);
#2809=PLANE('',#2808);
#2810=ORIENTED_EDGE('',*,*,#1034,.T.);
#2811=ORIENTED_EDGE('',*,*,#263,.T.);
#2812=CARTESIAN_POINT('',(-0.151574803149606,-0.127952755905512,-0.019685039370079));
#2813=VERTEX_POINT('',#2812);
#2814=CARTESIAN_POINT('',(-0.151574803149606,-0.127952755905512,-0.019685039370079));
#2815=DIRECTION('',(0.0,0.0,-1.0));
#2816=VECTOR('',#2815,0.118110236220472);
#2817=LINE('',#2814,#2816);
#2818=EDGE_CURVE('',#2813,#258,#2817,.T.);
#2819=ORIENTED_EDGE('',*,*,#2818,.F.);
#2820=CARTESIAN_POINT('',(-0.049212598425197,-0.127952755905512,-0.019685039370079));
#2821=DIRECTION('',(-1.0,0.0,0.0));
#2822=VECTOR('',#2821,0.102362204724409);
#2823=LINE('',#2820,#2822);
#2824=EDGE_CURVE('',#2788,#2813,#2823,.T.);
#2825=ORIENTED_EDGE('',*,*,#2824,.F.);
#2826=ORIENTED_EDGE('',*,*,#2793,.T.);
#2827=EDGE_LOOP('',(#2810,#2811,#2819,#2825,#2826));
#2828=FACE_OUTER_BOUND('',#2827,.T.);
#2829=ADVANCED_FACE('',(#2828),#2809,.F.);
#2830=CARTESIAN_POINT('',(-0.151574803149606,-0.136811023622047,-0.143700787401575));
#2831=DIRECTION('',(-1.0,0.0,0.0));
#2832=DIRECTION('',(0.0,0.0,1.0));
#2833=AXIS2_PLACEMENT_3D('',#2830,#2831,#2832);
#2834=PLANE('',#2833);
#2835=ORIENTED_EDGE('',*,*,#285,.T.);
#2836=ORIENTED_EDGE('',*,*,#1128,.F.);
#2837=CARTESIAN_POINT('',(-0.151574803149606,-0.127952755905512,-0.019685039370079));
#2838=DIRECTION('',(0.0,1.0,0.0));
#2839=VECTOR('',#2838,0.177165354330709);
#2840=LINE('',#2837,#2839);
#2841=EDGE_CURVE('',#2813,#1117,#2840,.T.);
#2842=ORIENTED_EDGE('',*,*,#2841,.F.);
#2843=ORIENTED_EDGE('',*,*,#2818,.T.);
#2844=EDGE_LOOP('',(#2835,#2836,#2842,#2843));
#2845=FACE_OUTER_BOUND('',#2844,.T.);
#2846=ADVANCED_FACE('',(#2845),#2834,.F.);
#2847=CARTESIAN_POINT('',(0.044291338582677,-0.148622047244095,-0.137795275590551));
#2848=DIRECTION('',(0.0,0.0,1.0));
#2849=DIRECTION('',(1.0,0.0,0.0));
#2850=AXIS2_PLACEMENT_3D('',#2847,#2848,#2849);
#2851=PLANE('',#2850);
#2852=ORIENTED_EDGE('',*,*,#2773,.T.);
#2853=CARTESIAN_POINT('',(0.049212598425197,-0.127952755905512,-0.137795275590551));
#2854=VERTEX_POINT('',#2853);
#2855=CARTESIAN_POINT('',(0.049212598425197,-0.127952755905512,-0.137795275590551));
#2856=DIRECTION('',(0.0,-1.0,0.0));
#2857=VECTOR('',#2856,0.019685039370079);
#2858=LINE('',#2855,#2857);
#2859=EDGE_CURVE('',#2854,#2762,#2858,.T.);
#2860=ORIENTED_EDGE('',*,*,#2859,.F.);
#2861=CARTESIAN_POINT('',(0.147637795275591,-0.127952755905512,-0.137795275590551));
#2862=DIRECTION('',(-1.0,0.0,0.0));
#2863=VECTOR('',#2862,0.098425196850394);
#2864=LINE('',#2861,#2863);
#2865=EDGE_CURVE('',#386,#2854,#2864,.T.);
#2866=ORIENTED_EDGE('',*,*,#2865,.F.);
#2867=ORIENTED_EDGE('',*,*,#498,.T.);
#2868=EDGE_LOOP('',(#2852,#2860,#2866,#2867));
#2869=FACE_OUTER_BOUND('',#2868,.T.);
#2870=ADVANCED_FACE('',(#2869),#2851,.F.);
#2871=CARTESIAN_POINT('',(-0.184055118110236,-0.167322834645669,0.051968503937008));
#2872=DIRECTION('',(0.0,-1.0,0.0));
#2873=DIRECTION('',(0.0,0.0,-1.0));
#2874=AXIS2_PLACEMENT_3D('',#2871,#2872,#2873);
#2875=PLANE('',#2874);
#2876=CARTESIAN_POINT('',(-0.167322834645669,-0.167322834645669,0.019685039370079));
#2877=VERTEX_POINT('',#2876);
#2878=CARTESIAN_POINT('',(-0.167322834645669,-0.167322834645669,-0.295275590551181));
#2879=DIRECTION('',(0.0,0.0,1.0));
#2880=VECTOR('',#2879,0.31496062992126);
#2881=LINE('',#2878,#2880);
#2882=EDGE_CURVE('',#861,#2877,#2881,.T.);
#2883=ORIENTED_EDGE('',*,*,#2882,.F.);
#2884=ORIENTED_EDGE('',*,*,#866,.T.);
#2885=CARTESIAN_POINT('',(0.167322834645669,-0.167322834645669,0.019685039370079));
#2886=VERTEX_POINT('',#2885);
#2887=CARTESIAN_POINT('',(0.167322834645669,-0.167322834645669,-0.295275590551181));
#2888=DIRECTION('',(0.0,0.0,1.0));
#2889=VECTOR('',#2888,0.31496062992126);
#2890=LINE('',#2887,#2889);
#2891=EDGE_CURVE('',#853,#2886,#2890,.T.);
#2892=ORIENTED_EDGE('',*,*,#2891,.T.);
#2893=CARTESIAN_POINT('',(0.015748031496063,-0.167322834645669,0.019685039370079));
#2894=VERTEX_POINT('',#2893);
#2895=CARTESIAN_POINT('',(0.167322834645669,-0.167322834645669,0.019685039370079));
#2896=DIRECTION('',(-1.0,0.0,0.0));
#2897=VECTOR('',#2896,0.151574803149606);
#2898=LINE('',#2895,#2897);
#2899=EDGE_CURVE('',#2886,#2894,#2898,.T.);
#2900=ORIENTED_EDGE('',*,*,#2899,.T.);
#2901=CARTESIAN_POINT('',(-0.015748031496063,-0.167322834645669,0.019685039370079));
#2902=VERTEX_POINT('',#2901);
#2903=CARTESIAN_POINT('',(0.0,-0.167322834645669,0.019685039370079));
#2904=DIRECTION('',(0.0,1.0,0.0));
#2905=DIRECTION('',(-1.0,0.0,0.0));
#2906=AXIS2_PLACEMENT_3D('',#2903,#2904,#2905);
#2907=CIRCLE('',#2906,0.015748031496063);
#2908=EDGE_CURVE('',#2902,#2894,#2907,.T.);
#2909=ORIENTED_EDGE('',*,*,#2908,.F.);
#2910=CARTESIAN_POINT('',(-0.015748031496063,-0.167322834645669,0.019685039370079));
#2911=DIRECTION('',(-1.0,0.0,0.0));
#2912=VECTOR('',#2911,0.151574803149606);
#2913=LINE('',#2910,#2912);
#2914=EDGE_CURVE('',#2902,#2877,#2913,.T.);
#2915=ORIENTED_EDGE('',*,*,#2914,.T.);
#2916=EDGE_LOOP('',(#2883,#2884,#2892,#2900,#2909,#2915));
#2917=FACE_OUTER_BOUND('',#2916,.T.);
#2918=ORIENTED_EDGE('',*,*,#1063,.F.);
#2919=CARTESIAN_POINT('',(0.12007874015748,-0.167322834645669,-0.108267716535433));
#2920=DIRECTION('',(0.0,0.0,-1.0));
#2921=VECTOR('',#2920,0.029527559055118);
#2922=LINE('',#2919,#2921);
#2923=EDGE_CURVE('',#1052,#661,#2922,.T.);
#2924=ORIENTED_EDGE('',*,*,#2923,.T.);
#2925=ORIENTED_EDGE('',*,*,#666,.T.);
#2926=ORIENTED_EDGE('',*,*,#635,.T.);
#2927=EDGE_LOOP('',(#2918,#2924,#2925,#2926));
#2928=FACE_BOUND('',#2927,.T.);
#2929=ORIENTED_EDGE('',*,*,#182,.T.);
#2930=ORIENTED_EDGE('',*,*,#315,.T.);
#2931=CARTESIAN_POINT('',(-0.12007874015748,-0.167322834645669,-0.108267716535433));
#2932=VERTEX_POINT('',#2931);
#2933=CARTESIAN_POINT('',(-0.12007874015748,-0.167322834645669,-0.108267716535433));
#2934=DIRECTION('',(0.0,0.0,-1.0));
#2935=VECTOR('',#2934,0.029527559055118);
#2936=LINE('',#2933,#2935);
#2937=EDGE_CURVE('',#2932,#304,#2936,.T.);
#2938=ORIENTED_EDGE('',*,*,#2937,.F.);
#2939=CARTESIAN_POINT('',(-0.12007874015748,-0.167322834645669,-0.108267716535433));
#2940=DIRECTION('',(1.0,0.0,0.0));
#2941=VECTOR('',#2940,0.051181102362204);
#2942=LINE('',#2939,#2941);
#2943=EDGE_CURVE('',#2932,#161,#2942,.T.);
#2944=ORIENTED_EDGE('',*,*,#2943,.T.);
#2945=EDGE_LOOP('',(#2929,#2930,#2938,#2944));
#2946=FACE_BOUND('',#2945,.T.);
#2947=ADVANCED_FACE('',(#2917,#2928,#2946),#2875,.T.);
#2948=CARTESIAN_POINT('',(0.167322834645669,-0.184055118110236,0.035433070866142));
#2949=DIRECTION('',(1.0,0.0,0.0));
#2950=DIRECTION('',(0.0,0.0,-1.0));
#2951=AXIS2_PLACEMENT_3D('',#2948,#2949,#2950);
#2952=PLANE('',#2951);
#2953=CARTESIAN_POINT('',(0.167322834645669,0.167322834645669,0.019685039370079));
#2954=VERTEX_POINT('',#2953);
#2955=CARTESIAN_POINT('',(0.167322834645669,0.167322834645669,-0.295275590551181));
#2956=DIRECTION('',(0.0,0.0,1.0));
#2957=VECTOR('',#2956,0.31496062992126);
#2958=LINE('',#2955,#2957);
#2959=EDGE_CURVE('',#843,#2954,#2958,.T.);
#2960=ORIENTED_EDGE('',*,*,#2959,.T.);
#2961=CARTESIAN_POINT('',(0.167322834645669,0.167322834645669,0.019685039370079));
#2962=DIRECTION('',(0.0,-1.0,0.0));
#2963=VECTOR('',#2962,0.334645669291338);
#2964=LINE('',#2961,#2963);
#2965=EDGE_CURVE('',#2954,#2886,#2964,.T.);
#2966=ORIENTED_EDGE('',*,*,#2965,.T.);
#2967=ORIENTED_EDGE('',*,*,#2891,.F.);
#2968=ORIENTED_EDGE('',*,*,#858,.T.);
#2969=EDGE_LOOP('',(#2960,#2966,#2967,#2968));
#2970=FACE_OUTER_BOUND('',#2969,.T.);
#2971=ADVANCED_FACE('',(#2970),#2952,.T.);
#2972=CARTESIAN_POINT('',(-0.184055118110236,0.167322834645669,-0.311811023622047));
#2973=DIRECTION('',(0.0,1.0,0.0));
#2974=DIRECTION('',(0.0,0.0,1.0));
#2975=AXIS2_PLACEMENT_3D('',#2972,#2973,#2974);
#2976=PLANE('',#2975);
#2977=CARTESIAN_POINT('',(-0.167322834645669,0.167322834645669,0.019685039370079));
#2978=VERTEX_POINT('',#2977);
#2979=CARTESIAN_POINT('',(-0.167322834645669,0.167322834645669,0.019685039370079));
#2980=DIRECTION('',(0.0,0.0,-1.0));
#2981=VECTOR('',#2980,0.31496062992126);
#2982=LINE('',#2979,#2981);
#2983=EDGE_CURVE('',#2978,#845,#2982,.T.);
#2984=ORIENTED_EDGE('',*,*,#2983,.F.);
#2985=CARTESIAN_POINT('',(-0.015748031496063,0.167322834645669,0.019685039370079));
#2986=VERTEX_POINT('',#2985);
#2987=CARTESIAN_POINT('',(-0.167322834645669,0.167322834645669,0.019685039370079));
#2988=DIRECTION('',(1.0,0.0,0.0));
#2989=VECTOR('',#2988,0.151574803149606);
#2990=LINE('',#2987,#2989);
#2991=EDGE_CURVE('',#2978,#2986,#2990,.T.);
#2992=ORIENTED_EDGE('',*,*,#2991,.T.);
#2993=CARTESIAN_POINT('',(0.015748031496063,0.167322834645669,0.019685039370079));
#2994=VERTEX_POINT('',#2993);
#2995=CARTESIAN_POINT('',(-4.370957E-017,0.167322834645669,0.019685039370079));
#2996=DIRECTION('',(0.0,-1.0,0.0));
#2997=DIRECTION('',(-1.0,0.0,0.0));
#2998=AXIS2_PLACEMENT_3D('',#2995,#2996,#2997);
#2999=CIRCLE('',#2998,0.015748031496063);
#3000=EDGE_CURVE('',#2994,#2986,#2999,.T.);
#3001=ORIENTED_EDGE('',*,*,#3000,.F.);
#3002=CARTESIAN_POINT('',(0.015748031496063,0.167322834645669,0.019685039370079));
#3003=DIRECTION('',(1.0,0.0,0.0));
#3004=VECTOR('',#3003,0.151574803149606);
#3005=LINE('',#3002,#3004);
#3006=EDGE_CURVE('',#2994,#2954,#3005,.T.);
#3007=ORIENTED_EDGE('',*,*,#3006,.T.);
#3008=ORIENTED_EDGE('',*,*,#2959,.F.);
#3009=ORIENTED_EDGE('',*,*,#850,.T.);
#3010=EDGE_LOOP('',(#2984,#2992,#3001,#3007,#3008,#3009));
#3011=FACE_OUTER_BOUND('',#3010,.T.);
#3012=CARTESIAN_POINT('',(0.12007874015748,0.167322834645669,-0.108267716535433));
#3013=VERTEX_POINT('',#3012);
#3014=CARTESIAN_POINT('',(0.12007874015748,0.167322834645669,-0.108267716535433));
#3015=DIRECTION('',(0.0,0.0,-1.0));
#3016=VECTOR('',#3015,0.029527559055118);
#3017=LINE('',#3014,#3016);
#3018=EDGE_CURVE('',#3013,#432,#3017,.T.);
#3019=ORIENTED_EDGE('',*,*,#3018,.F.);
#3020=CARTESIAN_POINT('',(0.12007874015748,0.167322834645669,-0.108267716535433));
#3021=DIRECTION('',(-1.0,0.0,0.0));
#3022=VECTOR('',#3021,0.051181102362204);
#3023=LINE('',#3020,#3022);
#3024=EDGE_CURVE('',#3013,#327,#3023,.T.);
#3025=ORIENTED_EDGE('',*,*,#3024,.T.);
#3026=ORIENTED_EDGE('',*,*,#348,.T.);
#3027=ORIENTED_EDGE('',*,*,#443,.T.);
#3028=EDGE_LOOP('',(#3019,#3025,#3026,#3027));
#3029=FACE_BOUND('',#3028,.T.);
#3030=ORIENTED_EDGE('',*,*,#245,.T.);
#3031=ORIENTED_EDGE('',*,*,#208,.T.);
#3032=ORIENTED_EDGE('',*,*,#1087,.F.);
#3033=CARTESIAN_POINT('',(-0.12007874015748,0.167322834645669,-0.108267716535433));
#3034=DIRECTION('',(0.0,0.0,-1.0));
#3035=VECTOR('',#3034,0.029527559055118);
#3036=LINE('',#3033,#3035);
#3037=EDGE_CURVE('',#1076,#227,#3036,.T.);
#3038=ORIENTED_EDGE('',*,*,#3037,.T.);
#3039=EDGE_LOOP('',(#3030,#3031,#3032,#3038));
#3040=FACE_BOUND('',#3039,.T.);
#3041=ORIENTED_EDGE('',*,*,#602,.F.);
#3042=ORIENTED_EDGE('',*,*,#580,.F.);
#3043=ORIENTED_EDGE('',*,*,#609,.T.);
#3044=ORIENTED_EDGE('',*,*,#366,.T.);
#3045=EDGE_LOOP('',(#3041,#3042,#3043,#3044));
#3046=FACE_BOUND('',#3045,.T.);
#3047=ADVANCED_FACE('',(#3011,#3029,#3040,#3046),#2976,.T.);
#3048=CARTESIAN_POINT('',(0.12007874015748,0.15492125984252,-0.139271653543307));
#3049=DIRECTION('',(-1.0,0.0,0.0));
#3050=DIRECTION('',(0.0,0.0,1.0));
#3051=AXIS2_PLACEMENT_3D('',#3048,#3049,#3050);
#3052=PLANE('',#3051);
#3053=ORIENTED_EDGE('',*,*,#437,.T.);
#3054=CARTESIAN_POINT('',(0.12007874015748,0.155511811023622,-0.137795275590551));
#3055=DIRECTION('',(0.0,0.371390676354103,0.92847669088526));
#3056=VECTOR('',#3055,0.031802154372841);
#3057=LINE('',#3054,#3056);
#3058=EDGE_CURVE('',#424,#3013,#3057,.T.);
#3059=ORIENTED_EDGE('',*,*,#3058,.T.);
#3060=ORIENTED_EDGE('',*,*,#3018,.T.);
#3061=EDGE_LOOP('',(#3053,#3059,#3060));
#3062=FACE_OUTER_BOUND('',#3061,.T.);
#3063=ADVANCED_FACE('',(#3062),#3052,.T.);
#3064=CARTESIAN_POINT('',(-4.510281E-017,0.184055118110236,0.019685039370079));
#3065=DIRECTION('',(0.0,-1.0,0.0));
#3066=DIRECTION('',(0.0,0.0,-1.0));
#3067=AXIS2_PLACEMENT_3D('',#3064,#3065,#3066);
#3068=CYLINDRICAL_SURFACE('',#3067,0.015748031496063);
#3069=CARTESIAN_POINT('',(-0.015748031496063,-0.167322834645669,0.019685039370079));
#3070=DIRECTION('',(0.0,1.0,0.0));
#3071=VECTOR('',#3070,0.334645669291338);
#3072=LINE('',#3069,#3071);
#3073=EDGE_CURVE('',#2902,#2986,#3072,.T.);
#3074=ORIENTED_EDGE('',*,*,#3073,.F.);
#3075=ORIENTED_EDGE('',*,*,#2908,.T.);
#3076=CARTESIAN_POINT('',(0.015748031496063,0.167322834645669,0.019685039370079));
#3077=DIRECTION('',(0.0,-1.0,0.0));
#3078=VECTOR('',#3077,0.334645669291338);
#3079=LINE('',#3076,#3078);
#3080=EDGE_CURVE('',#2994,#2894,#3079,.T.);
#3081=ORIENTED_EDGE('',*,*,#3080,.F.);
#3082=ORIENTED_EDGE('',*,*,#3000,.T.);
#3083=EDGE_LOOP('',(#3074,#3075,#3081,#3082));
#3084=FACE_OUTER_BOUND('',#3083,.T.);
#3085=ADVANCED_FACE('',(#3084),#3068,.T.);
#3086=CARTESIAN_POINT('',(0.008169291338583,-0.184055118110236,0.019685039370079));
#3087=DIRECTION('',(0.0,0.0,1.0));
#3088=DIRECTION('',(1.0,0.0,0.0));
#3089=AXIS2_PLACEMENT_3D('',#3086,#3087,#3088);
#3090=PLANE('',#3089);
#3091=ORIENTED_EDGE('',*,*,#3080,.T.);
#3092=ORIENTED_EDGE('',*,*,#2899,.F.);
#3093=ORIENTED_EDGE('',*,*,#2965,.F.);
#3094=ORIENTED_EDGE('',*,*,#3006,.F.);
#3095=EDGE_LOOP('',(#3091,#3092,#3093,#3094));
#3096=FACE_OUTER_BOUND('',#3095,.T.);
#3097=CARTESIAN_POINT('',(0.098425196850394,-0.011811023622047,0.019685039370079));
#3098=VERTEX_POINT('',#3097);
#3099=CARTESIAN_POINT('',(0.098425196850394,0.007874015748031,0.019685039370079));
#3100=VERTEX_POINT('',#3099);
#3101=CARTESIAN_POINT('',(0.098425196850394,-0.011811023622047,0.019685039370079));
#3102=DIRECTION('',(0.0,1.0,0.0));
#3103=VECTOR('',#3102,0.019685039370078);
#3104=LINE('',#3101,#3103);
#3105=EDGE_CURVE('',#3098,#3100,#3104,.T.);
#3106=ORIENTED_EDGE('',*,*,#3105,.T.);
#3107=CARTESIAN_POINT('',(0.114173228346457,0.007874015748031,0.019685039370079));
#3108=VERTEX_POINT('',#3107);
#3109=CARTESIAN_POINT('',(0.098425196850394,0.007874015748031,0.019685039370079));
#3110=DIRECTION('',(1.0,0.0,0.0));
#3111=VECTOR('',#3110,0.015748031496063);
#3112=LINE('',#3109,#3111);
#3113=EDGE_CURVE('',#3100,#3108,#3112,.T.);
#3114=ORIENTED_EDGE('',*,*,#3113,.T.);
#3115=CARTESIAN_POINT('',(0.114173228346457,-0.011811023622047,0.019685039370079));
#3116=VERTEX_POINT('',#3115);
#3117=CARTESIAN_POINT('',(0.114173228346457,0.007874015748031,0.019685039370079));
#3118=DIRECTION('',(0.0,-1.0,0.0));
#3119=VECTOR('',#3118,0.019685039370078);
#3120=LINE('',#3117,#3119);
#3121=EDGE_CURVE('',#3108,#3116,#3120,.T.);
#3122=ORIENTED_EDGE('',*,*,#3121,.T.);
#3123=CARTESIAN_POINT('',(0.114173228346457,-0.011811023622047,0.019685039370079));
#3124=DIRECTION('',(-1.0,0.0,0.0));
#3125=VECTOR('',#3124,0.015748031496063);
#3126=LINE('',#3123,#3125);
#3127=EDGE_CURVE('',#3116,#3098,#3126,.T.);
#3128=ORIENTED_EDGE('',*,*,#3127,.T.);
#3129=EDGE_LOOP('',(#3106,#3114,#3122,#3128));
#3130=FACE_BOUND('',#3129,.T.);
#3131=CARTESIAN_POINT('',(0.098425196850394,0.086614173228346,0.019685039370079));
#3132=VERTEX_POINT('',#3131);
#3133=CARTESIAN_POINT('',(0.098425196850394,0.106299212598425,0.019685039370079));
#3134=VERTEX_POINT('',#3133);
#3135=CARTESIAN_POINT('',(0.098425196850394,0.086614173228346,0.019685039370079));
#3136=DIRECTION('',(0.0,1.0,0.0));
#3137=VECTOR('',#3136,0.019685039370079);
#3138=LINE('',#3135,#3137);
#3139=EDGE_CURVE('',#3132,#3134,#3138,.T.);
#3140=ORIENTED_EDGE('',*,*,#3139,.T.);
#3141=CARTESIAN_POINT('',(0.114173228346457,0.106299212598425,0.019685039370079));
#3142=VERTEX_POINT('',#3141);
#3143=CARTESIAN_POINT('',(0.098425196850394,0.106299212598425,0.019685039370079));
#3144=DIRECTION('',(1.0,0.0,0.0));
#3145=VECTOR('',#3144,0.015748031496063);
#3146=LINE('',#3143,#3145);
#3147=EDGE_CURVE('',#3134,#3142,#3146,.T.);
#3148=ORIENTED_EDGE('',*,*,#3147,.T.);
#3149=CARTESIAN_POINT('',(0.114173228346457,0.086614173228346,0.019685039370079));
#3150=VERTEX_POINT('',#3149);
#3151=CARTESIAN_POINT('',(0.114173228346457,0.106299212598425,0.019685039370079));
#3152=DIRECTION('',(0.0,-1.0,0.0));
#3153=VECTOR('',#3152,0.019685039370079);
#3154=LINE('',#3151,#3153);
#3155=EDGE_CURVE('',#3142,#3150,#3154,.T.);
#3156=ORIENTED_EDGE('',*,*,#3155,.T.);
#3157=CARTESIAN_POINT('',(0.114173228346457,0.086614173228346,0.019685039370079));
#3158=DIRECTION('',(-1.0,0.0,0.0));
#3159=VECTOR('',#3158,0.015748031496063);
#3160=LINE('',#3157,#3159);
#3161=EDGE_CURVE('',#3150,#3132,#3160,.T.);
#3162=ORIENTED_EDGE('',*,*,#3161,.T.);
#3163=EDGE_LOOP('',(#3140,#3148,#3156,#3162));
#3164=FACE_BOUND('',#3163,.T.);
#3165=CARTESIAN_POINT('',(0.114173228346457,-0.090551181102362,0.019685039370079));
#3166=VERTEX_POINT('',#3165);
#3167=CARTESIAN_POINT('',(0.114173228346457,-0.110236220472441,0.019685039370079));
#3168=VERTEX_POINT('',#3167);
#3169=CARTESIAN_POINT('',(0.114173228346457,-0.090551181102362,0.019685039370079));
#3170=DIRECTION('',(0.0,-1.0,0.0));
#3171=VECTOR('',#3170,0.019685039370079);
#3172=LINE('',#3169,#3171);
#3173=EDGE_CURVE('',#3166,#3168,#3172,.T.);
#3174=ORIENTED_EDGE('',*,*,#3173,.T.);
#3175=CARTESIAN_POINT('',(0.098425196850394,-0.110236220472441,0.019685039370079));
#3176=VERTEX_POINT('',#3175);
#3177=CARTESIAN_POINT('',(0.114173228346457,-0.110236220472441,0.019685039370079));
#3178=DIRECTION('',(-1.0,0.0,0.0));
#3179=VECTOR('',#3178,0.015748031496063);
#3180=LINE('',#3177,#3179);
#3181=EDGE_CURVE('',#3168,#3176,#3180,.T.);
#3182=ORIENTED_EDGE('',*,*,#3181,.T.);
#3183=CARTESIAN_POINT('',(0.098425196850394,-0.090551181102362,0.019685039370079));
#3184=VERTEX_POINT('',#3183);
#3185=CARTESIAN_POINT('',(0.098425196850394,-0.110236220472441,0.019685039370079));
#3186=DIRECTION('',(0.0,1.0,0.0));
#3187=VECTOR('',#3186,0.019685039370079);
#3188=LINE('',#3185,#3187);
#3189=EDGE_CURVE('',#3176,#3184,#3188,.T.);
#3190=ORIENTED_EDGE('',*,*,#3189,.T.);
#3191=CARTESIAN_POINT('',(0.098425196850394,-0.090551181102362,0.019685039370079));
#3192=DIRECTION('',(1.0,0.0,0.0));
#3193=VECTOR('',#3192,0.015748031496063);
#3194=LINE('',#3191,#3193);
#3195=EDGE_CURVE('',#3184,#3166,#3194,.T.);
#3196=ORIENTED_EDGE('',*,*,#3195,.T.);
#3197=EDGE_LOOP('',(#3174,#3182,#3190,#3196));
#3198=FACE_BOUND('',#3197,.T.);
#3199=CARTESIAN_POINT('',(0.15748031496063,-0.122047244094488,0.019685039370079));
#3200=VERTEX_POINT('',#3199);
#3201=CARTESIAN_POINT('',(0.15748031496063,-0.15748031496063,0.019685039370079));
#3202=VERTEX_POINT('',#3201);
#3203=CARTESIAN_POINT('',(0.15748031496063,-0.122047244094488,0.019685039370079));
#3204=DIRECTION('',(0.0,-1.0,0.0));
#3205=VECTOR('',#3204,0.035433070866142);
#3206=LINE('',#3203,#3205);
#3207=EDGE_CURVE('',#3200,#3202,#3206,.T.);
#3208=ORIENTED_EDGE('',*,*,#3207,.T.);
#3209=CARTESIAN_POINT('',(0.122047244094488,-0.15748031496063,0.019685039370079));
#3210=VERTEX_POINT('',#3209);
#3211=CARTESIAN_POINT('',(0.15748031496063,-0.15748031496063,0.019685039370079));
#3212=DIRECTION('',(-1.0,0.0,0.0));
#3213=VECTOR('',#3212,0.035433070866142);
#3214=LINE('',#3211,#3213);
#3215=EDGE_CURVE('',#3202,#3210,#3214,.T.);
#3216=ORIENTED_EDGE('',*,*,#3215,.T.);
#3217=CARTESIAN_POINT('',(0.122047244094488,-0.122047244094488,0.019685039370079));
#3218=VERTEX_POINT('',#3217);
#3219=CARTESIAN_POINT('',(0.122047244094488,-0.15748031496063,0.019685039370079));
#3220=DIRECTION('',(0.0,1.0,0.0));
#3221=VECTOR('',#3220,0.035433070866142);
#3222=LINE('',#3219,#3221);
#3223=EDGE_CURVE('',#3210,#3218,#3222,.T.);
#3224=ORIENTED_EDGE('',*,*,#3223,.T.);
#3225=CARTESIAN_POINT('',(0.122047244094488,-0.122047244094488,0.019685039370079));
#3226=DIRECTION('',(1.0,0.0,0.0));
#3227=VECTOR('',#3226,0.035433070866142);
#3228=LINE('',#3225,#3227);
#3229=EDGE_CURVE('',#3218,#3200,#3228,.T.);
#3230=ORIENTED_EDGE('',*,*,#3229,.T.);
#3231=EDGE_LOOP('',(#3208,#3216,#3224,#3230));
#3232=FACE_BOUND('',#3231,.T.);
#3233=CARTESIAN_POINT('',(0.15748031496063,0.15748031496063,0.019685039370079));
#3234=VERTEX_POINT('',#3233);
#3235=CARTESIAN_POINT('',(0.15748031496063,0.122047244094488,0.019685039370079));
#3236=VERTEX_POINT('',#3235);
#3237=CARTESIAN_POINT('',(0.15748031496063,0.15748031496063,0.019685039370079));
#3238=DIRECTION('',(0.0,-1.0,0.0));
#3239=VECTOR('',#3238,0.035433070866142);
#3240=LINE('',#3237,#3239);
#3241=EDGE_CURVE('',#3234,#3236,#3240,.T.);
#3242=ORIENTED_EDGE('',*,*,#3241,.T.);
#3243=CARTESIAN_POINT('',(0.122047244094488,0.122047244094488,0.019685039370079));
#3244=VERTEX_POINT('',#3243);
#3245=CARTESIAN_POINT('',(0.15748031496063,0.122047244094488,0.019685039370079));
#3246=DIRECTION('',(-1.0,0.0,0.0));
#3247=VECTOR('',#3246,0.035433070866142);
#3248=LINE('',#3245,#3247);
#3249=EDGE_CURVE('',#3236,#3244,#3248,.T.);
#3250=ORIENTED_EDGE('',*,*,#3249,.T.);
#3251=CARTESIAN_POINT('',(0.122047244094488,0.15748031496063,0.019685039370079));
#3252=VERTEX_POINT('',#3251);
#3253=CARTESIAN_POINT('',(0.122047244094488,0.122047244094488,0.019685039370079));
#3254=DIRECTION('',(0.0,1.0,0.0));
#3255=VECTOR('',#3254,0.035433070866142);
#3256=LINE('',#3253,#3255);
#3257=EDGE_CURVE('',#3244,#3252,#3256,.T.);
#3258=ORIENTED_EDGE('',*,*,#3257,.T.);
#3259=CARTESIAN_POINT('',(0.122047244094488,0.15748031496063,0.019685039370079));
#3260=DIRECTION('',(1.0,0.0,0.0));
#3261=VECTOR('',#3260,0.035433070866142);
#3262=LINE('',#3259,#3261);
#3263=EDGE_CURVE('',#3252,#3234,#3262,.T.);
#3264=ORIENTED_EDGE('',*,*,#3263,.T.);
#3265=EDGE_LOOP('',(#3242,#3250,#3258,#3264));
#3266=FACE_BOUND('',#3265,.T.);
#3267=ADVANCED_FACE('',(#3096,#3130,#3164,#3198,#3232,#3266),#3090,.T.);
#3268=CARTESIAN_POINT('',(-0.12007874015748,0.154921259842519,-0.139271653543307));
#3269=DIRECTION('',(-1.0,0.0,0.0));
#3270=DIRECTION('',(0.0,0.0,1.0));
#3271=AXIS2_PLACEMENT_3D('',#3268,#3269,#3270);
#3272=PLANE('',#3271);
#3273=ORIENTED_EDGE('',*,*,#232,.T.);
#3274=ORIENTED_EDGE('',*,*,#3037,.F.);
#3275=ORIENTED_EDGE('',*,*,#1081,.T.);
#3276=EDGE_LOOP('',(#3273,#3274,#3275));
#3277=FACE_OUTER_BOUND('',#3276,.T.);
#3278=ADVANCED_FACE('',(#3277),#3272,.F.);
#3279=CARTESIAN_POINT('',(0.066338582677166,0.167913385826771,-0.106791338582677));
#3280=DIRECTION('',(0.0,-0.928476690885259,0.371390676354104));
#3281=DIRECTION('',(0.0,-0.371390676354104,-0.928476690885259));
#3282=AXIS2_PLACEMENT_3D('',#3279,#3280,#3281);
#3283=PLANE('',#3282);
#3284=ORIENTED_EDGE('',*,*,#429,.T.);
#3285=ORIENTED_EDGE('',*,*,#334,.F.);
#3286=ORIENTED_EDGE('',*,*,#3024,.F.);
#3287=ORIENTED_EDGE('',*,*,#3058,.F.);
#3288=EDGE_LOOP('',(#3284,#3285,#3286,#3287));
#3289=FACE_OUTER_BOUND('',#3288,.T.);
#3290=ADVANCED_FACE('',(#3289),#3283,.F.);
#3291=CARTESIAN_POINT('',(-0.12263779527559,-0.154921259842519,-0.139271653543307));
#3292=DIRECTION('',(0.0,0.928476690885259,0.371390676354104));
#3293=DIRECTION('',(0.0,-0.371390676354104,0.928476690885259));
#3294=AXIS2_PLACEMENT_3D('',#3291,#3292,#3293);
#3295=PLANE('',#3294);
#3296=ORIENTED_EDGE('',*,*,#301,.T.);
#3297=ORIENTED_EDGE('',*,*,#168,.F.);
#3298=ORIENTED_EDGE('',*,*,#2943,.F.);
#3299=CARTESIAN_POINT('',(-0.12007874015748,-0.155511811023622,-0.137795275590551));
#3300=DIRECTION('',(0.0,-0.371390676354102,0.92847669088526));
#3301=VECTOR('',#3300,0.031802154372841);
#3302=LINE('',#3299,#3301);
#3303=EDGE_CURVE('',#296,#2932,#3302,.T.);
#3304=ORIENTED_EDGE('',*,*,#3303,.F.);
#3305=EDGE_LOOP('',(#3296,#3297,#3298,#3304));
#3306=FACE_OUTER_BOUND('',#3305,.T.);
#3307=ADVANCED_FACE('',(#3306),#3295,.F.);
#3308=CARTESIAN_POINT('',(0.12007874015748,-0.167913385826771,-0.139271653543307));
#3309=DIRECTION('',(-1.0,0.0,0.0));
#3310=DIRECTION('',(0.0,0.0,1.0));
#3311=AXIS2_PLACEMENT_3D('',#3308,#3309,#3310);
#3312=PLANE('',#3311);
#3313=ORIENTED_EDGE('',*,*,#672,.T.);
#3314=ORIENTED_EDGE('',*,*,#2923,.F.);
#3315=ORIENTED_EDGE('',*,*,#1057,.T.);
#3316=EDGE_LOOP('',(#3313,#3314,#3315));
#3317=FACE_OUTER_BOUND('',#3316,.T.);
#3318=ADVANCED_FACE('',(#3317),#3312,.T.);
#3319=CARTESIAN_POINT('',(0.098425196850394,-0.012795275590551,0.011811023622047));
#3320=DIRECTION('',(-1.0,0.0,0.0));
#3321=DIRECTION('',(0.0,0.0,1.0));
#3322=AXIS2_PLACEMENT_3D('',#3319,#3320,#3321);
#3323=PLANE('',#3322);
#3324=CARTESIAN_POINT('',(0.098425196850394,-0.011811023622047,0.177165354330709));
#3325=VERTEX_POINT('',#3324);
#3326=CARTESIAN_POINT('',(0.098425196850394,0.007874015748031,0.177165354330709));
#3327=VERTEX_POINT('',#3326);
#3328=CARTESIAN_POINT('',(0.098425196850394,-0.011811023622047,0.177165354330709));
#3329=DIRECTION('',(0.0,1.0,0.0));
#3330=VECTOR('',#3329,0.019685039370078);
#3331=LINE('',#3328,#3330);
#3332=EDGE_CURVE('',#3325,#3327,#3331,.T.);
#3333=ORIENTED_EDGE('',*,*,#3332,.T.);
#3334=CARTESIAN_POINT('',(0.098425196850394,0.007874015748031,0.019685039370079));
#3335=DIRECTION('',(0.0,0.0,1.0));
#3336=VECTOR('',#3335,0.15748031496063);
#3337=LINE('',#3334,#3336);
#3338=EDGE_CURVE('',#3100,#3327,#3337,.T.);
#3339=ORIENTED_EDGE('',*,*,#3338,.F.);
#3340=ORIENTED_EDGE('',*,*,#3105,.F.);
#3341=CARTESIAN_POINT('',(0.098425196850394,-0.011811023622047,0.019685039370079));
#3342=DIRECTION('',(0.0,0.0,1.0));
#3343=VECTOR('',#3342,0.15748031496063);
#3344=LINE('',#3341,#3343);
#3345=EDGE_CURVE('',#3098,#3325,#3344,.T.);
#3346=ORIENTED_EDGE('',*,*,#3345,.T.);
#3347=EDGE_LOOP('',(#3333,#3339,#3340,#3346));
#3348=FACE_OUTER_BOUND('',#3347,.T.);
#3349=ADVANCED_FACE('',(#3348),#3323,.T.);
#3350=CARTESIAN_POINT('',(0.097637795275591,0.007874015748031,0.011811023622047));
#3351=DIRECTION('',(0.0,1.0,0.0));
#3352=DIRECTION('',(0.0,0.0,1.0));
#3353=AXIS2_PLACEMENT_3D('',#3350,#3351,#3352);
#3354=PLANE('',#3353);
#3355=CARTESIAN_POINT('',(0.114173228346457,0.007874015748031,0.177165354330709));
#3356=VERTEX_POINT('',#3355);
#3357=CARTESIAN_POINT('',(0.098425196850394,0.007874015748031,0.177165354330709));
#3358=DIRECTION('',(1.0,0.0,0.0));
#3359=VECTOR('',#3358,0.015748031496063);
#3360=LINE('',#3357,#3359);
#3361=EDGE_CURVE('',#3327,#3356,#3360,.T.);
#3362=ORIENTED_EDGE('',*,*,#3361,.T.);
#3363=CARTESIAN_POINT('',(0.114173228346457,0.007874015748031,0.019685039370079));
#3364=DIRECTION('',(0.0,0.0,1.0));
#3365=VECTOR('',#3364,0.15748031496063);
#3366=LINE('',#3363,#3365);
#3367=EDGE_CURVE('',#3108,#3356,#3366,.T.);
#3368=ORIENTED_EDGE('',*,*,#3367,.F.);
#3369=ORIENTED_EDGE('',*,*,#3113,.F.);
#3370=ORIENTED_EDGE('',*,*,#3338,.T.);
#3371=EDGE_LOOP('',(#3362,#3368,#3369,#3370));
#3372=FACE_OUTER_BOUND('',#3371,.T.);
#3373=ADVANCED_FACE('',(#3372),#3354,.T.);
#3374=CARTESIAN_POINT('',(0.114173228346457,-0.012795275590551,0.18503937007874));
#3375=DIRECTION('',(1.0,0.0,0.0));
#3376=DIRECTION('',(0.0,0.0,-1.0));
#3377=AXIS2_PLACEMENT_3D('',#3374,#3375,#3376);
#3378=PLANE('',#3377);
#3379=CARTESIAN_POINT('',(0.114173228346457,-0.011811023622047,0.177165354330709));
#3380=VERTEX_POINT('',#3379);
#3381=CARTESIAN_POINT('',(0.114173228346457,0.007874015748031,0.177165354330709));
#3382=DIRECTION('',(0.0,-1.0,0.0));
#3383=VECTOR('',#3382,0.019685039370078);
#3384=LINE('',#3381,#3383);
#3385=EDGE_CURVE('',#3356,#3380,#3384,.T.);
#3386=ORIENTED_EDGE('',*,*,#3385,.T.);
#3387=CARTESIAN_POINT('',(0.114173228346457,-0.011811023622047,0.019685039370079));
#3388=DIRECTION('',(0.0,0.0,1.0));
#3389=VECTOR('',#3388,0.15748031496063);
#3390=LINE('',#3387,#3389);
#3391=EDGE_CURVE('',#3116,#3380,#3390,.T.);
#3392=ORIENTED_EDGE('',*,*,#3391,.F.);
#3393=ORIENTED_EDGE('',*,*,#3121,.F.);
#3394=ORIENTED_EDGE('',*,*,#3367,.T.);
#3395=EDGE_LOOP('',(#3386,#3392,#3393,#3394));
#3396=FACE_OUTER_BOUND('',#3395,.T.);
#3397=ADVANCED_FACE('',(#3396),#3378,.T.);
#3398=CARTESIAN_POINT('',(0.097637795275591,-0.011811023622047,0.18503937007874));
#3399=DIRECTION('',(0.0,-1.0,0.0));
#3400=DIRECTION('',(0.0,0.0,-1.0));
#3401=AXIS2_PLACEMENT_3D('',#3398,#3399,#3400);
#3402=PLANE('',#3401);
#3403=CARTESIAN_POINT('',(0.114173228346457,-0.011811023622047,0.177165354330709));
#3404=DIRECTION('',(-1.0,0.0,0.0));
#3405=VECTOR('',#3404,0.015748031496063);
#3406=LINE('',#3403,#3405);
#3407=EDGE_CURVE('',#3380,#3325,#3406,.T.);
#3408=ORIENTED_EDGE('',*,*,#3407,.T.);
#3409=ORIENTED_EDGE('',*,*,#3345,.F.);
#3410=ORIENTED_EDGE('',*,*,#3127,.F.);
#3411=ORIENTED_EDGE('',*,*,#3391,.T.);
#3412=EDGE_LOOP('',(#3408,#3409,#3410,#3411));
#3413=FACE_OUTER_BOUND('',#3412,.T.);
#3414=ADVANCED_FACE('',(#3413),#3402,.T.);
#3415=CARTESIAN_POINT('',(0.097637795275591,-0.012795275590551,0.177165354330709));
#3416=DIRECTION('',(0.0,0.0,1.0));
#3417=DIRECTION('',(1.0,0.0,0.0));
#3418=AXIS2_PLACEMENT_3D('',#3415,#3416,#3417);
#3419=PLANE('',#3418);
#3420=ORIENTED_EDGE('',*,*,#3332,.F.);
#3421=ORIENTED_EDGE('',*,*,#3407,.F.);
#3422=ORIENTED_EDGE('',*,*,#3385,.F.);
#3423=ORIENTED_EDGE('',*,*,#3361,.F.);
#3424=EDGE_LOOP('',(#3420,#3421,#3422,#3423));
#3425=FACE_OUTER_BOUND('',#3424,.T.);
#3426=ADVANCED_FACE('',(#3425),#3419,.T.);
#3427=CARTESIAN_POINT('',(-0.098425196850394,-0.111220472440945,0.18503937007874));
#3428=DIRECTION('',(1.0,0.0,0.0));
#3429=DIRECTION('',(0.0,0.0,-1.0));
#3430=AXIS2_PLACEMENT_3D('',#3427,#3428,#3429);
#3431=PLANE('',#3430);
#3432=CARTESIAN_POINT('',(-0.098425196850394,-0.090551181102362,0.177165354330709));
#3433=VERTEX_POINT('',#3432);
#3434=CARTESIAN_POINT('',(-0.098425196850394,-0.110236220472441,0.177165354330709));
#3435=VERTEX_POINT('',#3434);
#3436=CARTESIAN_POINT('',(-0.098425196850394,-0.090551181102362,0.177165354330709));
#3437=DIRECTION('',(0.0,-1.0,0.0));
#3438=VECTOR('',#3437,0.019685039370079);
#3439=LINE('',#3436,#3438);
#3440=EDGE_CURVE('',#3433,#3435,#3439,.T.);
#3441=ORIENTED_EDGE('',*,*,#3440,.T.);
#3442=CARTESIAN_POINT('',(-0.098425196850394,-0.110236220472441,0.019685039370079));
#3443=VERTEX_POINT('',#3442);
#3444=CARTESIAN_POINT('',(-0.098425196850394,-0.110236220472441,0.019685039370079));
#3445=DIRECTION('',(0.0,0.0,1.0));
#3446=VECTOR('',#3445,0.15748031496063);
#3447=LINE('',#3444,#3446);
#3448=EDGE_CURVE('',#3443,#3435,#3447,.T.);
#3449=ORIENTED_EDGE('',*,*,#3448,.F.);
#3450=CARTESIAN_POINT('',(-0.098425196850394,-0.090551181102362,0.019685039370079));
#3451=VERTEX_POINT('',#3450);
#3452=CARTESIAN_POINT('',(-0.098425196850394,-0.090551181102362,0.019685039370079));
#3453=DIRECTION('',(0.0,-1.0,0.0));
#3454=VECTOR('',#3453,0.019685039370079);
#3455=LINE('',#3452,#3454);
#3456=EDGE_CURVE('',#3451,#3443,#3455,.T.);
#3457=ORIENTED_EDGE('',*,*,#3456,.F.);
#3458=CARTESIAN_POINT('',(-0.098425196850394,-0.090551181102362,0.019685039370079));
#3459=DIRECTION('',(0.0,0.0,1.0));
#3460=VECTOR('',#3459,0.15748031496063);
#3461=LINE('',#3458,#3460);
#3462=EDGE_CURVE('',#3451,#3433,#3461,.T.);
#3463=ORIENTED_EDGE('',*,*,#3462,.T.);
#3464=EDGE_LOOP('',(#3441,#3449,#3457,#3463));
#3465=FACE_OUTER_BOUND('',#3464,.T.);
#3466=ADVANCED_FACE('',(#3465),#3431,.T.);
#3467=CARTESIAN_POINT('',(-0.11496062992126,-0.110236220472441,0.18503937007874));
#3468=DIRECTION('',(0.0,-1.0,0.0));
#3469=DIRECTION('',(0.0,0.0,-1.0));
#3470=AXIS2_PLACEMENT_3D('',#3467,#3468,#3469);
#3471=PLANE('',#3470);
#3472=CARTESIAN_POINT('',(-0.114173228346457,-0.110236220472441,0.177165354330709));
#3473=VERTEX_POINT('',#3472);
#3474=CARTESIAN_POINT('',(-0.098425196850394,-0.110236220472441,0.177165354330709));
#3475=DIRECTION('',(-1.0,0.0,0.0));
#3476=VECTOR('',#3475,0.015748031496063);
#3477=LINE('',#3474,#3476);
#3478=EDGE_CURVE('',#3435,#3473,#3477,.T.);
#3479=ORIENTED_EDGE('',*,*,#3478,.T.);
#3480=CARTESIAN_POINT('',(-0.114173228346457,-0.110236220472441,0.019685039370079));
#3481=VERTEX_POINT('',#3480);
#3482=CARTESIAN_POINT('',(-0.114173228346457,-0.110236220472441,0.019685039370079));
#3483=DIRECTION('',(0.0,0.0,1.0));
#3484=VECTOR('',#3483,0.15748031496063);
#3485=LINE('',#3482,#3484);
#3486=EDGE_CURVE('',#3481,#3473,#3485,.T.);
#3487=ORIENTED_EDGE('',*,*,#3486,.F.);
#3488=CARTESIAN_POINT('',(-0.098425196850394,-0.110236220472441,0.019685039370079));
#3489=DIRECTION('',(-1.0,0.0,0.0));
#3490=VECTOR('',#3489,0.015748031496063);
#3491=LINE('',#3488,#3490);
#3492=EDGE_CURVE('',#3443,#3481,#3491,.T.);
#3493=ORIENTED_EDGE('',*,*,#3492,.F.);
#3494=ORIENTED_EDGE('',*,*,#3448,.T.);
#3495=EDGE_LOOP('',(#3479,#3487,#3493,#3494));
#3496=FACE_OUTER_BOUND('',#3495,.T.);
#3497=ADVANCED_FACE('',(#3496),#3471,.T.);
#3498=CARTESIAN_POINT('',(-0.114173228346457,-0.111220472440945,0.011811023622047));
#3499=DIRECTION('',(-1.0,0.0,0.0));
#3500=DIRECTION('',(0.0,0.0,1.0));
#3501=AXIS2_PLACEMENT_3D('',#3498,#3499,#3500);
#3502=PLANE('',#3501);
#3503=CARTESIAN_POINT('',(-0.114173228346457,-0.090551181102362,0.177165354330709));
#3504=VERTEX_POINT('',#3503);
#3505=CARTESIAN_POINT('',(-0.114173228346457,-0.110236220472441,0.177165354330709));
#3506=DIRECTION('',(0.0,1.0,0.0));
#3507=VECTOR('',#3506,0.019685039370079);
#3508=LINE('',#3505,#3507);
#3509=EDGE_CURVE('',#3473,#3504,#3508,.T.);
#3510=ORIENTED_EDGE('',*,*,#3509,.T.);
#3511=CARTESIAN_POINT('',(-0.114173228346457,-0.090551181102362,0.019685039370079));
#3512=VERTEX_POINT('',#3511);
#3513=CARTESIAN_POINT('',(-0.114173228346457,-0.090551181102362,0.019685039370079));
#3514=DIRECTION('',(0.0,0.0,1.0));
#3515=VECTOR('',#3514,0.15748031496063);
#3516=LINE('',#3513,#3515);
#3517=EDGE_CURVE('',#3512,#3504,#3516,.T.);
#3518=ORIENTED_EDGE('',*,*,#3517,.F.);
#3519=CARTESIAN_POINT('',(-0.114173228346457,-0.110236220472441,0.019685039370079));
#3520=DIRECTION('',(0.0,1.0,0.0));
#3521=VECTOR('',#3520,0.019685039370079);
#3522=LINE('',#3519,#3521);
#3523=EDGE_CURVE('',#3481,#3512,#3522,.T.);
#3524=ORIENTED_EDGE('',*,*,#3523,.F.);
#3525=ORIENTED_EDGE('',*,*,#3486,.T.);
#3526=EDGE_LOOP('',(#3510,#3518,#3524,#3525));
#3527=FACE_OUTER_BOUND('',#3526,.T.);
#3528=ADVANCED_FACE('',(#3527),#3502,.T.);
#3529=CARTESIAN_POINT('',(-0.11496062992126,-0.090551181102362,0.011811023622047));
#3530=DIRECTION('',(0.0,1.0,0.0));
#3531=DIRECTION('',(0.0,0.0,1.0));
#3532=AXIS2_PLACEMENT_3D('',#3529,#3530,#3531);
#3533=PLANE('',#3532);
#3534=CARTESIAN_POINT('',(-0.114173228346457,-0.090551181102362,0.177165354330709));
#3535=DIRECTION('',(1.0,0.0,0.0));
#3536=VECTOR('',#3535,0.015748031496063);
#3537=LINE('',#3534,#3536);
#3538=EDGE_CURVE('',#3504,#3433,#3537,.T.);
#3539=ORIENTED_EDGE('',*,*,#3538,.T.);
#3540=ORIENTED_EDGE('',*,*,#3462,.F.);
#3541=CARTESIAN_POINT('',(-0.114173228346457,-0.090551181102362,0.019685039370079));
#3542=DIRECTION('',(1.0,0.0,0.0));
#3543=VECTOR('',#3542,0.015748031496063);
#3544=LINE('',#3541,#3543);
#3545=EDGE_CURVE('',#3512,#3451,#3544,.T.);
#3546=ORIENTED_EDGE('',*,*,#3545,.F.);
#3547=ORIENTED_EDGE('',*,*,#3517,.T.);
#3548=EDGE_LOOP('',(#3539,#3540,#3546,#3547));
#3549=FACE_OUTER_BOUND('',#3548,.T.);
#3550=ADVANCED_FACE('',(#3549),#3533,.T.);
#3551=CARTESIAN_POINT('',(-0.11496062992126,-0.111220472440945,0.177165354330709));
#3552=DIRECTION('',(0.0,0.0,1.0));
#3553=DIRECTION('',(1.0,0.0,0.0));
#3554=AXIS2_PLACEMENT_3D('',#3551,#3552,#3553);
#3555=PLANE('',#3554);
#3556=ORIENTED_EDGE('',*,*,#3440,.F.);
#3557=ORIENTED_EDGE('',*,*,#3538,.F.);
#3558=ORIENTED_EDGE('',*,*,#3509,.F.);
#3559=ORIENTED_EDGE('',*,*,#3478,.F.);
#3560=EDGE_LOOP('',(#3556,#3557,#3558,#3559));
#3561=FACE_OUTER_BOUND('',#3560,.T.);
#3562=ADVANCED_FACE('',(#3561),#3555,.T.);
#3563=CARTESIAN_POINT('',(-0.098425196850394,0.085629921259842,0.18503937007874));
#3564=DIRECTION('',(1.0,0.0,0.0));
#3565=DIRECTION('',(0.0,0.0,-1.0));
#3566=AXIS2_PLACEMENT_3D('',#3563,#3564,#3565);
#3567=PLANE('',#3566);
#3568=CARTESIAN_POINT('',(-0.098425196850394,0.106299212598425,0.177165354330709));
#3569=VERTEX_POINT('',#3568);
#3570=CARTESIAN_POINT('',(-0.098425196850394,0.086614173228346,0.177165354330709));
#3571=VERTEX_POINT('',#3570);
#3572=CARTESIAN_POINT('',(-0.098425196850394,0.106299212598425,0.177165354330709));
#3573=DIRECTION('',(0.0,-1.0,0.0));
#3574=VECTOR('',#3573,0.019685039370079);
#3575=LINE('',#3572,#3574);
#3576=EDGE_CURVE('',#3569,#3571,#3575,.T.);
#3577=ORIENTED_EDGE('',*,*,#3576,.T.);
#3578=CARTESIAN_POINT('',(-0.098425196850394,0.086614173228346,0.019685039370079));
#3579=VERTEX_POINT('',#3578);
#3580=CARTESIAN_POINT('',(-0.098425196850394,0.086614173228346,0.019685039370079));
#3581=DIRECTION('',(0.0,0.0,1.0));
#3582=VECTOR('',#3581,0.15748031496063);
#3583=LINE('',#3580,#3582);
#3584=EDGE_CURVE('',#3579,#3571,#3583,.T.);
#3585=ORIENTED_EDGE('',*,*,#3584,.F.);
#3586=CARTESIAN_POINT('',(-0.098425196850394,0.106299212598425,0.019685039370079));
#3587=VERTEX_POINT('',#3586);
#3588=CARTESIAN_POINT('',(-0.098425196850394,0.106299212598425,0.019685039370079));
#3589=DIRECTION('',(0.0,-1.0,0.0));
#3590=VECTOR('',#3589,0.019685039370079);
#3591=LINE('',#3588,#3590);
#3592=EDGE_CURVE('',#3587,#3579,#3591,.T.);
#3593=ORIENTED_EDGE('',*,*,#3592,.F.);
#3594=CARTESIAN_POINT('',(-0.098425196850394,0.106299212598425,0.019685039370079));
#3595=DIRECTION('',(0.0,0.0,1.0));
#3596=VECTOR('',#3595,0.15748031496063);
#3597=LINE('',#3594,#3596);
#3598=EDGE_CURVE('',#3587,#3569,#3597,.T.);
#3599=ORIENTED_EDGE('',*,*,#3598,.T.);
#3600=EDGE_LOOP('',(#3577,#3585,#3593,#3599));
#3601=FACE_OUTER_BOUND('',#3600,.T.);
#3602=ADVANCED_FACE('',(#3601),#3567,.T.);
#3603=CARTESIAN_POINT('',(-0.11496062992126,0.086614173228346,0.18503937007874));
#3604=DIRECTION('',(0.0,-1.0,0.0));
#3605=DIRECTION('',(0.0,0.0,-1.0));
#3606=AXIS2_PLACEMENT_3D('',#3603,#3604,#3605);
#3607=PLANE('',#3606);
#3608=CARTESIAN_POINT('',(-0.114173228346457,0.086614173228346,0.177165354330709));
#3609=VERTEX_POINT('',#3608);
#3610=CARTESIAN_POINT('',(-0.098425196850394,0.086614173228346,0.177165354330709));
#3611=DIRECTION('',(-1.0,0.0,0.0));
#3612=VECTOR('',#3611,0.015748031496063);
#3613=LINE('',#3610,#3612);
#3614=EDGE_CURVE('',#3571,#3609,#3613,.T.);
#3615=ORIENTED_EDGE('',*,*,#3614,.T.);
#3616=CARTESIAN_POINT('',(-0.114173228346457,0.086614173228346,0.019685039370079));
#3617=VERTEX_POINT('',#3616);
#3618=CARTESIAN_POINT('',(-0.114173228346457,0.086614173228346,0.019685039370079));
#3619=DIRECTION('',(0.0,0.0,1.0));
#3620=VECTOR('',#3619,0.15748031496063);
#3621=LINE('',#3618,#3620);
#3622=EDGE_CURVE('',#3617,#3609,#3621,.T.);
#3623=ORIENTED_EDGE('',*,*,#3622,.F.);
#3624=CARTESIAN_POINT('',(-0.098425196850394,0.086614173228346,0.019685039370079));
#3625=DIRECTION('',(-1.0,0.0,0.0));
#3626=VECTOR('',#3625,0.015748031496063);
#3627=LINE('',#3624,#3626);
#3628=EDGE_CURVE('',#3579,#3617,#3627,.T.);
#3629=ORIENTED_EDGE('',*,*,#3628,.F.);
#3630=ORIENTED_EDGE('',*,*,#3584,.T.);
#3631=EDGE_LOOP('',(#3615,#3623,#3629,#3630));
#3632=FACE_OUTER_BOUND('',#3631,.T.);
#3633=ADVANCED_FACE('',(#3632),#3607,.T.);
#3634=CARTESIAN_POINT('',(-0.114173228346457,0.085629921259842,0.011811023622047));
#3635=DIRECTION('',(-1.0,0.0,0.0));
#3636=DIRECTION('',(0.0,0.0,1.0));
#3637=AXIS2_PLACEMENT_3D('',#3634,#3635,#3636);
#3638=PLANE('',#3637);
#3639=CARTESIAN_POINT('',(-0.114173228346457,0.106299212598425,0.177165354330709));
#3640=VERTEX_POINT('',#3639);
#3641=CARTESIAN_POINT('',(-0.114173228346457,0.086614173228346,0.177165354330709));
#3642=DIRECTION('',(0.0,1.0,0.0));
#3643=VECTOR('',#3642,0.019685039370079);
#3644=LINE('',#3641,#3643);
#3645=EDGE_CURVE('',#3609,#3640,#3644,.T.);
#3646=ORIENTED_EDGE('',*,*,#3645,.T.);
#3647=CARTESIAN_POINT('',(-0.114173228346457,0.106299212598425,0.019685039370079));
#3648=VERTEX_POINT('',#3647);
#3649=CARTESIAN_POINT('',(-0.114173228346457,0.106299212598425,0.019685039370079));
#3650=DIRECTION('',(0.0,0.0,1.0));
#3651=VECTOR('',#3650,0.15748031496063);
#3652=LINE('',#3649,#3651);
#3653=EDGE_CURVE('',#3648,#3640,#3652,.T.);
#3654=ORIENTED_EDGE('',*,*,#3653,.F.);
#3655=CARTESIAN_POINT('',(-0.114173228346457,0.086614173228346,0.019685039370079));
#3656=DIRECTION('',(0.0,1.0,0.0));
#3657=VECTOR('',#3656,0.019685039370079);
#3658=LINE('',#3655,#3657);
#3659=EDGE_CURVE('',#3617,#3648,#3658,.T.);
#3660=ORIENTED_EDGE('',*,*,#3659,.F.);
#3661=ORIENTED_EDGE('',*,*,#3622,.T.);
#3662=EDGE_LOOP('',(#3646,#3654,#3660,#3661));
#3663=FACE_OUTER_BOUND('',#3662,.T.);
#3664=ADVANCED_FACE('',(#3663),#3638,.T.);
#3665=CARTESIAN_POINT('',(-0.11496062992126,0.106299212598425,0.011811023622047));
#3666=DIRECTION('',(0.0,1.0,0.0));
#3667=DIRECTION('',(0.0,0.0,1.0));
#3668=AXIS2_PLACEMENT_3D('',#3665,#3666,#3667);
#3669=PLANE('',#3668);
#3670=CARTESIAN_POINT('',(-0.114173228346457,0.106299212598425,0.177165354330709));
#3671=DIRECTION('',(1.0,0.0,0.0));
#3672=VECTOR('',#3671,0.015748031496063);
#3673=LINE('',#3670,#3672);
#3674=EDGE_CURVE('',#3640,#3569,#3673,.T.);
#3675=ORIENTED_EDGE('',*,*,#3674,.T.);
#3676=ORIENTED_EDGE('',*,*,#3598,.F.);
#3677=CARTESIAN_POINT('',(-0.114173228346457,0.106299212598425,0.019685039370079));
#3678=DIRECTION('',(1.0,0.0,0.0));
#3679=VECTOR('',#3678,0.015748031496063);
#3680=LINE('',#3677,#3679);
#3681=EDGE_CURVE('',#3648,#3587,#3680,.T.);
#3682=ORIENTED_EDGE('',*,*,#3681,.F.);
#3683=ORIENTED_EDGE('',*,*,#3653,.T.);
#3684=EDGE_LOOP('',(#3675,#3676,#3682,#3683));
#3685=FACE_OUTER_BOUND('',#3684,.T.);
#3686=ADVANCED_FACE('',(#3685),#3669,.T.);
#3687=CARTESIAN_POINT('',(-0.11496062992126,0.085629921259842,0.177165354330709));
#3688=DIRECTION('',(0.0,0.0,1.0));
#3689=DIRECTION('',(1.0,0.0,0.0));
#3690=AXIS2_PLACEMENT_3D('',#3687,#3688,#3689);
#3691=PLANE('',#3690);
#3692=ORIENTED_EDGE('',*,*,#3576,.F.);
#3693=ORIENTED_EDGE('',*,*,#3674,.F.);
#3694=ORIENTED_EDGE('',*,*,#3645,.F.);
#3695=ORIENTED_EDGE('',*,*,#3614,.F.);
#3696=EDGE_LOOP('',(#3692,#3693,#3694,#3695));
#3697=FACE_OUTER_BOUND('',#3696,.T.);
#3698=ADVANCED_FACE('',(#3697),#3691,.T.);
#3699=CARTESIAN_POINT('',(-0.098425196850394,-0.012795275590551,0.18503937007874));
#3700=DIRECTION('',(1.0,0.0,0.0));
#3701=DIRECTION('',(0.0,0.0,-1.0));
#3702=AXIS2_PLACEMENT_3D('',#3699,#3700,#3701);
#3703=PLANE('',#3702);
#3704=CARTESIAN_POINT('',(-0.098425196850394,0.007874015748031,0.177165354330709));
#3705=VERTEX_POINT('',#3704);
#3706=CARTESIAN_POINT('',(-0.098425196850394,-0.011811023622047,0.177165354330709));
#3707=VERTEX_POINT('',#3706);
#3708=CARTESIAN_POINT('',(-0.098425196850394,0.007874015748031,0.177165354330709));
#3709=DIRECTION('',(0.0,-1.0,0.0));
#3710=VECTOR('',#3709,0.019685039370078);
#3711=LINE('',#3708,#3710);
#3712=EDGE_CURVE('',#3705,#3707,#3711,.T.);
#3713=ORIENTED_EDGE('',*,*,#3712,.T.);
#3714=CARTESIAN_POINT('',(-0.098425196850394,-0.011811023622047,0.019685039370079));
#3715=VERTEX_POINT('',#3714);
#3716=CARTESIAN_POINT('',(-0.098425196850394,-0.011811023622047,0.019685039370079));
#3717=DIRECTION('',(0.0,0.0,1.0));
#3718=VECTOR('',#3717,0.15748031496063);
#3719=LINE('',#3716,#3718);
#3720=EDGE_CURVE('',#3715,#3707,#3719,.T.);
#3721=ORIENTED_EDGE('',*,*,#3720,.F.);
#3722=CARTESIAN_POINT('',(-0.098425196850394,0.007874015748031,0.019685039370079));
#3723=VERTEX_POINT('',#3722);
#3724=CARTESIAN_POINT('',(-0.098425196850394,0.007874015748031,0.019685039370079));
#3725=DIRECTION('',(0.0,-1.0,0.0));
#3726=VECTOR('',#3725,0.019685039370078);
#3727=LINE('',#3724,#3726);
#3728=EDGE_CURVE('',#3723,#3715,#3727,.T.);
#3729=ORIENTED_EDGE('',*,*,#3728,.F.);
#3730=CARTESIAN_POINT('',(-0.098425196850394,0.007874015748031,0.019685039370079));
#3731=DIRECTION('',(0.0,0.0,1.0));
#3732=VECTOR('',#3731,0.15748031496063);
#3733=LINE('',#3730,#3732);
#3734=EDGE_CURVE('',#3723,#3705,#3733,.T.);
#3735=ORIENTED_EDGE('',*,*,#3734,.T.);
#3736=EDGE_LOOP('',(#3713,#3721,#3729,#3735));
#3737=FACE_OUTER_BOUND('',#3736,.T.);
#3738=ADVANCED_FACE('',(#3737),#3703,.T.);
#3739=CARTESIAN_POINT('',(-0.11496062992126,-0.011811023622047,0.18503937007874));
#3740=DIRECTION('',(0.0,-1.0,0.0));
#3741=DIRECTION('',(0.0,0.0,-1.0));
#3742=AXIS2_PLACEMENT_3D('',#3739,#3740,#3741);
#3743=PLANE('',#3742);
#3744=CARTESIAN_POINT('',(-0.114173228346457,-0.011811023622047,0.177165354330709));
#3745=VERTEX_POINT('',#3744);
#3746=CARTESIAN_POINT('',(-0.098425196850394,-0.011811023622047,0.177165354330709));
#3747=DIRECTION('',(-1.0,0.0,0.0));
#3748=VECTOR('',#3747,0.015748031496063);
#3749=LINE('',#3746,#3748);
#3750=EDGE_CURVE('',#3707,#3745,#3749,.T.);
#3751=ORIENTED_EDGE('',*,*,#3750,.T.);
#3752=CARTESIAN_POINT('',(-0.114173228346457,-0.011811023622047,0.019685039370079));
#3753=VERTEX_POINT('',#3752);
#3754=CARTESIAN_POINT('',(-0.114173228346457,-0.011811023622047,0.019685039370079));
#3755=DIRECTION('',(0.0,0.0,1.0));
#3756=VECTOR('',#3755,0.15748031496063);
#3757=LINE('',#3754,#3756);
#3758=EDGE_CURVE('',#3753,#3745,#3757,.T.);
#3759=ORIENTED_EDGE('',*,*,#3758,.F.);
#3760=CARTESIAN_POINT('',(-0.098425196850394,-0.011811023622047,0.019685039370079));
#3761=DIRECTION('',(-1.0,0.0,0.0));
#3762=VECTOR('',#3761,0.015748031496063);
#3763=LINE('',#3760,#3762);
#3764=EDGE_CURVE('',#3715,#3753,#3763,.T.);
#3765=ORIENTED_EDGE('',*,*,#3764,.F.);
#3766=ORIENTED_EDGE('',*,*,#3720,.T.);
#3767=EDGE_LOOP('',(#3751,#3759,#3765,#3766));
#3768=FACE_OUTER_BOUND('',#3767,.T.);
#3769=ADVANCED_FACE('',(#3768),#3743,.T.);
#3770=CARTESIAN_POINT('',(-0.114173228346457,-0.012795275590551,0.011811023622047));
#3771=DIRECTION('',(-1.0,0.0,0.0));
#3772=DIRECTION('',(0.0,0.0,1.0));
#3773=AXIS2_PLACEMENT_3D('',#3770,#3771,#3772);
#3774=PLANE('',#3773);
#3775=CARTESIAN_POINT('',(-0.114173228346457,0.007874015748031,0.177165354330709));
#3776=VERTEX_POINT('',#3775);
#3777=CARTESIAN_POINT('',(-0.114173228346457,-0.011811023622047,0.177165354330709));
#3778=DIRECTION('',(0.0,1.0,0.0));
#3779=VECTOR('',#3778,0.019685039370078);
#3780=LINE('',#3777,#3779);
#3781=EDGE_CURVE('',#3745,#3776,#3780,.T.);
#3782=ORIENTED_EDGE('',*,*,#3781,.T.);
#3783=CARTESIAN_POINT('',(-0.114173228346457,0.007874015748031,0.019685039370079));
#3784=VERTEX_POINT('',#3783);
#3785=CARTESIAN_POINT('',(-0.114173228346457,0.007874015748031,0.019685039370079));
#3786=DIRECTION('',(0.0,0.0,1.0));
#3787=VECTOR('',#3786,0.15748031496063);
#3788=LINE('',#3785,#3787);
#3789=EDGE_CURVE('',#3784,#3776,#3788,.T.);
#3790=ORIENTED_EDGE('',*,*,#3789,.F.);
#3791=CARTESIAN_POINT('',(-0.114173228346457,-0.011811023622047,0.019685039370079));
#3792=DIRECTION('',(0.0,1.0,0.0));
#3793=VECTOR('',#3792,0.019685039370078);
#3794=LINE('',#3791,#3793);
#3795=EDGE_CURVE('',#3753,#3784,#3794,.T.);
#3796=ORIENTED_EDGE('',*,*,#3795,.F.);
#3797=ORIENTED_EDGE('',*,*,#3758,.T.);
#3798=EDGE_LOOP('',(#3782,#3790,#3796,#3797));
#3799=FACE_OUTER_BOUND('',#3798,.T.);
#3800=ADVANCED_FACE('',(#3799),#3774,.T.);
#3801=CARTESIAN_POINT('',(-0.11496062992126,0.007874015748031,0.011811023622047));
#3802=DIRECTION('',(0.0,1.0,0.0));
#3803=DIRECTION('',(0.0,0.0,1.0));
#3804=AXIS2_PLACEMENT_3D('',#3801,#3802,#3803);
#3805=PLANE('',#3804);
#3806=CARTESIAN_POINT('',(-0.114173228346457,0.007874015748031,0.177165354330709));
#3807=DIRECTION('',(1.0,0.0,0.0));
#3808=VECTOR('',#3807,0.015748031496063);
#3809=LINE('',#3806,#3808);
#3810=EDGE_CURVE('',#3776,#3705,#3809,.T.);
#3811=ORIENTED_EDGE('',*,*,#3810,.T.);
#3812=ORIENTED_EDGE('',*,*,#3734,.F.);
#3813=CARTESIAN_POINT('',(-0.114173228346457,0.007874015748031,0.019685039370079));
#3814=DIRECTION('',(1.0,0.0,0.0));
#3815=VECTOR('',#3814,0.015748031496063);
#3816=LINE('',#3813,#3815);
#3817=EDGE_CURVE('',#3784,#3723,#3816,.T.);
#3818=ORIENTED_EDGE('',*,*,#3817,.F.);
#3819=ORIENTED_EDGE('',*,*,#3789,.T.);
#3820=EDGE_LOOP('',(#3811,#3812,#3818,#3819));
#3821=FACE_OUTER_BOUND('',#3820,.T.);
#3822=ADVANCED_FACE('',(#3821),#3805,.T.);
#3823=CARTESIAN_POINT('',(-0.11496062992126,-0.012795275590551,0.177165354330709));
#3824=DIRECTION('',(0.0,0.0,1.0));
#3825=DIRECTION('',(1.0,0.0,0.0));
#3826=AXIS2_PLACEMENT_3D('',#3823,#3824,#3825);
#3827=PLANE('',#3826);
#3828=ORIENTED_EDGE('',*,*,#3712,.F.);
#3829=ORIENTED_EDGE('',*,*,#3810,.F.);
#3830=ORIENTED_EDGE('',*,*,#3781,.F.);
#3831=ORIENTED_EDGE('',*,*,#3750,.F.);
#3832=EDGE_LOOP('',(#3828,#3829,#3830,#3831));
#3833=FACE_OUTER_BOUND('',#3832,.T.);
#3834=ADVANCED_FACE('',(#3833),#3827,.T.);
#3835=CARTESIAN_POINT('',(0.098425196850394,0.085629921259842,0.011811023622047));
#3836=DIRECTION('',(-1.0,0.0,0.0));
#3837=DIRECTION('',(0.0,0.0,1.0));
#3838=AXIS2_PLACEMENT_3D('',#3835,#3836,#3837);
#3839=PLANE('',#3838);
#3840=CARTESIAN_POINT('',(0.098425196850394,0.086614173228346,0.177165354330709));
#3841=VERTEX_POINT('',#3840);
#3842=CARTESIAN_POINT('',(0.098425196850394,0.106299212598425,0.177165354330709));
#3843=VERTEX_POINT('',#3842);
#3844=CARTESIAN_POINT('',(0.098425196850394,0.086614173228346,0.177165354330709));
#3845=DIRECTION('',(0.0,1.0,0.0));
#3846=VECTOR('',#3845,0.019685039370079);
#3847=LINE('',#3844,#3846);
#3848=EDGE_CURVE('',#3841,#3843,#3847,.T.);
#3849=ORIENTED_EDGE('',*,*,#3848,.T.);
#3850=CARTESIAN_POINT('',(0.098425196850394,0.106299212598425,0.019685039370079));
#3851=DIRECTION('',(0.0,0.0,1.0));
#3852=VECTOR('',#3851,0.15748031496063);
#3853=LINE('',#3850,#3852);
#3854=EDGE_CURVE('',#3134,#3843,#3853,.T.);
#3855=ORIENTED_EDGE('',*,*,#3854,.F.);
#3856=ORIENTED_EDGE('',*,*,#3139,.F.);
#3857=CARTESIAN_POINT('',(0.098425196850394,0.086614173228346,0.019685039370079));
#3858=DIRECTION('',(0.0,0.0,1.0));
#3859=VECTOR('',#3858,0.15748031496063);
#3860=LINE('',#3857,#3859);
#3861=EDGE_CURVE('',#3132,#3841,#3860,.T.);
#3862=ORIENTED_EDGE('',*,*,#3861,.T.);
#3863=EDGE_LOOP('',(#3849,#3855,#3856,#3862));
#3864=FACE_OUTER_BOUND('',#3863,.T.);
#3865=ADVANCED_FACE('',(#3864),#3839,.T.);
#3866=CARTESIAN_POINT('',(0.097637795275591,0.106299212598425,0.011811023622047));
#3867=DIRECTION('',(0.0,1.0,0.0));
#3868=DIRECTION('',(0.0,0.0,1.0));
#3869=AXIS2_PLACEMENT_3D('',#3866,#3867,#3868);
#3870=PLANE('',#3869);
#3871=CARTESIAN_POINT('',(0.114173228346457,0.106299212598425,0.177165354330709));
#3872=VERTEX_POINT('',#3871);
#3873=CARTESIAN_POINT('',(0.098425196850394,0.106299212598425,0.177165354330709));
#3874=DIRECTION('',(1.0,0.0,0.0));
#3875=VECTOR('',#3874,0.015748031496063);
#3876=LINE('',#3873,#3875);
#3877=EDGE_CURVE('',#3843,#3872,#3876,.T.);
#3878=ORIENTED_EDGE('',*,*,#3877,.T.);
#3879=CARTESIAN_POINT('',(0.114173228346457,0.106299212598425,0.019685039370079));
#3880=DIRECTION('',(0.0,0.0,1.0));
#3881=VECTOR('',#3880,0.15748031496063);
#3882=LINE('',#3879,#3881);
#3883=EDGE_CURVE('',#3142,#3872,#3882,.T.);
#3884=ORIENTED_EDGE('',*,*,#3883,.F.);
#3885=ORIENTED_EDGE('',*,*,#3147,.F.);
#3886=ORIENTED_EDGE('',*,*,#3854,.T.);
#3887=EDGE_LOOP('',(#3878,#3884,#3885,#3886));
#3888=FACE_OUTER_BOUND('',#3887,.T.);
#3889=ADVANCED_FACE('',(#3888),#3870,.T.);
#3890=CARTESIAN_POINT('',(0.114173228346457,0.085629921259842,0.18503937007874));
#3891=DIRECTION('',(1.0,0.0,0.0));
#3892=DIRECTION('',(0.0,0.0,-1.0));
#3893=AXIS2_PLACEMENT_3D('',#3890,#3891,#3892);
#3894=PLANE('',#3893);
#3895=CARTESIAN_POINT('',(0.114173228346457,0.086614173228346,0.177165354330709));
#3896=VERTEX_POINT('',#3895);
#3897=CARTESIAN_POINT('',(0.114173228346457,0.106299212598425,0.177165354330709));
#3898=DIRECTION('',(0.0,-1.0,0.0));
#3899=VECTOR('',#3898,0.019685039370079);
#3900=LINE('',#3897,#3899);
#3901=EDGE_CURVE('',#3872,#3896,#3900,.T.);
#3902=ORIENTED_EDGE('',*,*,#3901,.T.);
#3903=CARTESIAN_POINT('',(0.114173228346457,0.086614173228346,0.019685039370079));
#3904=DIRECTION('',(0.0,0.0,1.0));
#3905=VECTOR('',#3904,0.15748031496063);
#3906=LINE('',#3903,#3905);
#3907=EDGE_CURVE('',#3150,#3896,#3906,.T.);
#3908=ORIENTED_EDGE('',*,*,#3907,.F.);
#3909=ORIENTED_EDGE('',*,*,#3155,.F.);
#3910=ORIENTED_EDGE('',*,*,#3883,.T.);
#3911=EDGE_LOOP('',(#3902,#3908,#3909,#3910));
#3912=FACE_OUTER_BOUND('',#3911,.T.);
#3913=ADVANCED_FACE('',(#3912),#3894,.T.);
#3914=CARTESIAN_POINT('',(0.097637795275591,0.086614173228346,0.18503937007874));
#3915=DIRECTION('',(0.0,-1.0,0.0));
#3916=DIRECTION('',(0.0,0.0,-1.0));
#3917=AXIS2_PLACEMENT_3D('',#3914,#3915,#3916);
#3918=PLANE('',#3917);
#3919=CARTESIAN_POINT('',(0.114173228346457,0.086614173228346,0.177165354330709));
#3920=DIRECTION('',(-1.0,0.0,0.0));
#3921=VECTOR('',#3920,0.015748031496063);
#3922=LINE('',#3919,#3921);
#3923=EDGE_CURVE('',#3896,#3841,#3922,.T.);
#3924=ORIENTED_EDGE('',*,*,#3923,.T.);
#3925=ORIENTED_EDGE('',*,*,#3861,.F.);
#3926=ORIENTED_EDGE('',*,*,#3161,.F.);
#3927=ORIENTED_EDGE('',*,*,#3907,.T.);
#3928=EDGE_LOOP('',(#3924,#3925,#3926,#3927));
#3929=FACE_OUTER_BOUND('',#3928,.T.);
#3930=ADVANCED_FACE('',(#3929),#3918,.T.);
#3931=CARTESIAN_POINT('',(0.097637795275591,0.085629921259842,0.177165354330709));
#3932=DIRECTION('',(0.0,0.0,1.0));
#3933=DIRECTION('',(1.0,0.0,0.0));
#3934=AXIS2_PLACEMENT_3D('',#3931,#3932,#3933);
#3935=PLANE('',#3934);
#3936=ORIENTED_EDGE('',*,*,#3848,.F.);
#3937=ORIENTED_EDGE('',*,*,#3923,.F.);
#3938=ORIENTED_EDGE('',*,*,#3901,.F.);
#3939=ORIENTED_EDGE('',*,*,#3877,.F.);
#3940=EDGE_LOOP('',(#3936,#3937,#3938,#3939));
#3941=FACE_OUTER_BOUND('',#3940,.T.);
#3942=ADVANCED_FACE('',(#3941),#3935,.T.);
#3943=CARTESIAN_POINT('',(0.114173228346457,-0.111220472440945,0.18503937007874));
#3944=DIRECTION('',(1.0,0.0,0.0));
#3945=DIRECTION('',(0.0,0.0,-1.0));
#3946=AXIS2_PLACEMENT_3D('',#3943,#3944,#3945);
#3947=PLANE('',#3946);
#3948=CARTESIAN_POINT('',(0.114173228346457,-0.090551181102362,0.177165354330709));
#3949=VERTEX_POINT('',#3948);
#3950=CARTESIAN_POINT('',(0.114173228346457,-0.110236220472441,0.177165354330709));
#3951=VERTEX_POINT('',#3950);
#3952=CARTESIAN_POINT('',(0.114173228346457,-0.090551181102362,0.177165354330709));
#3953=DIRECTION('',(0.0,-1.0,0.0));
#3954=VECTOR('',#3953,0.019685039370079);
#3955=LINE('',#3952,#3954);
#3956=EDGE_CURVE('',#3949,#3951,#3955,.T.);
#3957=ORIENTED_EDGE('',*,*,#3956,.T.);
#3958=CARTESIAN_POINT('',(0.114173228346457,-0.110236220472441,0.019685039370079));
#3959=DIRECTION('',(0.0,0.0,1.0));
#3960=VECTOR('',#3959,0.15748031496063);
#3961=LINE('',#3958,#3960);
#3962=EDGE_CURVE('',#3168,#3951,#3961,.T.);
#3963=ORIENTED_EDGE('',*,*,#3962,.F.);
#3964=ORIENTED_EDGE('',*,*,#3173,.F.);
#3965=CARTESIAN_POINT('',(0.114173228346457,-0.090551181102362,0.019685039370079));
#3966=DIRECTION('',(0.0,0.0,1.0));
#3967=VECTOR('',#3966,0.15748031496063);
#3968=LINE('',#3965,#3967);
#3969=EDGE_CURVE('',#3166,#3949,#3968,.T.);
#3970=ORIENTED_EDGE('',*,*,#3969,.T.);
#3971=EDGE_LOOP('',(#3957,#3963,#3964,#3970));
#3972=FACE_OUTER_BOUND('',#3971,.T.);
#3973=ADVANCED_FACE('',(#3972),#3947,.T.);
#3974=CARTESIAN_POINT('',(0.097637795275591,-0.110236220472441,0.18503937007874));
#3975=DIRECTION('',(0.0,-1.0,0.0));
#3976=DIRECTION('',(0.0,0.0,-1.0));
#3977=AXIS2_PLACEMENT_3D('',#3974,#3975,#3976);
#3978=PLANE('',#3977);
#3979=CARTESIAN_POINT('',(0.098425196850394,-0.110236220472441,0.177165354330709));
#3980=VERTEX_POINT('',#3979);
#3981=CARTESIAN_POINT('',(0.114173228346457,-0.110236220472441,0.177165354330709));
#3982=DIRECTION('',(-1.0,0.0,0.0));
#3983=VECTOR('',#3982,0.015748031496063);
#3984=LINE('',#3981,#3983);
#3985=EDGE_CURVE('',#3951,#3980,#3984,.T.);
#3986=ORIENTED_EDGE('',*,*,#3985,.T.);
#3987=CARTESIAN_POINT('',(0.098425196850394,-0.110236220472441,0.019685039370079));
#3988=DIRECTION('',(0.0,0.0,1.0));
#3989=VECTOR('',#3988,0.15748031496063);
#3990=LINE('',#3987,#3989);
#3991=EDGE_CURVE('',#3176,#3980,#3990,.T.);
#3992=ORIENTED_EDGE('',*,*,#3991,.F.);
#3993=ORIENTED_EDGE('',*,*,#3181,.F.);
#3994=ORIENTED_EDGE('',*,*,#3962,.T.);
#3995=EDGE_LOOP('',(#3986,#3992,#3993,#3994));
#3996=FACE_OUTER_BOUND('',#3995,.T.);
#3997=ADVANCED_FACE('',(#3996),#3978,.T.);
#3998=CARTESIAN_POINT('',(0.098425196850394,-0.111220472440945,0.011811023622047));
#3999=DIRECTION('',(-1.0,0.0,0.0));
#4000=DIRECTION('',(0.0,0.0,1.0));
#4001=AXIS2_PLACEMENT_3D('',#3998,#3999,#4000);
#4002=PLANE('',#4001);
#4003=CARTESIAN_POINT('',(0.098425196850394,-0.090551181102362,0.177165354330709));
#4004=VERTEX_POINT('',#4003);
#4005=CARTESIAN_POINT('',(0.098425196850394,-0.110236220472441,0.177165354330709));
#4006=DIRECTION('',(0.0,1.0,0.0));
#4007=VECTOR('',#4006,0.019685039370079);
#4008=LINE('',#4005,#4007);
#4009=EDGE_CURVE('',#3980,#4004,#4008,.T.);
#4010=ORIENTED_EDGE('',*,*,#4009,.T.);
#4011=CARTESIAN_POINT('',(0.098425196850394,-0.090551181102362,0.019685039370079));
#4012=DIRECTION('',(0.0,0.0,1.0));
#4013=VECTOR('',#4012,0.15748031496063);
#4014=LINE('',#4011,#4013);
#4015=EDGE_CURVE('',#3184,#4004,#4014,.T.);
#4016=ORIENTED_EDGE('',*,*,#4015,.F.);
#4017=ORIENTED_EDGE('',*,*,#3189,.F.);
#4018=ORIENTED_EDGE('',*,*,#3991,.T.);
#4019=EDGE_LOOP('',(#4010,#4016,#4017,#4018));
#4020=FACE_OUTER_BOUND('',#4019,.T.);
#4021=ADVANCED_FACE('',(#4020),#4002,.T.);
#4022=CARTESIAN_POINT('',(0.097637795275591,-0.090551181102362,0.011811023622047));
#4023=DIRECTION('',(0.0,1.0,0.0));
#4024=DIRECTION('',(0.0,0.0,1.0));
#4025=AXIS2_PLACEMENT_3D('',#4022,#4023,#4024);
#4026=PLANE('',#4025);
#4027=CARTESIAN_POINT('',(0.098425196850394,-0.090551181102362,0.177165354330709));
#4028=DIRECTION('',(1.0,0.0,0.0));
#4029=VECTOR('',#4028,0.015748031496063);
#4030=LINE('',#4027,#4029);
#4031=EDGE_CURVE('',#4004,#3949,#4030,.T.);
#4032=ORIENTED_EDGE('',*,*,#4031,.T.);
#4033=ORIENTED_EDGE('',*,*,#3969,.F.);
#4034=ORIENTED_EDGE('',*,*,#3195,.F.);
#4035=ORIENTED_EDGE('',*,*,#4015,.T.);
#4036=EDGE_LOOP('',(#4032,#4033,#4034,#4035));
#4037=FACE_OUTER_BOUND('',#4036,.T.);
#4038=ADVANCED_FACE('',(#4037),#4026,.T.);
#4039=CARTESIAN_POINT('',(0.097637795275591,-0.111220472440945,0.177165354330709));
#4040=DIRECTION('',(0.0,0.0,1.0));
#4041=DIRECTION('',(1.0,0.0,0.0));
#4042=AXIS2_PLACEMENT_3D('',#4039,#4040,#4041);
#4043=PLANE('',#4042);
#4044=ORIENTED_EDGE('',*,*,#3956,.F.);
#4045=ORIENTED_EDGE('',*,*,#4031,.F.);
#4046=ORIENTED_EDGE('',*,*,#4009,.F.);
#4047=ORIENTED_EDGE('',*,*,#3985,.F.);
#4048=EDGE_LOOP('',(#4044,#4045,#4046,#4047));
#4049=FACE_OUTER_BOUND('',#4048,.T.);
#4050=ADVANCED_FACE('',(#4049),#4043,.T.);
#4051=CARTESIAN_POINT('',(-0.122047244094488,0.120275590551181,0.040354330708661));
#4052=DIRECTION('',(1.0,0.0,0.0));
#4053=DIRECTION('',(0.0,0.0,-1.0));
#4054=AXIS2_PLACEMENT_3D('',#4051,#4052,#4053);
#4055=PLANE('',#4054);
#4056=CARTESIAN_POINT('',(-0.122047244094488,0.15748031496063,0.039370078740157));
#4057=VERTEX_POINT('',#4056);
#4058=CARTESIAN_POINT('',(-0.122047244094488,0.122047244094488,0.039370078740157));
#4059=VERTEX_POINT('',#4058);
#4060=CARTESIAN_POINT('',(-0.122047244094488,0.15748031496063,0.039370078740157));
#4061=DIRECTION('',(0.0,-1.0,0.0));
#4062=VECTOR('',#4061,0.035433070866142);
#4063=LINE('',#4060,#4062);
#4064=EDGE_CURVE('',#4057,#4059,#4063,.T.);
#4065=ORIENTED_EDGE('',*,*,#4064,.T.);
#4066=CARTESIAN_POINT('',(-0.122047244094488,0.122047244094488,0.019685039370079));
#4067=VERTEX_POINT('',#4066);
#4068=CARTESIAN_POINT('',(-0.122047244094488,0.122047244094488,0.019685039370079));
#4069=DIRECTION('',(0.0,0.0,1.0));
#4070=VECTOR('',#4069,0.019685039370078);
#4071=LINE('',#4068,#4070);
#4072=EDGE_CURVE('',#4067,#4059,#4071,.T.);
#4073=ORIENTED_EDGE('',*,*,#4072,.F.);
#4074=CARTESIAN_POINT('',(-0.122047244094488,0.15748031496063,0.019685039370079));
#4075=VERTEX_POINT('',#4074);
#4076=CARTESIAN_POINT('',(-0.122047244094488,0.15748031496063,0.019685039370079));
#4077=DIRECTION('',(0.0,-1.0,0.0));
#4078=VECTOR('',#4077,0.035433070866142);
#4079=LINE('',#4076,#4078);
#4080=EDGE_CURVE('',#4075,#4067,#4079,.T.);
#4081=ORIENTED_EDGE('',*,*,#4080,.F.);
#4082=CARTESIAN_POINT('',(-0.122047244094488,0.15748031496063,0.019685039370079));
#4083=DIRECTION('',(0.0,0.0,1.0));
#4084=VECTOR('',#4083,0.019685039370078);
#4085=LINE('',#4082,#4084);
#4086=EDGE_CURVE('',#4075,#4057,#4085,.T.);
#4087=ORIENTED_EDGE('',*,*,#4086,.T.);
#4088=EDGE_LOOP('',(#4065,#4073,#4081,#4087));
#4089=FACE_OUTER_BOUND('',#4088,.T.);
#4090=ADVANCED_FACE('',(#4089),#4055,.T.);
#4091=CARTESIAN_POINT('',(-0.159251968503937,0.122047244094488,0.040354330708661));
#4092=DIRECTION('',(0.0,-1.0,0.0));
#4093=DIRECTION('',(0.0,0.0,-1.0));
#4094=AXIS2_PLACEMENT_3D('',#4091,#4092,#4093);
#4095=PLANE('',#4094);
#4096=CARTESIAN_POINT('',(-0.15748031496063,0.122047244094488,0.039370078740157));
#4097=VERTEX_POINT('',#4096);
#4098=CARTESIAN_POINT('',(-0.122047244094488,0.122047244094488,0.039370078740157));
#4099=DIRECTION('',(-1.0,0.0,0.0));
#4100=VECTOR('',#4099,0.035433070866142);
#4101=LINE('',#4098,#4100);
#4102=EDGE_CURVE('',#4059,#4097,#4101,.T.);
#4103=ORIENTED_EDGE('',*,*,#4102,.T.);
#4104=CARTESIAN_POINT('',(-0.15748031496063,0.122047244094488,0.019685039370079));
#4105=VERTEX_POINT('',#4104);
#4106=CARTESIAN_POINT('',(-0.15748031496063,0.122047244094488,0.019685039370079));
#4107=DIRECTION('',(0.0,0.0,1.0));
#4108=VECTOR('',#4107,0.019685039370078);
#4109=LINE('',#4106,#4108);
#4110=EDGE_CURVE('',#4105,#4097,#4109,.T.);
#4111=ORIENTED_EDGE('',*,*,#4110,.F.);
#4112=CARTESIAN_POINT('',(-0.122047244094488,0.122047244094488,0.019685039370079));
#4113=DIRECTION('',(-1.0,0.0,0.0));
#4114=VECTOR('',#4113,0.035433070866142);
#4115=LINE('',#4112,#4114);
#4116=EDGE_CURVE('',#4067,#4105,#4115,.T.);
#4117=ORIENTED_EDGE('',*,*,#4116,.F.);
#4118=ORIENTED_EDGE('',*,*,#4072,.T.);
#4119=EDGE_LOOP('',(#4103,#4111,#4117,#4118));
#4120=FACE_OUTER_BOUND('',#4119,.T.);
#4121=ADVANCED_FACE('',(#4120),#4095,.T.);
#4122=CARTESIAN_POINT('',(-0.15748031496063,0.120275590551181,0.018700787401575));
#4123=DIRECTION('',(-1.0,0.0,0.0));
#4124=DIRECTION('',(0.0,0.0,1.0));
#4125=AXIS2_PLACEMENT_3D('',#4122,#4123,#4124);
#4126=PLANE('',#4125);
#4127=CARTESIAN_POINT('',(-0.15748031496063,0.15748031496063,0.039370078740157));
#4128=VERTEX_POINT('',#4127);
#4129=CARTESIAN_POINT('',(-0.15748031496063,0.122047244094488,0.039370078740157));
#4130=DIRECTION('',(0.0,1.0,0.0));
#4131=VECTOR('',#4130,0.035433070866142);
#4132=LINE('',#4129,#4131);
#4133=EDGE_CURVE('',#4097,#4128,#4132,.T.);
#4134=ORIENTED_EDGE('',*,*,#4133,.T.);
#4135=CARTESIAN_POINT('',(-0.15748031496063,0.15748031496063,0.019685039370079));
#4136=VERTEX_POINT('',#4135);
#4137=CARTESIAN_POINT('',(-0.15748031496063,0.15748031496063,0.019685039370079));
#4138=DIRECTION('',(0.0,0.0,1.0));
#4139=VECTOR('',#4138,0.019685039370078);
#4140=LINE('',#4137,#4139);
#4141=EDGE_CURVE('',#4136,#4128,#4140,.T.);
#4142=ORIENTED_EDGE('',*,*,#4141,.F.);
#4143=CARTESIAN_POINT('',(-0.15748031496063,0.122047244094488,0.019685039370079));
#4144=DIRECTION('',(0.0,1.0,0.0));
#4145=VECTOR('',#4144,0.035433070866142);
#4146=LINE('',#4143,#4145);
#4147=EDGE_CURVE('',#4105,#4136,#4146,.T.);
#4148=ORIENTED_EDGE('',*,*,#4147,.F.);
#4149=ORIENTED_EDGE('',*,*,#4110,.T.);
#4150=EDGE_LOOP('',(#4134,#4142,#4148,#4149));
#4151=FACE_OUTER_BOUND('',#4150,.T.);
#4152=ADVANCED_FACE('',(#4151),#4126,.T.);
#4153=CARTESIAN_POINT('',(-0.159251968503937,0.15748031496063,0.018700787401575));
#4154=DIRECTION('',(0.0,1.0,0.0));
#4155=DIRECTION('',(0.0,0.0,1.0));
#4156=AXIS2_PLACEMENT_3D('',#4153,#4154,#4155);
#4157=PLANE('',#4156);
#4158=CARTESIAN_POINT('',(-0.15748031496063,0.15748031496063,0.039370078740157));
#4159=DIRECTION('',(1.0,0.0,0.0));
#4160=VECTOR('',#4159,0.035433070866142);
#4161=LINE('',#4158,#4160);
#4162=EDGE_CURVE('',#4128,#4057,#4161,.T.);
#4163=ORIENTED_EDGE('',*,*,#4162,.T.);
#4164=ORIENTED_EDGE('',*,*,#4086,.F.);
#4165=CARTESIAN_POINT('',(-0.15748031496063,0.15748031496063,0.019685039370079));
#4166=DIRECTION('',(1.0,0.0,0.0));
#4167=VECTOR('',#4166,0.035433070866142);
#4168=LINE('',#4165,#4167);
#4169=EDGE_CURVE('',#4136,#4075,#4168,.T.);
#4170=ORIENTED_EDGE('',*,*,#4169,.F.);
#4171=ORIENTED_EDGE('',*,*,#4141,.T.);
#4172=EDGE_LOOP('',(#4163,#4164,#4170,#4171));
#4173=FACE_OUTER_BOUND('',#4172,.T.);
#4174=ADVANCED_FACE('',(#4173),#4157,.T.);
#4175=CARTESIAN_POINT('',(-0.159251968503937,0.120275590551181,0.039370078740157));
#4176=DIRECTION('',(0.0,0.0,1.0));
#4177=DIRECTION('',(1.0,0.0,0.0));
#4178=AXIS2_PLACEMENT_3D('',#4175,#4176,#4177);
#4179=PLANE('',#4178);
#4180=ORIENTED_EDGE('',*,*,#4064,.F.);
#4181=ORIENTED_EDGE('',*,*,#4162,.F.);
#4182=ORIENTED_EDGE('',*,*,#4133,.F.);
#4183=ORIENTED_EDGE('',*,*,#4102,.F.);
#4184=EDGE_LOOP('',(#4180,#4181,#4182,#4183));
#4185=FACE_OUTER_BOUND('',#4184,.T.);
#4186=ADVANCED_FACE('',(#4185),#4179,.T.);
#4187=CARTESIAN_POINT('',(0.15748031496063,-0.159251968503937,0.040354330708661));
#4188=DIRECTION('',(1.0,0.0,0.0));
#4189=DIRECTION('',(0.0,0.0,-1.0));
#4190=AXIS2_PLACEMENT_3D('',#4187,#4188,#4189);
#4191=PLANE('',#4190);
#4192=CARTESIAN_POINT('',(0.15748031496063,-0.122047244094488,0.039370078740157));
#4193=VERTEX_POINT('',#4192);
#4194=CARTESIAN_POINT('',(0.15748031496063,-0.15748031496063,0.039370078740157));
#4195=VERTEX_POINT('',#4194);
#4196=CARTESIAN_POINT('',(0.15748031496063,-0.122047244094488,0.039370078740157));
#4197=DIRECTION('',(0.0,-1.0,0.0));
#4198=VECTOR('',#4197,0.035433070866142);
#4199=LINE('',#4196,#4198);
#4200=EDGE_CURVE('',#4193,#4195,#4199,.T.);
#4201=ORIENTED_EDGE('',*,*,#4200,.T.);
#4202=CARTESIAN_POINT('',(0.15748031496063,-0.15748031496063,0.019685039370079));
#4203=DIRECTION('',(0.0,0.0,1.0));
#4204=VECTOR('',#4203,0.019685039370078);
#4205=LINE('',#4202,#4204);
#4206=EDGE_CURVE('',#3202,#4195,#4205,.T.);
#4207=ORIENTED_EDGE('',*,*,#4206,.F.);
#4208=ORIENTED_EDGE('',*,*,#3207,.F.);
#4209=CARTESIAN_POINT('',(0.15748031496063,-0.122047244094488,0.019685039370079));
#4210=DIRECTION('',(0.0,0.0,1.0));
#4211=VECTOR('',#4210,0.019685039370078);
#4212=LINE('',#4209,#4211);
#4213=EDGE_CURVE('',#3200,#4193,#4212,.T.);
#4214=ORIENTED_EDGE('',*,*,#4213,.T.);
#4215=EDGE_LOOP('',(#4201,#4207,#4208,#4214));
#4216=FACE_OUTER_BOUND('',#4215,.T.);
#4217=ADVANCED_FACE('',(#4216),#4191,.T.);
#4218=CARTESIAN_POINT('',(0.120275590551181,-0.15748031496063,0.040354330708661));
#4219=DIRECTION('',(0.0,-1.0,0.0));
#4220=DIRECTION('',(0.0,0.0,-1.0));
#4221=AXIS2_PLACEMENT_3D('',#4218,#4219,#4220);
#4222=PLANE('',#4221);
#4223=CARTESIAN_POINT('',(0.122047244094488,-0.15748031496063,0.039370078740157));
#4224=VERTEX_POINT('',#4223);
#4225=CARTESIAN_POINT('',(0.15748031496063,-0.15748031496063,0.039370078740157));
#4226=DIRECTION('',(-1.0,0.0,0.0));
#4227=VECTOR('',#4226,0.035433070866142);
#4228=LINE('',#4225,#4227);
#4229=EDGE_CURVE('',#4195,#4224,#4228,.T.);
#4230=ORIENTED_EDGE('',*,*,#4229,.T.);
#4231=CARTESIAN_POINT('',(0.122047244094488,-0.15748031496063,0.019685039370079));
#4232=DIRECTION('',(0.0,0.0,1.0));
#4233=VECTOR('',#4232,0.019685039370078);
#4234=LINE('',#4231,#4233);
#4235=EDGE_CURVE('',#3210,#4224,#4234,.T.);
#4236=ORIENTED_EDGE('',*,*,#4235,.F.);
#4237=ORIENTED_EDGE('',*,*,#3215,.F.);
#4238=ORIENTED_EDGE('',*,*,#4206,.T.);
#4239=EDGE_LOOP('',(#4230,#4236,#4237,#4238));
#4240=FACE_OUTER_BOUND('',#4239,.T.);
#4241=ADVANCED_FACE('',(#4240),#4222,.T.);
#4242=CARTESIAN_POINT('',(0.122047244094488,-0.159251968503937,0.018700787401575));
#4243=DIRECTION('',(-1.0,0.0,0.0));
#4244=DIRECTION('',(0.0,0.0,1.0));
#4245=AXIS2_PLACEMENT_3D('',#4242,#4243,#4244);
#4246=PLANE('',#4245);
#4247=CARTESIAN_POINT('',(0.122047244094488,-0.122047244094488,0.039370078740157));
#4248=VERTEX_POINT('',#4247);
#4249=CARTESIAN_POINT('',(0.122047244094488,-0.15748031496063,0.039370078740157));
#4250=DIRECTION('',(0.0,1.0,0.0));
#4251=VECTOR('',#4250,0.035433070866142);
#4252=LINE('',#4249,#4251);
#4253=EDGE_CURVE('',#4224,#4248,#4252,.T.);
#4254=ORIENTED_EDGE('',*,*,#4253,.T.);
#4255=CARTESIAN_POINT('',(0.122047244094488,-0.122047244094488,0.019685039370079));
#4256=DIRECTION('',(0.0,0.0,1.0));
#4257=VECTOR('',#4256,0.019685039370078);
#4258=LINE('',#4255,#4257);
#4259=EDGE_CURVE('',#3218,#4248,#4258,.T.);
#4260=ORIENTED_EDGE('',*,*,#4259,.F.);
#4261=ORIENTED_EDGE('',*,*,#3223,.F.);
#4262=ORIENTED_EDGE('',*,*,#4235,.T.);
#4263=EDGE_LOOP('',(#4254,#4260,#4261,#4262));
#4264=FACE_OUTER_BOUND('',#4263,.T.);
#4265=ADVANCED_FACE('',(#4264),#4246,.T.);
#4266=CARTESIAN_POINT('',(0.120275590551181,-0.122047244094488,0.018700787401575));
#4267=DIRECTION('',(0.0,1.0,0.0));
#4268=DIRECTION('',(0.0,0.0,1.0));
#4269=AXIS2_PLACEMENT_3D('',#4266,#4267,#4268);
#4270=PLANE('',#4269);
#4271=CARTESIAN_POINT('',(0.122047244094488,-0.122047244094488,0.039370078740157));
#4272=DIRECTION('',(1.0,0.0,0.0));
#4273=VECTOR('',#4272,0.035433070866142);
#4274=LINE('',#4271,#4273);
#4275=EDGE_CURVE('',#4248,#4193,#4274,.T.);
#4276=ORIENTED_EDGE('',*,*,#4275,.T.);
#4277=ORIENTED_EDGE('',*,*,#4213,.F.);
#4278=ORIENTED_EDGE('',*,*,#3229,.F.);
#4279=ORIENTED_EDGE('',*,*,#4259,.T.);
#4280=EDGE_LOOP('',(#4276,#4277,#4278,#4279));
#4281=FACE_OUTER_BOUND('',#4280,.T.);
#4282=ADVANCED_FACE('',(#4281),#4270,.T.);
#4283=CARTESIAN_POINT('',(0.120275590551181,-0.159251968503937,0.039370078740157));
#4284=DIRECTION('',(0.0,0.0,1.0));
#4285=DIRECTION('',(1.0,0.0,0.0));
#4286=AXIS2_PLACEMENT_3D('',#4283,#4284,#4285);
#4287=PLANE('',#4286);
#4288=ORIENTED_EDGE('',*,*,#4200,.F.);
#4289=ORIENTED_EDGE('',*,*,#4275,.F.);
#4290=ORIENTED_EDGE('',*,*,#4253,.F.);
#4291=ORIENTED_EDGE('',*,*,#4229,.F.);
#4292=EDGE_LOOP('',(#4288,#4289,#4290,#4291));
#4293=FACE_OUTER_BOUND('',#4292,.T.);
#4294=ADVANCED_FACE('',(#4293),#4287,.T.);
#4295=CARTESIAN_POINT('',(-0.122047244094488,-0.159251968503937,0.040354330708661));
#4296=DIRECTION('',(1.0,0.0,0.0));
#4297=DIRECTION('',(0.0,0.0,-1.0));
#4298=AXIS2_PLACEMENT_3D('',#4295,#4296,#4297);
#4299=PLANE('',#4298);
#4300=CARTESIAN_POINT('',(-0.122047244094488,-0.122047244094488,0.039370078740157));
#4301=VERTEX_POINT('',#4300);
#4302=CARTESIAN_POINT('',(-0.122047244094488,-0.15748031496063,0.039370078740157));
#4303=VERTEX_POINT('',#4302);
#4304=CARTESIAN_POINT('',(-0.122047244094488,-0.122047244094488,0.039370078740157));
#4305=DIRECTION('',(0.0,-1.0,0.0));
#4306=VECTOR('',#4305,0.035433070866142);
#4307=LINE('',#4304,#4306);
#4308=EDGE_CURVE('',#4301,#4303,#4307,.T.);
#4309=ORIENTED_EDGE('',*,*,#4308,.T.);
#4310=CARTESIAN_POINT('',(-0.122047244094488,-0.15748031496063,0.019685039370079));
#4311=VERTEX_POINT('',#4310);
#4312=CARTESIAN_POINT('',(-0.122047244094488,-0.15748031496063,0.019685039370079));
#4313=DIRECTION('',(0.0,0.0,1.0));
#4314=VECTOR('',#4313,0.019685039370078);
#4315=LINE('',#4312,#4314);
#4316=EDGE_CURVE('',#4311,#4303,#4315,.T.);
#4317=ORIENTED_EDGE('',*,*,#4316,.F.);
#4318=CARTESIAN_POINT('',(-0.122047244094488,-0.122047244094488,0.019685039370079));
#4319=VERTEX_POINT('',#4318);
#4320=CARTESIAN_POINT('',(-0.122047244094488,-0.122047244094488,0.019685039370079));
#4321=DIRECTION('',(0.0,-1.0,0.0));
#4322=VECTOR('',#4321,0.035433070866142);
#4323=LINE('',#4320,#4322);
#4324=EDGE_CURVE('',#4319,#4311,#4323,.T.);
#4325=ORIENTED_EDGE('',*,*,#4324,.F.);
#4326=CARTESIAN_POINT('',(-0.122047244094488,-0.122047244094488,0.019685039370079));
#4327=DIRECTION('',(0.0,0.0,1.0));
#4328=VECTOR('',#4327,0.019685039370078);
#4329=LINE('',#4326,#4328);
#4330=EDGE_CURVE('',#4319,#4301,#4329,.T.);
#4331=ORIENTED_EDGE('',*,*,#4330,.T.);
#4332=EDGE_LOOP('',(#4309,#4317,#4325,#4331));
#4333=FACE_OUTER_BOUND('',#4332,.T.);
#4334=ADVANCED_FACE('',(#4333),#4299,.T.);
#4335=CARTESIAN_POINT('',(-0.159251968503937,-0.15748031496063,0.040354330708661));
#4336=DIRECTION('',(0.0,-1.0,0.0));
#4337=DIRECTION('',(0.0,0.0,-1.0));
#4338=AXIS2_PLACEMENT_3D('',#4335,#4336,#4337);
#4339=PLANE('',#4338);
#4340=CARTESIAN_POINT('',(-0.15748031496063,-0.15748031496063,0.039370078740157));
#4341=VERTEX_POINT('',#4340);
#4342=CARTESIAN_POINT('',(-0.122047244094488,-0.15748031496063,0.039370078740157));
#4343=DIRECTION('',(-1.0,0.0,0.0));
#4344=VECTOR('',#4343,0.035433070866142);
#4345=LINE('',#4342,#4344);
#4346=EDGE_CURVE('',#4303,#4341,#4345,.T.);
#4347=ORIENTED_EDGE('',*,*,#4346,.T.);
#4348=CARTESIAN_POINT('',(-0.15748031496063,-0.15748031496063,0.019685039370079));
#4349=VERTEX_POINT('',#4348);
#4350=CARTESIAN_POINT('',(-0.15748031496063,-0.15748031496063,0.019685039370079));
#4351=DIRECTION('',(0.0,0.0,1.0));
#4352=VECTOR('',#4351,0.019685039370078);
#4353=LINE('',#4350,#4352);
#4354=EDGE_CURVE('',#4349,#4341,#4353,.T.);
#4355=ORIENTED_EDGE('',*,*,#4354,.F.);
#4356=CARTESIAN_POINT('',(-0.122047244094488,-0.15748031496063,0.019685039370079));
#4357=DIRECTION('',(-1.0,0.0,0.0));
#4358=VECTOR('',#4357,0.035433070866142);
#4359=LINE('',#4356,#4358);
#4360=EDGE_CURVE('',#4311,#4349,#4359,.T.);
#4361=ORIENTED_EDGE('',*,*,#4360,.F.);
#4362=ORIENTED_EDGE('',*,*,#4316,.T.);
#4363=EDGE_LOOP('',(#4347,#4355,#4361,#4362));
#4364=FACE_OUTER_BOUND('',#4363,.T.);
#4365=ADVANCED_FACE('',(#4364),#4339,.T.);
#4366=CARTESIAN_POINT('',(-0.15748031496063,-0.159251968503937,0.018700787401575));
#4367=DIRECTION('',(-1.0,0.0,0.0));
#4368=DIRECTION('',(0.0,0.0,1.0));
#4369=AXIS2_PLACEMENT_3D('',#4366,#4367,#4368);
#4370=PLANE('',#4369);
#4371=CARTESIAN_POINT('',(-0.15748031496063,-0.122047244094488,0.039370078740157));
#4372=VERTEX_POINT('',#4371);
#4373=CARTESIAN_POINT('',(-0.15748031496063,-0.15748031496063,0.039370078740157));
#4374=DIRECTION('',(0.0,1.0,0.0));
#4375=VECTOR('',#4374,0.035433070866142);
#4376=LINE('',#4373,#4375);
#4377=EDGE_CURVE('',#4341,#4372,#4376,.T.);
#4378=ORIENTED_EDGE('',*,*,#4377,.T.);
#4379=CARTESIAN_POINT('',(-0.15748031496063,-0.122047244094488,0.019685039370079));
#4380=VERTEX_POINT('',#4379);
#4381=CARTESIAN_POINT('',(-0.15748031496063,-0.122047244094488,0.019685039370079));
#4382=DIRECTION('',(0.0,0.0,1.0));
#4383=VECTOR('',#4382,0.019685039370078);
#4384=LINE('',#4381,#4383);
#4385=EDGE_CURVE('',#4380,#4372,#4384,.T.);
#4386=ORIENTED_EDGE('',*,*,#4385,.F.);
#4387=CARTESIAN_POINT('',(-0.15748031496063,-0.15748031496063,0.019685039370079));
#4388=DIRECTION('',(0.0,1.0,0.0));
#4389=VECTOR('',#4388,0.035433070866142);
#4390=LINE('',#4387,#4389);
#4391=EDGE_CURVE('',#4349,#4380,#4390,.T.);
#4392=ORIENTED_EDGE('',*,*,#4391,.F.);
#4393=ORIENTED_EDGE('',*,*,#4354,.T.);
#4394=EDGE_LOOP('',(#4378,#4386,#4392,#4393));
#4395=FACE_OUTER_BOUND('',#4394,.T.);
#4396=ADVANCED_FACE('',(#4395),#4370,.T.);
#4397=CARTESIAN_POINT('',(-0.159251968503937,-0.122047244094488,0.018700787401575));
#4398=DIRECTION('',(0.0,1.0,0.0));
#4399=DIRECTION('',(0.0,0.0,1.0));
#4400=AXIS2_PLACEMENT_3D('',#4397,#4398,#4399);
#4401=PLANE('',#4400);
#4402=CARTESIAN_POINT('',(-0.15748031496063,-0.122047244094488,0.039370078740157));
#4403=DIRECTION('',(1.0,0.0,0.0));
#4404=VECTOR('',#4403,0.035433070866142);
#4405=LINE('',#4402,#4404);
#4406=EDGE_CURVE('',#4372,#4301,#4405,.T.);
#4407=ORIENTED_EDGE('',*,*,#4406,.T.);
#4408=ORIENTED_EDGE('',*,*,#4330,.F.);
#4409=CARTESIAN_POINT('',(-0.15748031496063,-0.122047244094488,0.019685039370079));
#4410=DIRECTION('',(1.0,0.0,0.0));
#4411=VECTOR('',#4410,0.035433070866142);
#4412=LINE('',#4409,#4411);
#4413=EDGE_CURVE('',#4380,#4319,#4412,.T.);
#4414=ORIENTED_EDGE('',*,*,#4413,.F.);
#4415=ORIENTED_EDGE('',*,*,#4385,.T.);
#4416=EDGE_LOOP('',(#4407,#4408,#4414,#4415));
#4417=FACE_OUTER_BOUND('',#4416,.T.);
#4418=ADVANCED_FACE('',(#4417),#4401,.T.);
#4419=CARTESIAN_POINT('',(-0.159251968503937,-0.159251968503937,0.039370078740157));
#4420=DIRECTION('',(0.0,0.0,1.0));
#4421=DIRECTION('',(1.0,0.0,0.0));
#4422=AXIS2_PLACEMENT_3D('',#4419,#4420,#4421);
#4423=PLANE('',#4422);
#4424=ORIENTED_EDGE('',*,*,#4308,.F.);
#4425=ORIENTED_EDGE('',*,*,#4406,.F.);
#4426=ORIENTED_EDGE('',*,*,#4377,.F.);
#4427=ORIENTED_EDGE('',*,*,#4346,.F.);
#4428=EDGE_LOOP('',(#4424,#4425,#4426,#4427));
#4429=FACE_OUTER_BOUND('',#4428,.T.);
#4430=ADVANCED_FACE('',(#4429),#4423,.T.);
#4431=CARTESIAN_POINT('',(0.15748031496063,0.120275590551181,0.040354330708661));
#4432=DIRECTION('',(1.0,0.0,0.0));
#4433=DIRECTION('',(0.0,0.0,-1.0));
#4434=AXIS2_PLACEMENT_3D('',#4431,#4432,#4433);
#4435=PLANE('',#4434);
#4436=CARTESIAN_POINT('',(0.15748031496063,0.15748031496063,0.039370078740157));
#4437=VERTEX_POINT('',#4436);
#4438=CARTESIAN_POINT('',(0.15748031496063,0.122047244094488,0.039370078740157));
#4439=VERTEX_POINT('',#4438);
#4440=CARTESIAN_POINT('',(0.15748031496063,0.15748031496063,0.039370078740157));
#4441=DIRECTION('',(0.0,-1.0,0.0));
#4442=VECTOR('',#4441,0.035433070866142);
#4443=LINE('',#4440,#4442);
#4444=EDGE_CURVE('',#4437,#4439,#4443,.T.);
#4445=ORIENTED_EDGE('',*,*,#4444,.T.);
#4446=CARTESIAN_POINT('',(0.15748031496063,0.122047244094488,0.019685039370079));
#4447=DIRECTION('',(0.0,0.0,1.0));
#4448=VECTOR('',#4447,0.019685039370078);
#4449=LINE('',#4446,#4448);
#4450=EDGE_CURVE('',#3236,#4439,#4449,.T.);
#4451=ORIENTED_EDGE('',*,*,#4450,.F.);
#4452=ORIENTED_EDGE('',*,*,#3241,.F.);
#4453=CARTESIAN_POINT('',(0.15748031496063,0.15748031496063,0.019685039370079));
#4454=DIRECTION('',(0.0,0.0,1.0));
#4455=VECTOR('',#4454,0.019685039370078);
#4456=LINE('',#4453,#4455);
#4457=EDGE_CURVE('',#3234,#4437,#4456,.T.);
#4458=ORIENTED_EDGE('',*,*,#4457,.T.);
#4459=EDGE_LOOP('',(#4445,#4451,#4452,#4458));
#4460=FACE_OUTER_BOUND('',#4459,.T.);
#4461=ADVANCED_FACE('',(#4460),#4435,.T.);
#4462=CARTESIAN_POINT('',(0.120275590551181,0.122047244094488,0.040354330708661));
#4463=DIRECTION('',(0.0,-1.0,0.0));
#4464=DIRECTION('',(0.0,0.0,-1.0));
#4465=AXIS2_PLACEMENT_3D('',#4462,#4463,#4464);
#4466=PLANE('',#4465);
#4467=CARTESIAN_POINT('',(0.122047244094488,0.122047244094488,0.039370078740157));
#4468=VERTEX_POINT('',#4467);
#4469=CARTESIAN_POINT('',(0.15748031496063,0.122047244094488,0.039370078740157));
#4470=DIRECTION('',(-1.0,0.0,0.0));
#4471=VECTOR('',#4470,0.035433070866142);
#4472=LINE('',#4469,#4471);
#4473=EDGE_CURVE('',#4439,#4468,#4472,.T.);
#4474=ORIENTED_EDGE('',*,*,#4473,.T.);
#4475=CARTESIAN_POINT('',(0.122047244094488,0.122047244094488,0.019685039370079));
#4476=DIRECTION('',(0.0,0.0,1.0));
#4477=VECTOR('',#4476,0.019685039370078);
#4478=LINE('',#4475,#4477);
#4479=EDGE_CURVE('',#3244,#4468,#4478,.T.);
#4480=ORIENTED_EDGE('',*,*,#4479,.F.);
#4481=ORIENTED_EDGE('',*,*,#3249,.F.);
#4482=ORIENTED_EDGE('',*,*,#4450,.T.);
#4483=EDGE_LOOP('',(#4474,#4480,#4481,#4482));
#4484=FACE_OUTER_BOUND('',#4483,.T.);
#4485=ADVANCED_FACE('',(#4484),#4466,.T.);
#4486=CARTESIAN_POINT('',(0.122047244094488,0.120275590551181,0.018700787401575));
#4487=DIRECTION('',(-1.0,0.0,0.0));
#4488=DIRECTION('',(0.0,0.0,1.0));
#4489=AXIS2_PLACEMENT_3D('',#4486,#4487,#4488);
#4490=PLANE('',#4489);
#4491=CARTESIAN_POINT('',(0.122047244094488,0.15748031496063,0.039370078740157));
#4492=VERTEX_POINT('',#4491);
#4493=CARTESIAN_POINT('',(0.122047244094488,0.122047244094488,0.039370078740157));
#4494=DIRECTION('',(0.0,1.0,0.0));
#4495=VECTOR('',#4494,0.035433070866142);
#4496=LINE('',#4493,#4495);
#4497=EDGE_CURVE('',#4468,#4492,#4496,.T.);
#4498=ORIENTED_EDGE('',*,*,#4497,.T.);
#4499=CARTESIAN_POINT('',(0.122047244094488,0.15748031496063,0.019685039370079));
#4500=DIRECTION('',(0.0,0.0,1.0));
#4501=VECTOR('',#4500,0.019685039370078);
#4502=LINE('',#4499,#4501);
#4503=EDGE_CURVE('',#3252,#4492,#4502,.T.);
#4504=ORIENTED_EDGE('',*,*,#4503,.F.);
#4505=ORIENTED_EDGE('',*,*,#3257,.F.);
#4506=ORIENTED_EDGE('',*,*,#4479,.T.);
#4507=EDGE_LOOP('',(#4498,#4504,#4505,#4506));
#4508=FACE_OUTER_BOUND('',#4507,.T.);
#4509=ADVANCED_FACE('',(#4508),#4490,.T.);
#4510=CARTESIAN_POINT('',(0.120275590551181,0.15748031496063,0.018700787401575));
#4511=DIRECTION('',(0.0,1.0,0.0));
#4512=DIRECTION('',(0.0,0.0,1.0));
#4513=AXIS2_PLACEMENT_3D('',#4510,#4511,#4512);
#4514=PLANE('',#4513);
#4515=CARTESIAN_POINT('',(0.122047244094488,0.15748031496063,0.039370078740157));
#4516=DIRECTION('',(1.0,0.0,0.0));
#4517=VECTOR('',#4516,0.035433070866142);
#4518=LINE('',#4515,#4517);
#4519=EDGE_CURVE('',#4492,#4437,#4518,.T.);
#4520=ORIENTED_EDGE('',*,*,#4519,.T.);
#4521=ORIENTED_EDGE('',*,*,#4457,.F.);
#4522=ORIENTED_EDGE('',*,*,#3263,.F.);
#4523=ORIENTED_EDGE('',*,*,#4503,.T.);
#4524=EDGE_LOOP('',(#4520,#4521,#4522,#4523));
#4525=FACE_OUTER_BOUND('',#4524,.T.);
#4526=ADVANCED_FACE('',(#4525),#4514,.T.);
#4527=CARTESIAN_POINT('',(0.120275590551181,0.120275590551181,0.039370078740157));
#4528=DIRECTION('',(0.0,0.0,1.0));
#4529=DIRECTION('',(1.0,0.0,0.0));
#4530=AXIS2_PLACEMENT_3D('',#4527,#4528,#4529);
#4531=PLANE('',#4530);
#4532=ORIENTED_EDGE('',*,*,#4444,.F.);
#4533=ORIENTED_EDGE('',*,*,#4519,.F.);
#4534=ORIENTED_EDGE('',*,*,#4497,.F.);
#4535=ORIENTED_EDGE('',*,*,#4473,.F.);
#4536=EDGE_LOOP('',(#4532,#4533,#4534,#4535));
#4537=FACE_OUTER_BOUND('',#4536,.T.);
#4538=ADVANCED_FACE('',(#4537),#4531,.T.);
#4539=CARTESIAN_POINT('',(-0.116141732283465,-0.071161417322835,-0.100885826771654));
#4540=DIRECTION('',(-1.0,0.0,0.0));
#4541=DIRECTION('',(0.0,0.0,1.0));
#4542=AXIS2_PLACEMENT_3D('',#4539,#4540,#4541);
#4543=PLANE('',#4542);
#4544=CARTESIAN_POINT('',(-0.116141732283465,-0.068897637795276,-0.098425196850394));
#4545=VERTEX_POINT('',#4544);
#4546=CARTESIAN_POINT('',(-0.116141732283465,-0.068897637795276,-0.049212598425197));
#4547=VERTEX_POINT('',#4546);
#4548=CARTESIAN_POINT('',(-0.116141732283465,-0.068897637795276,-0.098425196850394));
#4549=DIRECTION('',(0.0,0.0,1.0));
#4550=VECTOR('',#4549,0.049212598425197);
#4551=LINE('',#4548,#4550);
#4552=EDGE_CURVE('',#4545,#4547,#4551,.T.);
#4553=ORIENTED_EDGE('',*,*,#4552,.T.);
#4554=CARTESIAN_POINT('',(-0.116141732283465,-0.023622047244094,-0.049212598425197));
#4555=VERTEX_POINT('',#4554);
#4556=CARTESIAN_POINT('',(-0.116141732283465,-0.023622047244094,-0.049212598425197));
#4557=DIRECTION('',(0.0,-1.0,0.0));
#4558=VECTOR('',#4557,0.045275590551182);
#4559=LINE('',#4556,#4558);
#4560=EDGE_CURVE('',#4555,#4547,#4559,.T.);
#4561=ORIENTED_EDGE('',*,*,#4560,.F.);
#4562=CARTESIAN_POINT('',(-0.116141732283465,-0.023622047244094,-0.098425196850394));
#4563=VERTEX_POINT('',#4562);
#4564=CARTESIAN_POINT('',(-0.116141732283465,-0.023622047244094,-0.098425196850394));
#4565=DIRECTION('',(0.0,0.0,1.0));
#4566=VECTOR('',#4565,0.049212598425197);
#4567=LINE('',#4564,#4566);
#4568=EDGE_CURVE('',#4563,#4555,#4567,.T.);
#4569=ORIENTED_EDGE('',*,*,#4568,.F.);
#4570=CARTESIAN_POINT('',(-0.116141732283465,-0.023622047244094,-0.098425196850394));
#4571=DIRECTION('',(0.0,-1.0,0.0));
#4572=VECTOR('',#4571,0.045275590551182);
#4573=LINE('',#4570,#4572);
#4574=EDGE_CURVE('',#4563,#4545,#4573,.T.);
#4575=ORIENTED_EDGE('',*,*,#4574,.T.);
#4576=EDGE_LOOP('',(#4553,#4561,#4569,#4575));
#4577=FACE_OUTER_BOUND('',#4576,.T.);
#4578=ADVANCED_FACE('',(#4577),#4543,.T.);
#4579=CARTESIAN_POINT('',(-0.116929133858268,-0.071161417322835,-0.049212598425197));
#4580=DIRECTION('',(0.0,0.0,1.0));
#4581=DIRECTION('',(1.0,0.0,0.0));
#4582=AXIS2_PLACEMENT_3D('',#4579,#4580,#4581);
#4583=PLANE('',#4582);
#4584=CARTESIAN_POINT('',(-0.100393700787402,-0.068897637795276,-0.049212598425197));
#4585=VERTEX_POINT('',#4584);
#4586=CARTESIAN_POINT('',(-0.116141732283465,-0.068897637795276,-0.049212598425197));
#4587=DIRECTION('',(1.0,0.0,0.0));
#4588=VECTOR('',#4587,0.015748031496063);
#4589=LINE('',#4586,#4588);
#4590=EDGE_CURVE('',#4547,#4585,#4589,.T.);
#4591=ORIENTED_EDGE('',*,*,#4590,.T.);
#4592=CARTESIAN_POINT('',(-0.100393700787402,-0.023622047244094,-0.049212598425197));
#4593=VERTEX_POINT('',#4592);
#4594=CARTESIAN_POINT('',(-0.100393700787402,-0.023622047244094,-0.049212598425197));
#4595=DIRECTION('',(0.0,-1.0,0.0));
#4596=VECTOR('',#4595,0.045275590551182);
#4597=LINE('',#4594,#4596);
#4598=EDGE_CURVE('',#4593,#4585,#4597,.T.);
#4599=ORIENTED_EDGE('',*,*,#4598,.F.);
#4600=CARTESIAN_POINT('',(-0.116141732283465,-0.023622047244094,-0.049212598425197));
#4601=DIRECTION('',(1.0,0.0,0.0));
#4602=VECTOR('',#4601,0.015748031496063);
#4603=LINE('',#4600,#4602);
#4604=EDGE_CURVE('',#4555,#4593,#4603,.T.);
#4605=ORIENTED_EDGE('',*,*,#4604,.F.);
#4606=ORIENTED_EDGE('',*,*,#4560,.T.);
#4607=EDGE_LOOP('',(#4591,#4599,#4605,#4606));
#4608=FACE_OUTER_BOUND('',#4607,.T.);
#4609=ADVANCED_FACE('',(#4608),#4583,.T.);
#4610=CARTESIAN_POINT('',(-0.100393700787402,-0.071161417322835,-0.046751968503937));
#4611=DIRECTION('',(1.0,0.0,0.0));
#4612=DIRECTION('',(0.0,0.0,-1.0));
#4613=AXIS2_PLACEMENT_3D('',#4610,#4611,#4612);
#4614=PLANE('',#4613);
#4615=CARTESIAN_POINT('',(-0.100393700787402,-0.068897637795276,-0.098425196850394));
#4616=VERTEX_POINT('',#4615);
#4617=CARTESIAN_POINT('',(-0.100393700787402,-0.068897637795276,-0.049212598425197));
#4618=DIRECTION('',(0.0,0.0,-1.0));
#4619=VECTOR('',#4618,0.049212598425197);
#4620=LINE('',#4617,#4619);
#4621=EDGE_CURVE('',#4585,#4616,#4620,.T.);
#4622=ORIENTED_EDGE('',*,*,#4621,.T.);
#4623=CARTESIAN_POINT('',(-0.100393700787402,-0.023622047244094,-0.098425196850394));
#4624=VERTEX_POINT('',#4623);
#4625=CARTESIAN_POINT('',(-0.100393700787402,-0.023622047244094,-0.098425196850394));
#4626=DIRECTION('',(0.0,-1.0,0.0));
#4627=VECTOR('',#4626,0.045275590551182);
#4628=LINE('',#4625,#4627);
#4629=EDGE_CURVE('',#4624,#4616,#4628,.T.);
#4630=ORIENTED_EDGE('',*,*,#4629,.F.);
#4631=CARTESIAN_POINT('',(-0.100393700787402,-0.023622047244094,-0.049212598425197));
#4632=DIRECTION('',(0.0,0.0,-1.0));
#4633=VECTOR('',#4632,0.049212598425197);
#4634=LINE('',#4631,#4633);
#4635=EDGE_CURVE('',#4593,#4624,#4634,.T.);
#4636=ORIENTED_EDGE('',*,*,#4635,.F.);
#4637=ORIENTED_EDGE('',*,*,#4598,.T.);
#4638=EDGE_LOOP('',(#4622,#4630,#4636,#4637));
#4639=FACE_OUTER_BOUND('',#4638,.T.);
#4640=ADVANCED_FACE('',(#4639),#4614,.T.);
#4641=CARTESIAN_POINT('',(-0.099606299212599,-0.071161417322835,-0.098425196850394));
#4642=DIRECTION('',(0.0,0.0,-1.0));
#4643=DIRECTION('',(-1.0,0.0,0.0));
#4644=AXIS2_PLACEMENT_3D('',#4641,#4642,#4643);
#4645=PLANE('',#4644);
#4646=CARTESIAN_POINT('',(-0.100393700787402,-0.068897637795276,-0.098425196850394));
#4647=DIRECTION('',(-1.0,0.0,0.0));
#4648=VECTOR('',#4647,0.015748031496063);
#4649=LINE('',#4646,#4648);
#4650=EDGE_CURVE('',#4616,#4545,#4649,.T.);
#4651=ORIENTED_EDGE('',*,*,#4650,.T.);
#4652=ORIENTED_EDGE('',*,*,#4574,.F.);
#4653=CARTESIAN_POINT('',(-0.100393700787402,-0.023622047244094,-0.098425196850394));
#4654=DIRECTION('',(-1.0,0.0,0.0));
#4655=VECTOR('',#4654,0.015748031496063);
#4656=LINE('',#4653,#4655);
#4657=EDGE_CURVE('',#4624,#4563,#4656,.T.);
#4658=ORIENTED_EDGE('',*,*,#4657,.F.);
#4659=ORIENTED_EDGE('',*,*,#4629,.T.);
#4660=EDGE_LOOP('',(#4651,#4652,#4658,#4659));
#4661=FACE_OUTER_BOUND('',#4660,.T.);
#4662=ADVANCED_FACE('',(#4661),#4645,.T.);
#4663=CARTESIAN_POINT('',(-0.116929133858268,-0.068897637795276,-0.100885826771654));
#4664=DIRECTION('',(0.0,1.0,0.0));
#4665=DIRECTION('',(0.0,0.0,1.0));
#4666=AXIS2_PLACEMENT_3D('',#4663,#4664,#4665);
#4667=PLANE('',#4666);
#4668=ORIENTED_EDGE('',*,*,#4552,.F.);
#4669=ORIENTED_EDGE('',*,*,#4650,.F.);
#4670=ORIENTED_EDGE('',*,*,#4621,.F.);
#4671=ORIENTED_EDGE('',*,*,#4590,.F.);
#4672=EDGE_LOOP('',(#4668,#4669,#4670,#4671));
#4673=FACE_OUTER_BOUND('',#4672,.T.);
#4674=ADVANCED_FACE('',(#4673),#4667,.F.);
#4675=CARTESIAN_POINT('',(0.100393700787402,-0.071161417322835,-0.190452755905512));
#4676=DIRECTION('',(-1.0,0.0,0.0));
#4677=DIRECTION('',(0.0,0.0,1.0));
#4678=AXIS2_PLACEMENT_3D('',#4675,#4676,#4677);
#4679=PLANE('',#4678);
#4680=CARTESIAN_POINT('',(0.100393700787402,-0.068897637795276,-0.187007874015748));
#4681=VERTEX_POINT('',#4680);
#4682=CARTESIAN_POINT('',(0.100393700787402,-0.068897637795276,-0.118110236220472));
#4683=VERTEX_POINT('',#4682);
#4684=CARTESIAN_POINT('',(0.100393700787402,-0.068897637795276,-0.187007874015748));
#4685=DIRECTION('',(0.0,0.0,1.0));
#4686=VECTOR('',#4685,0.068897637795276);
#4687=LINE('',#4684,#4686);
#4688=EDGE_CURVE('',#4681,#4683,#4687,.T.);
#4689=ORIENTED_EDGE('',*,*,#4688,.T.);
#4690=CARTESIAN_POINT('',(0.100393700787402,-0.023622047244094,-0.118110236220472));
#4691=DIRECTION('',(0.0,-1.0,0.0));
#4692=VECTOR('',#4691,0.045275590551182);
#4693=LINE('',#4690,#4692);
#4694=EDGE_CURVE('',#2620,#4683,#4693,.T.);
#4695=ORIENTED_EDGE('',*,*,#4694,.F.);
#4696=ORIENTED_EDGE('',*,*,#2625,.F.);
#4697=CARTESIAN_POINT('',(0.100393700787402,-0.023622047244094,-0.187007874015748));
#4698=DIRECTION('',(0.0,-1.0,0.0));
#4699=VECTOR('',#4698,0.045275590551182);
#4700=LINE('',#4697,#4699);
#4701=EDGE_CURVE('',#2618,#4681,#4700,.T.);
#4702=ORIENTED_EDGE('',*,*,#4701,.T.);
#4703=EDGE_LOOP('',(#4689,#4695,#4696,#4702));
#4704=FACE_OUTER_BOUND('',#4703,.T.);
#4705=ADVANCED_FACE('',(#4704),#4679,.T.);
#4706=CARTESIAN_POINT('',(0.099606299212599,-0.071161417322835,-0.118110236220472));
#4707=DIRECTION('',(0.0,0.0,1.0));
#4708=DIRECTION('',(1.0,0.0,0.0));
#4709=AXIS2_PLACEMENT_3D('',#4706,#4707,#4708);
#4710=PLANE('',#4709);
#4711=CARTESIAN_POINT('',(0.116141732283465,-0.068897637795276,-0.118110236220472));
#4712=VERTEX_POINT('',#4711);
#4713=CARTESIAN_POINT('',(0.100393700787402,-0.068897637795276,-0.118110236220472));
#4714=DIRECTION('',(1.0,0.0,0.0));
#4715=VECTOR('',#4714,0.015748031496063);
#4716=LINE('',#4713,#4715);
#4717=EDGE_CURVE('',#4683,#4712,#4716,.T.);
#4718=ORIENTED_EDGE('',*,*,#4717,.T.);
#4719=CARTESIAN_POINT('',(0.116141732283465,-0.023622047244094,-0.118110236220472));
#4720=DIRECTION('',(0.0,-1.0,0.0));
#4721=VECTOR('',#4720,0.045275590551182);
#4722=LINE('',#4719,#4721);
#4723=EDGE_CURVE('',#2628,#4712,#4722,.T.);
#4724=ORIENTED_EDGE('',*,*,#4723,.F.);
#4725=ORIENTED_EDGE('',*,*,#2633,.F.);
#4726=ORIENTED_EDGE('',*,*,#4694,.T.);
#4727=EDGE_LOOP('',(#4718,#4724,#4725,#4726));
#4728=FACE_OUTER_BOUND('',#4727,.T.);
#4729=ADVANCED_FACE('',(#4728),#4710,.T.);
#4730=CARTESIAN_POINT('',(0.116141732283465,-0.071161417322835,-0.114665354330708));
#4731=DIRECTION('',(1.0,0.0,0.0));
#4732=DIRECTION('',(0.0,0.0,-1.0));
#4733=AXIS2_PLACEMENT_3D('',#4730,#4731,#4732);
#4734=PLANE('',#4733);
#4735=CARTESIAN_POINT('',(0.116141732283465,-0.068897637795276,-0.187007874015748));
#4736=VERTEX_POINT('',#4735);
#4737=CARTESIAN_POINT('',(0.116141732283465,-0.068897637795276,-0.118110236220472));
#4738=DIRECTION('',(0.0,0.0,-1.0));
#4739=VECTOR('',#4738,0.068897637795276);
#4740=LINE('',#4737,#4739);
#4741=EDGE_CURVE('',#4712,#4736,#4740,.T.);
#4742=ORIENTED_EDGE('',*,*,#4741,.T.);
#4743=CARTESIAN_POINT('',(0.116141732283465,-0.023622047244094,-0.187007874015748));
#4744=DIRECTION('',(0.0,-1.0,0.0));
#4745=VECTOR('',#4744,0.045275590551182);
#4746=LINE('',#4743,#4745);
#4747=EDGE_CURVE('',#2636,#4736,#4746,.T.);
#4748=ORIENTED_EDGE('',*,*,#4747,.F.);
#4749=ORIENTED_EDGE('',*,*,#2641,.F.);
#4750=ORIENTED_EDGE('',*,*,#4723,.T.);
#4751=EDGE_LOOP('',(#4742,#4748,#4749,#4750));
#4752=FACE_OUTER_BOUND('',#4751,.T.);
#4753=ADVANCED_FACE('',(#4752),#4734,.T.);
#4754=CARTESIAN_POINT('',(0.116929133858268,-0.071161417322835,-0.187007874015748));
#4755=DIRECTION('',(0.0,0.0,-1.0));
#4756=DIRECTION('',(-1.0,0.0,0.0));
#4757=AXIS2_PLACEMENT_3D('',#4754,#4755,#4756);
#4758=PLANE('',#4757);
#4759=CARTESIAN_POINT('',(0.116141732283465,-0.068897637795276,-0.187007874015748));
#4760=DIRECTION('',(-1.0,0.0,0.0));
#4761=VECTOR('',#4760,0.015748031496063);
#4762=LINE('',#4759,#4761);
#4763=EDGE_CURVE('',#4736,#4681,#4762,.T.);
#4764=ORIENTED_EDGE('',*,*,#4763,.T.);
#4765=ORIENTED_EDGE('',*,*,#4701,.F.);
#4766=ORIENTED_EDGE('',*,*,#2647,.F.);
#4767=ORIENTED_EDGE('',*,*,#4747,.T.);
#4768=EDGE_LOOP('',(#4764,#4765,#4766,#4767));
#4769=FACE_OUTER_BOUND('',#4768,.T.);
#4770=ADVANCED_FACE('',(#4769),#4758,.T.);
#4771=CARTESIAN_POINT('',(0.099606299212599,-0.068897637795276,-0.190452755905512));
#4772=DIRECTION('',(0.0,1.0,0.0));
#4773=DIRECTION('',(0.0,0.0,1.0));
#4774=AXIS2_PLACEMENT_3D('',#4771,#4772,#4773);
#4775=PLANE('',#4774);
#4776=ORIENTED_EDGE('',*,*,#4688,.F.);
#4777=ORIENTED_EDGE('',*,*,#4763,.F.);
#4778=ORIENTED_EDGE('',*,*,#4741,.F.);
#4779=ORIENTED_EDGE('',*,*,#4717,.F.);
#4780=EDGE_LOOP('',(#4776,#4777,#4778,#4779));
#4781=FACE_OUTER_BOUND('',#4780,.T.);
#4782=ADVANCED_FACE('',(#4781),#4775,.F.);
#4783=CARTESIAN_POINT('',(0.100393700787402,-0.071161417322835,-0.248031496062992));
#4784=DIRECTION('',(-1.0,0.0,0.0));
#4785=DIRECTION('',(0.0,0.0,1.0));
#4786=AXIS2_PLACEMENT_3D('',#4783,#4784,#4785);
#4787=PLANE('',#4786);
#4788=CARTESIAN_POINT('',(0.100393700787402,-0.068897637795276,-0.246062992125984));
#4789=VERTEX_POINT('',#4788);
#4790=CARTESIAN_POINT('',(0.100393700787402,-0.068897637795276,-0.206692913385827));
#4791=VERTEX_POINT('',#4790);
#4792=CARTESIAN_POINT('',(0.100393700787402,-0.068897637795276,-0.246062992125984));
#4793=DIRECTION('',(0.0,0.0,1.0));
#4794=VECTOR('',#4793,0.039370078740157);
#4795=LINE('',#4792,#4794);
#4796=EDGE_CURVE('',#4789,#4791,#4795,.T.);
#4797=ORIENTED_EDGE('',*,*,#4796,.T.);
#4798=CARTESIAN_POINT('',(0.100393700787402,-0.023622047244094,-0.206692913385827));
#4799=DIRECTION('',(0.0,-1.0,0.0));
#4800=VECTOR('',#4799,0.045275590551182);
#4801=LINE('',#4798,#4800);
#4802=EDGE_CURVE('',#2586,#4791,#4801,.T.);
#4803=ORIENTED_EDGE('',*,*,#4802,.F.);
#4804=ORIENTED_EDGE('',*,*,#2591,.F.);
#4805=CARTESIAN_POINT('',(0.100393700787402,-0.023622047244094,-0.246062992125984));
#4806=DIRECTION('',(0.0,-1.0,0.0));
#4807=VECTOR('',#4806,0.045275590551182);
#4808=LINE('',#4805,#4807);
#4809=EDGE_CURVE('',#2584,#4789,#4808,.T.);
#4810=ORIENTED_EDGE('',*,*,#4809,.T.);
#4811=EDGE_LOOP('',(#4797,#4803,#4804,#4810));
#4812=FACE_OUTER_BOUND('',#4811,.T.);
#4813=ADVANCED_FACE('',(#4812),#4787,.T.);
#4814=CARTESIAN_POINT('',(0.099606299212599,-0.071161417322835,-0.206692913385827));
#4815=DIRECTION('',(0.0,0.0,1.0));
#4816=DIRECTION('',(1.0,0.0,0.0));
#4817=AXIS2_PLACEMENT_3D('',#4814,#4815,#4816);
#4818=PLANE('',#4817);
#4819=CARTESIAN_POINT('',(0.116141732283465,-0.068897637795276,-0.206692913385827));
#4820=VERTEX_POINT('',#4819);
#4821=CARTESIAN_POINT('',(0.100393700787402,-0.068897637795276,-0.206692913385827));
#4822=DIRECTION('',(1.0,0.0,0.0));
#4823=VECTOR('',#4822,0.015748031496063);
#4824=LINE('',#4821,#4823);
#4825=EDGE_CURVE('',#4791,#4820,#4824,.T.);
#4826=ORIENTED_EDGE('',*,*,#4825,.T.);
#4827=CARTESIAN_POINT('',(0.116141732283465,-0.023622047244094,-0.206692913385827));
#4828=DIRECTION('',(0.0,-1.0,0.0));
#4829=VECTOR('',#4828,0.045275590551182);
#4830=LINE('',#4827,#4829);
#4831=EDGE_CURVE('',#2594,#4820,#4830,.T.);
#4832=ORIENTED_EDGE('',*,*,#4831,.F.);
#4833=ORIENTED_EDGE('',*,*,#2599,.F.);
#4834=ORIENTED_EDGE('',*,*,#4802,.T.);
#4835=EDGE_LOOP('',(#4826,#4832,#4833,#4834));
#4836=FACE_OUTER_BOUND('',#4835,.T.);
#4837=ADVANCED_FACE('',(#4836),#4818,.T.);
#4838=CARTESIAN_POINT('',(0.116141732283465,-0.071161417322835,-0.204724409448819));
#4839=DIRECTION('',(1.0,0.0,0.0));
#4840=DIRECTION('',(0.0,0.0,-1.0));
#4841=AXIS2_PLACEMENT_3D('',#4838,#4839,#4840);
#4842=PLANE('',#4841);
#4843=CARTESIAN_POINT('',(0.116141732283465,-0.068897637795276,-0.246062992125984));
#4844=VERTEX_POINT('',#4843);
#4845=CARTESIAN_POINT('',(0.116141732283465,-0.068897637795276,-0.206692913385827));
#4846=DIRECTION('',(0.0,0.0,-1.0));
#4847=VECTOR('',#4846,0.039370078740157);
#4848=LINE('',#4845,#4847);
#4849=EDGE_CURVE('',#4820,#4844,#4848,.T.);
#4850=ORIENTED_EDGE('',*,*,#4849,.T.);
#4851=CARTESIAN_POINT('',(0.116141732283465,-0.023622047244094,-0.246062992125984));
#4852=DIRECTION('',(0.0,-1.0,0.0));
#4853=VECTOR('',#4852,0.045275590551182);
#4854=LINE('',#4851,#4853);
#4855=EDGE_CURVE('',#2602,#4844,#4854,.T.);
#4856=ORIENTED_EDGE('',*,*,#4855,.F.);
#4857=ORIENTED_EDGE('',*,*,#2607,.F.);
#4858=ORIENTED_EDGE('',*,*,#4831,.T.);
#4859=EDGE_LOOP('',(#4850,#4856,#4857,#4858));
#4860=FACE_OUTER_BOUND('',#4859,.T.);
#4861=ADVANCED_FACE('',(#4860),#4842,.T.);
#4862=CARTESIAN_POINT('',(0.116929133858268,-0.071161417322835,-0.246062992125984));
#4863=DIRECTION('',(0.0,0.0,-1.0));
#4864=DIRECTION('',(-1.0,0.0,0.0));
#4865=AXIS2_PLACEMENT_3D('',#4862,#4863,#4864);
#4866=PLANE('',#4865);
#4867=CARTESIAN_POINT('',(0.116141732283465,-0.068897637795276,-0.246062992125984));
#4868=DIRECTION('',(-1.0,0.0,0.0));
#4869=VECTOR('',#4868,0.015748031496063);
#4870=LINE('',#4867,#4869);
#4871=EDGE_CURVE('',#4844,#4789,#4870,.T.);
#4872=ORIENTED_EDGE('',*,*,#4871,.T.);
#4873=ORIENTED_EDGE('',*,*,#4809,.F.);
#4874=ORIENTED_EDGE('',*,*,#2613,.F.);
#4875=ORIENTED_EDGE('',*,*,#4855,.T.);
#4876=EDGE_LOOP('',(#4872,#4873,#4874,#4875));
#4877=FACE_OUTER_BOUND('',#4876,.T.);
#4878=ADVANCED_FACE('',(#4877),#4866,.T.);
#4879=CARTESIAN_POINT('',(0.099606299212599,-0.068897637795276,-0.248031496062992));
#4880=DIRECTION('',(0.0,1.0,0.0));
#4881=DIRECTION('',(0.0,0.0,1.0));
#4882=AXIS2_PLACEMENT_3D('',#4879,#4880,#4881);
#4883=PLANE('',#4882);
#4884=ORIENTED_EDGE('',*,*,#4796,.F.);
#4885=ORIENTED_EDGE('',*,*,#4871,.F.);
#4886=ORIENTED_EDGE('',*,*,#4849,.F.);
#4887=ORIENTED_EDGE('',*,*,#4825,.F.);
#4888=EDGE_LOOP('',(#4884,#4885,#4886,#4887));
#4889=FACE_OUTER_BOUND('',#4888,.T.);
#4890=ADVANCED_FACE('',(#4889),#4883,.F.);
#4891=CARTESIAN_POINT('',(0.100393700787402,-0.071161417322835,-0.100885826771654));
#4892=DIRECTION('',(-1.0,0.0,0.0));
#4893=DIRECTION('',(0.0,0.0,1.0));
#4894=AXIS2_PLACEMENT_3D('',#4891,#4892,#4893);
#4895=PLANE('',#4894);
#4896=CARTESIAN_POINT('',(0.100393700787402,-0.068897637795276,-0.098425196850394));
#4897=VERTEX_POINT('',#4896);
#4898=CARTESIAN_POINT('',(0.100393700787402,-0.068897637795276,-0.049212598425197));
#4899=VERTEX_POINT('',#4898);
#4900=CARTESIAN_POINT('',(0.100393700787402,-0.068897637795276,-0.098425196850394));
#4901=DIRECTION('',(0.0,0.0,1.0));
#4902=VECTOR('',#4901,0.049212598425197);
#4903=LINE('',#4900,#4902);
#4904=EDGE_CURVE('',#4897,#4899,#4903,.T.);
#4905=ORIENTED_EDGE('',*,*,#4904,.T.);
#4906=CARTESIAN_POINT('',(0.100393700787402,-0.023622047244094,-0.049212598425197));
#4907=DIRECTION('',(0.0,-1.0,0.0));
#4908=VECTOR('',#4907,0.045275590551182);
#4909=LINE('',#4906,#4908);
#4910=EDGE_CURVE('',#2552,#4899,#4909,.T.);
#4911=ORIENTED_EDGE('',*,*,#4910,.F.);
#4912=ORIENTED_EDGE('',*,*,#2557,.F.);
#4913=CARTESIAN_POINT('',(0.100393700787402,-0.023622047244094,-0.098425196850394));
#4914=DIRECTION('',(0.0,-1.0,0.0));
#4915=VECTOR('',#4914,0.045275590551182);
#4916=LINE('',#4913,#4915);
#4917=EDGE_CURVE('',#2550,#4897,#4916,.T.);
#4918=ORIENTED_EDGE('',*,*,#4917,.T.);
#4919=EDGE_LOOP('',(#4905,#4911,#4912,#4918));
#4920=FACE_OUTER_BOUND('',#4919,.T.);
#4921=ADVANCED_FACE('',(#4920),#4895,.T.);
#4922=CARTESIAN_POINT('',(0.099606299212599,-0.071161417322835,-0.049212598425197));
#4923=DIRECTION('',(0.0,0.0,1.0));
#4924=DIRECTION('',(1.0,0.0,0.0));
#4925=AXIS2_PLACEMENT_3D('',#4922,#4923,#4924);
#4926=PLANE('',#4925);
#4927=CARTESIAN_POINT('',(0.116141732283465,-0.068897637795276,-0.049212598425197));
#4928=VERTEX_POINT('',#4927);
#4929=CARTESIAN_POINT('',(0.100393700787402,-0.068897637795276,-0.049212598425197));
#4930=DIRECTION('',(1.0,0.0,0.0));
#4931=VECTOR('',#4930,0.015748031496063);
#4932=LINE('',#4929,#4931);
#4933=EDGE_CURVE('',#4899,#4928,#4932,.T.);
#4934=ORIENTED_EDGE('',*,*,#4933,.T.);
#4935=CARTESIAN_POINT('',(0.116141732283465,-0.023622047244094,-0.049212598425197));
#4936=DIRECTION('',(0.0,-1.0,0.0));
#4937=VECTOR('',#4936,0.045275590551182);
#4938=LINE('',#4935,#4937);
#4939=EDGE_CURVE('',#2560,#4928,#4938,.T.);
#4940=ORIENTED_EDGE('',*,*,#4939,.F.);
#4941=ORIENTED_EDGE('',*,*,#2565,.F.);
#4942=ORIENTED_EDGE('',*,*,#4910,.T.);
#4943=EDGE_LOOP('',(#4934,#4940,#4941,#4942));
#4944=FACE_OUTER_BOUND('',#4943,.T.);
#4945=ADVANCED_FACE('',(#4944),#4926,.T.);
#4946=CARTESIAN_POINT('',(0.116141732283465,-0.071161417322835,-0.046751968503937));
#4947=DIRECTION('',(1.0,0.0,0.0));
#4948=DIRECTION('',(0.0,0.0,-1.0));
#4949=AXIS2_PLACEMENT_3D('',#4946,#4947,#4948);
#4950=PLANE('',#4949);
#4951=CARTESIAN_POINT('',(0.116141732283465,-0.068897637795276,-0.098425196850394));
#4952=VERTEX_POINT('',#4951);
#4953=CARTESIAN_POINT('',(0.116141732283465,-0.068897637795276,-0.049212598425197));
#4954=DIRECTION('',(0.0,0.0,-1.0));
#4955=VECTOR('',#4954,0.049212598425197);
#4956=LINE('',#4953,#4955);
#4957=EDGE_CURVE('',#4928,#4952,#4956,.T.);
#4958=ORIENTED_EDGE('',*,*,#4957,.T.);
#4959=CARTESIAN_POINT('',(0.116141732283465,-0.023622047244094,-0.098425196850394));
#4960=DIRECTION('',(0.0,-1.0,0.0));
#4961=VECTOR('',#4960,0.045275590551182);
#4962=LINE('',#4959,#4961);
#4963=EDGE_CURVE('',#2568,#4952,#4962,.T.);
#4964=ORIENTED_EDGE('',*,*,#4963,.F.);
#4965=ORIENTED_EDGE('',*,*,#2573,.F.);
#4966=ORIENTED_EDGE('',*,*,#4939,.T.);
#4967=EDGE_LOOP('',(#4958,#4964,#4965,#4966));
#4968=FACE_OUTER_BOUND('',#4967,.T.);
#4969=ADVANCED_FACE('',(#4968),#4950,.T.);
#4970=CARTESIAN_POINT('',(0.116929133858268,-0.071161417322835,-0.098425196850394));
#4971=DIRECTION('',(0.0,0.0,-1.0));
#4972=DIRECTION('',(-1.0,0.0,0.0));
#4973=AXIS2_PLACEMENT_3D('',#4970,#4971,#4972);
#4974=PLANE('',#4973);
#4975=CARTESIAN_POINT('',(0.116141732283465,-0.068897637795276,-0.098425196850394));
#4976=DIRECTION('',(-1.0,0.0,0.0));
#4977=VECTOR('',#4976,0.015748031496063);
#4978=LINE('',#4975,#4977);
#4979=EDGE_CURVE('',#4952,#4897,#4978,.T.);
#4980=ORIENTED_EDGE('',*,*,#4979,.T.);
#4981=ORIENTED_EDGE('',*,*,#4917,.F.);
#4982=ORIENTED_EDGE('',*,*,#2579,.F.);
#4983=ORIENTED_EDGE('',*,*,#4963,.T.);
#4984=EDGE_LOOP('',(#4980,#4981,#4982,#4983));
#4985=FACE_OUTER_BOUND('',#4984,.T.);
#4986=ADVANCED_FACE('',(#4985),#4974,.T.);
#4987=CARTESIAN_POINT('',(0.099606299212599,-0.068897637795276,-0.100885826771654));
#4988=DIRECTION('',(0.0,1.0,0.0));
#4989=DIRECTION('',(0.0,0.0,1.0));
#4990=AXIS2_PLACEMENT_3D('',#4987,#4988,#4989);
#4991=PLANE('',#4990);
#4992=ORIENTED_EDGE('',*,*,#4904,.F.);
#4993=ORIENTED_EDGE('',*,*,#4979,.F.);
#4994=ORIENTED_EDGE('',*,*,#4957,.F.);
#4995=ORIENTED_EDGE('',*,*,#4933,.F.);
#4996=EDGE_LOOP('',(#4992,#4993,#4994,#4995));
#4997=FACE_OUTER_BOUND('',#4996,.T.);
#4998=ADVANCED_FACE('',(#4997),#4991,.F.);
#4999=CARTESIAN_POINT('',(-0.116141732283465,-0.071161417322835,-0.248031496062992));
#5000=DIRECTION('',(-1.0,0.0,0.0));
#5001=DIRECTION('',(0.0,0.0,1.0));
#5002=AXIS2_PLACEMENT_3D('',#4999,#5000,#5001);
#5003=PLANE('',#5002);
#5004=CARTESIAN_POINT('',(-0.116141732283465,-0.068897637795276,-0.246062992125984));
#5005=VERTEX_POINT('',#5004);
#5006=CARTESIAN_POINT('',(-0.116141732283465,-0.068897637795276,-0.206692913385827));
#5007=VERTEX_POINT('',#5006);
#5008=CARTESIAN_POINT('',(-0.116141732283465,-0.068897637795276,-0.246062992125984));
#5009=DIRECTION('',(0.0,0.0,1.0));
#5010=VECTOR('',#5009,0.039370078740157);
#5011=LINE('',#5008,#5010);
#5012=EDGE_CURVE('',#5005,#5007,#5011,.T.);
#5013=ORIENTED_EDGE('',*,*,#5012,.T.);
#5014=CARTESIAN_POINT('',(-0.116141732283465,-0.023622047244094,-0.206692913385827));
#5015=VERTEX_POINT('',#5014);
#5016=CARTESIAN_POINT('',(-0.116141732283465,-0.023622047244094,-0.206692913385827));
#5017=DIRECTION('',(0.0,-1.0,0.0));
#5018=VECTOR('',#5017,0.045275590551182);
#5019=LINE('',#5016,#5018);
#5020=EDGE_CURVE('',#5015,#5007,#5019,.T.);
#5021=ORIENTED_EDGE('',*,*,#5020,.F.);
#5022=CARTESIAN_POINT('',(-0.116141732283465,-0.023622047244094,-0.246062992125984));
#5023=VERTEX_POINT('',#5022);
#5024=CARTESIAN_POINT('',(-0.116141732283465,-0.023622047244094,-0.246062992125984));
#5025=DIRECTION('',(0.0,0.0,1.0));
#5026=VECTOR('',#5025,0.039370078740157);
#5027=LINE('',#5024,#5026);
#5028=EDGE_CURVE('',#5023,#5015,#5027,.T.);
#5029=ORIENTED_EDGE('',*,*,#5028,.F.);
#5030=CARTESIAN_POINT('',(-0.116141732283465,-0.023622047244094,-0.246062992125984));
#5031=DIRECTION('',(0.0,-1.0,0.0));
#5032=VECTOR('',#5031,0.045275590551182);
#5033=LINE('',#5030,#5032);
#5034=EDGE_CURVE('',#5023,#5005,#5033,.T.);
#5035=ORIENTED_EDGE('',*,*,#5034,.T.);
#5036=EDGE_LOOP('',(#5013,#5021,#5029,#5035));
#5037=FACE_OUTER_BOUND('',#5036,.T.);
#5038=ADVANCED_FACE('',(#5037),#5003,.T.);
#5039=CARTESIAN_POINT('',(-0.116929133858268,-0.071161417322835,-0.206692913385827));
#5040=DIRECTION('',(0.0,0.0,1.0));
#5041=DIRECTION('',(1.0,0.0,0.0));
#5042=AXIS2_PLACEMENT_3D('',#5039,#5040,#5041);
#5043=PLANE('',#5042);
#5044=CARTESIAN_POINT('',(-0.100393700787402,-0.068897637795276,-0.206692913385827));
#5045=VERTEX_POINT('',#5044);
#5046=CARTESIAN_POINT('',(-0.116141732283465,-0.068897637795276,-0.206692913385827));
#5047=DIRECTION('',(1.0,0.0,0.0));
#5048=VECTOR('',#5047,0.015748031496063);
#5049=LINE('',#5046,#5048);
#5050=EDGE_CURVE('',#5007,#5045,#5049,.T.);
#5051=ORIENTED_EDGE('',*,*,#5050,.T.);
#5052=CARTESIAN_POINT('',(-0.100393700787402,-0.023622047244094,-0.206692913385827));
#5053=VERTEX_POINT('',#5052);
#5054=CARTESIAN_POINT('',(-0.100393700787402,-0.023622047244094,-0.206692913385827));
#5055=DIRECTION('',(0.0,-1.0,0.0));
#5056=VECTOR('',#5055,0.045275590551182);
#5057=LINE('',#5054,#5056);
#5058=EDGE_CURVE('',#5053,#5045,#5057,.T.);
#5059=ORIENTED_EDGE('',*,*,#5058,.F.);
#5060=CARTESIAN_POINT('',(-0.116141732283465,-0.023622047244094,-0.206692913385827));
#5061=DIRECTION('',(1.0,0.0,0.0));
#5062=VECTOR('',#5061,0.015748031496063);
#5063=LINE('',#5060,#5062);
#5064=EDGE_CURVE('',#5015,#5053,#5063,.T.);
#5065=ORIENTED_EDGE('',*,*,#5064,.F.);
#5066=ORIENTED_EDGE('',*,*,#5020,.T.);
#5067=EDGE_LOOP('',(#5051,#5059,#5065,#5066));
#5068=FACE_OUTER_BOUND('',#5067,.T.);
#5069=ADVANCED_FACE('',(#5068),#5043,.T.);
#5070=CARTESIAN_POINT('',(-0.100393700787402,-0.071161417322835,-0.204724409448819));
#5071=DIRECTION('',(1.0,0.0,0.0));
#5072=DIRECTION('',(0.0,0.0,-1.0));
#5073=AXIS2_PLACEMENT_3D('',#5070,#5071,#5072);
#5074=PLANE('',#5073);
#5075=CARTESIAN_POINT('',(-0.100393700787402,-0.068897637795276,-0.246062992125984));
#5076=VERTEX_POINT('',#5075);
#5077=CARTESIAN_POINT('',(-0.100393700787402,-0.068897637795276,-0.206692913385827));
#5078=DIRECTION('',(0.0,0.0,-1.0));
#5079=VECTOR('',#5078,0.039370078740157);
#5080=LINE('',#5077,#5079);
#5081=EDGE_CURVE('',#5045,#5076,#5080,.T.);
#5082=ORIENTED_EDGE('',*,*,#5081,.T.);
#5083=CARTESIAN_POINT('',(-0.100393700787402,-0.023622047244094,-0.246062992125984));
#5084=VERTEX_POINT('',#5083);
#5085=CARTESIAN_POINT('',(-0.100393700787402,-0.023622047244094,-0.246062992125984));
#5086=DIRECTION('',(0.0,-1.0,0.0));
#5087=VECTOR('',#5086,0.045275590551182);
#5088=LINE('',#5085,#5087);
#5089=EDGE_CURVE('',#5084,#5076,#5088,.T.);
#5090=ORIENTED_EDGE('',*,*,#5089,.F.);
#5091=CARTESIAN_POINT('',(-0.100393700787402,-0.023622047244094,-0.206692913385827));
#5092=DIRECTION('',(0.0,0.0,-1.0));
#5093=VECTOR('',#5092,0.039370078740157);
#5094=LINE('',#5091,#5093);
#5095=EDGE_CURVE('',#5053,#5084,#5094,.T.);
#5096=ORIENTED_EDGE('',*,*,#5095,.F.);
#5097=ORIENTED_EDGE('',*,*,#5058,.T.);
#5098=EDGE_LOOP('',(#5082,#5090,#5096,#5097));
#5099=FACE_OUTER_BOUND('',#5098,.T.);
#5100=ADVANCED_FACE('',(#5099),#5074,.T.);
#5101=CARTESIAN_POINT('',(-0.099606299212599,-0.071161417322835,-0.246062992125984));
#5102=DIRECTION('',(0.0,0.0,-1.0));
#5103=DIRECTION('',(-1.0,0.0,0.0));
#5104=AXIS2_PLACEMENT_3D('',#5101,#5102,#5103);
#5105=PLANE('',#5104);
#5106=CARTESIAN_POINT('',(-0.100393700787402,-0.068897637795276,-0.246062992125984));
#5107=DIRECTION('',(-1.0,0.0,0.0));
#5108=VECTOR('',#5107,0.015748031496063);
#5109=LINE('',#5106,#5108);
#5110=EDGE_CURVE('',#5076,#5005,#5109,.T.);
#5111=ORIENTED_EDGE('',*,*,#5110,.T.);
#5112=ORIENTED_EDGE('',*,*,#5034,.F.);
#5113=CARTESIAN_POINT('',(-0.100393700787402,-0.023622047244094,-0.246062992125984));
#5114=DIRECTION('',(-1.0,0.0,0.0));
#5115=VECTOR('',#5114,0.015748031496063);
#5116=LINE('',#5113,#5115);
#5117=EDGE_CURVE('',#5084,#5023,#5116,.T.);
#5118=ORIENTED_EDGE('',*,*,#5117,.F.);
#5119=ORIENTED_EDGE('',*,*,#5089,.T.);
#5120=EDGE_LOOP('',(#5111,#5112,#5118,#5119));
#5121=FACE_OUTER_BOUND('',#5120,.T.);
#5122=ADVANCED_FACE('',(#5121),#5105,.T.);
#5123=CARTESIAN_POINT('',(-0.116929133858268,-0.068897637795276,-0.248031496062992));
#5124=DIRECTION('',(0.0,1.0,0.0));
#5125=DIRECTION('',(0.0,0.0,1.0));
#5126=AXIS2_PLACEMENT_3D('',#5123,#5124,#5125);
#5127=PLANE('',#5126);
#5128=ORIENTED_EDGE('',*,*,#5012,.F.);
#5129=ORIENTED_EDGE('',*,*,#5110,.F.);
#5130=ORIENTED_EDGE('',*,*,#5081,.F.);
#5131=ORIENTED_EDGE('',*,*,#5050,.F.);
#5132=EDGE_LOOP('',(#5128,#5129,#5130,#5131));
#5133=FACE_OUTER_BOUND('',#5132,.T.);
#5134=ADVANCED_FACE('',(#5133),#5127,.F.);
#5135=CARTESIAN_POINT('',(-0.116141732283465,-0.071161417322835,-0.190452755905512));
#5136=DIRECTION('',(-1.0,0.0,0.0));
#5137=DIRECTION('',(0.0,0.0,1.0));
#5138=AXIS2_PLACEMENT_3D('',#5135,#5136,#5137);
#5139=PLANE('',#5138);
#5140=CARTESIAN_POINT('',(-0.116141732283465,-0.068897637795276,-0.187007874015748));
#5141=VERTEX_POINT('',#5140);
#5142=CARTESIAN_POINT('',(-0.116141732283465,-0.068897637795276,-0.118110236220473));
#5143=VERTEX_POINT('',#5142);
#5144=CARTESIAN_POINT('',(-0.116141732283465,-0.068897637795276,-0.187007874015748));
#5145=DIRECTION('',(0.0,0.0,1.0));
#5146=VECTOR('',#5145,0.068897637795275);
#5147=LINE('',#5144,#5146);
#5148=EDGE_CURVE('',#5141,#5143,#5147,.T.);
#5149=ORIENTED_EDGE('',*,*,#5148,.T.);
#5150=CARTESIAN_POINT('',(-0.116141732283465,-0.023622047244094,-0.118110236220473));
#5151=VERTEX_POINT('',#5150);
#5152=CARTESIAN_POINT('',(-0.116141732283465,-0.023622047244094,-0.118110236220473));
#5153=DIRECTION('',(0.0,-1.0,0.0));
#5154=VECTOR('',#5153,0.045275590551182);
#5155=LINE('',#5152,#5154);
#5156=EDGE_CURVE('',#5151,#5143,#5155,.T.);
#5157=ORIENTED_EDGE('',*,*,#5156,.F.);
#5158=CARTESIAN_POINT('',(-0.116141732283465,-0.023622047244094,-0.187007874015748));
#5159=VERTEX_POINT('',#5158);
#5160=CARTESIAN_POINT('',(-0.116141732283465,-0.023622047244094,-0.187007874015748));
#5161=DIRECTION('',(0.0,0.0,1.0));
#5162=VECTOR('',#5161,0.068897637795275);
#5163=LINE('',#5160,#5162);
#5164=EDGE_CURVE('',#5159,#5151,#5163,.T.);
#5165=ORIENTED_EDGE('',*,*,#5164,.F.);
#5166=CARTESIAN_POINT('',(-0.116141732283465,-0.023622047244094,-0.187007874015748));
#5167=DIRECTION('',(0.0,-1.0,0.0));
#5168=VECTOR('',#5167,0.045275590551182);
#5169=LINE('',#5166,#5168);
#5170=EDGE_CURVE('',#5159,#5141,#5169,.T.);
#5171=ORIENTED_EDGE('',*,*,#5170,.T.);
#5172=EDGE_LOOP('',(#5149,#5157,#5165,#5171));
#5173=FACE_OUTER_BOUND('',#5172,.T.);
#5174=ADVANCED_FACE('',(#5173),#5139,.T.);
#5175=CARTESIAN_POINT('',(-0.116929133858268,-0.071161417322835,-0.118110236220473));
#5176=DIRECTION('',(0.0,0.0,1.0));
#5177=DIRECTION('',(1.0,0.0,0.0));
#5178=AXIS2_PLACEMENT_3D('',#5175,#5176,#5177);
#5179=PLANE('',#5178);
#5180=CARTESIAN_POINT('',(-0.100393700787402,-0.068897637795276,-0.118110236220473));
#5181=VERTEX_POINT('',#5180);
#5182=CARTESIAN_POINT('',(-0.116141732283465,-0.068897637795276,-0.118110236220473));
#5183=DIRECTION('',(1.0,0.0,0.0));
#5184=VECTOR('',#5183,0.015748031496063);
#5185=LINE('',#5182,#5184);
#5186=EDGE_CURVE('',#5143,#5181,#5185,.T.);
#5187=ORIENTED_EDGE('',*,*,#5186,.T.);
#5188=CARTESIAN_POINT('',(-0.100393700787402,-0.023622047244094,-0.118110236220473));
#5189=VERTEX_POINT('',#5188);
#5190=CARTESIAN_POINT('',(-0.100393700787402,-0.023622047244094,-0.118110236220473));
#5191=DIRECTION('',(0.0,-1.0,0.0));
#5192=VECTOR('',#5191,0.045275590551182);
#5193=LINE('',#5190,#5192);
#5194=EDGE_CURVE('',#5189,#5181,#5193,.T.);
#5195=ORIENTED_EDGE('',*,*,#5194,.F.);
#5196=CARTESIAN_POINT('',(-0.116141732283465,-0.023622047244094,-0.118110236220473));
#5197=DIRECTION('',(1.0,0.0,0.0));
#5198=VECTOR('',#5197,0.015748031496063);
#5199=LINE('',#5196,#5198);
#5200=EDGE_CURVE('',#5151,#5189,#5199,.T.);
#5201=ORIENTED_EDGE('',*,*,#5200,.F.);
#5202=ORIENTED_EDGE('',*,*,#5156,.T.);
#5203=EDGE_LOOP('',(#5187,#5195,#5201,#5202));
#5204=FACE_OUTER_BOUND('',#5203,.T.);
#5205=ADVANCED_FACE('',(#5204),#5179,.T.);
#5206=CARTESIAN_POINT('',(-0.100393700787402,-0.071161417322835,-0.114665354330709));
#5207=DIRECTION('',(1.0,0.0,0.0));
#5208=DIRECTION('',(0.0,0.0,-1.0));
#5209=AXIS2_PLACEMENT_3D('',#5206,#5207,#5208);
#5210=PLANE('',#5209);
#5211=CARTESIAN_POINT('',(-0.100393700787402,-0.068897637795276,-0.187007874015748));
#5212=VERTEX_POINT('',#5211);
#5213=CARTESIAN_POINT('',(-0.100393700787402,-0.068897637795276,-0.118110236220473));
#5214=DIRECTION('',(0.0,0.0,-1.0));
#5215=VECTOR('',#5214,0.068897637795275);
#5216=LINE('',#5213,#5215);
#5217=EDGE_CURVE('',#5181,#5212,#5216,.T.);
#5218=ORIENTED_EDGE('',*,*,#5217,.T.);
#5219=CARTESIAN_POINT('',(-0.100393700787402,-0.023622047244094,-0.187007874015748));
#5220=VERTEX_POINT('',#5219);
#5221=CARTESIAN_POINT('',(-0.100393700787402,-0.023622047244094,-0.187007874015748));
#5222=DIRECTION('',(0.0,-1.0,0.0));
#5223=VECTOR('',#5222,0.045275590551182);
#5224=LINE('',#5221,#5223);
#5225=EDGE_CURVE('',#5220,#5212,#5224,.T.);
#5226=ORIENTED_EDGE('',*,*,#5225,.F.);
#5227=CARTESIAN_POINT('',(-0.100393700787402,-0.023622047244094,-0.118110236220473));
#5228=DIRECTION('',(0.0,0.0,-1.0));
#5229=VECTOR('',#5228,0.068897637795275);
#5230=LINE('',#5227,#5229);
#5231=EDGE_CURVE('',#5189,#5220,#5230,.T.);
#5232=ORIENTED_EDGE('',*,*,#5231,.F.);
#5233=ORIENTED_EDGE('',*,*,#5194,.T.);
#5234=EDGE_LOOP('',(#5218,#5226,#5232,#5233));
#5235=FACE_OUTER_BOUND('',#5234,.T.);
#5236=ADVANCED_FACE('',(#5235),#5210,.T.);
#5237=CARTESIAN_POINT('',(-0.099606299212599,-0.071161417322835,-0.187007874015748));
#5238=DIRECTION('',(0.0,0.0,-1.0));
#5239=DIRECTION('',(-1.0,0.0,0.0));
#5240=AXIS2_PLACEMENT_3D('',#5237,#5238,#5239);
#5241=PLANE('',#5240);
#5242=CARTESIAN_POINT('',(-0.100393700787402,-0.068897637795276,-0.187007874015748));
#5243=DIRECTION('',(-1.0,0.0,0.0));
#5244=VECTOR('',#5243,0.015748031496063);
#5245=LINE('',#5242,#5244);
#5246=EDGE_CURVE('',#5212,#5141,#5245,.T.);
#5247=ORIENTED_EDGE('',*,*,#5246,.T.);
#5248=ORIENTED_EDGE('',*,*,#5170,.F.);
#5249=CARTESIAN_POINT('',(-0.100393700787402,-0.023622047244094,-0.187007874015748));
#5250=DIRECTION('',(-1.0,0.0,0.0));
#5251=VECTOR('',#5250,0.015748031496063);
#5252=LINE('',#5249,#5251);
#5253=EDGE_CURVE('',#5220,#5159,#5252,.T.);
#5254=ORIENTED_EDGE('',*,*,#5253,.F.);
#5255=ORIENTED_EDGE('',*,*,#5225,.T.);
#5256=EDGE_LOOP('',(#5247,#5248,#5254,#5255));
#5257=FACE_OUTER_BOUND('',#5256,.T.);
#5258=ADVANCED_FACE('',(#5257),#5241,.T.);
#5259=CARTESIAN_POINT('',(-0.116929133858268,-0.068897637795276,-0.190452755905512));
#5260=DIRECTION('',(0.0,1.0,0.0));
#5261=DIRECTION('',(0.0,0.0,1.0));
#5262=AXIS2_PLACEMENT_3D('',#5259,#5260,#5261);
#5263=PLANE('',#5262);
#5264=ORIENTED_EDGE('',*,*,#5148,.F.);
#5265=ORIENTED_EDGE('',*,*,#5246,.F.);
#5266=ORIENTED_EDGE('',*,*,#5217,.F.);
#5267=ORIENTED_EDGE('',*,*,#5186,.F.);
#5268=EDGE_LOOP('',(#5264,#5265,#5266,#5267));
#5269=FACE_OUTER_BOUND('',#5268,.T.);
#5270=ADVANCED_FACE('',(#5269),#5263,.F.);
#5271=CARTESIAN_POINT('',(0.131889763779528,-0.023622047244094,-0.019685039370079));
#5272=DIRECTION('',(1.0,0.0,0.0));
#5273=DIRECTION('',(0.0,0.0,-1.0));
#5274=AXIS2_PLACEMENT_3D('',#5271,#5272,#5273);
#5275=PLANE('',#5274);
#5276=CARTESIAN_POINT('',(0.131889763779528,0.127952755905512,-0.255905511811024));
#5277=VERTEX_POINT('',#5276);
#5278=CARTESIAN_POINT('',(0.131889763779528,0.108267716535433,-0.255905511811024));
#5279=VERTEX_POINT('',#5278);
#5280=CARTESIAN_POINT('',(0.131889763779528,0.118110236220472,-0.255905511811024));
#5281=DIRECTION('',(-1.0,0.0,0.0));
#5282=DIRECTION('',(0.0,0.707106781186546,-0.707106781186549));
#5283=AXIS2_PLACEMENT_3D('',#5280,#5281,#5282);
#5284=CIRCLE('',#5283,0.009842519685039);
#5285=EDGE_CURVE('',#5277,#5279,#5284,.T.);
#5286=ORIENTED_EDGE('',*,*,#5285,.F.);
#5287=CARTESIAN_POINT('',(0.131889763779528,0.127952755905512,-0.187007874015748));
#5288=VERTEX_POINT('',#5287);
#5289=CARTESIAN_POINT('',(0.131889763779528,0.127952755905512,-0.187007874015748));
#5290=DIRECTION('',(0.0,0.0,-1.0));
#5291=VECTOR('',#5290,0.068897637795276);
#5292=LINE('',#5289,#5291);
#5293=EDGE_CURVE('',#5288,#5277,#5292,.T.);
#5294=ORIENTED_EDGE('',*,*,#5293,.F.);
#5295=CARTESIAN_POINT('',(0.131889763779528,0.049212598425197,-0.187007874015748));
#5296=VERTEX_POINT('',#5295);
#5297=CARTESIAN_POINT('',(0.131889763779528,0.127952755905512,-0.187007874015748));
#5298=DIRECTION('',(0.0,-1.0,0.0));
#5299=VECTOR('',#5298,0.078740157480315);
#5300=LINE('',#5297,#5299);
#5301=EDGE_CURVE('',#5288,#5296,#5300,.T.);
#5302=ORIENTED_EDGE('',*,*,#5301,.T.);
#5303=CARTESIAN_POINT('',(0.131889763779528,0.049212598425197,-0.255905511811024));
#5304=VERTEX_POINT('',#5303);
#5305=CARTESIAN_POINT('',(0.131889763779528,0.049212598425197,-0.255905511811024));
#5306=DIRECTION('',(0.0,0.0,1.0));
#5307=VECTOR('',#5306,0.068897637795276);
#5308=LINE('',#5305,#5307);
#5309=EDGE_CURVE('',#5304,#5296,#5308,.T.);
#5310=ORIENTED_EDGE('',*,*,#5309,.F.);
#5311=CARTESIAN_POINT('',(0.131889763779528,0.049212598425197,-0.255905511811024));
#5312=DIRECTION('',(0.0,1.0,0.0));
#5313=VECTOR('',#5312,0.059055118110236);
#5314=LINE('',#5311,#5313);
#5315=EDGE_CURVE('',#5304,#5279,#5314,.T.);
#5316=ORIENTED_EDGE('',*,*,#5315,.T.);
#5317=EDGE_LOOP('',(#5286,#5294,#5302,#5310,#5316));
#5318=FACE_OUTER_BOUND('',#5317,.T.);
#5319=ADVANCED_FACE('',(#5318),#5275,.T.);
#5320=CARTESIAN_POINT('',(-0.084645669291339,0.045275590551181,-0.00738188976378));
#5321=DIRECTION('',(1.0,0.0,0.0));
#5322=DIRECTION('',(0.0,0.0,-1.0));
#5323=AXIS2_PLACEMENT_3D('',#5320,#5321,#5322);
#5324=PLANE('',#5323);
#5325=CARTESIAN_POINT('',(-0.084645669291339,0.127952755905512,-0.255905511811024));
#5326=VERTEX_POINT('',#5325);
#5327=CARTESIAN_POINT('',(-0.084645669291339,0.108267716535433,-0.255905511811024));
#5328=VERTEX_POINT('',#5327);
#5329=CARTESIAN_POINT('',(-0.084645669291339,0.118110236220473,-0.255905511811024));
#5330=DIRECTION('',(-1.0,0.0,0.0));
#5331=DIRECTION('',(0.0,0.707106781186546,-0.707106781186549));
#5332=AXIS2_PLACEMENT_3D('',#5329,#5330,#5331);
#5333=CIRCLE('',#5332,0.009842519685039);
#5334=EDGE_CURVE('',#5326,#5328,#5333,.T.);
#5335=ORIENTED_EDGE('',*,*,#5334,.F.);
#5336=CARTESIAN_POINT('',(-0.084645669291339,0.127952755905512,-0.187007874015748));
#5337=DIRECTION('',(0.0,0.0,-1.0));
#5338=VECTOR('',#5337,0.068897637795276);
#5339=LINE('',#5336,#5338);
#5340=EDGE_CURVE('',#1149,#5326,#5339,.T.);
#5341=ORIENTED_EDGE('',*,*,#5340,.F.);
#5342=CARTESIAN_POINT('',(-0.084645669291339,0.127952755905512,-0.019685039370079));
#5343=VERTEX_POINT('',#5342);
#5344=CARTESIAN_POINT('',(-0.084645669291339,0.127952755905512,-0.019685039370079));
#5345=DIRECTION('',(0.0,0.0,-1.0));
#5346=VECTOR('',#5345,0.167322834645669);
#5347=LINE('',#5344,#5346);
#5348=EDGE_CURVE('',#5343,#1149,#5347,.T.);
#5349=ORIENTED_EDGE('',*,*,#5348,.F.);
#5350=CARTESIAN_POINT('',(-0.084645669291339,0.049212598425197,-0.019685039370079));
#5351=DIRECTION('',(0.0,1.0,0.0));
#5352=VECTOR('',#5351,0.078740157480315);
#5353=LINE('',#5350,#5352);
#5354=EDGE_CURVE('',#2722,#5343,#5353,.T.);
#5355=ORIENTED_EDGE('',*,*,#5354,.F.);
#5356=ORIENTED_EDGE('',*,*,#2727,.F.);
#5357=CARTESIAN_POINT('',(-0.084645669291339,0.049212598425197,-0.255905511811024));
#5358=DIRECTION('',(0.0,1.0,0.0));
#5359=VECTOR('',#5358,0.059055118110236);
#5360=LINE('',#5357,#5359);
#5361=EDGE_CURVE('',#2714,#5328,#5360,.T.);
#5362=ORIENTED_EDGE('',*,*,#5361,.T.);
#5363=EDGE_LOOP('',(#5335,#5341,#5349,#5355,#5356,#5362));
#5364=FACE_OUTER_BOUND('',#5363,.T.);
#5365=ADVANCED_FACE('',(#5364),#5324,.T.);
#5366=CARTESIAN_POINT('',(-0.08228346456693,0.118110236220473,-0.255905511811024));
#5367=DIRECTION('',(-1.0,0.0,0.0));
#5368=DIRECTION('',(0.0,0.0,1.0));
#5369=AXIS2_PLACEMENT_3D('',#5366,#5367,#5368);
#5370=CYLINDRICAL_SURFACE('',#5369,0.009842519685039);
#5371=CARTESIAN_POINT('',(-0.131889763779528,0.108267716535433,-0.255905511811024));
#5372=VERTEX_POINT('',#5371);
#5373=CARTESIAN_POINT('',(-0.131889763779528,0.127952755905512,-0.255905511811024));
#5374=VERTEX_POINT('',#5373);
#5375=CARTESIAN_POINT('',(-0.131889763779528,0.118110236220473,-0.255905511811024));
#5376=DIRECTION('',(1.0,0.0,0.0));
#5377=DIRECTION('',(0.0,-0.707106781186549,-0.707106781186546));
#5378=AXIS2_PLACEMENT_3D('',#5375,#5376,#5377);
#5379=CIRCLE('',#5378,0.009842519685039);
#5380=EDGE_CURVE('',#5372,#5374,#5379,.T.);
#5381=ORIENTED_EDGE('',*,*,#5380,.T.);
#5382=CARTESIAN_POINT('',(-0.131889763779528,0.127952755905512,-0.255905511811024));
#5383=DIRECTION('',(1.0,0.0,0.0));
#5384=VECTOR('',#5383,0.047244094488189);
#5385=LINE('',#5382,#5384);
#5386=EDGE_CURVE('',#5374,#5326,#5385,.T.);
#5387=ORIENTED_EDGE('',*,*,#5386,.T.);
#5388=ORIENTED_EDGE('',*,*,#5334,.T.);
#5389=CARTESIAN_POINT('',(-0.131889763779528,0.108267716535433,-0.255905511811024));
#5390=DIRECTION('',(1.0,0.0,0.0));
#5391=VECTOR('',#5390,0.047244094488189);
#5392=LINE('',#5389,#5391);
#5393=EDGE_CURVE('',#5372,#5328,#5392,.T.);
#5394=ORIENTED_EDGE('',*,*,#5393,.F.);
#5395=EDGE_LOOP('',(#5381,#5387,#5388,#5394));
#5396=FACE_OUTER_BOUND('',#5395,.T.);
#5397=ADVANCED_FACE('',(#5396),#5370,.T.);
#5398=CARTESIAN_POINT('',(-0.131889763779528,0.045275590551181,-0.269685039370079));
#5399=DIRECTION('',(-1.0,0.0,0.0));
#5400=DIRECTION('',(0.0,0.0,1.0));
#5401=AXIS2_PLACEMENT_3D('',#5398,#5399,#5400);
#5402=PLANE('',#5401);
#5403=ORIENTED_EDGE('',*,*,#5380,.F.);
#5404=CARTESIAN_POINT('',(-0.131889763779528,0.108267716535433,-0.255905511811024));
#5405=DIRECTION('',(0.0,-1.0,0.0));
#5406=VECTOR('',#5405,0.059055118110236);
#5407=LINE('',#5404,#5406);
#5408=EDGE_CURVE('',#5372,#2706,#5407,.T.);
#5409=ORIENTED_EDGE('',*,*,#5408,.T.);
#5410=ORIENTED_EDGE('',*,*,#2711,.F.);
#5411=ORIENTED_EDGE('',*,*,#1170,.F.);
#5412=CARTESIAN_POINT('',(-0.131889763779528,0.127952755905512,-0.187007874015748));
#5413=DIRECTION('',(0.0,0.0,-1.0));
#5414=VECTOR('',#5413,0.068897637795276);
#5415=LINE('',#5412,#5414);
#5416=EDGE_CURVE('',#1157,#5374,#5415,.T.);
#5417=ORIENTED_EDGE('',*,*,#5416,.T.);
#5418=EDGE_LOOP('',(#5403,#5409,#5410,#5411,#5417));
#5419=FACE_OUTER_BOUND('',#5418,.T.);
#5420=ADVANCED_FACE('',(#5419),#5402,.T.);
#5421=CARTESIAN_POINT('',(0.134251968503937,0.118110236220473,-0.255905511811024));
#5422=DIRECTION('',(-1.0,0.0,0.0));
#5423=DIRECTION('',(0.0,0.0,1.0));
#5424=AXIS2_PLACEMENT_3D('',#5421,#5422,#5423);
#5425=CYLINDRICAL_SURFACE('',#5424,0.009842519685039);
#5426=CARTESIAN_POINT('',(0.084645669291339,0.108267716535433,-0.255905511811024));
#5427=VERTEX_POINT('',#5426);
#5428=CARTESIAN_POINT('',(0.084645669291339,0.127952755905512,-0.255905511811024));
#5429=VERTEX_POINT('',#5428);
#5430=CARTESIAN_POINT('',(0.084645669291339,0.118110236220473,-0.255905511811024));
#5431=DIRECTION('',(1.0,0.0,0.0));
#5432=DIRECTION('',(0.0,-0.707106781186549,-0.707106781186546));
#5433=AXIS2_PLACEMENT_3D('',#5430,#5431,#5432);
#5434=CIRCLE('',#5433,0.009842519685039);
#5435=EDGE_CURVE('',#5427,#5429,#5434,.T.);
#5436=ORIENTED_EDGE('',*,*,#5435,.T.);
#5437=CARTESIAN_POINT('',(0.084645669291339,0.127952755905512,-0.255905511811024));
#5438=DIRECTION('',(1.0,0.0,0.0));
#5439=VECTOR('',#5438,0.047244094488189);
#5440=LINE('',#5437,#5439);
#5441=EDGE_CURVE('',#5429,#5277,#5440,.T.);
#5442=ORIENTED_EDGE('',*,*,#5441,.T.);
#5443=ORIENTED_EDGE('',*,*,#5285,.T.);
#5444=CARTESIAN_POINT('',(0.084645669291339,0.108267716535433,-0.255905511811024));
#5445=DIRECTION('',(1.0,0.0,0.0));
#5446=VECTOR('',#5445,0.047244094488189);
#5447=LINE('',#5444,#5446);
#5448=EDGE_CURVE('',#5427,#5279,#5447,.T.);
#5449=ORIENTED_EDGE('',*,*,#5448,.F.);
#5450=EDGE_LOOP('',(#5436,#5442,#5443,#5449));
#5451=FACE_OUTER_BOUND('',#5450,.T.);
#5452=ADVANCED_FACE('',(#5451),#5425,.T.);
#5453=CARTESIAN_POINT('',(0.084645669291339,0.045275590551181,-0.278051181102362));
#5454=DIRECTION('',(-1.0,0.0,0.0));
#5455=DIRECTION('',(0.0,0.0,1.0));
#5456=AXIS2_PLACEMENT_3D('',#5453,#5454,#5455);
#5457=PLANE('',#5456);
#5458=ORIENTED_EDGE('',*,*,#5435,.F.);
#5459=CARTESIAN_POINT('',(0.084645669291339,0.049212598425197,-0.255905511811024));
#5460=VERTEX_POINT('',#5459);
#5461=CARTESIAN_POINT('',(0.084645669291339,0.108267716535433,-0.255905511811024));
#5462=DIRECTION('',(0.0,-1.0,0.0));
#5463=VECTOR('',#5462,0.059055118110236);
#5464=LINE('',#5461,#5463);
#5465=EDGE_CURVE('',#5427,#5460,#5464,.T.);
#5466=ORIENTED_EDGE('',*,*,#5465,.T.);
#5467=CARTESIAN_POINT('',(0.084645669291339,0.049212598425197,-0.019685039370079));
#5468=VERTEX_POINT('',#5467);
#5469=CARTESIAN_POINT('',(0.084645669291339,0.049212598425197,-0.019685039370079));
#5470=DIRECTION('',(0.0,0.0,-1.0));
#5471=VECTOR('',#5470,0.236220472440945);
#5472=LINE('',#5469,#5471);
#5473=EDGE_CURVE('',#5468,#5460,#5472,.T.);
#5474=ORIENTED_EDGE('',*,*,#5473,.F.);
#5475=CARTESIAN_POINT('',(0.084645669291339,0.127952755905512,-0.019685039370079));
#5476=VERTEX_POINT('',#5475);
#5477=CARTESIAN_POINT('',(0.084645669291339,0.127952755905512,-0.019685039370079));
#5478=DIRECTION('',(0.0,-1.0,0.0));
#5479=VECTOR('',#5478,0.078740157480315);
#5480=LINE('',#5477,#5479);
#5481=EDGE_CURVE('',#5476,#5468,#5480,.T.);
#5482=ORIENTED_EDGE('',*,*,#5481,.F.);
#5483=CARTESIAN_POINT('',(0.084645669291339,0.127952755905512,-0.187007874015748));
#5484=VERTEX_POINT('',#5483);
#5485=CARTESIAN_POINT('',(0.084645669291339,0.127952755905512,-0.187007874015748));
#5486=DIRECTION('',(0.0,0.0,1.0));
#5487=VECTOR('',#5486,0.167322834645669);
#5488=LINE('',#5485,#5487);
#5489=EDGE_CURVE('',#5484,#5476,#5488,.T.);
#5490=ORIENTED_EDGE('',*,*,#5489,.F.);
#5491=CARTESIAN_POINT('',(0.084645669291339,0.127952755905512,-0.187007874015748));
#5492=DIRECTION('',(0.0,0.0,-1.0));
#5493=VECTOR('',#5492,0.068897637795276);
#5494=LINE('',#5491,#5493);
#5495=EDGE_CURVE('',#5484,#5429,#5494,.T.);
#5496=ORIENTED_EDGE('',*,*,#5495,.T.);
#5497=EDGE_LOOP('',(#5458,#5466,#5474,#5482,#5490,#5496));
#5498=FACE_OUTER_BOUND('',#5497,.T.);
#5499=ADVANCED_FACE('',(#5498),#5457,.T.);
#5500=CARTESIAN_POINT('',(0.08228346456693,0.046259842519685,-0.255905511811024));
#5501=DIRECTION('',(0.0,0.0,1.0));
#5502=DIRECTION('',(1.0,0.0,0.0));
#5503=AXIS2_PLACEMENT_3D('',#5500,#5501,#5502);
#5504=PLANE('',#5503);
#5505=ORIENTED_EDGE('',*,*,#5448,.T.);
#5506=ORIENTED_EDGE('',*,*,#5315,.F.);
#5507=CARTESIAN_POINT('',(0.131889763779528,0.049212598425197,-0.255905511811024));
#5508=DIRECTION('',(-1.0,0.0,0.0));
#5509=VECTOR('',#5508,0.047244094488189);
#5510=LINE('',#5507,#5509);
#5511=EDGE_CURVE('',#5304,#5460,#5510,.T.);
#5512=ORIENTED_EDGE('',*,*,#5511,.T.);
#5513=ORIENTED_EDGE('',*,*,#5465,.F.);
#5514=EDGE_LOOP('',(#5505,#5506,#5512,#5513));
#5515=FACE_OUTER_BOUND('',#5514,.T.);
#5516=ADVANCED_FACE('',(#5515),#5504,.F.);
#5517=CARTESIAN_POINT('',(-0.134251968503937,0.046259842519685,-0.255905511811024));
#5518=DIRECTION('',(0.0,0.0,1.0));
#5519=DIRECTION('',(1.0,0.0,0.0));
#5520=AXIS2_PLACEMENT_3D('',#5517,#5518,#5519);
#5521=PLANE('',#5520);
#5522=ORIENTED_EDGE('',*,*,#5361,.F.);
#5523=ORIENTED_EDGE('',*,*,#2719,.T.);
#5524=ORIENTED_EDGE('',*,*,#5408,.F.);
#5525=ORIENTED_EDGE('',*,*,#5393,.T.);
#5526=EDGE_LOOP('',(#5522,#5523,#5524,#5525));
#5527=FACE_OUTER_BOUND('',#5526,.T.);
#5528=ADVANCED_FACE('',(#5527),#5521,.F.);
#5529=CARTESIAN_POINT('',(0.075492125984252,-0.027263779527559,-0.265748031496063));
#5530=DIRECTION('',(0.0,0.0,1.0));
#5531=DIRECTION('',(1.0,0.0,0.0));
#5532=AXIS2_PLACEMENT_3D('',#5529,#5530,#5531);
#5533=PLANE('',#5532);
#5534=ORIENTED_EDGE('',*,*,#1273,.T.);
#5535=CARTESIAN_POINT('',(0.143700787401575,0.049212598425197,-0.265748031496063));
#5536=VERTEX_POINT('',#5535);
#5537=CARTESIAN_POINT('',(0.143700787401575,0.049212598425197,-0.265748031496063));
#5538=DIRECTION('',(-1.0,0.0,0.0));
#5539=VECTOR('',#5538,0.06496062992126);
#5540=LINE('',#5537,#5539);
#5541=EDGE_CURVE('',#5536,#1260,#5540,.T.);
#5542=ORIENTED_EDGE('',*,*,#5541,.F.);
#5543=CARTESIAN_POINT('',(0.143700787401575,-0.023622047244094,-0.265748031496063));
#5544=DIRECTION('',(0.0,1.0,0.0));
#5545=VECTOR('',#5544,0.072834645669291);
#5546=LINE('',#5543,#5545);
#5547=EDGE_CURVE('',#2525,#5536,#5546,.T.);
#5548=ORIENTED_EDGE('',*,*,#5547,.F.);
#5549=ORIENTED_EDGE('',*,*,#2530,.F.);
#5550=EDGE_LOOP('',(#5534,#5542,#5548,#5549));
#5551=FACE_OUTER_BOUND('',#5550,.T.);
#5552=ADVANCED_FACE('',(#5551),#5533,.F.);
#5553=CARTESIAN_POINT('',(-0.146948818897638,-0.027263779527559,-0.265748031496063));
#5554=DIRECTION('',(0.0,0.0,1.0));
#5555=DIRECTION('',(1.0,0.0,0.0));
#5556=AXIS2_PLACEMENT_3D('',#5553,#5554,#5555);
#5557=PLANE('',#5556);
#5558=ORIENTED_EDGE('',*,*,#1439,.T.);
#5559=CARTESIAN_POINT('',(-0.143700787401575,-0.023622047244094,-0.265748031496063));
#5560=VERTEX_POINT('',#5559);
#5561=CARTESIAN_POINT('',(-0.143700787401575,-0.023622047244094,-0.265748031496063));
#5562=DIRECTION('',(1.0,0.0,0.0));
#5563=VECTOR('',#5562,0.06496062992126);
#5564=LINE('',#5561,#5563);
#5565=EDGE_CURVE('',#5560,#1426,#5564,.T.);
#5566=ORIENTED_EDGE('',*,*,#5565,.F.);
#5567=CARTESIAN_POINT('',(-0.143700787401575,0.049212598425197,-0.265748031496063));
#5568=DIRECTION('',(0.0,-1.0,0.0));
#5569=VECTOR('',#5568,0.072834645669291);
#5570=LINE('',#5567,#5569);
#5571=EDGE_CURVE('',#2691,#5560,#5570,.T.);
#5572=ORIENTED_EDGE('',*,*,#5571,.F.);
#5573=ORIENTED_EDGE('',*,*,#2696,.F.);
#5574=EDGE_LOOP('',(#5558,#5566,#5572,#5573));
#5575=FACE_OUTER_BOUND('',#5574,.T.);
#5576=ADVANCED_FACE('',(#5575),#5557,.F.);
#5577=CARTESIAN_POINT('',(-0.134251968503937,0.127952755905512,-0.259350393700788));
#5578=DIRECTION('',(0.0,1.0,0.0));
#5579=DIRECTION('',(0.0,0.0,1.0));
#5580=AXIS2_PLACEMENT_3D('',#5577,#5578,#5579);
#5581=PLANE('',#5580);
#5582=ORIENTED_EDGE('',*,*,#5386,.F.);
#5583=ORIENTED_EDGE('',*,*,#5416,.F.);
#5584=ORIENTED_EDGE('',*,*,#1162,.F.);
#5585=ORIENTED_EDGE('',*,*,#5340,.T.);
#5586=EDGE_LOOP('',(#5582,#5583,#5584,#5585));
#5587=FACE_OUTER_BOUND('',#5586,.T.);
#5588=ADVANCED_FACE('',(#5587),#5581,.T.);
#5589=CARTESIAN_POINT('',(-0.143700787401575,-0.027263779527559,-0.278051181102362));
#5590=DIRECTION('',(-1.0,0.0,0.0));
#5591=DIRECTION('',(0.0,0.0,1.0));
#5592=AXIS2_PLACEMENT_3D('',#5589,#5590,#5591);
#5593=PLANE('',#5592);
#5594=ORIENTED_EDGE('',*,*,#5571,.T.);
#5595=CARTESIAN_POINT('',(-0.143700787401575,-0.023622047244094,-0.019685039370079));
#5596=VERTEX_POINT('',#5595);
#5597=CARTESIAN_POINT('',(-0.143700787401575,-0.023622047244094,-0.019685039370079));
#5598=DIRECTION('',(0.0,0.0,-1.0));
#5599=VECTOR('',#5598,0.246062992125984);
#5600=LINE('',#5597,#5599);
#5601=EDGE_CURVE('',#5596,#5560,#5600,.T.);
#5602=ORIENTED_EDGE('',*,*,#5601,.F.);
#5603=CARTESIAN_POINT('',(-0.143700787401575,0.049212598425197,-0.019685039370079));
#5604=DIRECTION('',(0.0,-1.0,0.0));
#5605=VECTOR('',#5604,0.072834645669291);
#5606=LINE('',#5603,#5605);
#5607=EDGE_CURVE('',#1109,#5596,#5606,.T.);
#5608=ORIENTED_EDGE('',*,*,#5607,.F.);
#5609=ORIENTED_EDGE('',*,*,#1114,.F.);
#5610=ORIENTED_EDGE('',*,*,#2702,.T.);
#5611=EDGE_LOOP('',(#5594,#5602,#5608,#5609,#5610));
#5612=FACE_OUTER_BOUND('',#5611,.T.);
#5613=ADVANCED_FACE('',(#5612),#5593,.T.);
#5614=CARTESIAN_POINT('',(-0.147244094488189,-0.023622047244094,-0.00738188976378));
#5615=DIRECTION('',(0.0,-1.0,0.0));
#5616=DIRECTION('',(0.0,0.0,-1.0));
#5617=AXIS2_PLACEMENT_3D('',#5614,#5615,#5616);
#5618=PLANE('',#5617);
#5619=ORIENTED_EDGE('',*,*,#1937,.T.);
#5620=ORIENTED_EDGE('',*,*,#2678,.F.);
#5621=CARTESIAN_POINT('',(-0.143700787401575,-0.023622047244094,-0.019685039370079));
#5622=DIRECTION('',(1.0,0.0,0.0));
#5623=VECTOR('',#5622,0.070866141732284);
#5624=LINE('',#5621,#5623);
#5625=EDGE_CURVE('',#5596,#2667,#5624,.T.);
#5626=ORIENTED_EDGE('',*,*,#5625,.F.);
#5627=ORIENTED_EDGE('',*,*,#5601,.T.);
#5628=ORIENTED_EDGE('',*,*,#5565,.T.);
#5629=ORIENTED_EDGE('',*,*,#1431,.T.);
#5630=EDGE_LOOP('',(#5619,#5620,#5626,#5627,#5628,#5629));
#5631=FACE_OUTER_BOUND('',#5630,.T.);
#5632=ORIENTED_EDGE('',*,*,#4568,.T.);
#5633=ORIENTED_EDGE('',*,*,#4604,.T.);
#5634=ORIENTED_EDGE('',*,*,#4635,.T.);
#5635=ORIENTED_EDGE('',*,*,#4657,.T.);
#5636=EDGE_LOOP('',(#5632,#5633,#5634,#5635));
#5637=FACE_BOUND('',#5636,.T.);
#5638=ORIENTED_EDGE('',*,*,#5028,.T.);
#5639=ORIENTED_EDGE('',*,*,#5064,.T.);
#5640=ORIENTED_EDGE('',*,*,#5095,.T.);
#5641=ORIENTED_EDGE('',*,*,#5117,.T.);
#5642=EDGE_LOOP('',(#5638,#5639,#5640,#5641));
#5643=FACE_BOUND('',#5642,.T.);
#5644=ORIENTED_EDGE('',*,*,#5164,.T.);
#5645=ORIENTED_EDGE('',*,*,#5200,.T.);
#5646=ORIENTED_EDGE('',*,*,#5231,.T.);
#5647=ORIENTED_EDGE('',*,*,#5253,.T.);
#5648=EDGE_LOOP('',(#5644,#5645,#5646,#5647));
#5649=FACE_BOUND('',#5648,.T.);
#5650=ADVANCED_FACE('',(#5631,#5637,#5643,#5649),#5618,.T.);
#5651=CARTESIAN_POINT('',(0.08228346456693,0.127952755905512,-0.259350393700788));
#5652=DIRECTION('',(0.0,1.0,0.0));
#5653=DIRECTION('',(0.0,0.0,1.0));
#5654=AXIS2_PLACEMENT_3D('',#5651,#5652,#5653);
#5655=PLANE('',#5654);
#5656=ORIENTED_EDGE('',*,*,#5441,.F.);
#5657=ORIENTED_EDGE('',*,*,#5495,.F.);
#5658=CARTESIAN_POINT('',(0.084645669291339,0.127952755905512,-0.187007874015748));
#5659=DIRECTION('',(1.0,0.0,0.0));
#5660=VECTOR('',#5659,0.047244094488189);
#5661=LINE('',#5658,#5660);
#5662=EDGE_CURVE('',#5484,#5288,#5661,.T.);
#5663=ORIENTED_EDGE('',*,*,#5662,.T.);
#5664=ORIENTED_EDGE('',*,*,#5293,.T.);
#5665=EDGE_LOOP('',(#5656,#5657,#5663,#5664));
#5666=FACE_OUTER_BOUND('',#5665,.T.);
#5667=ADVANCED_FACE('',(#5666),#5655,.T.);
#5668=CARTESIAN_POINT('',(0.069291338582677,0.049212598425197,-0.278051181102362));
#5669=DIRECTION('',(0.0,1.0,0.0));
#5670=DIRECTION('',(0.0,0.0,1.0));
#5671=AXIS2_PLACEMENT_3D('',#5668,#5669,#5670);
#5672=PLANE('',#5671);
#5673=ORIENTED_EDGE('',*,*,#1982,.T.);
#5674=ORIENTED_EDGE('',*,*,#2512,.F.);
#5675=CARTESIAN_POINT('',(0.084645669291339,0.049212598425197,-0.019685039370079));
#5676=DIRECTION('',(-1.0,0.0,0.0));
#5677=VECTOR('',#5676,0.011811023622048);
#5678=LINE('',#5675,#5677);
#5679=EDGE_CURVE('',#5468,#2501,#5678,.T.);
#5680=ORIENTED_EDGE('',*,*,#5679,.F.);
#5681=ORIENTED_EDGE('',*,*,#5473,.T.);
#5682=ORIENTED_EDGE('',*,*,#5511,.F.);
#5683=ORIENTED_EDGE('',*,*,#5309,.T.);
#5684=CARTESIAN_POINT('',(0.143700787401575,0.049212598425197,-0.187007874015748));
#5685=VERTEX_POINT('',#5684);
#5686=CARTESIAN_POINT('',(0.131889763779528,0.049212598425197,-0.187007874015748));
#5687=DIRECTION('',(1.0,0.0,0.0));
#5688=VECTOR('',#5687,0.011811023622047);
#5689=LINE('',#5686,#5688);
#5690=EDGE_CURVE('',#5296,#5685,#5689,.T.);
#5691=ORIENTED_EDGE('',*,*,#5690,.T.);
#5692=CARTESIAN_POINT('',(0.143700787401575,0.049212598425197,-0.187007874015748));
#5693=DIRECTION('',(0.0,0.0,-1.0));
#5694=VECTOR('',#5693,0.078740157480315);
#5695=LINE('',#5692,#5694);
#5696=EDGE_CURVE('',#5685,#5536,#5695,.T.);
#5697=ORIENTED_EDGE('',*,*,#5696,.T.);
#5698=ORIENTED_EDGE('',*,*,#5541,.T.);
#5699=ORIENTED_EDGE('',*,*,#1265,.T.);
#5700=EDGE_LOOP('',(#5673,#5674,#5680,#5681,#5682,#5683,#5691,#5697,#5698,#5699));
#5701=FACE_OUTER_BOUND('',#5700,.T.);
#5702=ADVANCED_FACE('',(#5701),#5672,.T.);
#5703=CARTESIAN_POINT('',(0.143700787401575,-0.027263779527559,-0.00738188976378));
#5704=DIRECTION('',(1.0,0.0,0.0));
#5705=DIRECTION('',(0.0,0.0,-1.0));
#5706=AXIS2_PLACEMENT_3D('',#5703,#5704,#5705);
#5707=PLANE('',#5706);
#5708=ORIENTED_EDGE('',*,*,#5547,.T.);
#5709=ORIENTED_EDGE('',*,*,#5696,.F.);
#5710=CARTESIAN_POINT('',(0.143700787401575,0.049212598425197,-0.019685039370079));
#5711=VERTEX_POINT('',#5710);
#5712=CARTESIAN_POINT('',(0.143700787401575,0.049212598425197,-0.019685039370079));
#5713=DIRECTION('',(0.0,0.0,-1.0));
#5714=VECTOR('',#5713,0.167322834645669);
#5715=LINE('',#5712,#5714);
#5716=EDGE_CURVE('',#5711,#5685,#5715,.T.);
#5717=ORIENTED_EDGE('',*,*,#5716,.F.);
#5718=CARTESIAN_POINT('',(0.143700787401575,-0.023622047244094,-0.019685039370079));
#5719=DIRECTION('',(0.0,1.0,0.0));
#5720=VECTOR('',#5719,0.072834645669291);
#5721=LINE('',#5718,#5720);
#5722=EDGE_CURVE('',#2533,#5711,#5721,.T.);
#5723=ORIENTED_EDGE('',*,*,#5722,.F.);
#5724=ORIENTED_EDGE('',*,*,#2538,.T.);
#5725=EDGE_LOOP('',(#5708,#5709,#5717,#5723,#5724));
#5726=FACE_OUTER_BOUND('',#5725,.T.);
#5727=ADVANCED_FACE('',(#5726),#5707,.T.);
#5728=CARTESIAN_POINT('',(-0.166732283464567,-0.16240157480315,-0.019685039370079));
#5729=DIRECTION('',(0.0,0.0,1.0));
#5730=DIRECTION('',(1.0,0.0,0.0));
#5731=AXIS2_PLACEMENT_3D('',#5728,#5729,#5730);
#5732=PLANE('',#5731);
#5733=ORIENTED_EDGE('',*,*,#2759,.T.);
#5734=ORIENTED_EDGE('',*,*,#2799,.T.);
#5735=ORIENTED_EDGE('',*,*,#2824,.T.);
#5736=ORIENTED_EDGE('',*,*,#2841,.T.);
#5737=ORIENTED_EDGE('',*,*,#1122,.T.);
#5738=ORIENTED_EDGE('',*,*,#5607,.T.);
#5739=ORIENTED_EDGE('',*,*,#5625,.T.);
#5740=ORIENTED_EDGE('',*,*,#2672,.T.);
#5741=ORIENTED_EDGE('',*,*,#2733,.T.);
#5742=ORIENTED_EDGE('',*,*,#5354,.T.);
#5743=CARTESIAN_POINT('',(-0.049212598425197,0.127952755905512,-0.019685039370079));
#5744=VERTEX_POINT('',#5743);
#5745=CARTESIAN_POINT('',(-0.084645669291339,0.127952755905512,-0.019685039370079));
#5746=DIRECTION('',(1.0,0.0,0.0));
#5747=VECTOR('',#5746,0.035433070866142);
#5748=LINE('',#5745,#5747);
#5749=EDGE_CURVE('',#5343,#5744,#5748,.T.);
#5750=ORIENTED_EDGE('',*,*,#5749,.T.);
#5751=CARTESIAN_POINT('',(-0.049212598425197,0.127952755905512,-0.019685039370079));
#5752=DIRECTION('',(0.0,1.0,0.0));
#5753=VECTOR('',#5752,0.019685039370079);
#5754=LINE('',#5751,#5753);
#5755=EDGE_CURVE('',#5744,#551,#5754,.T.);
#5756=ORIENTED_EDGE('',*,*,#5755,.T.);
#5757=ORIENTED_EDGE('',*,*,#556,.T.);
#5758=CARTESIAN_POINT('',(0.049212598425197,0.127952755905512,-0.019685039370079));
#5759=VERTEX_POINT('',#5758);
#5760=CARTESIAN_POINT('',(0.049212598425197,0.147637795275591,-0.019685039370079));
#5761=DIRECTION('',(0.0,-1.0,0.0));
#5762=VECTOR('',#5761,0.019685039370079);
#5763=LINE('',#5760,#5762);
#5764=EDGE_CURVE('',#543,#5759,#5763,.T.);
#5765=ORIENTED_EDGE('',*,*,#5764,.T.);
#5766=CARTESIAN_POINT('',(0.049212598425197,0.127952755905512,-0.019685039370079));
#5767=DIRECTION('',(1.0,0.0,0.0));
#5768=VECTOR('',#5767,0.035433070866142);
#5769=LINE('',#5766,#5768);
#5770=EDGE_CURVE('',#5759,#5476,#5769,.T.);
#5771=ORIENTED_EDGE('',*,*,#5770,.T.);
#5772=ORIENTED_EDGE('',*,*,#5481,.T.);
#5773=ORIENTED_EDGE('',*,*,#5679,.T.);
#5774=ORIENTED_EDGE('',*,*,#2506,.T.);
#5775=ORIENTED_EDGE('',*,*,#2544,.T.);
#5776=ORIENTED_EDGE('',*,*,#5722,.T.);
#5777=CARTESIAN_POINT('',(0.151574803149606,0.049212598425197,-0.019685039370079));
#5778=VERTEX_POINT('',#5777);
#5779=CARTESIAN_POINT('',(0.143700787401575,0.049212598425197,-0.019685039370079));
#5780=DIRECTION('',(1.0,0.0,0.0));
#5781=VECTOR('',#5780,0.007874015748031);
#5782=LINE('',#5779,#5781);
#5783=EDGE_CURVE('',#5711,#5778,#5782,.T.);
#5784=ORIENTED_EDGE('',*,*,#5783,.T.);
#5785=CARTESIAN_POINT('',(0.151574803149606,-0.127952755905512,-0.019685039370079));
#5786=VERTEX_POINT('',#5785);
#5787=CARTESIAN_POINT('',(0.151574803149606,0.049212598425197,-0.019685039370079));
#5788=DIRECTION('',(0.0,-1.0,0.0));
#5789=VECTOR('',#5788,0.177165354330709);
#5790=LINE('',#5787,#5789);
#5791=EDGE_CURVE('',#5778,#5786,#5790,.T.);
#5792=ORIENTED_EDGE('',*,*,#5791,.T.);
#5793=CARTESIAN_POINT('',(0.049212598425197,-0.127952755905512,-0.019685039370079));
#5794=VERTEX_POINT('',#5793);
#5795=CARTESIAN_POINT('',(0.151574803149606,-0.127952755905512,-0.019685039370079));
#5796=DIRECTION('',(-1.0,0.0,0.0));
#5797=VECTOR('',#5796,0.102362204724409);
#5798=LINE('',#5795,#5797);
#5799=EDGE_CURVE('',#5786,#5794,#5798,.T.);
#5800=ORIENTED_EDGE('',*,*,#5799,.T.);
#5801=CARTESIAN_POINT('',(0.049212598425197,-0.127952755905512,-0.019685039370079));
#5802=DIRECTION('',(0.0,-1.0,0.0));
#5803=VECTOR('',#5802,0.019685039370079);
#5804=LINE('',#5801,#5803);
#5805=EDGE_CURVE('',#5794,#2754,#5804,.T.);
#5806=ORIENTED_EDGE('',*,*,#5805,.T.);
#5807=EDGE_LOOP('',(#5733,#5734,#5735,#5736,#5737,#5738,#5739,#5740,#5741,#5742,#5750,#5756,#5757,#5765,#5771,#5772,#5773,#5774,#5775,#5776,#5784,#5792,#5800,#5806));
#5808=FACE_OUTER_BOUND('',#5807,.T.);
#5809=ADVANCED_FACE('',(#5808),#5732,.F.);
#5810=CARTESIAN_POINT('',(0.143307086614173,0.049212598425197,-0.011318897637796));
#5811=DIRECTION('',(0.0,-1.0,0.0));
#5812=DIRECTION('',(0.0,0.0,-1.0));
#5813=AXIS2_PLACEMENT_3D('',#5810,#5811,#5812);
#5814=PLANE('',#5813);
#5815=ORIENTED_EDGE('',*,*,#407,.T.);
#5816=CARTESIAN_POINT('',(0.151574803149606,0.049212598425197,-0.019685039370079));
#5817=DIRECTION('',(0.0,0.0,-1.0));
#5818=VECTOR('',#5817,0.118110236220472);
#5819=LINE('',#5816,#5818);
#5820=EDGE_CURVE('',#5778,#394,#5819,.T.);
#5821=ORIENTED_EDGE('',*,*,#5820,.F.);
#5822=ORIENTED_EDGE('',*,*,#5783,.F.);
#5823=ORIENTED_EDGE('',*,*,#5716,.T.);
#5824=CARTESIAN_POINT('',(0.143700787401575,0.049212598425197,-0.187007874015748));
#5825=DIRECTION('',(1.0,0.0,0.0));
#5826=VECTOR('',#5825,0.003937007874016);
#5827=LINE('',#5824,#5826);
#5828=EDGE_CURVE('',#5685,#455,#5827,.T.);
#5829=ORIENTED_EDGE('',*,*,#5828,.T.);
#5830=ORIENTED_EDGE('',*,*,#460,.T.);
#5831=EDGE_LOOP('',(#5815,#5821,#5822,#5823,#5829,#5830));
#5832=FACE_OUTER_BOUND('',#5831,.T.);
#5833=ADVANCED_FACE('',(#5832),#5814,.T.);
#5834=CARTESIAN_POINT('',(-0.049212598425197,0.126968503937008,-0.195374015748031));
#5835=DIRECTION('',(-1.0,0.0,0.0));
#5836=DIRECTION('',(0.0,0.0,1.0));
#5837=AXIS2_PLACEMENT_3D('',#5834,#5835,#5836);
#5838=PLANE('',#5837);
#5839=CARTESIAN_POINT('',(-0.049212598425197,0.127952755905512,-0.019685039370079));
#5840=DIRECTION('',(0.0,0.0,-1.0));
#5841=VECTOR('',#5840,0.167322834645669);
#5842=LINE('',#5839,#5841);
#5843=EDGE_CURVE('',#5744,#1141,#5842,.T.);
#5844=ORIENTED_EDGE('',*,*,#5843,.T.);
#5845=ORIENTED_EDGE('',*,*,#1146,.F.);
#5846=ORIENTED_EDGE('',*,*,#562,.F.);
#5847=ORIENTED_EDGE('',*,*,#5755,.F.);
#5848=EDGE_LOOP('',(#5844,#5845,#5846,#5847));
#5849=FACE_OUTER_BOUND('',#5848,.T.);
#5850=ADVANCED_FACE('',(#5849),#5838,.F.);
#5851=CARTESIAN_POINT('',(-0.086417322834646,0.127952755905512,-0.195374015748031));
#5852=DIRECTION('',(0.0,1.0,0.0));
#5853=DIRECTION('',(0.0,0.0,1.0));
#5854=AXIS2_PLACEMENT_3D('',#5851,#5852,#5853);
#5855=PLANE('',#5854);
#5856=ORIENTED_EDGE('',*,*,#5348,.T.);
#5857=ORIENTED_EDGE('',*,*,#1154,.F.);
#5858=ORIENTED_EDGE('',*,*,#5843,.F.);
#5859=ORIENTED_EDGE('',*,*,#5749,.F.);
#5860=EDGE_LOOP('',(#5856,#5857,#5858,#5859));
#5861=FACE_OUTER_BOUND('',#5860,.T.);
#5862=ADVANCED_FACE('',(#5861),#5855,.F.);
#5863=CARTESIAN_POINT('',(-0.12007874015748,-0.167913385826771,-0.139271653543307));
#5864=DIRECTION('',(-1.0,0.0,0.0));
#5865=DIRECTION('',(0.0,0.0,1.0));
#5866=AXIS2_PLACEMENT_3D('',#5863,#5864,#5865);
#5867=PLANE('',#5866);
#5868=ORIENTED_EDGE('',*,*,#309,.T.);
#5869=ORIENTED_EDGE('',*,*,#3303,.T.);
#5870=ORIENTED_EDGE('',*,*,#2937,.T.);
#5871=EDGE_LOOP('',(#5868,#5869,#5870));
#5872=FACE_OUTER_BOUND('',#5871,.T.);
#5873=ADVANCED_FACE('',(#5872),#5867,.F.);
#5874=CARTESIAN_POINT('',(0.044291338582677,0.044291338582677,-0.187007874015748));
#5875=DIRECTION('',(0.0,0.0,1.0));
#5876=DIRECTION('',(1.0,0.0,0.0));
#5877=AXIS2_PLACEMENT_3D('',#5874,#5875,#5876);
#5878=PLANE('',#5877);
#5879=ORIENTED_EDGE('',*,*,#468,.T.);
#5880=ORIENTED_EDGE('',*,*,#5828,.F.);
#5881=ORIENTED_EDGE('',*,*,#5690,.F.);
#5882=ORIENTED_EDGE('',*,*,#5301,.F.);
#5883=ORIENTED_EDGE('',*,*,#5662,.F.);
#5884=CARTESIAN_POINT('',(0.049212598425197,0.127952755905512,-0.187007874015748));
#5885=VERTEX_POINT('',#5884);
#5886=CARTESIAN_POINT('',(0.049212598425197,0.127952755905512,-0.187007874015748));
#5887=DIRECTION('',(1.0,0.0,0.0));
#5888=VECTOR('',#5887,0.035433070866142);
#5889=LINE('',#5886,#5888);
#5890=EDGE_CURVE('',#5885,#5484,#5889,.T.);
#5891=ORIENTED_EDGE('',*,*,#5890,.F.);
#5892=CARTESIAN_POINT('',(0.049212598425197,0.147637795275591,-0.187007874015748));
#5893=DIRECTION('',(0.0,-1.0,0.0));
#5894=VECTOR('',#5893,0.019685039370079);
#5895=LINE('',#5892,#5894);
#5896=EDGE_CURVE('',#535,#5885,#5895,.T.);
#5897=ORIENTED_EDGE('',*,*,#5896,.F.);
#5898=ORIENTED_EDGE('',*,*,#540,.F.);
#5899=EDGE_LOOP('',(#5879,#5880,#5881,#5882,#5883,#5891,#5897,#5898));
#5900=FACE_OUTER_BOUND('',#5899,.T.);
#5901=ADVANCED_FACE('',(#5900),#5878,.F.);
#5902=CARTESIAN_POINT('',(0.049212598425197,0.126968503937008,-0.195374015748031));
#5903=DIRECTION('',(-1.0,0.0,0.0));
#5904=DIRECTION('',(0.0,0.0,1.0));
#5905=AXIS2_PLACEMENT_3D('',#5902,#5903,#5904);
#5906=PLANE('',#5905);
#5907=CARTESIAN_POINT('',(0.049212598425197,0.127952755905512,-0.019685039370079));
#5908=DIRECTION('',(0.0,0.0,-1.0));
#5909=VECTOR('',#5908,0.167322834645669);
#5910=LINE('',#5907,#5909);
#5911=EDGE_CURVE('',#5759,#5885,#5910,.T.);
#5912=ORIENTED_EDGE('',*,*,#5911,.F.);
#5913=ORIENTED_EDGE('',*,*,#5764,.F.);
#5914=ORIENTED_EDGE('',*,*,#548,.T.);
#5915=ORIENTED_EDGE('',*,*,#5896,.T.);
#5916=EDGE_LOOP('',(#5912,#5913,#5914,#5915));
#5917=FACE_OUTER_BOUND('',#5916,.T.);
#5918=ADVANCED_FACE('',(#5917),#5906,.T.);
#5919=CARTESIAN_POINT('',(0.04744094488189,0.127952755905512,-0.011318897637796));
#5920=DIRECTION('',(0.0,-1.0,0.0));
#5921=DIRECTION('',(0.0,0.0,-1.0));
#5922=AXIS2_PLACEMENT_3D('',#5919,#5920,#5921);
#5923=PLANE('',#5922);
#5924=ORIENTED_EDGE('',*,*,#5489,.T.);
#5925=ORIENTED_EDGE('',*,*,#5770,.F.);
#5926=ORIENTED_EDGE('',*,*,#5911,.T.);
#5927=ORIENTED_EDGE('',*,*,#5890,.T.);
#5928=EDGE_LOOP('',(#5924,#5925,#5926,#5927));
#5929=FACE_OUTER_BOUND('',#5928,.T.);
#5930=ADVANCED_FACE('',(#5929),#5923,.T.);
#5931=CARTESIAN_POINT('',(0.151574803149606,-0.136811023622047,-0.143700787401575));
#5932=DIRECTION('',(-1.0,0.0,0.0));
#5933=DIRECTION('',(0.0,0.0,1.0));
#5934=AXIS2_PLACEMENT_3D('',#5931,#5932,#5933);
#5935=PLANE('',#5934);
#5936=ORIENTED_EDGE('',*,*,#399,.T.);
#5937=CARTESIAN_POINT('',(0.151574803149606,-0.127952755905512,-0.019685039370079));
#5938=DIRECTION('',(0.0,0.0,-1.0));
#5939=VECTOR('',#5938,0.118110236220472);
#5940=LINE('',#5937,#5939);
#5941=EDGE_CURVE('',#5786,#384,#5940,.T.);
#5942=ORIENTED_EDGE('',*,*,#5941,.F.);
#5943=ORIENTED_EDGE('',*,*,#5791,.F.);
#5944=ORIENTED_EDGE('',*,*,#5820,.T.);
#5945=EDGE_LOOP('',(#5936,#5942,#5943,#5944));
#5946=FACE_OUTER_BOUND('',#5945,.T.);
#5947=ADVANCED_FACE('',(#5946),#5935,.T.);
#5948=CARTESIAN_POINT('',(0.044094488188977,-0.127952755905512,-0.143700787401575));
#5949=DIRECTION('',(0.0,1.0,0.0));
#5950=DIRECTION('',(0.0,0.0,1.0));
#5951=AXIS2_PLACEMENT_3D('',#5948,#5949,#5950);
#5952=PLANE('',#5951);
#5953=ORIENTED_EDGE('',*,*,#391,.T.);
#5954=ORIENTED_EDGE('',*,*,#2865,.T.);
#5955=CARTESIAN_POINT('',(0.049212598425197,-0.127952755905512,-0.019685039370079));
#5956=DIRECTION('',(0.0,0.0,-1.0));
#5957=VECTOR('',#5956,0.118110236220472);
#5958=LINE('',#5955,#5957);
#5959=EDGE_CURVE('',#5794,#2854,#5958,.T.);
#5960=ORIENTED_EDGE('',*,*,#5959,.F.);
#5961=ORIENTED_EDGE('',*,*,#5799,.F.);
#5962=ORIENTED_EDGE('',*,*,#5941,.T.);
#5963=EDGE_LOOP('',(#5953,#5954,#5960,#5961,#5962));
#5964=FACE_OUTER_BOUND('',#5963,.T.);
#5965=ADVANCED_FACE('',(#5964),#5952,.T.);
#5966=CARTESIAN_POINT('',(0.049212598425197,-0.148622047244095,-0.143700787401575));
#5967=DIRECTION('',(-1.0,0.0,0.0));
#5968=DIRECTION('',(0.0,0.0,1.0));
#5969=AXIS2_PLACEMENT_3D('',#5966,#5967,#5968);
#5970=PLANE('',#5969);
#5971=ORIENTED_EDGE('',*,*,#2859,.T.);
#5972=ORIENTED_EDGE('',*,*,#2767,.F.);
#5973=ORIENTED_EDGE('',*,*,#5805,.F.);
#5974=ORIENTED_EDGE('',*,*,#5959,.T.);
#5975=EDGE_LOOP('',(#5971,#5972,#5973,#5974));
#5976=FACE_OUTER_BOUND('',#5975,.T.);
#5977=ADVANCED_FACE('',(#5976),#5970,.T.);
#5978=CARTESIAN_POINT('',(-0.167322834645669,-0.184055118110236,-0.311023622047244));
#5979=DIRECTION('',(-1.0,0.0,0.0));
#5980=DIRECTION('',(0.0,0.0,1.0));
#5981=AXIS2_PLACEMENT_3D('',#5978,#5979,#5980);
#5982=PLANE('',#5981);
#5983=ORIENTED_EDGE('',*,*,#2882,.T.);
#5984=CARTESIAN_POINT('',(-0.167322834645669,-0.167322834645669,0.019685039370079));
#5985=DIRECTION('',(0.0,1.0,0.0));
#5986=VECTOR('',#5985,0.334645669291338);
#5987=LINE('',#5984,#5986);
#5988=EDGE_CURVE('',#2877,#2978,#5987,.T.);
#5989=ORIENTED_EDGE('',*,*,#5988,.T.);
#5990=ORIENTED_EDGE('',*,*,#2983,.T.);
#5991=ORIENTED_EDGE('',*,*,#872,.T.);
#5992=EDGE_LOOP('',(#5983,#5989,#5990,#5991));
#5993=FACE_OUTER_BOUND('',#5992,.T.);
#5994=ADVANCED_FACE('',(#5993),#5982,.T.);
#5995=CARTESIAN_POINT('',(-0.174901574803149,-0.184055118110236,0.019685039370079));
#5996=DIRECTION('',(0.0,0.0,1.0));
#5997=DIRECTION('',(1.0,0.0,0.0));
#5998=AXIS2_PLACEMENT_3D('',#5995,#5996,#5997);
#5999=PLANE('',#5998);
#6000=ORIENTED_EDGE('',*,*,#3073,.T.);
#6001=ORIENTED_EDGE('',*,*,#2991,.F.);
#6002=ORIENTED_EDGE('',*,*,#5988,.F.);
#6003=ORIENTED_EDGE('',*,*,#2914,.F.);
#6004=EDGE_LOOP('',(#6000,#6001,#6002,#6003));
#6005=FACE_OUTER_BOUND('',#6004,.T.);
#6006=ORIENTED_EDGE('',*,*,#3456,.T.);
#6007=ORIENTED_EDGE('',*,*,#3492,.T.);
#6008=ORIENTED_EDGE('',*,*,#3523,.T.);
#6009=ORIENTED_EDGE('',*,*,#3545,.T.);
#6010=EDGE_LOOP('',(#6006,#6007,#6008,#6009));
#6011=FACE_BOUND('',#6010,.T.);
#6012=ORIENTED_EDGE('',*,*,#3592,.T.);
#6013=ORIENTED_EDGE('',*,*,#3628,.T.);
#6014=ORIENTED_EDGE('',*,*,#3659,.T.);
#6015=ORIENTED_EDGE('',*,*,#3681,.T.);
#6016=EDGE_LOOP('',(#6012,#6013,#6014,#6015));
#6017=FACE_BOUND('',#6016,.T.);
#6018=ORIENTED_EDGE('',*,*,#3728,.T.);
#6019=ORIENTED_EDGE('',*,*,#3764,.T.);
#6020=ORIENTED_EDGE('',*,*,#3795,.T.);
#6021=ORIENTED_EDGE('',*,*,#3817,.T.);
#6022=EDGE_LOOP('',(#6018,#6019,#6020,#6021));
#6023=FACE_BOUND('',#6022,.T.);
#6024=ORIENTED_EDGE('',*,*,#4080,.T.);
#6025=ORIENTED_EDGE('',*,*,#4116,.T.);
#6026=ORIENTED_EDGE('',*,*,#4147,.T.);
#6027=ORIENTED_EDGE('',*,*,#4169,.T.);
#6028=EDGE_LOOP('',(#6024,#6025,#6026,#6027));
#6029=FACE_BOUND('',#6028,.T.);
#6030=ORIENTED_EDGE('',*,*,#4324,.T.);
#6031=ORIENTED_EDGE('',*,*,#4360,.T.);
#6032=ORIENTED_EDGE('',*,*,#4391,.T.);
#6033=ORIENTED_EDGE('',*,*,#4413,.T.);
#6034=EDGE_LOOP('',(#6030,#6031,#6032,#6033));
#6035=FACE_BOUND('',#6034,.T.);
#6036=ADVANCED_FACE('',(#6005,#6011,#6017,#6023,#6029,#6035),#5999,.T.);
#6037=CLOSED_SHELL('',(#186,#218,#249,#289,#320,#352,#377,#417,#448,#503,#566,#591,#613,#645,#676,#716,#762,#836,#1013,#1044,#1068,#1092,#1132,#1181,#1212,#1236,#1299,#1330,#1354,#1378,#1402,#1465,#1505,#1536,#1567,#1589,#1635,#1666,#1690,#1731,#1763,#1794,#1825,#1875,#1925,#1970,#2015,#2032,#2060,#2072,#2084,#2124,#2157,#2179,#2196,#2208,#2224,#2313,#2330,#2342,#2359,#2376,#2393,#2410,#2427,#2444,#2456,#2473,#2485,#2516,#2651,#2682,#2738,#2780,#2804,#2829,#2846,#2870,#2947,#2971,#3047,#3063,#3085,#3267,#3278,#3290,#3307,#3318,#3349,#3373,#3397,#3414,#3426,#3466,#3497,#3528,#3550,#3562,#3602,#3633,#3664,#3686,#3698,#3738,#3769,#3800,#3822,#3834,#3865,#3889,#3913,#3930,#3942,#3973,#3997,#4021,#4038,#4050,#4090,#4121,#4152,#4174,#4186,#4217,#4241,#4265,#4282,#4294,#4334,#4365,#4396,#4418,#4430,#4461,#4485,#4509,#4526,#4538,#4578,#4609,#4640,#4662,#4674,#4705,#4729,#4753,#4770,#4782,#4813,#4837,#4861,#4878,#4890,#4921,#4945,#4969,#4986,#4998,#5038,#5069,#5100,#5122,#5134,#5174,#5205,#5236,#5258,#5270,#5319,#5365,#5397,#5420,#5452,#5499,#5516,#5528,#5552,#5576,#5588,#5613,#5650,#5667,#5702,#5727,#5809,#5833,#5850,#5862,#5873,#5901,#5918,#5930,#5947,#5965,#5977,#5994,#6036));
#6038=MANIFOLD_SOLID_BREP('',#6037);
#6039=COLOUR_RGB('',0.75,0.75,0.75);
#6040=FILL_AREA_STYLE_COLOUR('',#6039);
#6041=FILL_AREA_STYLE('',(#6040));
#6042=SURFACE_STYLE_FILL_AREA(#6041);
#6043=SURFACE_SIDE_STYLE('',(#6042));
#6044=SURFACE_STYLE_USAGE(.BOTH.,#6043);
#6045=PRESENTATION_STYLE_ASSIGNMENT((#6044));
#6046=STYLED_ITEM('',(#6045),#6038);
#6047=MECHANICAL_DESIGN_GEOMETRIC_PRESENTATION_REPRESENTATION('',(#6046),#123);
#6048=ADVANCED_BREP_SHAPE_REPRESENTATION('ABSR',(#6038),#123);
#6049=SHAPE_REPRESENTATION_RELATIONSHIP('SRR','None',#6048,#128);
ENDSEC;
END-ISO-10303-21;
